{
    "type": "FeatureCollection",
    "features": [
        {
            "type": "Feature",
            "properties": {
                "name": "Greenland Glacier 0002",
                "object": "transect",
                "component": "landice",
                "author": "Matthew Hoffman, converted from Felikson et al. (2020) Zenodo dataset",
                "tags": "Greenland_Ice_Sheet;flowline;zenodo_4284759;glacier_0002;sermeq_avannarleq",
                "citation": "Felikson, Denis, Catania, Ginny, Bartholomaus, Timothy, Morlighem, Mathieu, & No\u00ebl, Brice. (2020). Inland limits to diffusion of thinning along Greenland Ice Sheet outlet glaciers (v1.0) [Data set]. Zenodo. https://doi.org/10.5281/zenodo.4284759",
                "license": "CC-BY-4.0",
                "officialName": "Sermeq Avannarleq"
            },
            "geometry": {
                "type": "LineString",
                "coordinates": [
                    [
                        -37.44348565631394,
                        70.97732203913307
                    ],
                    [
                        -37.444500087610216,
                        70.97509901634812
                    ],
                    [
                        -37.451272744068696,
                        70.97553339402276
                    ],
                    [
                        -37.452347389665455,
                        70.97784672070036
                    ],
                    [
                        -37.45993007070953,
                        70.97628771776375
                    ],
                    [
                        -37.46468507479198,
                        70.9787597707151
                    ],
                    [
                        -37.465616595025416,
                        70.98106678329991
                    ],
                    [
                        -37.46563597435045,
                        70.98333445987028
                    ],
                    [
                        -37.465670922220795,
                        70.98560282205537
                    ],
                    [
                        -37.46513404562527,
                        70.98784654178614
                    ],
                    [
                        -37.46402723409267,
                        70.99006570362934
                    ],
                    [
                        -37.463421129800324,
                        70.99230647539244
                    ],
                    [
                        -37.46936162774144,
                        70.99480824804374
                    ],
                    [
                        -37.469241427318345,
                        70.99706997900839
                    ],
                    [
                        -37.468862856461385,
                        70.9993205966444
                    ],
                    [
                        -37.469102851259805,
                        71.00159787297743
                    ],
                    [
                        -37.46951897755501,
                        71.00388274540431
                    ],
                    [
                        -37.475904165717814,
                        71.0052989432386
                    ],
                    [
                        -37.48204234343386,
                        71.00732689970734
                    ],
                    [
                        -37.48426069871831,
                        71.0096891422562
                    ],
                    [
                        -37.48568504963532,
                        71.01201724847351
                    ],
                    [
                        -37.49166110693872,
                        71.01445345269525
                    ],
                    [
                        -37.49413531912895,
                        71.01682650640966
                    ],
                    [
                        -37.49622622236509,
                        71.01918308116068
                    ],
                    [
                        -37.49732803221473,
                        71.0214972332401
                    ],
                    [
                        -37.5000779023364,
                        71.02388199265584
                    ],
                    [
                        -37.50215784733732,
                        71.02623800814214
                    ],
                    [
                        -37.502300010588904,
                        71.0285110329245
                    ],
                    [
                        -37.50196638288185,
                        71.03076370068945
                    ],
                    [
                        -37.50176870733763,
                        71.03302220572675
                    ],
                    [
                        -37.501576601401055,
                        71.03528096531743
                    ],
                    [
                        -37.50133284053288,
                        71.03753753002138
                    ],
                    [
                        -37.501052302849345,
                        71.03979253716089
                    ],
                    [
                        -37.50092484299704,
                        71.04205411214066
                    ],
                    [
                        -37.501415138217716,
                        71.04434213616493
                    ],
                    [
                        -37.50240801227887,
                        71.04665166790059
                    ],
                    [
                        -37.50295103206742,
                        71.04894195929174
                    ],
                    [
                        -37.50369307032389,
                        71.05124076806273
                    ],
                    [
                        -37.50567054455725,
                        71.05359239147693
                    ],
                    [
                        -37.50676974053294,
                        71.05590645880538
                    ],
                    [
                        -37.50687513039908,
                        71.05817806400502
                    ],
                    [
                        -37.506824591239116,
                        71.06044302104694
                    ],
                    [
                        -37.50701243713891,
                        71.062718175864
                    ],
                    [
                        -37.50696915874782,
                        71.06498347167188
                    ],
                    [
                        -37.50710553847101,
                        71.06725645469278
                    ],
                    [
                        -37.51345178402713,
                        71.0688285634009
                    ],
                    [
                        -37.519811201909285,
                        71.07037053491855
                    ],
                    [
                        -37.526208019455176,
                        71.07182235076333
                    ],
                    [
                        -37.52743534808748,
                        71.074141708405
                    ],
                    [
                        -37.534263258074844,
                        71.07453028795528
                    ],
                    [
                        -37.53517661039399,
                        71.07683620605535
                    ],
                    [
                        -37.53653749528879,
                        71.0791611496898
                    ],
                    [
                        -37.538341244078346,
                        71.08150490317696
                    ],
                    [
                        -37.540616735751435,
                        71.08386867263246
                    ],
                    [
                        -37.54702745011619,
                        71.08530087790744
                    ],
                    [
                        -37.55450076153329,
                        71.08409790634191
                    ],
                    [
                        -37.5621795933357,
                        71.08238147531162
                    ],
                    [
                        -37.56921548150847,
                        71.08041240086399
                    ],
                    [
                        -37.57673365733155,
                        71.07846351158848
                    ],
                    [
                        -37.581611512113014,
                        71.07640283070172
                    ],
                    [
                        -37.58858120296045,
                        71.07443040273816
                    ],
                    [
                        -37.59540971828439,
                        71.07245181749181
                    ],
                    [
                        -37.603126135047376,
                        71.07061821191778
                    ],
                    [
                        -37.61079012353118,
                        71.06891172178892
                    ],
                    [
                        -37.61840250681705,
                        71.06733071938645
                    ],
                    [
                        -37.62572283561935,
                        71.0664789066326
                    ],
                    [
                        -37.63290500595469,
                        71.06597208822295
                    ],
                    [
                        -37.64037969377997,
                        71.06472858862237
                    ],
                    [
                        -37.647811802629896,
                        71.06358942823387
                    ],
                    [
                        -37.655193341298016,
                        71.06257508071543
                    ],
                    [
                        -37.66233521808785,
                        71.06216286538672
                    ],
                    [
                        -37.66935287682837,
                        71.06206316143391
                    ],
                    [
                        -37.67638440765027,
                        71.0619279332081
                    ],
                    [
                        -37.68334459763008,
                        71.06197261984323
                    ],
                    [
                        -37.69039589739118,
                        71.0617864357393
                    ],
                    [
                        -37.697253001575675,
                        71.06209177293071
                    ],
                    [
                        -37.70399213091437,
                        71.06269667172681
                    ],
                    [
                        -37.7107849597787,
                        71.06316608913491
                    ],
                    [
                        -37.717665422567485,
                        71.06341341479576
                    ],
                    [
                        -37.72485119062514,
                        71.06288430096507
                    ],
                    [
                        -37.73230730629105,
                        71.06166538423604
                    ],
                    [
                        -37.739922035557385,
                        71.06003927120354
                    ],
                    [
                        -37.74702762253923,
                        71.05806725813754
                    ],
                    [
                        -37.754757714899924,
                        71.05613868366268
                    ],
                    [
                        -37.762352914397155,
                        71.05455078767842
                    ],
                    [
                        -37.769882932505574,
                        71.05312619662979
                    ],
                    [
                        -37.77748121574857,
                        71.0515232958641
                    ],
                    [
                        -37.78499742407608,
                        71.05012740574563
                    ],
                    [
                        -37.792531729179586,
                        71.04868179743185
                    ],
                    [
                        -37.800161079623955,
                        71.04698832565511
                    ],
                    [
                        -37.8078434907133,
                        71.04515427950497
                    ],
                    [
                        -37.81548539301235,
                        71.0432021203106
                    ],
                    [
                        -37.82309285221222,
                        71.04155301831518
                    ],
                    [
                        -37.83069598256718,
                        71.03991130338903
                    ],
                    [
                        -37.838299336733044,
                        71.03826522087715
                    ],
                    [
                        -37.845803446936536,
                        71.0368724622006
                    ],
                    [
                        -37.853280525150176,
                        71.03554659310537
                    ],
                    [
                        -37.8608859567799,
                        71.03388435507782
                    ],
                    [
                        -37.86833466000128,
                        71.0326257149484
                    ],
                    [
                        -37.875600179062076,
                        71.03184087981593
                    ],
                    [
                        -37.88281007816196,
                        71.03119905281514
                    ],
                    [
                        -37.890074378483575,
                        71.0304137612875
                    ],
                    [
                        -37.89746229875317,
                        71.02930382579763
                    ],
                    [
                        -37.90490343706535,
                        71.02805218453071
                    ],
                    [
                        -37.91241541140906,
                        71.02661225821949
                    ],
                    [
                        -37.919946491359205,
                        71.02511892461007
                    ],
                    [
                        -37.927545921837954,
                        71.02344283912691
                    ],
                    [
                        -37.93522335194152,
                        71.02148791194091
                    ],
                    [
                        -37.94285388727239,
                        71.01972190592642
                    ],
                    [
                        -37.950395235681604,
                        71.01818652947097
                    ],
                    [
                        -37.9578484138232,
                        71.01687990751185
                    ],
                    [
                        -37.96527984994672,
                        71.01562757774497
                    ],
                    [
                        -37.972655628443775,
                        71.01451929903892
                    ],
                    [
                        -37.979964414819676,
                        71.0135855233081
                    ],
                    [
                        -37.98731348405447,
                        71.01254288547307
                    ],
                    [
                        -37.99471783514127,
                        71.01135127737624
                    ],
                    [
                        -38.002096872043246,
                        71.01022400754225
                    ],
                    [
                        -38.00942991829172,
                        71.00921620656548
                    ],
                    [
                        -38.01682672195167,
                        71.00803647934177
                    ],
                    [
                        -38.024276188319774,
                        71.00671377592144
                    ],
                    [
                        -38.03171424829083,
                        71.00541834449602
                    ],
                    [
                        -38.03912901908196,
                        71.0041819823114
                    ],
                    [
                        -38.04650663504677,
                        71.0030419268061
                    ],
                    [
                        -38.053817346118755,
                        71.00207805504124
                    ],
                    [
                        -38.061111531680666,
                        71.00115609751542
                    ],
                    [
                        -38.06840695026329,
                        71.00022860437208
                    ],
                    [
                        -38.075656646805555,
                        70.9994215294319
                    ],
                    [
                        -38.082894713886525,
                        70.99864370733067
                    ],
                    [
                        -38.09014658748078,
                        70.9978268457105
                    ],
                    [
                        -38.097420108458756,
                        70.99694971103983
                    ],
                    [
                        -38.10465386693438,
                        70.99617758164551
                    ],
                    [
                        -38.11185640765449,
                        70.99548775453457
                    ],
                    [
                        -38.11898379778479,
                        70.99499913935946
                    ],
                    [
                        -38.12602807500766,
                        70.99473390799466
                    ],
                    [
                        -38.13305352606612,
                        70.99451879855607
                    ],
                    [
                        -38.140084366489575,
                        70.99428837027536
                    ],
                    [
                        -38.14711653580224,
                        70.99405358647141
                    ],
                    [
                        -38.15416339364536,
                        70.99377816727336
                    ],
                    [
                        -38.16122963700071,
                        70.99344922039751
                    ],
                    [
                        -38.1682941931008,
                        70.99312390227432
                    ],
                    [
                        -38.175335741553575,
                        70.99286028609947
                    ],
                    [
                        -38.18234086495087,
                        70.99269514516105
                    ],
                    [
                        -38.189337080063844,
                        70.99255369714948
                    ],
                    [
                        -38.19630075253726,
                        70.99250058091776
                    ],
                    [
                        -38.20327822085241,
                        70.99240935378027
                    ],
                    [
                        -38.21025327396952,
                        70.9923242743751
                    ],
                    [
                        -38.21722795505188,
                        70.99223976328997
                    ],
                    [
                        -38.22420904740212,
                        70.99213721470255
                    ],
                    [
                        -38.231199690454496,
                        70.9920079511927
                    ],
                    [
                        -38.2382487143316,
                        70.9917176556988
                    ],
                    [
                        -38.2453255546414,
                        70.99134992497056
                    ],
                    [
                        -38.25242373273195,
                        70.99092235746261
                    ],
                    [
                        -38.25951526184187,
                        70.99051194460986
                    ],
                    [
                        -38.266581869027775,
                        70.99016919241552
                    ],
                    [
                        -38.27363174434228,
                        70.98987168391909
                    ],
                    [
                        -38.280693149943176,
                        70.98954136885409
                    ],
                    [
                        -38.287753448355524,
                        70.9892131450204
                    ],
                    [
                        -38.29483671616328,
                        70.98882025960303
                    ],
                    [
                        -38.301971015952425,
                        70.98828460396344
                    ],
                    [
                        -38.309117563661296,
                        70.98771348577783
                    ],
                    [
                        -38.31627475478798,
                        70.98711125143468
                    ],
                    [
                        -38.32344509858486,
                        70.98647080895097
                    ],
                    [
                        -38.330609665115574,
                        70.98584481241976
                    ],
                    [
                        -38.337780484297255,
                        70.98519973080137
                    ],
                    [
                        -38.34494097711168,
                        70.9845818305766
                    ],
                    [
                        -38.35211307599369,
                        70.98392984482973
                    ],
                    [
                        -38.359277877086875,
                        70.98329660466142
                    ],
                    [
                        -38.366427875894914,
                        70.98270321553733
                    ],
                    [
                        -38.37356775919808,
                        70.98213665583258
                    ],
                    [
                        -38.380689050904564,
                        70.98162083502403
                    ],
                    [
                        -38.38781334785,
                        70.98109516534285
                    ],
                    [
                        -38.39493013912846,
                        70.98058921732144
                    ],
                    [
                        -38.40204080437677,
                        70.9800991673887
                    ],
                    [
                        -38.409148085994865,
                        70.97961732819886
                    ],
                    [
                        -38.41627744355095,
                        70.97907178334425
                    ],
                    [
                        -38.423440078759576,
                        70.97843062901428
                    ],
                    [
                        -38.430630851468834,
                        70.97770809913926
                    ],
                    [
                        -38.437827423906064,
                        70.97696725441662
                    ],
                    [
                        -38.445015484292455,
                        70.97624866002295
                    ],
                    [
                        -38.452209732425516,
                        70.97551061627036
                    ],
                    [
                        -38.459410667800654,
                        70.9747516356236
                    ],
                    [
                        -38.46664305874623,
                        70.97390109265223
                    ],
                    [
                        -38.473904603723184,
                        70.97296523280946
                    ],
                    [
                        -38.48115365081053,
                        70.97206268322141
                    ],
                    [
                        -38.48839931367453,
                        70.97116750952355
                    ],
                    [
                        -38.49562917168813,
                        70.9703152847497
                    ],
                    [
                        -38.502845033327254,
                        70.96950097812129
                    ],
                    [
                        -38.510064570379974,
                        70.9686740304241
                    ],
                    [
                        -38.51729924952419,
                        70.96780146704505
                    ],
                    [
                        -38.52453296426388,
                        70.96692943889337
                    ],
                    [
                        -38.531769487273976,
                        70.96604708839888
                    ],
                    [
                        -38.53900390546363,
                        70.96516853949582
                    ],
                    [
                        -38.54625537116899,
                        70.96423854400666
                    ],
                    [
                        -38.553504001172485,
                        70.9633143595371
                    ],
                    [
                        -38.56074336339576,
                        70.9624146104984
                    ],
                    [
                        -38.56797212972032,
                        70.96154322991603
                    ],
                    [
                        -38.575196367461714,
                        70.96068272941582
                    ],
                    [
                        -38.58241834260093,
                        70.95982657124736
                    ],
                    [
                        -38.58963771293442,
                        70.95897576586542
                    ],
                    [
                        -38.59684677849413,
                        70.9581527344664
                    ],
                    [
                        -38.60403895275118,
                        70.95737676060595
                    ],
                    [
                        -38.61122556502901,
                        70.95661497298647
                    ],
                    [
                        -38.618430358120285,
                        70.95579810364242
                    ],
                    [
                        -38.625644969323645,
                        70.95495040250036
                    ],
                    [
                        -38.632885634054354,
                        70.95402424744613
                    ],
                    [
                        -38.64016238594701,
                        70.95298995897353
                    ],
                    [
                        -38.64743966819786,
                        70.95195145574617
                    ],
                    [
                        -38.65472114459141,
                        70.95089796228412
                    ],
                    [
                        -38.6620021339954,
                        70.94984319074639
                    ],
                    [
                        -38.669293789174006,
                        70.94875430060539
                    ],
                    [
                        -38.676587890447216,
                        70.9476553986048
                    ],
                    [
                        -38.68389907168849,
                        70.94650325760021
                    ],
                    [
                        -38.69123060817429,
                        70.94528800378419
                    ],
                    [
                        -38.69857974987802,
                        70.94401754112806
                    ],
                    [
                        -38.705940427822206,
                        70.94270964419906
                    ],
                    [
                        -38.71329448875542,
                        70.94141801952324
                    ],
                    [
                        -38.72065109224432,
                        70.94011552655708
                    ],
                    [
                        -38.72798087129158,
                        70.93888944980661
                    ],
                    [
                        -38.735298958600104,
                        70.93769502179116
                    ],
                    [
                        -38.7426244811737,
                        70.93647534549538
                    ],
                    [
                        -38.74994549574924,
                        70.93526597384637
                    ],
                    [
                        -38.7572693844025,
                        70.93404488628114
                    ],
                    [
                        -38.76458917714198,
                        70.93283289459751
                    ],
                    [
                        -38.77189559558547,
                        70.93165782968586
                    ],
                    [
                        -38.77918168919788,
                        70.93054067821286
                    ],
                    [
                        -38.78645963851261,
                        70.9294450761007
                    ],
                    [
                        -38.793741643895856,
                        70.92833441911115
                    ],
                    [
                        -38.801006948511876,
                        70.92727114306581
                    ],
                    [
                        -38.80826684711965,
                        70.92622137858297
                    ],
                    [
                        -38.81551260222159,
                        70.92521154679604
                    ],
                    [
                        -38.82275349914741,
                        70.92421373832082
                    ],
                    [
                        -38.82998079603133,
                        70.9232544467645
                    ],
                    [
                        -38.83721794007419,
                        70.92226278902275
                    ],
                    [
                        -38.844460341214344,
                        70.92125256741768
                    ],
                    [
                        -38.85168925971366,
                        70.92028062081516
                    ],
                    [
                        -38.85889662468055,
                        70.9193716308496
                    ],
                    [
                        -38.866090797590516,
                        70.9185003770482
                    ],
                    [
                        -38.873288966403344,
                        70.91761461218991
                    ],
                    [
                        -38.88047599120981,
                        70.9167604849662
                    ],
                    [
                        -38.88764933353228,
                        70.91594586862685
                    ],
                    [
                        -38.89481696437446,
                        70.91514652499002
                    ],
                    [
                        -38.90197543182428,
                        70.91437308350497
                    ],
                    [
                        -38.909128964261214,
                        70.91361267321749
                    ],
                    [
                        -38.916276146764154,
                        70.91286968686138
                    ],
                    [
                        -38.923411501331806,
                        70.91216102875566
                    ],
                    [
                        -38.93053920842438,
                        70.9114739585132
                    ],
                    [
                        -38.937677549072845,
                        70.91075222142968
                    ],
                    [
                        -38.94482031467527,
                        70.91001484654923
                    ],
                    [
                        -38.95196072898804,
                        70.90928270970697
                    ],
                    [
                        -38.9590878402571,
                        70.9085897037762
                    ],
                    [
                        -38.966199248648394,
                        70.90794340472675
                    ],
                    [
                        -38.973295164917175,
                        70.90734333084613
                    ],
                    [
                        -38.98038695248892,
                        70.90675437692326
                    ],
                    [
                        -38.98749070098775,
                        70.90612657728722
                    ],
                    [
                        -38.99459914833524,
                        70.90548238831514
                    ],
                    [
                        -39.001683409856604,
                        70.90491174450756
                    ],
                    [
                        -39.00874622128682,
                        70.90440638171359
                    ],
                    [
                        -39.015807471877125,
                        70.90390442053695
                    ],
                    [
                        -39.02287802259029,
                        70.90337191172787
                    ],
                    [
                        -39.029950308599155,
                        70.90283242807793
                    ],
                    [
                        -39.03701576161014,
                        70.902312803011
                    ],
                    [
                        -39.044081639135335,
                        70.9017903323875
                    ],
                    [
                        -39.051155253591396,
                        70.90124202843573
                    ],
                    [
                        -39.058234855677874,
                        70.90067330017796
                    ],
                    [
                        -39.065311589068706,
                        70.9001119705378
                    ],
                    [
                        -39.07237984671128,
                        70.89957575148152
                    ],
                    [
                        -39.07943771683271,
                        70.89907077308774
                    ],
                    [
                        -39.086492832016276,
                        70.89857301941225
                    ],
                    [
                        -39.09356105144117,
                        70.89803231478861
                    ],
                    [
                        -39.100631112792485,
                        70.8974841961326
                    ],
                    [
                        -39.10770278411499,
                        70.89692937254306
                    ],
                    [
                        -39.11476986333414,
                        70.89638752547287
                    ],
                    [
                        -39.12182134158326,
                        70.89589372524881
                    ],
                    [
                        -39.128876734106896,
                        70.89538599163892
                    ],
                    [
                        -39.13592558610211,
                        70.8948976146599
                    ],
                    [
                        -39.14296447147536,
                        70.89443960617385
                    ],
                    [
                        -39.149994529428106,
                        70.8940084371906
                    ],
                    [
                        -39.157011161376836,
                        70.89361892697906
                    ],
                    [
                        -39.16401849879936,
                        70.8932579891927
                    ],
                    [
                        -39.17102430806602,
                        70.89290080936843
                    ],
                    [
                        -39.17803813205004,
                        70.89251674352006
                    ],
                    [
                        -39.185045011084604,
                        70.89215381269298
                    ],
                    [
                        -39.192034641668826,
                        70.89184527899985
                    ],
                    [
                        -39.19901847511243,
                        70.89155441814198
                    ],
                    [
                        -39.206009068959744,
                        70.8912407534793
                    ],
                    [
                        -39.213001908188986,
                        70.89091879594054
                    ],
                    [
                        -39.219987783677574,
                        70.89061832042601
                    ],
                    [
                        -39.226982460092,
                        70.89028832184538
                    ],
                    [
                        -39.23397252505473,
                        70.88997220738345
                    ],
                    [
                        -39.24095583904944,
                        70.88967697924004
                    ],
                    [
                        -39.24792952328848,
                        70.88941207862952
                    ],
                    [
                        -39.2548965603632,
                        70.88916790549642
                    ],
                    [
                        -39.261858958445494,
                        70.88893798929834
                    ],
                    [
                        -39.26880712644766,
                        70.88875369380786
                    ],
                    [
                        -39.27574646319744,
                        70.88859754157393
                    ],
                    [
                        -39.2826837201912,
                        70.88844754206684
                    ],
                    [
                        -39.289623039591845,
                        70.88829014616243
                    ],
                    [
                        -39.29655324037556,
                        70.88816200774008
                    ],
                    [
                        -39.303481341357006,
                        70.888040180787
                    ],
                    [
                        -39.31040876003516,
                        70.88792002724432
                    ],
                    [
                        -39.31733165666486,
                        70.88781419703832
                    ],
                    [
                        -39.324249720262216,
                        70.88772376877127
                    ],
                    [
                        -39.33116129621927,
                        70.88765426142331
                    ],
                    [
                        -39.3380790323877,
                        70.88756395226879
                    ],
                    [
                        -39.34500295581776,
                        70.88745267502544
                    ],
                    [
                        -39.35192355329308,
                        70.88735187073564
                    ],
                    [
                        -39.358839326460426,
                        70.8872665491136
                    ],
                    [
                        -39.3657606557851,
                        70.88716229089901
                    ],
                    [
                        -39.372690841584415,
                        70.88702805062722
                    ],
                    [
                        -39.37961801616518,
                        70.88690323171795
                    ],
                    [
                        -39.38653951722984,
                        70.88679674537741
                    ],
                    [
                        -39.39345837465955,
                        70.88669854700366
                    ],
                    [
                        -39.40038392958019,
                        70.88657744881532
                    ],
                    [
                        -39.407314412612045,
                        70.88643928604841
                    ],
                    [
                        -39.41424398616314,
                        70.8863035537762
                    ],
                    [
                        -39.421174346785556,
                        70.88616457005656
                    ],
                    [
                        -39.42809251269679,
                        70.88606592811342
                    ],
                    [
                        -39.43500372909434,
                        70.88599013994602
                    ],
                    [
                        -39.44191620825872,
                        70.88590963818831
                    ],
                    [
                        -39.4488285126324,
                        70.88582925230153
                    ],
                    [
                        -39.45573841738402,
                        70.88575649377728
                    ],
                    [
                        -39.46264624837686,
                        70.88569029034149
                    ],
                    [
                        -39.46956008734022,
                        70.88560331566134
                    ],
                    [
                        -39.47647841045231,
                        70.88550065503206
                    ],
                    [
                        -39.48340596115715,
                        70.8853661549285
                    ],
                    [
                        -39.490330739776084,
                        70.88524046038744
                    ],
                    [
                        -39.49726713239081,
                        70.88507466980884
                    ],
                    [
                        -39.504213741072036,
                        70.88487339109982
                    ],
                    [
                        -39.511158816054326,
                        70.88467655867792
                    ],
                    [
                        -39.51809439040549,
                        70.88451139480415
                    ],
                    [
                        -39.5250163219811,
                        70.88439218402037
                    ],
                    [
                        -39.531942911003156,
                        70.88425645348485
                    ],
                    [
                        -39.53887228034184,
                        70.884110574497
                    ],
                    [
                        -39.54580471782129,
                        70.8839535204097
                    ],
                    [
                        -39.5527430813804,
                        70.88377542659094
                    ],
                    [
                        -39.559674649946004,
                        70.88361998663424
                    ],
                    [
                        -39.56660519241943,
                        70.88346741162883
                    ],
                    [
                        -39.573533541001005,
                        70.88332174198464
                    ],
                    [
                        -39.58046262465721,
                        70.88317288685472
                    ],
                    [
                        -39.58738884184111,
                        70.88303329179142
                    ],
                    [
                        -39.594312853906516,
                        70.88290070263159
                    ],
                    [
                        -39.601251229052586,
                        70.88271768980066
                    ],
                    [
                        -39.60819150572332,
                        70.88252732876255
                    ],
                    [
                        -39.615138273618655,
                        70.88231363274917
                    ],
                    [
                        -39.62209345413063,
                        70.88206982099268
                    ],
                    [
                        -39.62904666517971,
                        70.88183196856107
                    ],
                    [
                        -39.63599657387705,
                        70.8816047521403
                    ],
                    [
                        -39.64294077650727,
                        70.88139661588403
                    ],
                    [
                        -39.6498813930727,
                        70.88120021571908
                    ],
                    [
                        -39.656823145721695,
                        70.88099904956185
                    ],
                    [
                        -39.66376755711147,
                        70.88078775574104
                    ],
                    [
                        -39.67071501848897,
                        70.88056491975811
                    ],
                    [
                        -39.67767368127302,
                        70.88030181585535
                    ],
                    [
                        -39.684635498256156,
                        70.88002663520554
                    ],
                    [
                        -39.691611079424504,
                        70.87970189960208
                    ],
                    [
                        -39.69858831116168,
                        70.87937020267556
                    ],
                    [
                        -39.70555625930064,
                        70.8790701944126
                    ],
                    [
                        -39.712527157840576,
                        70.878758669338
                    ],
                    [
                        -39.71949879565047,
                        70.87844342394446
                    ],
                    [
                        -39.72646646671163,
                        70.87814115746542
                    ],
                    [
                        -39.73342594914448,
                        70.8778669372222
                    ],
                    [
                        -39.740371784450524,
                        70.8776403151114
                    ],
                    [
                        -39.74731007095074,
                        70.87743973723923
                    ],
                    [
                        -39.75424674318252,
                        70.8772441185752
                    ],
                    [
                        -39.76118990976994,
                        70.87702448752789
                    ],
                    [
                        -39.7681287916907,
                        70.87681933932996
                    ],
                    [
                        -39.775070560567336,
                        70.8766030220589
                    ],
                    [
                        -39.78201123812558,
                        70.87638977260872
                    ],
                    [
                        -39.78893795175243,
                        70.8762258776513
                    ],
                    [
                        -39.79586620210852,
                        70.87605574119799
                    ],
                    [
                        -39.80279592786463,
                        70.87587955944703
                    ],
                    [
                        -39.80972249647555,
                        70.87571402859761
                    ],
                    [
                        -39.816646675043636,
                        70.87555641980175
                    ],
                    [
                        -39.823570910813196,
                        70.87539790885342
                    ],
                    [
                        -39.83049542256398,
                        70.87523769963241
                    ],
                    [
                        -39.83741579906946,
                        70.87509179350006
                    ],
                    [
                        -39.84432708848474,
                        70.87497824312497
                    ],
                    [
                        -39.85123520955818,
                        70.87487564379504
                    ],
                    [
                        -39.858148930967914,
                        70.87475209037373
                    ],
                    [
                        -39.865060728595644,
                        70.87463495043434
                    ],
                    [
                        -39.871977692370244,
                        70.874498346894
                    ],
                    [
                        -39.878892551903235,
                        70.87436879974766
                    ],
                    [
                        -39.88580252164507,
                        70.87425654335264
                    ],
                    [
                        -39.89271616029322,
                        70.87413025079223
                    ],
                    [
                        -39.89962838429346,
                        70.87400853974488
                    ],
                    [
                        -39.9065442855411,
                        70.87387269824158
                    ],
                    [
                        -39.91346836428917,
                        70.8737060908843
                    ],
                    [
                        -39.92040131753765,
                        70.87350601973863
                    ],
                    [
                        -39.92733881088269,
                        70.87328835715233
                    ],
                    [
                        -39.93427160742226,
                        70.87308719787538
                    ],
                    [
                        -39.941205354624536,
                        70.8728816919548
                    ],
                    [
                        -39.94813632068773,
                        70.87268566407379
                    ],
                    [
                        -39.95506518736841,
                        70.87249662184588
                    ],
                    [
                        -39.961994430022166,
                        70.8723053874613
                    ],
                    [
                        -39.96893361357682,
                        70.87207632451559
                    ],
                    [
                        -39.9758806545463,
                        70.87181704608973
                    ],
                    [
                        -39.982819100900215,
                        70.87158887845523
                    ],
                    [
                        -39.98975709005726,
                        70.87136151487225
                    ],
                    [
                        -39.99669397199927,
                        70.87113739398772
                    ],
                    [
                        -40.00363546029207,
                        70.87089509803866
                    ],
                    [
                        -40.01058140042818,
                        70.87063513093435
                    ],
                    [
                        -40.017527643067574,
                        70.87037302658796
                    ],
                    [
                        -40.02447476714185,
                        70.87010659553115
                    ],
                    [
                        -40.03141877176504,
                        70.86985091249397
                    ],
                    [
                        -40.0383675839424,
                        70.86957607790845
                    ],
                    [
                        -40.045317021135396,
                        70.86929783331844
                    ],
                    [
                        -40.052265566250114,
                        70.86902191205728
                    ],
                    [
                        -40.05921176690328,
                        70.86875383468589
                    ],
                    [
                        -40.06616751532908,
                        70.86844845314049
                    ],
                    [
                        -40.07312757035553,
                        70.86812554880424
                    ],
                    [
                        -40.080082492729595,
                        70.86782101230322
                    ],
                    [
                        -40.08703866769132,
                        70.86751055917644
                    ],
                    [
                        -40.093999054972514,
                        70.86718285457518
                    ],
                    [
                        -40.10096245430395,
                        70.86684241733768
                    ],
                    [
                        -40.107922537720796,
                        70.8665134431377
                    ],
                    [
                        -40.11488713564659,
                        70.86616593051461
                    ],
                    [
                        -40.121858470783856,
                        70.86579125643796
                    ],
                    [
                        -40.12882646632191,
                        70.86542808844152
                    ],
                    [
                        -40.135794096481966,
                        70.86506501287498
                    ],
                    [
                        -40.1427598692176,
                        70.86470779029685
                    ],
                    [
                        -40.14972732773882,
                        70.86434274923933
                    ],
                    [
                        -40.15669956138174,
                        70.86395789535756
                    ],
                    [
                        -40.163677428006416,
                        70.8635498157746
                    ],
                    [
                        -40.1706557956309,
                        70.86313833566702
                    ],
                    [
                        -40.17763567194194,
                        70.86271952194372
                    ],
                    [
                        -40.1846113194622,
                        70.86231568678703
                    ],
                    [
                        -40.191582660514975,
                        70.86192720008628
                    ],
                    [
                        -40.198555029186494,
                        70.86153329585895
                    ],
                    [
                        -40.20552844114944,
                        70.86113388924471
                    ],
                    [
                        -40.21249837215796,
                        70.86074668011129
                    ],
                    [
                        -40.219468926760705,
                        70.86035561978362
                    ],
                    [
                        -40.22643729777568,
                        70.85997172148988
                    ],
                    [
                        -40.23340271120307,
                        70.85959806341546
                    ],
                    [
                        -40.24036941679176,
                        70.85921794412667
                    ],
                    [
                        -40.24733866124143,
                        70.8588264148057
                    ],
                    [
                        -40.25431628739923,
                        70.85840032999145
                    ],
                    [
                        -40.26129138194607,
                        70.85798273615003
                    ],
                    [
                        -40.268271081524155,
                        70.85754537855371
                    ],
                    [
                        -40.275253396868784,
                        70.85709606687364
                    ],
                    [
                        -40.282240137730284,
                        70.85662755101559
                    ],
                    [
                        -40.28922819238644,
                        70.85615213692635
                    ],
                    [
                        -40.296213713810104,
                        70.85568513798358
                    ],
                    [
                        -40.30319414404393,
                        70.85523681115272
                    ],
                    [
                        -40.310174948815494,
                        70.8547853753606
                    ],
                    [
                        -40.31716232859664,
                        70.85430597308024
                    ],
                    [
                        -40.3241542800835,
                        70.8538065159775
                    ],
                    [
                        -40.331139270673546,
                        70.85333326256949
                    ],
                    [
                        -40.33811931953124,
                        70.85287820615605
                    ],
                    [
                        -40.34510041471143,
                        70.85241729104197
                    ],
                    [
                        -40.3520790192365,
                        70.85196477139736
                    ],
                    [
                        -40.359058822196296,
                        70.85150576889852
                    ],
                    [
                        -40.3660417477322,
                        70.85103246165941
                    ],
                    [
                        -40.37302286668252,
                        70.85056477753797
                    ],
                    [
                        -40.379999120920345,
                        70.85011516638104
                    ],
                    [
                        -40.386967275407216,
                        70.8496968745073
                    ],
                    [
                        -40.39393945866402,
                        70.8492606248227
                    ],
                    [
                        -40.400919270118415,
                        70.84879164466966
                    ],
                    [
                        -40.40790177335605,
                        70.84830996021263
                    ],
                    [
                        -40.41488393223651,
                        70.8478279424496
                    ],
                    [
                        -40.421861877819275,
                        70.84736145405708
                    ],
                    [
                        -40.42883822724587,
                        70.84689982050176
                    ],
                    [
                        -40.43581480142233,
                        70.84643557561378
                    ],
                    [
                        -40.442794088644085,
                        70.84595845732267
                    ],
                    [
                        -40.449783241929836,
                        70.84543889306347
                    ],
                    [
                        -40.45677178436562,
                        70.84491997828216
                    ],
                    [
                        -40.46376151242519,
                        70.8443942812281
                    ],
                    [
                        -40.47076342543709,
                        70.84381617338956
                    ],
                    [
                        -40.47776928068047,
                        70.84321963038767
                    ],
                    [
                        -40.48476685439142,
                        70.84265539896666
                    ],
                    [
                        -40.491762310610454,
                        70.84209795920029
                    ],
                    [
                        -40.49876605436186,
                        70.84150393618809
                    ],
                    [
                        -40.505770723281266,
                        70.84090391915504
                    ],
                    [
                        -40.5127787674531,
                        70.84028762603076
                    ],
                    [
                        -40.51977776356308,
                        70.83970705618229
                    ],
                    [
                        -40.52677904725164,
                        70.83911478843022
                    ],
                    [
                        -40.53378717124125,
                        70.83849162153784
                    ],
                    [
                        -40.54079008250633,
                        70.83788817538492
                    ],
                    [
                        -40.54779270350884,
                        70.83728377876017
                    ],
                    [
                        -40.554798509483916,
                        70.83666374258824
                    ],
                    [
                        -40.56180538667409,
                        70.83603693820315
                    ],
                    [
                        -40.56879917723816,
                        70.83546335328373
                    ],
                    [
                        -40.57579274038795,
                        70.8348886442196
                    ],
                    [
                        -40.58278423197702,
                        70.83432064945454
                    ],
                    [
                        -40.589783078123176,
                        70.83371924759435
                    ],
                    [
                        -40.596788057661435,
                        70.83308948691985
                    ],
                    [
                        -40.60379305701997,
                        70.83245735785081
                    ],
                    [
                        -40.61080177058692,
                        70.83180703441303
                    ],
                    [
                        -40.617795431124556,
                        70.83121889888055
                    ],
                    [
                        -40.62478610268753,
                        70.83064144395782
                    ],
                    [
                        -40.63178329999467,
                        70.83003379176934
                    ],
                    [
                        -40.6387751455677,
                        70.82944697351788
                    ],
                    [
                        -40.645766091850646,
                        70.82886187581082
                    ],
                    [
                        -40.65275267319985,
                        70.82829349006458
                    ],
                    [
                        -40.65974320393898,
                        70.82770589684573
                    ],
                    [
                        -40.66673463765041,
                        70.82711221515684
                    ],
                    [
                        -40.67372252920457,
                        70.82653172737085
                    ],
                    [
                        -40.68070834660372,
                        70.82595811134593
                    ],
                    [
                        -40.68769550777177,
                        70.8253765035747
                    ],
                    [
                        -40.69467968846605,
                        70.82480574508136
                    ],
                    [
                        -40.701656043980336,
                        70.82426707810535
                    ],
                    [
                        -40.70862923844736,
                        70.82374023142596
                    ],
                    [
                        -40.715597496685874,
                        70.82323305379167
                    ],
                    [
                        -40.72256434565,
                        70.82273014242692
                    ],
                    [
                        -40.72953729095264,
                        70.82219847621184
                    ],
                    [
                        -40.73650811480274,
                        70.82167415068835
                    ],
                    [
                        -40.74347430687258,
                        70.82116829178318
                    ],
                    [
                        -40.75043710494356,
                        70.82067551611262
                    ],
                    [
                        -40.7573958393729,
                        70.82019885773464
                    ],
                    [
                        -40.764350203672414,
                        70.81973975876186
                    ],
                    [
                        -40.77130619713321,
                        70.8192716306611
                    ],
                    [
                        -40.778257798657734,
                        70.81882124782759
                    ],
                    [
                        -40.785200199942324,
                        70.81841015322318
                    ],
                    [
                        -40.79213915765611,
                        70.81801281778318
                    ],
                    [
                        -40.799074719765386,
                        70.81762909661539
                    ],
                    [
                        -40.806009192911,
                        70.81724871558619
                    ],
                    [
                        -40.81293663917989,
                        70.81689836323187
                    ],
                    [
                        -40.819864952155896,
                        70.81654267670032
                    ],
                    [
                        -40.82679718786545,
                        70.81616785672487
                    ],
                    [
                        -40.83372388738645,
                        70.81581650834542
                    ],
                    [
                        -40.84064813860851,
                        70.81547478757965
                    ],
                    [
                        -40.84757661181184,
                        70.81511252970397
                    ],
                    [
                        -40.854507602548324,
                        70.81473736450984
                    ],
                    [
                        -40.86143818523457,
                        70.81436252373508
                    ],
                    [
                        -40.868363942265354,
                        70.81400812206444
                    ],
                    [
                        -40.87529244347215,
                        70.81363974194889
                    ],
                    [
                        -40.882215892427624,
                        70.81329292904266
                    ],
                    [
                        -40.8891414566867,
                        70.81293499479308
                    ],
                    [
                        -40.896063433188196,
                        70.81259202526441
                    ],
                    [
                        -40.90298140341934,
                        70.81226601963176
                    ],
                    [
                        -40.909899703819136,
                        70.81193711952143
                    ],
                    [
                        -40.916820032527156,
                        70.81159748629952
                    ],
                    [
                        -40.92374499616525,
                        70.81123503426359
                    ],
                    [
                        -40.93066999470802,
                        70.81087091393943
                    ],
                    [
                        -40.937593649628575,
                        70.81051150184359
                    ],
                    [
                        -40.944515107270114,
                        70.81016078352043
                    ],
                    [
                        -40.95143698953562,
                        70.80980661942456
                    ],
                    [
                        -40.95836037367777,
                        70.80944397694292
                    ],
                    [
                        -40.965283868463004,
                        70.80907930067673
                    ],
                    [
                        -40.97220577240521,
                        70.8087205295977
                    ],
                    [
                        -40.97912445739453,
                        70.80837531469261
                    ],
                    [
                        -40.98604258296304,
                        70.80803125934783
                    ],
                    [
                        -40.99295972533231,
                        70.80769036042727
                    ],
                    [
                        -40.99987751247319,
                        70.80734497621124
                    ],
                    [
                        -41.00679506116679,
                        70.80699924610585
                    ],
                    [
                        -41.013710369921284,
                        70.806662618113
                    ],
                    [
                        -41.02062717854154,
                        70.80631745380327
                    ],
                    [
                        -41.02754922848106,
                        70.80594598244046
                    ],
                    [
                        -41.034471161268364,
                        70.80557349710982
                    ],
                    [
                        -41.04139177466042,
                        70.80520570916124
                    ],
                    [
                        -41.048308791099366,
                        70.80485349222546
                    ],
                    [
                        -41.055223746210594,
                        70.80450960271853
                    ],
                    [
                        -41.06214115903079,
                        70.80415248490488
                    ],
                    [
                        -41.06905999549729,
                        70.80378702019395
                    ],
                    [
                        -41.07597902209666,
                        70.8034190816427
                    ],
                    [
                        -41.08290392984802,
                        70.80302130759648
                    ],
                    [
                        -41.08982700908684,
                        70.80263065435352
                    ],
                    [
                        -41.09674973289328,
                        70.8022400563934
                    ],
                    [
                        -41.10367029478049,
                        70.8018582428848
                    ],
                    [
                        -41.11058993628455,
                        70.80147925253736
                    ],
                    [
                        -41.117512278408796,
                        70.80108554272933
                    ],
                    [
                        -41.1244368537754,
                        70.80067930454732
                    ],
                    [
                        -41.131364150301316,
                        70.80025809581957
                    ],
                    [
                        -41.138292545643004,
                        70.79982974526054
                    ],
                    [
                        -41.14522224651599,
                        70.79939320472747
                    ],
                    [
                        -41.15215132237634,
                        70.79895787685678
                    ],
                    [
                        -41.15907911377026,
                        70.79852700183322
                    ],
                    [
                        -41.16600967520888,
                        70.79808069170362
                    ],
                    [
                        -41.1729399283301,
                        70.7976340086968
                    ],
                    [
                        -41.17987330791978,
                        70.79717001981365
                    ],
                    [
                        -41.186799256121965,
                        70.79674077034112
                    ],
                    [
                        -41.19372585406981,
                        70.79630647077279
                    ],
                    [
                        -41.20064565424865,
                        70.79590400961902
                    ],
                    [
                        -41.207560040240786,
                        70.79552669344297
                    ],
                    [
                        -41.214481736921044,
                        70.79511135434002
                    ],
                    [
                        -41.22140868114302,
                        70.79466806459911
                    ],
                    [
                        -41.228339910982484,
                        70.79420147214552
                    ],
                    [
                        -41.235269069386206,
                        70.79374325169958
                    ],
                    [
                        -41.24219543483414,
                        70.79329706752534
                    ],
                    [
                        -41.24912019418575,
                        70.79285702779192
                    ],
                    [
                        -41.25604464719415,
                        70.7924166284018
                    ],
                    [
                        -41.262974212301124,
                        70.79194855523019
                    ],
                    [
                        -41.26989994396785,
                        70.79149782929477
                    ],
                    [
                        -41.27682798181843,
                        70.7910334846039
                    ],
                    [
                        -41.28375533374232,
                        70.79057061250772
                    ],
                    [
                        -41.290667692990105,
                        70.79018188491013
                    ],
                    [
                        -41.29757428816187,
                        70.78982076369383
                    ],
                    [
                        -41.30447902083652,
                        70.78946751551645
                    ],
                    [
                        -41.31138254992983,
                        70.78911882016307
                    ],
                    [
                        -41.31828084989072,
                        70.78879530477725
                    ],
                    [
                        -41.32517271719602,
                        70.78850328404579
                    ],
                    [
                        -41.33205813255729,
                        70.78824303705674
                    ],
                    [
                        -41.33894228059983,
                        70.78798806212565
                    ],
                    [
                        -41.345826210428,
                        70.78773298029978
                    ],
                    [
                        -41.3527058630943,
                        70.78749876100791
                    ],
                    [
                        -41.35958788319345,
                        70.78725113125167
                    ],
                    [
                        -41.366474354856756,
                        70.78697920642348
                    ],
                    [
                        -41.37336531538678,
                        70.7866826535194
                    ],
                    [
                        -41.38026101004673,
                        70.78636005417447
                    ],
                    [
                        -41.38715551037721,
                        70.78604218109064
                    ],
                    [
                        -41.39404325017791,
                        70.78575815165902
                    ],
                    [
                        -41.40092520506032,
                        70.78550305430785
                    ],
                    [
                        -41.407806063707866,
                        70.78525245938344
                    ],
                    [
                        -41.41468611773948,
                        70.7850048607597
                    ],
                    [
                        -41.42156324183011,
                        70.78477146975392
                    ],
                    [
                        -41.42843792276924,
                        70.78454980102339
                    ],
                    [
                        -41.43530979018565,
                        70.78434188172656
                    ],
                    [
                        -41.442187123643855,
                        70.78410393261159
                    ],
                    [
                        -41.44906924908626,
                        70.78383935599452
                    ],
                    [
                        -41.455956669436155,
                        70.78354532124365
                    ],
                    [
                        -41.46284866552558,
                        70.78322548734768
                    ],
                    [
                        -41.46973767509197,
                        70.78292007851117
                    ],
                    [
                        -41.47661558691969,
                        70.78267257342311
                    ],
                    [
                        -41.48348357763113,
                        70.78247700852242
                    ],
                    [
                        -41.49035231569528,
                        70.78227639371778
                    ],
                    [
                        -41.497224527893096,
                        70.78205602573931
                    ],
                    [
                        -41.50409500881302,
                        70.78184385571123
                    ],
                    [
                        -41.510965569063536,
                        70.78163015073379
                    ],
                    [
                        -41.517844076660616,
                        70.7813723085098
                    ],
                    [
                        -41.52473365852621,
                        70.78105310357995
                    ],
                    [
                        -41.53162461350587,
                        70.78072489566188
                    ],
                    [
                        -41.53850651715484,
                        70.78044440470035
                    ],
                    [
                        -41.54537670385361,
                        70.78022646578354
                    ],
                    [
                        -41.5522410270069,
                        70.78003944977519
                    ],
                    [
                        -41.559116622256674,
                        70.77978965675455
                    ],
                    [
                        -41.56601375097302,
                        70.77942037014697
                    ],
                    [
                        -41.57292990898088,
                        70.77894463732474
                    ],
                    [
                        -41.57986442213097,
                        70.77836552049332
                    ],
                    [
                        -41.58681968118299,
                        70.77766917267896
                    ],
                    [
                        -41.59379029412562,
                        70.77688471167119
                    ],
                    [
                        -41.60076090544967,
                        70.77609676791623
                    ],
                    [
                        -41.607729283547364,
                        70.77531772608106
                    ],
                    [
                        -41.614701253242366,
                        70.77451519495057
                    ],
                    [
                        -41.621680337227836,
                        70.77366936158744
                    ],
                    [
                        -41.628662847730894,
                        70.7728005826324
                    ],
                    [
                        -41.635631502458814,
                        70.77200560081563
                    ],
                    [
                        -41.642577016275695,
                        70.77133705044263
                    ],
                    [
                        -41.64950904001703,
                        70.77074140127142
                    ],
                    [
                        -41.656443656387125,
                        70.7701283823507
                    ],
                    [
                        -41.66339243693617,
                        70.76943246323303
                    ],
                    [
                        -41.67035151994506,
                        70.76867499530545
                    ],
                    [
                        -41.677316283181824,
                        70.7678818292079
                    ],
                    [
                        -41.68428839711212,
                        70.76704323126594
                    ],
                    [
                        -41.69125820536252,
                        70.76621397251355
                    ],
                    [
                        -41.69821822463848,
                        70.76543687827663
                    ],
                    [
                        -41.7051727739684,
                        70.76468755264223
                    ],
                    [
                        -41.71212146047004,
                        70.76396843121118
                    ],
                    [
                        -41.71906727095669,
                        70.76326253174199
                    ],
                    [
                        -41.72600898765668,
                        70.76257696019316
                    ],
                    [
                        -41.732942288728694,
                        70.76193681436224
                    ],
                    [
                        -41.73986289670333,
                        70.76136715184407
                    ],
                    [
                        -41.74677307949989,
                        70.7608552733529
                    ],
                    [
                        -41.753682537880806,
                        70.76034515503424
                    ],
                    [
                        -41.76058860910789,
                        70.75985232343567
                    ],
                    [
                        -41.76749068091118,
                        70.75938046675161
                    ],
                    [
                        -41.774391123925255,
                        70.7589158499419
                    ],
                    [
                        -41.78129316338792,
                        70.75843960681865
                    ],
                    [
                        -41.78818787782941,
                        70.75800409531116
                    ],
                    [
                        -41.79507006099077,
                        70.7576402467836
                    ],
                    [
                        -41.801940842447955,
                        70.75734186198243
                    ],
                    [
                        -41.80880905050709,
                        70.75705714453046
                    ],
                    [
                        -41.81567891093302,
                        70.75676113240219
                    ],
                    [
                        -41.82255157777312,
                        70.75644689579279
                    ],
                    [
                        -41.82943137151671,
                        70.75608859010798
                    ],
                    [
                        -41.8363257901452,
                        70.7556411816092
                    ],
                    [
                        -41.843226033537704,
                        70.75515671106096
                    ],
                    [
                        -41.85012183409577,
                        70.75469647622353
                    ],
                    [
                        -41.857011433541686,
                        70.75427120183706
                    ],
                    [
                        -41.86389346517994,
                        70.75388935008496
                    ],
                    [
                        -41.8707706710503,
                        70.75353466599388
                    ],
                    [
                        -41.877648333770644,
                        70.75317538574764
                    ],
                    [
                        -41.88452538225099,
                        70.75281797103894
                    ],
                    [
                        -41.8913957442527,
                        70.75249932018097
                    ],
                    [
                        -41.89825268884728,
                        70.75226067111478
                    ],
                    [
                        -41.905097716595016,
                        70.7520934046128
                    ],
                    [
                        -41.91194095603745,
                        70.75193606256006
                    ],
                    [
                        -41.91879016771434,
                        70.75174115008365
                    ],
                    [
                        -41.92565157207861,
                        70.7514702060776
                    ],
                    [
                        -41.93252117103594,
                        70.75114733074584
                    ],
                    [
                        -41.939390357773874,
                        70.75082527888821
                    ],
                    [
                        -41.94625110965378,
                        70.75055367134526
                    ],
                    [
                        -41.95310265816669,
                        70.75033761573577
                    ],
                    [
                        -41.9599514714356,
                        70.75013730868854
                    ],
                    [
                        -41.96680021719974,
                        70.7499362476446
                    ],
                    [
                        -41.97365037778378,
                        70.7497251774447
                    ],
                    [
                        -41.98050303621127,
                        70.7494972559712
                    ],
                    [
                        -41.987354833002904,
                        70.74927342950399
                    ],
                    [
                        -41.99420008847743,
                        70.74908941580806
                    ],
                    [
                        -42.00103320269729,
                        70.74898075810759
                    ],
                    [
                        -42.00785935825915,
                        70.74891526097937
                    ],
                    [
                        -42.0146865835935,
                        70.74884242734468
                    ],
                    [
                        -42.0215196740688,
                        70.74873179766318
                    ],
                    [
                        -42.02835908585888,
                        70.74858021124629
                    ],
                    [
                        -42.03520074438946,
                        70.74841334246287
                    ],
                    [
                        -42.04204282478616,
                        70.74824273843683
                    ],
                    [
                        -42.04888600887072,
                        70.74806400965895
                    ],
                    [
                        -42.05573400741427,
                        70.74785329319054
                    ],
                    [
                        -42.062590289632865,
                        70.74758805531407
                    ],
                    [
                        -42.06945180697905,
                        70.74728756162494
                    ],
                    [
                        -42.0763117150388,
                        70.74699578492255
                    ],
                    [
                        -42.08316822411803,
                        70.7467243786597
                    ],
                    [
                        -42.09002442308663,
                        70.74645343650127
                    ],
                    [
                        -42.096881670318524,
                        70.74617412328082
                    ],
                    [
                        -42.10374247064086,
                        70.7458700415003
                    ],
                    [
                        -42.11060453833512,
                        70.74555595887423
                    ],
                    [
                        -42.1174684379266,
                        70.74522810420136
                    ],
                    [
                        -42.124334247808534,
                        70.74488586374224
                    ],
                    [
                        -42.13119887453719,
                        70.74454950658524
                    ],
                    [
                        -42.13806201029794,
                        70.7442211082826
                    ],
                    [
                        -42.14492505137369,
                        70.7438914873988
                    ],
                    [
                        -42.15179053644977,
                        70.74354379485139
                    ],
                    [
                        -42.158659388216904,
                        70.74317176344087
                    ],
                    [
                        -42.165532573388006,
                        70.74276877105974
                    ],
                    [
                        -42.172411050031464,
                        70.74232818811905
                    ],
                    [
                        -42.17929217940349,
                        70.74186741467642
                    ],
                    [
                        -42.18617293640139,
                        70.74140661734616
                    ],
                    [
                        -42.193050472110905,
                        70.74096497649694
                    ],
                    [
                        -42.19992709453945,
                        70.74052705897779
                    ],
                    [
                        -42.20680288668447,
                        70.74009233189653
                    ],
                    [
                        -42.21367544277852,
                        70.73967713739289
                    ],
                    [
                        -42.220549776553725,
                        70.73924753151626
                    ],
                    [
                        -42.22742404592358,
                        70.73881596359546
                    ],
                    [
                        -42.23429900477323,
                        70.73837726787244
                    ],
                    [
                        -42.241174698232946,
                        70.73793108218828
                    ],
                    [
                        -42.24804824832548,
                        70.73749711727913
                    ],
                    [
                        -42.25491965491842,
                        70.73707546767038
                    ],
                    [
                        -42.2617881239638,
                        70.73667170919418
                    ],
                    [
                        -42.268656068575794,
                        70.7362692789274
                    ],
                    [
                        -42.27552421640307,
                        70.73586313932279
                    ],
                    [
                        -42.28239341613023,
                        70.73544735950873
                    ],
                    [
                        -42.289263401405975,
                        70.735023723791
                    ],
                    [
                        -42.29613854732785,
                        70.73456158374358
                    ],
                    [
                        -42.30300762843572,
                        70.73413932862223
                    ],
                    [
                        -42.30988244059937,
                        70.73367437069105
                    ],
                    [
                        -42.31675903406802,
                        70.73319420864472
                    ],
                    [
                        -42.323628685343245,
                        70.7327603491711
                    ],
                    [
                        -42.330497832354354,
                        70.73232755765949
                    ],
                    [
                        -42.33736447607635,
                        70.73191003831477
                    ],
                    [
                        -42.344233458331175,
                        70.7314734403873
                    ],
                    [
                        -42.35110474148317,
                        70.73101788353115
                    ],
                    [
                        -42.3579736775728,
                        70.73057648420075
                    ],
                    [
                        -42.36484069499316,
                        70.73014628109006
                    ],
                    [
                        -42.371706744804676,
                        70.72972052117255
                    ],
                    [
                        -42.37857606022856,
                        70.7292687035157
                    ],
                    [
                        -42.38544414611768,
                        70.7288231342431
                    ],
                    [
                        -42.39231667201801,
                        70.72834274819084
                    ],
                    [
                        -42.39919236257287,
                        70.72783654111362
                    ],
                    [
                        -42.406067264864035,
                        70.72733312697267
                    ],
                    [
                        -42.412942521661975,
                        70.7268241749925
                    ],
                    [
                        -42.41981581241764,
                        70.72632665155845
                    ],
                    [
                        -42.426688731592385,
                        70.72582893091146
                    ],
                    [
                        -42.43356412367598,
                        70.72531004880017
                    ],
                    [
                        -42.44044062229718,
                        70.72477993121511
                    ],
                    [
                        -42.44731463789176,
                        70.72426508626229
                    ],
                    [
                        -42.45418664938953,
                        70.723762081436
                    ],
                    [
                        -42.461060367122926,
                        70.72324337070872
                    ],
                    [
                        -42.4679327127131,
                        70.72273182452484
                    ],
                    [
                        -42.47480635954809,
                        70.72220747506965
                    ],
                    [
                        -42.48168021604077,
                        70.721678417689
                    ],
                    [
                        -42.488558904037546,
                        70.72110979758027
                    ],
                    [
                        -42.49543897004464,
                        70.72052737387621
                    ],
                    [
                        -42.50231953856339,
                        70.71993766422827
                    ],
                    [
                        -42.50919680952286,
                        70.71936947497807
                    ],
                    [
                        -42.516070894432865,
                        70.71882213860845
                    ],
                    [
                        -42.522947685350786,
                        70.71825082298939
                    ],
                    [
                        -42.52982252802282,
                        70.71769098014605
                    ],
                    [
                        -42.53669534594708,
                        70.71714329599865
                    ],
                    [
                        -42.54356845982731,
                        70.71658999671166
                    ],
                    [
                        -42.55044220705836,
                        70.71602842899247
                    ],
                    [
                        -42.557315778670265,
                        70.71546479091451
                    ],
                    [
                        -42.564188617300374,
                        70.71490339639031
                    ],
                    [
                        -42.571062501961656,
                        70.71433040383491
                    ],
                    [
                        -42.577934985725975,
                        70.7137648355175
                    ],
                    [
                        -42.58480814950318,
                        70.71319044901664
                    ],
                    [
                        -42.591684537355704,
                        70.71258717426687
                    ],
                    [
                        -42.59855751293856,
                        70.71200707026172
                    ],
                    [
                        -42.605428555678415,
                        70.71143864500452
                    ],
                    [
                        -42.61230068224087,
                        70.71085808533515
                    ],
                    [
                        -42.61917238238311,
                        70.71027729435549
                    ],
                    [
                        -42.626041411371496,
                        70.70971417168984
                    ],
                    [
                        -42.63291010709079,
                        70.70915017596681
                    ],
                    [
                        -42.639779183083164,
                        70.70857957703113
                    ],
                    [
                        -42.64664698267338,
                        70.70801564557053
                    ],
                    [
                        -42.65351701158269,
                        70.7074301548284
                    ],
                    [
                        -42.66038544222732,
                        70.70685388980611
                    ],
                    [
                        -42.6672550951952,
                        70.70626403967866
                    ],
                    [
                        -42.67412397369203,
                        70.70567674006499
                    ],
                    [
                        -42.68099365297733,
                        70.70507915226662
                    ],
                    [
                        -42.6878626396333,
                        70.70448341589919
                    ],
                    [
                        -42.694727372651556,
                        70.70391880149772
                    ],
                    [
                        -42.701590701663406,
                        70.70336211261153
                    ],
                    [
                        -42.708455696049555,
                        70.70278805573612
                    ],
                    [
                        -42.71532373330566,
                        70.70218505501425
                    ],
                    [
                        -42.72219200490376,
                        70.70157619933997
                    ],
                    [
                        -42.72905771588171,
                        70.70098474685598
                    ],
                    [
                        -42.73592043180154,
                        70.70041449322242
                    ],
                    [
                        -42.742781659052156,
                        70.69985299421529
                    ],
                    [
                        -42.749644978021934,
                        70.69927019467461
                    ],
                    [
                        -42.75650611886748,
                        70.69870195000831
                    ],
                    [
                        -42.763368796518684,
                        70.69811693314973
                    ],
                    [
                        -42.770231675192214,
                        70.6975263374407
                    ],
                    [
                        -42.777092293203076,
                        70.69695109124538
                    ],
                    [
                        -42.78395306518016,
                        70.69637069715394
                    ],
                    [
                        -42.790810468835886,
                        70.69581531443407
                    ],
                    [
                        -42.79766701742803,
                        70.69526355928812
                    ],
                    [
                        -42.804524007019346,
                        70.69470428233721
                    ],
                    [
                        -42.8113820600887,
                        70.69413202444557
                    ],
                    [
                        -42.81823997124825,
                        70.69355713163145
                    ],
                    [
                        -42.82509424343278,
                        70.69301004762913
                    ],
                    [
                        -42.83194810199839,
                        70.69246284988435
                    ],
                    [
                        -42.838801814165336,
                        70.69191319548453
                    ],
                    [
                        -42.84565675181902,
                        70.69134899444602
                    ],
                    [
                        -42.852509888289376,
                        70.69079681666422
                    ],
                    [
                        -42.8593626762779,
                        70.6902439189414
                    ],
                    [
                        -42.86621663466378,
                        70.6896768049969
                    ],
                    [
                        -42.8730656348417,
                        70.6891499478992
                    ],
                    [
                        -42.87991437434897,
                        70.68862174764082
                    ],
                    [
                        -42.88676240418643,
                        70.68809621933418
                    ],
                    [
                        -42.89360896639454,
                        70.68758021093369
                    ],
                    [
                        -42.90045591835791,
                        70.6870570490619
                    ],
                    [
                        -42.90730404466249,
                        70.68651955742114
                    ],
                    [
                        -42.9141506482224,
                        70.68599210556232
                    ],
                    [
                        -42.92099503181023,
                        70.68548115212884
                    ],
                    [
                        -42.92783951422447,
                        70.68496564993411
                    ],
                    [
                        -42.9346831481867,
                        70.68445424963305
                    ],
                    [
                        -42.941529909629175,
                        70.68391037626857
                    ],
                    [
                        -42.94837549393781,
                        70.68337348117132
                    ],
                    [
                        -42.95522367227807,
                        70.6828086700078
                    ],
                    [
                        -42.96207200457315,
                        70.6822383612532
                    ],
                    [
                        -42.96891643044183,
                        70.68170040424965
                    ],
                    [
                        -42.97575930904935,
                        70.6811730332078
                    ],
                    [
                        -42.98260178040443,
                        70.68064564312395
                    ],
                    [
                        -42.98944598067195,
                        70.68009808835573
                    ],
                    [
                        -42.99628856213068,
                        70.67956184375879
                    ],
                    [
                        -43.003130295104185,
                        70.67902971255569
                    ],
                    [
                        -43.00997303633602,
                        70.67848404519862
                    ],
                    [
                        -43.01681313156272,
                        70.67795964572188
                    ],
                    [
                        -43.02365233538077,
                        70.67743990117071
                    ],
                    [
                        -43.03049087960011,
                        70.67692262950547
                    ],
                    [
                        -43.03732882209312,
                        70.67640729882548
                    ],
                    [
                        -43.04416555392329,
                        70.67589983601694
                    ],
                    [
                        -43.05100609949398,
                        70.67535142997498
                    ],
                    [
                        -43.05784759193541,
                        70.67478964435722
                    ],
                    [
                        -43.06468438520851,
                        70.67426967468877
                    ],
                    [
                        -43.07151974977756,
                        70.67375980215614
                    ],
                    [
                        -43.07835569547164,
                        70.67324029696108
                    ],
                    [
                        -43.085191128961824,
                        70.67272188788041
                    ],
                    [
                        -43.09202723388356,
                        70.67219281963384
                    ],
                    [
                        -43.09886414972439,
                        70.67165158572325
                    ],
                    [
                        -43.10570181498903,
                        70.67109867055721
                    ],
                    [
                        -43.11253840845175,
                        70.67055225373234
                    ],
                    [
                        -43.11937470721555,
                        70.67000456831896
                    ],
                    [
                        -43.12621190606233,
                        70.66944350386002
                    ],
                    [
                        -43.133052412587006,
                        70.66884444518556
                    ],
                    [
                        -43.13989508008408,
                        70.66821866807138
                    ],
                    [
                        -43.14673810184316,
                        70.66758437377807
                    ],
                    [
                        -43.15358181858967,
                        70.66693796659555
                    ],
                    [
                        -43.1604235390942,
                        70.66630707332945
                    ],
                    [
                        -43.16726545729012,
                        70.66566915383038
                    ],
                    [
                        -43.174109874333254,
                        70.66500021249998
                    ],
                    [
                        -43.180958062432616,
                        70.66428662419082
                    ],
                    [
                        -43.187805916163555,
                        70.6635708755558
                    ],
                    [
                        -43.1946508388932,
                        70.66288024219264
                    ],
                    [
                        -43.2014936161075,
                        70.6622067257052
                    ],
                    [
                        -43.20833484953114,
                        70.66154415094205
                    ],
                    [
                        -43.2151761129994,
                        70.6608759085446
                    ],
                    [
                        -43.222014171613665,
                        70.66023647131978
                    ],
                    [
                        -43.22885583735591,
                        70.65955316654183
                    ],
                    [
                        -43.23569797734109,
                        70.65885919065633
                    ],
                    [
                        -43.2425392660864,
                        70.65816873780417
                    ],
                    [
                        -43.24938036885363,
                        70.65747463666631
                    ],
                    [
                        -43.256218572351266,
                        70.65680638752129
                    ],
                    [
                        -43.263056237076015,
                        70.65613849740303
                    ],
                    [
                        -43.26989403452874,
                        70.65546360276983
                    ],
                    [
                        -43.27673367136973,
                        70.65476281608169
                    ],
                    [
                        -43.28357406819994,
                        70.6540477680106
                    ],
                    [
                        -43.29041363483453,
                        70.65333595075944
                    ],
                    [
                        -43.29725385850303,
                        70.6526108187709
                    ],
                    [
                        -43.304092343147005,
                        70.65189904255743
                    ],
                    [
                        -43.31093228549815,
                        70.65116484400369
                    ],
                    [
                        -43.31777139339118,
                        70.65043382747976
                    ],
                    [
                        -43.324613474227775,
                        70.64966287121585
                    ],
                    [
                        -43.33145532444036,
                        70.64888794896021
                    ],
                    [
                        -43.33829419532451,
                        70.64814043330418
                    ],
                    [
                        -43.34513186903184,
                        70.64740021271972
                    ],
                    [
                        -43.35196841859355,
                        70.64666653896064
                    ],
                    [
                        -43.35880597992448,
                        70.6459147731106
                    ],
                    [
                        -43.36564422019896,
                        70.64514855660535
                    ],
                    [
                        -43.37248359313985,
                        70.64436241103148
                    ],
                    [
                        -43.37932163275547,
                        70.64358499259644
                    ],
                    [
                        -43.38615802137505,
                        70.64282015532162
                    ],
                    [
                        -43.3929962699249,
                        70.64202655095093
                    ],
                    [
                        -43.39983372338261,
                        70.64123533699693
                    ],
                    [
                        -43.40667074537793,
                        70.64044220985339
                    ],
                    [
                        -43.41350777636276,
                        70.63964187081369
                    ],
                    [
                        -43.42034371249523,
                        70.63884750717449
                    ],
                    [
                        -43.42718063312879,
                        70.63803407427451
                    ],
                    [
                        -43.434017732194974,
                        70.63721110493795
                    ],
                    [
                        -43.4408554774503,
                        70.63637277252106
                    ],
                    [
                        -43.447693283683044,
                        70.63552603984839
                    ],
                    [
                        -43.45453336247038,
                        70.63464359563771
                    ],
                    [
                        -43.46137349758613,
                        70.63375234156707
                    ],
                    [
                        -43.468209912413926,
                        70.6328990297397
                    ],
                    [
                        -43.47504502485815,
                        70.63205403521768
                    ],
                    [
                        -43.48188015717773,
                        70.63120091491363
                    ],
                    [
                        -43.48871677767498,
                        70.63032108801215
                    ],
                    [
                        -43.49555048662038,
                        70.62946979337374
                    ],
                    [
                        -43.502383150927706,
                        70.62862372489471
                    ],
                    [
                        -43.50921312596636,
                        70.62780393476181
                    ],
                    [
                        -43.51604280299153,
                        70.62698014937278
                    ],
                    [
                        -43.52287425794682,
                        70.62612558919714
                    ],
                    [
                        -43.52970669738005,
                        70.62525008639682
                    ],
                    [
                        -43.53653698960715,
                        70.62439404496077
                    ],
                    [
                        -43.54336356640631,
                        70.62357821987037
                    ],
                    [
                        -43.55018776736973,
                        70.62278561273075
                    ],
                    [
                        -43.55701123732283,
                        70.62199487687879
                    ],
                    [
                        -43.56383630911739,
                        70.62117514357693
                    ],
                    [
                        -43.57066428655554,
                        70.62030864426647
                    ],
                    [
                        -43.57749325029668,
                        70.6194203691397
                    ],
                    [
                        -43.58432161810316,
                        70.61853126503588
                    ],
                    [
                        -43.59114946060336,
                        70.61764036858467
                    ],
                    [
                        -43.59797787676683,
                        70.61673274251073
                    ],
                    [
                        -43.604808696823966,
                        70.61578318171382
                    ],
                    [
                        -43.61163887317157,
                        70.61483283198247
                    ],
                    [
                        -43.618468464142055,
                        70.61388088083514
                    ],
                    [
                        -43.625296925332464,
                        70.61293484302085
                    ],
                    [
                        -43.63212516680336,
                        70.61198214951848
                    ],
                    [
                        -43.63895256542883,
                        70.61103141518863
                    ],
                    [
                        -43.64577963778872,
                        70.61007541267458
                    ],
                    [
                        -43.652606760426536,
                        70.60910874487375
                    ],
                    [
                        -43.659434377259096,
                        70.60812494705452
                    ],
                    [
                        -43.66626273585549,
                        70.6071202231216
                    ],
                    [
                        -43.673089867443025,
                        70.60612249463782
                    ],
                    [
                        -43.679918498709625,
                        70.60509255177045
                    ],
                    [
                        -43.68674561532958,
                        70.60407358909934
                    ],
                    [
                        -43.69357279979143,
                        70.60304272108522
                    ],
                    [
                        -43.70040100387908,
                        70.60198581681377
                    ],
                    [
                        -43.70722851030298,
                        70.600927757061
                    ],
                    [
                        -43.7140552353851,
                        70.59986976570025
                    ],
                    [
                        -43.72088298278554,
                        70.59878499424748
                    ],
                    [
                        -43.72771101181993,
                        70.59768409765928
                    ],
                    [
                        -43.73453867715825,
                        70.59657652819394
                    ],
                    [
                        -43.74136581431158,
                        70.59546466890328
                    ],
                    [
                        -43.748192644899476,
                        70.59434508025969
                    ],
                    [
                        -43.75501925159353,
                        70.59321637251962
                    ],
                    [
                        -43.76184642899361,
                        70.59206617135084
                    ],
                    [
                        -43.76867467971679,
                        70.59088634266091
                    ],
                    [
                        -43.775505460718556,
                        70.58965371995225
                    ],
                    [
                        -43.78233433675498,
                        70.58843681038192
                    ],
                    [
                        -43.789166030698595,
                        70.58716156345938
                    ],
                    [
                        -43.79599611055314,
                        70.58589712575385
                    ],
                    [
                        -43.80282275788607,
                        70.58467263565068
                    ],
                    [
                        -43.80964977943379,
                        70.583427843491
                    ],
                    [
                        -43.816476916680074,
                        70.58216656162756
                    ],
                    [
                        -43.823304078455536,
                        70.58088998114516
                    ],
                    [
                        -43.83012890517714,
                        70.57963628350316
                    ],
                    [
                        -43.83695302725209,
                        70.5783791566853
                    ],
                    [
                        -43.84377832377288,
                        70.57708756002404
                    ],
                    [
                        -43.850604125372854,
                        70.57577198061135
                    ],
                    [
                        -43.85742966780244,
                        70.57444474242723
                    ],
                    [
                        -43.86425103926073,
                        70.57317131452277
                    ],
                    [
                        -43.87107332703777,
                        70.57186675411583
                    ],
                    [
                        -43.87789570983989,
                        70.57054445048152
                    ],
                    [
                        -43.88471731096258,
                        70.56921907180197
                    ],
                    [
                        -43.8915380909717,
                        70.56789124431077
                    ],
                    [
                        -43.8983577242497,
                        70.5665665651868
                    ],
                    [
                        -43.90517685193333,
                        70.56523392793535
                    ],
                    [
                        -43.91199567648946,
                        70.56388963637403
                    ],
                    [
                        -43.91881648178938,
                        70.56249317133498
                    ],
                    [
                        -43.92563700278161,
                        70.561083759688
                    ],
                    [
                        -43.932453524719136,
                        70.5597275542047
                    ],
                    [
                        -43.93926811788428,
                        70.5583883526333
                    ],
                    [
                        -43.94608173843645,
                        70.55704917992195
                    ],
                    [
                        -43.952895351089964,
                        70.55569245846843
                    ],
                    [
                        -43.9597085708452,
                        70.55432490909098
                    ],
                    [
                        -43.9665208255015,
                        70.5529568893552
                    ],
                    [
                        -43.973332317906824,
                        70.55158462385876
                    ],
                    [
                        -43.980141788484104,
                        70.55023161029848
                    ],
                    [
                        -43.98695033863814,
                        70.54887748958518
                    ],
                    [
                        -43.99376019747569,
                        70.54747994784633
                    ],
                    [
                        -44.00056817815455,
                        70.5460989803789
                    ],
                    [
                        -44.00737297878186,
                        70.54475998319879
                    ],
                    [
                        -44.014178137172145,
                        70.5433953060812
                    ],
                    [
                        -44.02098347451579,
                        70.54200790224508
                    ],
                    [
                        -44.02778677794784,
                        70.54064076916396
                    ],
                    [
                        -44.03458935041421,
                        70.53926856624825
                    ],
                    [
                        -44.04138981394,
                        70.53791864990644
                    ],
                    [
                        -44.0481904676786,
                        70.53654536223162
                    ],
                    [
                        -44.05498838487563,
                        70.5352073696114
                    ],
                    [
                        -44.0617863965468,
                        70.53384780007853
                    ],
                    [
                        -44.068583042862144,
                        70.53249613081323
                    ],
                    [
                        -44.07537535037014,
                        70.53121399548473
                    ],
                    [
                        -44.082166266218714,
                        70.52994159522277
                    ],
                    [
                        -44.088956886812916,
                        70.52865615563202
                    ],
                    [
                        -44.095747126363754,
                        70.52735919954301
                    ],
                    [
                        -44.10253725615007,
                        70.52604469164989
                    ],
                    [
                        -44.10932735597017,
                        70.52471052054854
                    ],
                    [
                        -44.116115784950665,
                        70.52339172391159
                    ],
                    [
                        -44.12290300882487,
                        70.52207851675261
                    ],
                    [
                        -44.129690650940894,
                        70.52073537551087
                    ],
                    [
                        -44.13647633407557,
                        70.5194142316852
                    ],
                    [
                        -44.143260691772404,
                        70.51810147886194
                    ],
                    [
                        -44.15004370208284,
                        70.51679781993654
                    ],
                    [
                        -44.156825765249295,
                        70.51549440474196
                    ],
                    [
                        -44.16360748370281,
                        70.51417747029014
                    ],
                    [
                        -44.17038733282703,
                        70.51288183874941
                    ],
                    [
                        -44.17716621850854,
                        70.51158698903699
                    ],
                    [
                        -44.1839438609967,
                        70.51029950497592
                    ],
                    [
                        -44.19071967671318,
                        70.50903337468165
                    ],
                    [
                        -44.19749564806964,
                        70.50774188959095
                    ],
                    [
                        -44.20427194647788,
                        70.5064202821509
                    ],
                    [
                        -44.21104684636871,
                        70.50510962641022
                    ],
                    [
                        -44.21782142512559,
                        70.50378385890993
                    ],
                    [
                        -44.22459597394286,
                        70.50243540105926
                    ],
                    [
                        -44.231367670469105,
                        70.50113392837105
                    ],
                    [
                        -44.23813739850656,
                        70.4998585078658
                    ],
                    [
                        -44.244907983067904,
                        70.49853824310107
                    ],
                    [
                        -44.25167920062198,
                        70.49717763286705
                    ],
                    [
                        -44.258446671103066,
                        70.49588864148032
                    ],
                    [
                        -44.26521187181317,
                        70.49463477986984
                    ],
                    [
                        -44.27197737830272,
                        70.49334931033573
                    ],
                    [
                        -44.27874266502063,
                        70.49204529582751
                    ],
                    [
                        -44.28550744869008,
                        70.49072980496722
                    ],
                    [
                        -44.292270771953625,
                        70.48942841738722
                    ],
                    [
                        -44.29903286131301,
                        70.48813536381857
                    ],
                    [
                        -44.30579341732912,
                        70.4868591579769
                    ],
                    [
                        -44.312552494366734,
                        70.48559879321381
                    ],
                    [
                        -44.319310493873644,
                        70.48434345570627
                    ],
                    [
                        -44.32606874612484,
                        70.48305549479984
                    ],
                    [
                        -44.33282603478772,
                        70.48176884492555
                    ],
                    [
                        -44.339582662084766,
                        70.4804747875803
                    ],
                    [
                        -44.34633769305622,
                        70.47920050351075
                    ],
                    [
                        -44.35309226611849,
                        70.47791290648375
                    ],
                    [
                        -44.3598467230248,
                        70.47660135115137
                    ],
                    [
                        -44.36660004766009,
                        70.475295815938
                    ],
                    [
                        -44.37335152028533,
                        70.4740185160105
                    ],
                    [
                        -44.380102677686104,
                        70.47272287587592
                    ],
                    [
                        -44.38685338435996,
                        70.47141253038197
                    ],
                    [
                        -44.39360216613151,
                        70.47013359152946
                    ],
                    [
                        -44.40035013600005,
                        70.46885155582156
                    ],
                    [
                        -44.407097381100165,
                        70.46756350845239
                    ],
                    [
                        -44.4138429849323,
                        70.46629922531268
                    ],
                    [
                        -44.420586679391455,
                        70.46506842135678
                    ],
                    [
                        -44.42733056737565,
                        70.46380188713378
                    ],
                    [
                        -44.43407395447843,
                        70.46252187547674
                    ],
                    [
                        -44.440815178154786,
                        70.4612849190465
                    ],
                    [
                        -44.447555118913066,
                        70.46006204591484
                    ],
                    [
                        -44.45429457518191,
                        70.45882572945061
                    ],
                    [
                        -44.4610337205811,
                        70.45756929359298
                    ],
                    [
                        -44.46777237001029,
                        70.45629865048781
                    ],
                    [
                        -44.47450982584421,
                        70.4550387260968
                    ],
                    [
                        -44.481246098067366,
                        70.45378958075457
                    ],
                    [
                        -44.48798094320318,
                        70.45256077444004
                    ],
                    [
                        -44.494715112962055,
                        70.45132459182135
                    ],
                    [
                        -44.50144810746335,
                        70.45009998043203
                    ],
                    [
                        -44.508180434287056,
                        70.44886762490184
                    ],
                    [
                        -44.51491107674891,
                        70.44766742940365
                    ],
                    [
                        -44.52164166068047,
                        70.44643554437737
                    ],
                    [
                        -44.528371988688995,
                        70.44517864978225
                    ],
                    [
                        -44.53510111851085,
                        70.44393456538788
                    ],
                    [
                        -44.541829664272136,
                        70.44267814186671
                    ],
                    [
                        -44.54855712239162,
                        70.44143024820062
                    ],
                    [
                        -44.55528380706235,
                        70.44017772226606
                    ],
                    [
                        -44.562009089481535,
                        70.43894792203358
                    ],
                    [
                        -44.568733656695045,
                        70.43771134145082
                    ],
                    [
                        -44.57545767147823,
                        70.43646030722343
                    ],
                    [
                        -44.58218077902478,
                        70.43521043592071
                    ],
                    [
                        -44.588903109186944,
                        70.43395573168112
                    ],
                    [
                        -44.59562421103558,
                        70.43271737908807
                    ],
                    [
                        -44.602344635339676,
                        70.43146962387334
                    ],
                    [
                        -44.60906508156146,
                        70.4301776291435
                    ],
                    [
                        -44.61578442167256,
                        70.42889546848974
                    ],
                    [
                        -44.62250169868083,
                        70.42767237716606
                    ],
                    [
                        -44.62921769841986,
                        70.42647087808471
                    ],
                    [
                        -44.635932629963904,
                        70.42528115130152
                    ],
                    [
                        -44.642646546143126,
                        70.42410103560341
                    ],
                    [
                        -44.6493598335941,
                        70.42290991311624
                    ],
                    [
                        -44.65607244436641,
                        70.42170982968376
                    ],
                    [
                        -44.66278452751231,
                        70.42049176935825
                    ],
                    [
                        -44.669495393758694,
                        70.41929472363275
                    ],
                    [
                        -44.67620512607176,
                        70.4181150936419
                    ],
                    [
                        -44.68291433970754,
                        70.41691671261161
                    ],
                    [
                        -44.68962283766738,
                        70.41571057499577
                    ],
                    [
                        -44.69633081882912,
                        70.41448359300446
                    ],
                    [
                        -44.70303778276733,
                        70.41326675811924
                    ],
                    [
                        -44.709743778703285,
                        70.41205753247387
                    ],
                    [
                        -44.716449601735285,
                        70.41080256822465
                    ],
                    [
                        -44.72315529747059,
                        70.40949538342987
                    ],
                    [
                        -44.729860150575234,
                        70.40818301050955
                    ],
                    [
                        -44.736563687754554,
                        70.40689961759458
                    ],
                    [
                        -44.74326604348417,
                        70.40563742866553
                    ],
                    [
                        -44.749967420053856,
                        70.4043826149879
                    ],
                    [
                        -44.7566680462692,
                        70.40311772451392
                    ],
                    [
                        -44.76336801565193,
                        70.40183431932373
                    ],
                    [
                        -44.77006681745128,
                        70.40057352377957
                    ],
                    [
                        -44.776764940678525,
                        70.39929526465723
                    ],
                    [
                        -44.78346194345028,
                        70.39803719639067
                    ],
                    [
                        -44.790158234688,
                        70.3967637917425
                    ],
                    [
                        -44.7968538953235,
                        70.39546589136246
                    ],
                    [
                        -44.80354867765697,
                        70.39416527102424
                    ],
                    [
                        -44.8102425643479,
                        70.39286342804597
                    ],
                    [
                        -44.81693542602695,
                        70.39157385493046
                    ],
                    [
                        -44.823627410618606,
                        70.39028184058827
                    ],
                    [
                        -44.830318558745596,
                        70.38898251874745
                    ],
                    [
                        -44.837008857558345,
                        70.38767653704816
                    ],
                    [
                        -44.84369802077559,
                        70.38639832560763
                    ],
                    [
                        -44.8503858209277,
                        70.38518091408436
                    ],
                    [
                        -44.857072407008545,
                        70.38401281651237
                    ],
                    [
                        -44.8637579848095,
                        70.38287225891385
                    ],
                    [
                        -44.87044329518432,
                        70.38165345553698
                    ],
                    [
                        -44.87712717610967,
                        70.3805257357015
                    ],
                    [
                        -44.88381006756749,
                        70.37943196383868
                    ],
                    [
                        -44.89049237560399,
                        70.37830700397058
                    ],
                    [
                        -44.897173870197385,
                        70.37718788737095
                    ],
                    [
                        -44.9038547351494,
                        70.37603906410953
                    ],
                    [
                        -44.91053518602106,
                        70.37480752061883
                    ],
                    [
                        -44.917214957806856,
                        70.37353492317541
                    ],
                    [
                        -44.923893896651165,
                        70.37224945579322
                    ],
                    [
                        -44.930571953790356,
                        70.37096100339521
                    ],
                    [
                        -44.93724909974774,
                        70.36967774239642
                    ],
                    [
                        -44.943925388897306,
                        70.36838293917505
                    ],
                    [
                        -44.950600875161605,
                        70.36705098518637
                    ],
                    [
                        -44.957275394064546,
                        70.36573875238182
                    ],
                    [
                        -44.963949009320814,
                        70.36442329188802
                    ],
                    [
                        -44.97062175985581,
                        70.36307705014575
                    ],
                    [
                        -44.97729357774223,
                        70.36173076593515
                    ],
                    [
                        -44.983964463609574,
                        70.36038396680097
                    ],
                    [
                        -44.99063441939317,
                        70.3590321468259
                    ],
                    [
                        -44.99730343959694,
                        70.35767933974898
                    ],
                    [
                        -45.00397152254366,
                        70.3563210099085
                    ],
                    [
                        -45.01063866123566,
                        70.35495434974914
                    ],
                    [
                        -45.01730485830018,
                        70.353591596507
                    ],
                    [
                        -45.02397012410315,
                        70.35223759947887
                    ],
                    [
                        -45.03063444813685,
                        70.35087985310159
                    ],
                    [
                        -45.03729786324805,
                        70.34953720171438
                    ],
                    [
                        -45.043960330217864,
                        70.34818545706827
                    ],
                    [
                        -45.05062184020197,
                        70.3468247321574
                    ],
                    [
                        -45.05728232432719,
                        70.34543487501084
                    ],
                    [
                        -45.06394178358869,
                        70.34402519747829
                    ],
                    [
                        -45.07060028405693,
                        70.34261927533034
                    ],
                    [
                        -45.077257906110034,
                        70.34123613338173
                    ],
                    [
                        -45.08391450760283,
                        70.33983760862488
                    ],
                    [
                        -45.090569959229754,
                        70.33839948400461
                    ],
                    [
                        -45.09722456216655,
                        70.33698959259281
                    ],
                    [
                        -45.10387837356324,
                        70.3356130736094
                    ],
                    [
                        -45.11053143939611,
                        70.33427188215879
                    ],
                    [
                        -45.11718366885981,
                        70.332945007519
                    ],
                    [
                        -45.12383478255345,
                        70.33158655906786
                    ],
                    [
                        -45.13048485181086,
                        70.33021186927004
                    ],
                    [
                        -45.137134131886256,
                        70.32885918506666
                    ],
                    [
                        -45.14378248045456,
                        70.32750631249655
                    ],
                    [
                        -45.150429671384515,
                        70.32612422191139
                    ],
                    [
                        -45.157075652322355,
                        70.3247101476226
                    ],
                    [
                        -45.163720528417706,
                        70.32328034373145
                    ],
                    [
                        -45.170364140465665,
                        70.32181857024791
                    ],
                    [
                        -45.177006618440835,
                        70.32034256596086
                    ],
                    [
                        -45.183648498935156,
                        70.3189102631263
                    ],
                    [
                        -45.190289294732835,
                        70.31746761610626
                    ],
                    [
                        -45.19692837811737,
                        70.31595407633169
                    ],
                    [
                        -45.203566891655235,
                        70.31448494654227
                    ],
                    [
                        -45.2102050293419,
                        70.31307382611237
                    ],
                    [
                        -45.21684197337817,
                        70.31164251700754
                    ],
                    [
                        -45.22347796216304,
                        70.31021339724937
                    ],
                    [
                        -45.23011257408768,
                        70.30875085391283
                    ],
                    [
                        -45.23674646680042,
                        70.30731133893744
                    ],
                    [
                        -45.24337913879003,
                        70.30585313186981
                    ],
                    [
                        -45.25001114048789,
                        70.30442023867751
                    ],
                    [
                        -45.25664305859301,
                        70.30305485932645
                    ],
                    [
                        -45.263273620515434,
                        70.30165846172227
                    ],
                    [
                        -45.26990272409914,
                        70.30022598963323
                    ],
                    [
                        -45.2765309273127,
                        70.2987990123968
                    ],
                    [
                        -45.28315811865984,
                        70.29736951301038
                    ],
                    [
                        -45.28978408239984,
                        70.29592325123993
                    ],
                    [
                        -45.296408574267936,
                        70.29444539537167
                    ],
                    [
                        -45.30303131906606,
                        70.29292043166112
                    ],
                    [
                        -45.30965277902422,
                        70.29138021738648
                    ],
                    [
                        -45.31627310250908,
                        70.2898347587209
                    ],
                    [
                        -45.32289163018401,
                        70.28824486585522
                    ],
                    [
                        -45.329509291139416,
                        70.28666772149342
                    ],
                    [
                        -45.33612569072154,
                        70.285079844855
                    ],
                    [
                        -45.3427408568535,
                        70.28348341159223
                    ],
                    [
                        -45.34935625057355,
                        70.28195979236108
                    ],
                    [
                        -45.355971006519376,
                        70.28045789262161
                    ],
                    [
                        -45.36258408552857,
                        70.27892105853508
                    ],
                    [
                        -45.369194753061635,
                        70.27731264443996
                    ],
                    [
                        -45.37580408492646,
                        70.27569179140852
                    ],
                    [
                        -45.38241346987472,
                        70.27412940532726
                    ],
                    [
                        -45.38902064943714,
                        70.27251013923035
                    ],
                    [
                        -45.39562635005137,
                        70.27087235400496
                    ],
                    [
                        -45.402230725777876,
                        70.26922435476664
                    ],
                    [
                        -45.40883535097997,
                        70.2676411663128
                    ],
                    [
                        -45.41543961179976,
                        70.26609108843824
                    ],
                    [
                        -45.42204330715992,
                        70.26456333385191
                    ],
                    [
                        -45.428646689891714,
                        70.26306828211126
                    ],
                    [
                        -45.43524765248869,
                        70.26151067161376
                    ],
                    [
                        -45.44184781280719,
                        70.25996418937811
                    ],
                    [
                        -45.4484470541726,
                        70.25842329317577
                    ],
                    [
                        -45.4550457503068,
                        70.25690363480882
                    ],
                    [
                        -45.46164371551006,
                        70.25539650257994
                    ],
                    [
                        -45.46824035224776,
                        70.25387663531754
                    ],
                    [
                        -45.47483621141819,
                        70.25236702478658
                    ],
                    [
                        -45.48143142938736,
                        70.25087272671384
                    ],
                    [
                        -45.488026064000046,
                        70.24939540766584
                    ],
                    [
                        -45.49461864553881,
                        70.24787680113177
                    ],
                    [
                        -45.501209900692935,
                        70.24634661236648
                    ],
                    [
                        -45.50779929647207,
                        70.24478493563349
                    ],
                    [
                        -45.51438863799054,
                        70.24326097777409
                    ],
                    [
                        -45.520978190760424,
                        70.24178318216627
                    ],
                    [
                        -45.527566043983065,
                        70.24027960770492
                    ],
                    [
                        -45.53415072459296,
                        70.23869772881001
                    ],
                    [
                        -45.540733566540425,
                        70.2370882048481
                    ],
                    [
                        -45.5473157075408,
                        70.23549231956193
                    ],
                    [
                        -45.553895765450754,
                        70.23386119194647
                    ],
                    [
                        -45.56047526272156,
                        70.23224871933019
                    ],
                    [
                        -45.56705336662014,
                        70.23062576444457
                    ],
                    [
                        -45.57363015372952,
                        70.22899526302751
                    ],
                    [
                        -45.580207525885235,
                        70.22742103802945
                    ],
                    [
                        -45.58678375291868,
                        70.22584400161675
                    ],
                    [
                        -45.59335915855055,
                        70.22427481959463
                    ],
                    [
                        -45.59993351611502,
                        70.22270589453403
                    ],
                    [
                        -45.60650623894579,
                        70.22111843956085
                    ],
                    [
                        -45.61307934067165,
                        70.21957676767575
                    ],
                    [
                        -45.619653322976994,
                        70.21809513267266
                    ],
                    [
                        -45.62622707821411,
                        70.21663732074308
                    ],
                    [
                        -45.63279865250951,
                        70.21514265920084
                    ],
                    [
                        -45.63936812841531,
                        70.21361477326825
                    ],
                    [
                        -45.645937419032684,
                        70.21211215059022
                    ],
                    [
                        -45.65250713761469,
                        70.21065226872199
                    ],
                    [
                        -45.65907736899657,
                        70.20923634833358
                    ],
                    [
                        -45.665644352875425,
                        70.20775341057067
                    ],
                    [
                        -45.67220984278565,
                        70.20625604700876
                    ],
                    [
                        -45.67877253117441,
                        70.20470725875897
                    ],
                    [
                        -45.685333433227015,
                        70.20313726877167
                    ],
                    [
                        -45.69189218759285,
                        70.20153652339668
                    ],
                    [
                        -45.69844984801939,
                        70.19993517512916
                    ],
                    [
                        -45.70500622751655,
                        70.19832807942946
                    ],
                    [
                        -45.71156193281254,
                        70.19673194795531
                    ],
                    [
                        -45.71811646347706,
                        70.19513293582392
                    ],
                    [
                        -45.72467219988656,
                        70.19359492889257
                    ],
                    [
                        -45.73122737363159,
                        70.1920693020722
                    ],
                    [
                        -45.737782758823045,
                        70.19057610754086
                    ],
                    [
                        -45.744338860375215,
                        70.18912766894324
                    ],
                    [
                        -45.75089724607715,
                        70.18776339087799
                    ],
                    [
                        -45.757457863699784,
                        70.18647975626037
                    ],
                    [
                        -45.76401985547524,
                        70.18525287489081
                    ],
                    [
                        -45.77057925781449,
                        70.18398132308114
                    ],
                    [
                        -45.77713748589787,
                        70.18270161556195
                    ],
                    [
                        -45.78369511387851,
                        70.18142819136642
                    ],
                    [
                        -45.79024624744479,
                        70.18001588403469
                    ],
                    [
                        -45.796791184967155,
                        70.17847536536901
                    ],
                    [
                        -45.803333236681155,
                        70.17688985455379
                    ],
                    [
                        -45.80987391325206,
                        70.17529669540193
                    ],
                    [
                        -45.81641385966157,
                        70.17371142530943
                    ],
                    [
                        -45.82295406973851,
                        70.17215733641233
                    ],
                    [
                        -45.82949359965234,
                        70.17061155983932
                    ],
                    [
                        -45.836031714601276,
                        70.16905679902663
                    ],
                    [
                        -45.8425695124911,
                        70.16751860119196
                    ],
                    [
                        -45.84910539007071,
                        70.16595984784749
                    ],
                    [
                        -45.85564488554544,
                        70.16450692429143
                    ],
                    [
                        -45.862180860344544,
                        70.16299634373544
                    ],
                    [
                        -45.868714646703936,
                        70.1614592289002
                    ],
                    [
                        -45.87524959429757,
                        70.15997063510815
                    ],
                    [
                        -45.881786272614704,
                        70.15854205550718
                    ],
                    [
                        -45.88832263928683,
                        70.1571274251461
                    ],
                    [
                        -45.894855598206526,
                        70.1556590935637
                    ],
                    [
                        -45.901386985195195,
                        70.15417785440548
                    ],
                    [
                        -45.907918719165934,
                        70.15272511962286
                    ],
                    [
                        -45.91444985871944,
                        70.1512802367404
                    ],
                    [
                        -45.92098176859765,
                        70.1498718838258
                    ],
                    [
                        -45.92751453204324,
                        70.14850103784107
                    ],
                    [
                        -45.93404976238097,
                        70.14720054502081
                    ],
                    [
                        -45.940582115955486,
                        70.14585831916271
                    ],
                    [
                        -45.94711498801197,
                        70.14454502100324
                    ],
                    [
                        -45.9536458584877,
                        70.14320859249018
                    ],
                    [
                        -45.96017605393144,
                        70.14187640383253
                    ],
                    [
                        -45.96670508797018,
                        70.14053856510765
                    ],
                    [
                        -45.97323188315383,
                        70.1391736191935
                    ],
                    [
                        -45.979757868642544,
                        70.13781051263469
                    ],
                    [
                        -45.98628334007908,
                        70.13645504361482
                    ],
                    [
                        -45.99280864214439,
                        70.13511382169501
                    ],
                    [
                        -45.99933285419599,
                        70.13376861588029
                    ],
                    [
                        -46.005855195504054,
                        70.13240437394597
                    ],
                    [
                        -46.01237723375819,
                        70.13105163003024
                    ],
                    [
                        -46.018897005041794,
                        70.12967259850977
                    ],
                    [
                        -46.025416976231696,
                        70.12831465547212
                    ],
                    [
                        -46.031938664302565,
                        70.12700605098676
                    ],
                    [
                        -46.03846004928178,
                        70.1257079463749
                    ],
                    [
                        -46.04497812598455,
                        70.12436408552317
                    ],
                    [
                        -46.05149578539346,
                        70.12302890193632
                    ],
                    [
                        -46.05801673101337,
                        70.12177047239706
                    ],
                    [
                        -46.06453752866431,
                        70.1205245020911
                    ],
                    [
                        -46.07105652837628,
                        70.11926072595199
                    ],
                    [
                        -46.07757188747122,
                        70.11794611706351
                    ],
                    [
                        -46.0840846973548,
                        70.11660120938534
                    ],
                    [
                        -46.09059573575437,
                        70.11524044188961
                    ],
                    [
                        -46.09710520501154,
                        70.11386768607954
                    ],
                    [
                        -46.10361422095809,
                        70.1125028663668
                    ],
                    [
                        -46.110120779045836,
                        70.11111062053062
                    ],
                    [
                        -46.11662718837572,
                        70.10973175475748
                    ],
                    [
                        -46.12313332810521,
                        70.10836393558249
                    ],
                    [
                        -46.12963965116064,
                        70.1070147915265
                    ],
                    [
                        -46.136148383326066,
                        70.10572222135403
                    ],
                    [
                        -46.14265691608933,
                        70.1044407242783
                    ],
                    [
                        -46.1491634337734,
                        70.10313928118403
                    ],
                    [
                        -46.155665788873726,
                        70.10178196101833
                    ],
                    [
                        -46.162168100606536,
                        70.1004388544634
                    ],
                    [
                        -46.168672677371305,
                        70.09914827061098
                    ],
                    [
                        -46.17517792947588,
                        70.09788294187973
                    ],
                    [
                        -46.1816804137919,
                        70.09658558119379
                    ],
                    [
                        -46.18817825220954,
                        70.0952258513479
                    ],
                    [
                        -46.19467600524354,
                        70.09387927103637
                    ],
                    [
                        -46.20117281154288,
                        70.09253162628694
                    ],
                    [
                        -46.20767316854621,
                        70.0912556344464
                    ],
                    [
                        -46.21417082345013,
                        70.0899496078093
                    ],
                    [
                        -46.22066606193047,
                        70.08861858617189
                    ],
                    [
                        -46.22716254625475,
                        70.08732123162108
                    ],
                    [
                        -46.23366186984104,
                        70.08608223672748
                    ],
                    [
                        -46.240162506356334,
                        70.08487665533652
                    ],
                    [
                        -46.24666069036233,
                        70.08364497861886
                    ],
                    [
                        -46.253158273037485,
                        70.08241645594427
                    ],
                    [
                        -46.25965433579679,
                        70.08117679199601
                    ],
                    [
                        -46.26614818471015,
                        70.07991544731243
                    ],
                    [
                        -46.27264151371028,
                        70.07865874747473
                    ],
                    [
                        -46.27913547536749,
                        70.07742422160518
                    ],
                    [
                        -46.28562932984646,
                        70.07620029132421
                    ],
                    [
                        -46.2921182300822,
                        70.07491350399964
                    ],
                    [
                        -46.29860494698642,
                        70.0736064788263
                    ],
                    [
                        -46.305093126466566,
                        70.07233409795289
                    ],
                    [
                        -46.31158100659038,
                        70.07106959862679
                    ],
                    [
                        -46.31806721869523,
                        70.06979256965667
                    ],
                    [
                        -46.32455075028395,
                        70.06848824999358
                    ],
                    [
                        -46.331034153381,
                        70.0671945039764
                    ],
                    [
                        -46.33751754213423,
                        70.06591284432771
                    ],
                    [
                        -46.344000050161874,
                        70.06463049406227
                    ],
                    [
                        -46.35048117393003,
                        70.06334017080033
                    ],
                    [
                        -46.35696358497194,
                        70.06208047243634
                    ],
                    [
                        -46.363445368861576,
                        70.06082351277837
                    ],
                    [
                        -46.36992397779096,
                        70.05953288712924
                    ],
                    [
                        -46.37640318509544,
                        70.0582626653896
                    ],
                    [
                        -46.382882995259706,
                        70.05701262443426
                    ],
                    [
                        -46.389360013838285,
                        70.05573470500354
                    ],
                    [
                        -46.39583655299721,
                        70.05446168194771
                    ],
                    [
                        -46.402312210848535,
                        70.05318787995472
                    ],
                    [
                        -46.40878490810277,
                        70.05188443847076
                    ],
                    [
                        -46.41525865542845,
                        70.05060718654329
                    ],
                    [
                        -46.421732151032955,
                        70.04933785675466
                    ],
                    [
                        -46.428203135032916,
                        70.04804538543324
                    ],
                    [
                        -46.43467499214504,
                        70.0467762332964
                    ],
                    [
                        -46.44114614809165,
                        70.04550871497781
                    ],
                    [
                        -46.44761618530972,
                        70.04423716192942
                    ],
                    [
                        -46.454089856870695,
                        70.04302558426764
                    ],
                    [
                        -46.46056458980339,
                        70.04183871990688
                    ],
                    [
                        -46.46703900913888,
                        70.0406579017875
                    ],
                    [
                        -46.473510958716076,
                        70.03945441157884
                    ],
                    [
                        -46.47998245456729,
                        70.03825520022525
                    ],
                    [
                        -46.48645295729492,
                        70.0370531073176
                    ],
                    [
                        -46.492924789197225,
                        70.03587861436674
                    ],
                    [
                        -46.49939515103715,
                        70.03469482170101
                    ],
                    [
                        -46.50586060518894,
                        70.03345715690521
                    ],
                    [
                        -46.51232593746422,
                        70.03222825067819
                    ],
                    [
                        -46.51878997865404,
                        70.0309929180779
                    ],
                    [
                        -46.525253832410236,
                        70.02976540398937
                    ],
                    [
                        -46.531718303336696,
                        70.02855589328122
                    ],
                    [
                        -46.5381827705508,
                        70.02735625525503
                    ],
                    [
                        -46.54464696650036,
                        70.02616297292856
                    ],
                    [
                        -46.551108052503444,
                        70.02494012551382
                    ],
                    [
                        -46.55756920046408,
                        70.02372795617899
                    ],
                    [
                        -46.564030187727646,
                        70.02252354341493
                    ],
                    [
                        -46.570487140134276,
                        70.02127847241353
                    ],
                    [
                        -46.57694323043887,
                        70.02003264316818
                    ],
                    [
                        -46.58339902268738,
                        70.01879304013357
                    ],
                    [
                        -46.589855067633025,
                        70.0175663721304
                    ],
                    [
                        -46.59630920950028,
                        70.01632602413447
                    ],
                    [
                        -46.602762758451505,
                        70.01508817197718
                    ],
                    [
                        -46.609215822075825,
                        70.01385409331132
                    ],
                    [
                        -46.615666798739234,
                        70.01260431636737
                    ],
                    [
                        -46.62211727525233,
                        70.01135819232033
                    ],
                    [
                        -46.628568169735345,
                        70.01012672363171
                    ],
                    [
                        -46.635021710109264,
                        70.00893644142882
                    ],
                    [
                        -46.64147350881761,
                        70.00773447704383
                    ],
                    [
                        -46.647922166422596,
                        70.00650431843219
                    ],
                    [
                        -46.65436727483593,
                        70.00524145276712
                    ],
                    [
                        -46.66081146736458,
                        70.00397733335706
                    ],
                    [
                        -46.667258211084786,
                        70.00275273780619
                    ],
                    [
                        -46.673703722760536,
                        70.00152289903322
                    ],
                    [
                        -46.68014876160133,
                        70.00029673322285
                    ],
                    [
                        -46.68659044705134,
                        69.99904070925862
                    ],
                    [
                        -46.69303000157791,
                        69.9977693184252
                    ],
                    [
                        -46.69947346005786,
                        69.9965523632983
                    ],
                    [
                        -46.70591992374201,
                        69.99537890209663
                    ],
                    [
                        -46.71236801842155,
                        69.99423270971606
                    ],
                    [
                        -46.71881551602414,
                        69.99308805804077
                    ],
                    [
                        -46.72526465400321,
                        69.99197036390062
                    ],
                    [
                        -46.731708045965554,
                        69.99079566524132
                    ],
                    [
                        -46.738150162362615,
                        69.98961503496064
                    ],
                    [
                        -46.74459443096454,
                        69.98846707803868
                    ],
                    [
                        -46.751039255524915,
                        69.9873335532293
                    ],
                    [
                        -46.75748279345749,
                        69.98619373317831
                    ],
                    [
                        -46.76392398684185,
                        69.98503591670561
                    ],
                    [
                        -46.77036338098411,
                        69.98386633869215
                    ],
                    [
                        -46.776799938200355,
                        69.98267366337397
                    ],
                    [
                        -46.783237311776844,
                        69.98149833581982
                    ],
                    [
                        -46.789674554935885,
                        69.98032978786065
                    ],
                    [
                        -46.796108506776406,
                        69.97913340824971
                    ],
                    [
                        -46.80253783082901,
                        69.97789493663225
                    ],
                    [
                        -46.80896388529204,
                        69.97662954873162
                    ],
                    [
                        -46.81539297566377,
                        69.97540569965827
                    ],
                    [
                        -46.821819056157004,
                        69.9741578131527
                    ],
                    [
                        -46.8282436586651,
                        69.97290258477241
                    ],
                    [
                        -46.83466675040369,
                        69.97163973716904
                    ],
                    [
                        -46.8410913829772,
                        69.97040188784838
                    ],
                    [
                        -46.847516968404506,
                        69.9691825292938
                    ],
                    [
                        -46.853940381875596,
                        69.96794837520244
                    ],
                    [
                        -46.86036926551035,
                        69.96678023669034
                    ],
                    [
                        -46.866810233467014,
                        69.96574701496138
                    ],
                    [
                        -46.873257934662426,
                        69.96479123849448
                    ],
                    [
                        -46.879708456132704,
                        69.96387123698858
                    ],
                    [
                        -46.88615978301596,
                        69.96296566655823
                    ],
                    [
                        -46.89260939119671,
                        69.9620481860615
                    ],
                    [
                        -46.89905454722676,
                        69.96109064276179
                    ],
                    [
                        -46.90549713082568,
                        69.96011281271056
                    ],
                    [
                        -46.91193307004484,
                        69.95907306188265
                    ],
                    [
                        -46.9183612588548,
                        69.95796067722986
                    ],
                    [
                        -46.9247851662718,
                        69.95681177962011
                    ],
                    [
                        -46.93120699521722,
                        69.95564913593135
                    ],
                    [
                        -46.93762643939115,
                        69.95446977278581
                    ],
                    [
                        -46.94404008581962,
                        69.95323935644969
                    ],
                    [
                        -46.95044963658673,
                        69.95197552710714
                    ],
                    [
                        -46.95685944970585,
                        69.95072236775148
                    ],
                    [
                        -46.96326885107561,
                        69.94947302594305
                    ],
                    [
                        -46.96967645345707,
                        69.9482136214446
                    ],
                    [
                        -46.97608283533666,
                        69.94695000175703
                    ],
                    [
                        -46.98248816561436,
                        69.94568387931946
                    ],
                    [
                        -46.98889213962716,
                        69.94441226466928
                    ],
                    [
                        -46.99529750927429,
                        69.94316231878999
                    ],
                    [
                        -47.00169948963223,
                        69.94188684303887
                    ],
                    [
                        -47.00810216682276,
                        69.94062607875138
                    ],
                    [
                        -47.01450709209437,
                        69.93939502552888
                    ],
                    [
                        -47.02091019541038,
                        69.93815380560514
                    ],
                    [
                        -47.027314994866295,
                        69.93693663355394
                    ],
                    [
                        -47.03371832197184,
                        69.93571264796985
                    ],
                    [
                        -47.0401202585644,
                        69.9344826986497
                    ],
                    [
                        -47.04652392082656,
                        69.93327678372135
                    ],
                    [
                        -47.052931705931904,
                        69.93211764534382
                    ],
                    [
                        -47.05933198894572,
                        69.9308938249308
                    ],
                    [
                        -47.06572342604438,
                        69.92959311521275
                    ],
                    [
                        -47.072125536618536,
                        69.92840151035439
                    ],
                    [
                        -47.078529875165586,
                        69.92723808813868
                    ],
                    [
                        -47.084935745748,
                        69.92609602479078
                    ],
                    [
                        -47.091343433610085,
                        69.92497780883319
                    ],
                    [
                        -47.09775293359805,
                        69.92388317519766
                    ],
                    [
                        -47.104160886790886,
                        69.92278050149767
                    ],
                    [
                        -47.110569441593654,
                        69.92168988736586
                    ],
                    [
                        -47.1169818829189,
                        69.92064175691543
                    ],
                    [
                        -47.12339202929914,
                        69.91957844317194
                    ],
                    [
                        -47.129795038607924,
                        69.91845533784209
                    ],
                    [
                        -47.13619300786788,
                        69.91729228741852
                    ],
                    [
                        -47.14258498648092,
                        69.91608090951112
                    ],
                    [
                        -47.148970606420065,
                        69.91481825469205
                    ],
                    [
                        -47.15535303297467,
                        69.91353367514031
                    ],
                    [
                        -47.16173131958887,
                        69.91221873967262
                    ],
                    [
                        -47.168106685800055,
                        69.91088478197933
                    ],
                    [
                        -47.17447839881187,
                        69.90952532910543
                    ],
                    [
                        -47.18085144533768,
                        69.90818561768609
                    ],
                    [
                        -47.18722675451894,
                        69.90687384092215
                    ],
                    [
                        -47.193601824369146,
                        69.90556729886084
                    ],
                    [
                        -47.19997588101009,
                        69.90425901777947
                    ],
                    [
                        -47.206351897036186,
                        69.90297554308684
                    ],
                    [
                        -47.21272780617964,
                        69.9016982717094
                    ],
                    [
                        -47.21910339043284,
                        69.90042521432746
                    ],
                    [
                        -47.22548151499723,
                        69.89918169216992
                    ],
                    [
                        -47.23186127345883,
                        69.89795945528405
                    ],
                    [
                        -47.23824170079015,
                        69.89674983001981
                    ],
                    [
                        -47.244619027740434,
                        69.89551962801362
                    ],
                    [
                        -47.250995580015335,
                        69.89428937391854
                    ],
                    [
                        -47.25737115299687,
                        69.8930572804042
                    ],
                    [
                        -47.26374482789679,
                        69.89181536382256
                    ],
                    [
                        -47.27011936360828,
                        69.89058765040323
                    ],
                    [
                        -47.2764911202847,
                        69.88934251444627
                    ],
                    [
                        -47.282858996925235,
                        69.88807059268429
                    ],
                    [
                        -47.289224602595134,
                        69.8867859545307
                    ],
                    [
                        -47.295588250283174,
                        69.88549138882928
                    ],
                    [
                        -47.30195471458007,
                        69.88422785605675
                    ],
                    [
                        -47.30832370575822,
                        69.88299262881043
                    ],
                    [
                        -47.31468884395806,
                        69.88173114422055
                    ],
                    [
                        -47.32105126306567,
                        69.88045324248242
                    ],
                    [
                        -47.327422436566685,
                        69.87925624095156
                    ],
                    [
                        -47.33379686807663,
                        69.87809305567555
                    ],
                    [
                        -47.340173759576196,
                        69.87695669038638
                    ],
                    [
                        -47.3465479057585,
                        69.87580318962965
                    ],
                    [
                        -47.35291792656818,
                        69.87462112277274
                    ],
                    [
                        -47.35928622499112,
                        69.87343080003214
                    ],
                    [
                        -47.36565633658428,
                        69.87226175856577
                    ],
                    [
                        -47.37202980077345,
                        69.87112662789643
                    ],
                    [
                        -47.37840187616993,
                        69.86998582120316
                    ],
                    [
                        -47.38476841319461,
                        69.86880506133637
                    ],
                    [
                        -47.391131185942875,
                        69.8675992943488
                    ],
                    [
                        -47.39749290570346,
                        69.86639102149542
                    ],
                    [
                        -47.403854826487006,
                        69.86519055154201
                    ],
                    [
                        -47.410214518086434,
                        69.86397793047085
                    ],
                    [
                        -47.41657327349905,
                        69.86276380676989
                    ],
                    [
                        -47.42292782731292,
                        69.86152159948585
                    ],
                    [
                        -47.42928188346408,
                        69.8602816072809
                    ],
                    [
                        -47.43563657246811,
                        69.8590529704556
                    ],
                    [
                        -47.44199603179716,
                        69.85786903524311
                    ],
                    [
                        -47.44835487054464,
                        69.85668600612296
                    ],
                    [
                        -47.45471013191978,
                        69.85548010216648
                    ],
                    [
                        -47.46106198002027,
                        69.85425281124222
                    ],
                    [
                        -47.46740956200352,
                        69.85299747103642
                    ],
                    [
                        -47.473758886220295,
                        69.85176223401137
                    ],
                    [
                        -47.48011102321866,
                        69.85055546830715
                    ],
                    [
                        -47.48646295349434,
                        69.84935298546486
                    ],
                    [
                        -47.49281531603083,
                        69.84815981234817
                    ],
                    [
                        -47.499162772861474,
                        69.84693370810965
                    ],
                    [
                        -47.5055152183584,
                        69.8457528875707
                    ],
                    [
                        -47.51187005147451,
                        69.84459656635354
                    ],
                    [
                        -47.51823003481534,
                        69.84348622388886
                    ],
                    [
                        -47.524596016952195,
                        69.84242815553364
                    ],
                    [
                        -47.530964613494824,
                        69.84139556564028
                    ],
                    [
                        -47.53732893286019,
                        69.84033462440635
                    ],
                    [
                        -47.54368518332908,
                        69.83921609896979
                    ],
                    [
                        -47.55003889085301,
                        69.83808321087427
                    ],
                    [
                        -47.556395582117304,
                        69.83697876588057
                    ],
                    [
                        -47.56275601481301,
                        69.8359083951822
                    ],
                    [
                        -47.569112651856166,
                        69.83481389636326
                    ],
                    [
                        -47.575460827561166,
                        69.83365965515561
                    ],
                    [
                        -47.58180592407811,
                        69.83248728608595
                    ],
                    [
                        -47.58815078292204,
                        69.83131860938046
                    ],
                    [
                        -47.59449312956981,
                        69.83013627559414
                    ],
                    [
                        -47.60083206313183,
                        69.82893353667585
                    ],
                    [
                        -47.60716931459765,
                        69.82772365619567
                    ],
                    [
                        -47.61350462788948,
                        69.82650474713567
                    ],
                    [
                        -47.619840721923744,
                        69.82529738179706
                    ],
                    [
                        -47.626179213325464,
                        69.82411364297946
                    ],
                    [
                        -47.63251637638303,
                        69.82292539020793
                    ],
                    [
                        -47.63885009638953,
                        69.82171681415308
                    ],
                    [
                        -47.64518211291297,
                        69.8205010553041
                    ],
                    [
                        -47.651512977023344,
                        69.8192822708055
                    ],
                    [
                        -47.65784473780631,
                        69.81807572119628
                    ],
                    [
                        -47.66417902635658,
                        69.8168934234517
                    ],
                    [
                        -47.67051635109328,
                        69.81573897137751
                    ],
                    [
                        -47.67685272715758,
                        69.81458273692267
                    ],
                    [
                        -47.68319222165631,
                        69.8134547022706
                    ],
                    [
                        -47.689525168299525,
                        69.81228360257838
                    ],
                    [
                        -47.695863012436334,
                        69.81115368847334
                    ],
                    [
                        -47.7022083308006,
                        69.81008353256657
                    ],
                    [
                        -47.708553522687595,
                        69.8090172248054
                    ],
                    [
                        -47.71489829354315,
                        69.80795259168167
                    ],
                    [
                        -47.72124136781968,
                        69.8068803494508
                    ],
                    [
                        -47.72758447403752,
                        69.80581308355225
                    ],
                    [
                        -47.733928726016764,
                        69.80475881749885
                    ],
                    [
                        -47.740272733391926,
                        69.80370742481286
                    ],
                    [
                        -47.74661654188005,
                        69.80265921401828
                    ],
                    [
                        -47.75295649142626,
                        69.80158786047554
                    ],
                    [
                        -47.75929452458613,
                        69.80050744738712
                    ],
                    [
                        -47.76563052666674,
                        69.7994172139748
                    ],
                    [
                        -47.77196452401411,
                        69.79831741294812
                    ],
                    [
                        -47.77829824126896,
                        69.79722039001832
                    ],
                    [
                        -47.784631882794855,
                        69.79612757759523
                    ],
                    [
                        -47.790965134504184,
                        69.79503671934756
                    ],
                    [
                        -47.79729691014986,
                        69.7939401161686
                    ],
                    [
                        -47.803626313001935,
                        69.79283147481738
                    ],
                    [
                        -47.80995458681785,
                        69.79171963401888
                    ],
                    [
                        -47.816284380937624,
                        69.79062323321183
                    ],
                    [
                        -47.82261664697374,
                        69.78954884275663
                    ],
                    [
                        -47.828948409216835,
                        69.78847549506897
                    ],
                    [
                        -47.83528075007691,
                        69.78741073938855
                    ],
                    [
                        -47.8416138456146,
                        69.78635574482736
                    ],
                    [
                        -47.84794750792198,
                        69.78530914018273
                    ],
                    [
                        -47.85428087144951,
                        69.78426486577897
                    ],
                    [
                        -47.86061648665756,
                        69.7832405579266
                    ],
                    [
                        -47.866953300558286,
                        69.78222881347686
                    ],
                    [
                        -47.87328976094789,
                        69.78121885293976
                    ],
                    [
                        -47.87962509667494,
                        69.78020536077294
                    ],
                    [
                        -47.88596396769376,
                        69.77922033421109
                    ],
                    [
                        -47.89230830421269,
                        69.7782768047967
                    ],
                    [
                        -47.89865523324493,
                        69.77735487506942
                    ],
                    [
                        -47.90500010078787,
                        69.77642267579675
                    ],
                    [
                        -47.91134263101415,
                        69.77547839539221
                    ],
                    [
                        -47.917681104205755,
                        69.77451043572273
                    ],
                    [
                        -47.92401654686279,
                        69.7735259004122
                    ],
                    [
                        -47.93035255602561,
                        69.77254920903437
                    ],
                    [
                        -47.93668528648972,
                        69.77155437294792
                    ],
                    [
                        -47.94301092413654,
                        69.77051583187261
                    ],
                    [
                        -47.94932814845777,
                        69.76942498983449
                    ],
                    [
                        -47.955640616638355,
                        69.76830668839393
                    ],
                    [
                        -47.961952322872946,
                        69.7671878160443
                    ],
                    [
                        -47.96826819835027,
                        69.76610129249212
                    ],
                    [
                        -47.97458525765406,
                        69.76502702787747
                    ],
                    [
                        -47.98090189635864,
                        69.76395427915436
                    ],
                    [
                        -47.98721901998592,
                        69.76288904292784
                    ],
                    [
                        -47.993538039551716,
                        69.76184061278002
                    ],
                    [
                        -47.99986026264155,
                        69.76081752233587
                    ],
                    [
                        -48.006182665830856,
                        69.7597996807229
                    ],
                    [
                        -48.012509222477796,
                        69.75881319683518
                    ],
                    [
                        -48.0188382709604,
                        69.75784696650122
                    ],
                    [
                        -48.02516738934269,
                        69.75688499461148
                    ],
                    [
                        -48.03149310389992,
                        69.7559045392965
                    ],
                    [
                        -48.03781703231858,
                        69.75491626917035
                    ],
                    [
                        -48.04414325477488,
                        69.75394680267114
                    ],
                    [
                        -48.05047318230012,
                        69.75300519466721
                    ],
                    [
                        -48.05680047089346,
                        69.75205012762272
                    ],
                    [
                        -48.06312107850257,
                        69.75105551869153
                    ],
                    [
                        -48.06944243666479,
                        69.7500696124297
                    ],
                    [
                        -48.07577210717094,
                        69.74914110451947
                    ],
                    [
                        -48.08211226975433,
                        69.74828367108414
                    ],
                    [
                        -48.08845819731876,
                        69.74746652984528
                    ],
                    [
                        -48.094800218422485,
                        69.74662746360946
                    ],
                    [
                        -48.10113866480129,
                        69.74576872512685
                    ],
                    [
                        -48.10747270338317,
                        69.74488511494634
                    ],
                    [
                        -48.11380243124509,
                        69.74397739946814
                    ],
                    [
                        -48.12013415008948,
                        69.74308578013743
                    ],
                    [
                        -48.126468899148804,
                        69.7422167531025
                    ],
                    [
                        -48.13279907928733,
                        69.7413220688541
                    ],
                    [
                        -48.13912299137411,
                        69.74039114191528
                    ],
                    [
                        -48.1454359494549,
                        69.73939463311753
                    ],
                    [
                        -48.15174259505638,
                        69.73836214224268
                    ],
                    [
                        -48.15804541920226,
                        69.737309527665
                    ],
                    [
                        -48.16434590214632,
                        69.73624618672146
                    ],
                    [
                        -48.17064736870531,
                        69.73519298627178
                    ],
                    [
                        -48.17695094778406,
                        69.73415691687151
                    ],
                    [
                        -48.18326033660343,
                        69.73316092420731
                    ],
                    [
                        -48.18957422085992,
                        69.73219659794951
                    ],
                    [
                        -48.195890928240686,
                        69.73125336959107
                    ],
                    [
                        -48.202209123262286,
                        69.73032283958969
                    ],
                    [
                        -48.20853002628782,
                        69.72941248181684
                    ],
                    [
                        -48.21485386756666,
                        69.72852360015058
                    ],
                    [
                        -48.22117621033421,
                        69.72762873274115
                    ],
                    [
                        -48.2274974095321,
                        69.72673009597132
                    ],
                    [
                        -48.23381865921151,
                        69.72583503954428
                    ],
                    [
                        -48.24013804163121,
                        69.7249317937563
                    ],
                    [
                        -48.24645415261996,
                        69.72401181890683
                    ],
                    [
                        -48.25276534775502,
                        69.72306517398961
                    ],
                    [
                        -48.259071826841925,
                        69.72209322687064
                    ],
                    [
                        -48.26537721947353,
                        69.72111818712281
                    ],
                    [
                        -48.27168552262931,
                        69.72016432613115
                    ],
                    [
                        -48.27799758141873,
                        69.71923664199007
                    ],
                    [
                        -48.284313476849704,
                        69.7183354757145
                    ],
                    [
                        -48.290635586923024,
                        69.71747502572336
                    ],
                    [
                        -48.296964733372675,
                        69.716660010416
                    ],
                    [
                        -48.303298726630985,
                        69.71587701036448
                    ],
                    [
                        -48.30963208754043,
                        69.71509296928193
                    ],
                    [
                        -48.31596645659317,
                        69.71431771673777
                    ],
                    [
                        -48.3223045391397,
                        69.71356737377467
                    ],
                    [
                        -48.32864764326042,
                        69.71284960406133
                    ],
                    [
                        -48.33498959996278,
                        69.71212748698652
                    ],
                    [
                        -48.34132320790943,
                        69.71135824150316
                    ],
                    [
                        -48.3476466354232,
                        69.71053126255248
                    ],
                    [
                        -48.35396132217594,
                        69.70965539569899
                    ],
                    [
                        -48.36027091752294,
                        69.70875248220901
                    ],
                    [
                        -48.36658096598319,
                        69.70785538452917
                    ],
                    [
                        -48.372894910403836,
                        69.70698434637826
                    ],
                    [
                        -48.379211259022014,
                        69.70613045417332
                    ],
                    [
                        -48.38553032751526,
                        69.70529546536268
                    ],
                    [
                        -48.39184996690828,
                        69.70446668860075
                    ],
                    [
                        -48.39816933363679,
                        69.70363915722804
                    ],
                    [
                        -48.40448929125619,
                        69.70281790323465
                    ],
                    [
                        -48.410810803666585,
                        69.70200850653272
                    ],
                    [
                        -48.417132026352945,
                        69.70120017660294
                    ],
                    [
                        -48.42345208715852,
                        69.70038784482223
                    ],
                    [
                        -48.42977306638567,
                        69.69958358458537
                    ],
                    [
                        -48.43609361339776,
                        69.69877954051832
                    ],
                    [
                        -48.442415028654544,
                        69.69798321787951
                    ],
                    [
                        -48.448738805710626,
                        69.69720318055828
                    ],
                    [
                        -48.45506417517888,
                        69.69643491452992
                    ],
                    [
                        -48.4613902149007,
                        69.69567306100663
                    ],
                    [
                        -48.46771800128753,
                        69.69492375403918
                    ],
                    [
                        -48.474049021966266,
                        69.69419543629824
                    ],
                    [
                        -48.480382276005365,
                        69.69348227833746
                    ],
                    [
                        -48.48671575899529,
                        69.69277277191897
                    ],
                    [
                        -48.49304787018098,
                        69.69205778788634
                    ],
                    [
                        -48.499379086938426,
                        69.69134006646479
                    ],
                    [
                        -48.50571101565619,
                        69.69062873011173
                    ],
                    [
                        -48.512042682739896,
                        69.68991823351978
                    ],
                    [
                        -48.51837201207388,
                        69.68919684128792
                    ],
                    [
                        -48.52470051112587,
                        69.68847311281914
                    ],
                    [
                        -48.53103063004778,
                        69.68776085463692
                    ],
                    [
                        -48.537363292282734,
                        69.68706519550716
                    ],
                    [
                        -48.5436978756588,
                        69.686382556583
                    ],
                    [
                        -48.55003361665902,
                        69.68570859251979
                    ],
                    [
                        -48.55637045434085,
                        69.68504291632377
                    ],
                    [
                        -48.56270875133579,
                        69.68438750762293
                    ],
                    [
                        -48.56904911967114,
                        69.68374572158797
                    ],
                    [
                        -48.575391691758675,
                        69.68311822257964
                    ],
                    [
                        -48.581734710082536,
                        69.68249517803892
                    ],
                    [
                        -48.58807873408038,
                        69.68187966447574
                    ],
                    [
                        -48.59442525294641,
                        69.68127988069422
                    ],
                    [
                        -48.600774432605796,
                        69.68069666041146
                    ],
                    [
                        -48.60712599355175,
                        69.68012837577952
                    ],
                    [
                        -48.613479080739666,
                        69.6795702427111
                    ],
                    [
                        -48.61983406018128,
                        69.67902421872058
                    ],
                    [
                        -48.626191438458605,
                        69.6784930186884
                    ],
                    [
                        -48.632549917185656,
                        69.67796945652776
                    ],
                    [
                        -48.63890727557061,
                        69.67744135436183
                    ],
                    [
                        -48.64526211071696,
                        69.6769010807955
                    ],
                    [
                        -48.65161345840628,
                        69.67634344624621
                    ],
                    [
                        -48.657958768167816,
                        69.67575467155045
                    ],
                    [
                        -48.66429748288714,
                        69.67513189168656
                    ],
                    [
                        -48.67063250623856,
                        69.67449101448113
                    ],
                    [
                        -48.676965229841066,
                        69.67383965976907
                    ],
                    [
                        -48.683297572491526,
                        69.67318824275416
                    ],
                    [
                        -48.68962735435304,
                        69.6725250107386
                    ],
                    [
                        -48.69595096222034,
                        69.6718305753654
                    ],
                    [
                        -48.70226815149579,
                        69.67110377900235
                    ],
                    [
                        -48.70857896299813,
                        69.67034500250638
                    ],
                    [
                        -48.714884010500775,
                        69.66955769226648
                    ],
                    [
                        -48.72118565015951,
                        69.66875458716362
                    ],
                    [
                        -48.72748534505675,
                        69.66794357452801
                    ],
                    [
                        -48.73378552299133,
                        69.66713763028295
                    ],
                    [
                        -48.740088317613015,
                        69.66634807974349
                    ],
                    [
                        -48.746394506733914,
                        69.6655789722511
                    ],
                    [
                        -48.75270376961735,
                        69.66482850532272
                    ],
                    [
                        -48.75901384638907,
                        69.6640846229915
                    ],
                    [
                        -48.76532602299729,
                        69.66335408838711
                    ],
                    [
                        -48.77164066513976,
                        69.66263876459729
                    ],
                    [
                        -48.777950814052325,
                        69.66190191965161
                    ],
                    [
                        -48.784253701916,
                        69.66112910254706
                    ],
                    [
                        -48.79054842249834,
                        69.66031573051723
                    ],
                    [
                        -48.7968368006988,
                        69.65947156665949
                    ],
                    [
                        -48.803125646072274,
                        69.65863239772092
                    ],
                    [
                        -48.80941608701036,
                        69.65780409469654
                    ],
                    [
                        -48.815709727398286,
                        69.65699497111147
                    ],
                    [
                        -48.82200614186812,
                        69.65620271807713
                    ],
                    [
                        -48.828304200234086,
                        69.65542137663809
                    ],
                    [
                        -48.834603633682725,
                        69.65464949791807
                    ],
                    [
                        -48.840901681920535,
                        69.65387272890682
                    ],
                    [
                        -48.847201152056435,
                        69.65310561853586
                    ],
                    [
                        -48.85350479133604,
                        69.65236231311792
                    ],
                    [
                        -48.85981131265207,
                        69.65163605850327
                    ],
                    [
                        -48.86611996954216,
                        69.65092292797658
                    ],
                    [
                        -48.87242889897806,
                        69.65021327897792
                    ],
                    [
                        -48.87873703781799,
                        69.64950163670932
                    ],
                    [
                        -48.88504571481761,
                        69.64879482026508
                    ],
                    [
                        -48.891356631447,
                        69.64810151247693
                    ],
                    [
                        -48.897671219057855,
                        69.64742896087084
                    ],
                    [
                        -48.90398758708984,
                        69.64676742256395
                    ],
                    [
                        -48.91030372953795,
                        69.6461066286416
                    ],
                    [
                        -48.91661936032112,
                        69.64544512041188
                    ],
                    [
                        -48.92293327245269,
                        69.64477677344
                    ],
                    [
                        -48.92924513356533,
                        69.64409993499831
                    ],
                    [
                        -48.93555608097301,
                        69.64342040008178
                    ],
                    [
                        -48.941867192624805,
                        69.64274362724038
                    ],
                    [
                        -48.94817819807804,
                        69.64206823862128
                    ],
                    [
                        -48.95448762800927,
                        69.64138682664631
                    ],
                    [
                        -48.96079314387878,
                        69.64068765901557
                    ],
                    [
                        -48.96709577990508,
                        69.63997601111741
                    ],
                    [
                        -48.9733964987917,
                        69.6392567668758
                    ],
                    [
                        -48.979695281037536,
                        69.63852986353449
                    ],
                    [
                        -48.98599113986394,
                        69.63779040464563
                    ],
                    [
                        -48.99228532621371,
                        69.63704468994517
                    ],
                    [
                        -48.99857989041791,
                        69.63630296290033
                    ],
                    [
                        -49.00487332693735,
                        69.6355577152187
                    ],
                    [
                        -49.01115992914982,
                        69.63478061876621
                    ],
                    [
                        -49.01743356410755,
                        69.63394140469599
                    ],
                    [
                        -49.02369284815501,
                        69.63303350507375
                    ],
                    [
                        -49.029940404101865,
                        69.63207019936021
                    ],
                    [
                        -49.036183241460066,
                        69.631086342071
                    ],
                    [
                        -49.04242795505537,
                        69.63011453356181
                    ],
                    [
                        -49.04867594060995,
                        69.62916158850848
                    ],
                    [
                        -49.05492343036551,
                        69.62820890433608
                    ],
                    [
                        -49.061166444355656,
                        69.6272369486221
                    ],
                    [
                        -49.067406546940674,
                        69.62625347224358
                    ],
                    [
                        -49.07364689433481,
                        69.62527396805511
                    ],
                    [
                        -49.07988942409151,
                        69.62430788311559
                    ],
                    [
                        -49.08613143093412,
                        69.62334196041401
                    ],
                    [
                        -49.09236841169084,
                        69.62235426450954
                    ],
                    [
                        -49.09859807421732,
                        69.62133374332049
                    ],
                    [
                        -49.10482726640989,
                        69.62031379771572
                    ],
                    [
                        -49.111060826991185,
                        69.61931788868306
                    ],
                    [
                        -49.11730171487427,
                        69.61836023669765
                    ],
                    [
                        -49.123549336722135,
                        69.61743780314984
                    ],
                    [
                        -49.129800030628274,
                        69.61653275253747
                    ],
                    [
                        -49.136053419169215,
                        69.615643187884
                    ],
                    [
                        -49.142302054845324,
                        69.61473319084179
                    ],
                    [
                        -49.14853896628917,
                        69.61376934254035
                    ],
                    [
                        -49.15475979422581,
                        69.61273095571447
                    ],
                    [
                        -49.16096590664517,
                        69.61162491050612
                    ],
                    [
                        -49.167160502219026,
                        69.61046680700032
                    ],
                    [
                        -49.173342919942684,
                        69.60925370962823
                    ],
                    [
                        -49.17950947898132,
                        69.60796828765503
                    ],
                    [
                        -49.1856520249413,
                        69.60657198893246
                    ],
                    [
                        -49.19176849947297,
                        69.6050554846
                    ],
                    [
                        -49.197862354140256,
                        69.60343567767072
                    ],
                    [
                        -49.203935339322356,
                        69.6017213009057
                    ],
                    [
                        -49.20999101465228,
                        69.599929610767
                    ],
                    [
                        -49.21602913397836,
                        69.59805975560164
                    ],
                    [
                        -49.222057770648014,
                        69.59615020840498
                    ],
                    [
                        -49.22808756013149,
                        69.59425132823975
                    ],
                    [
                        -49.2341250531629,
                        69.5923939493853
                    ],
                    [
                        -49.24017478040752,
                        69.59059923097742
                    ],
                    [
                        -49.24624032673657,
                        69.58888377121517
                    ],
                    [
                        -49.25231638804947,
                        69.58722234623755
                    ],
                    [
                        -49.258396864908356,
                        69.58558613901411
                    ],
                    [
                        -49.26447587408931,
                        69.58394750064123
                    ],
                    [
                        -49.27055513413189,
                        69.58231447494589
                    ],
                    [
                        -49.276641299654266,
                        69.58071811046666
                    ],
                    [
                        -49.28273335024109,
                        69.57915349907493
                    ],
                    [
                        -49.288824642942124,
                        69.57758957657556
                    ],
                    [
                        -49.294913290745015,
                        69.57601756357651
                    ],
                    [
                        -49.301000048714705,
                        69.57444099817945
                    ],
                    [
                        -49.30709147459019,
                        69.57289031163225
                    ],
                    [
                        -49.313192140872616,
                        69.57138657646681
                    ],
                    [
                        -49.3192979949132,
                        69.56991085671007
                    ],
                    [
                        -49.325396121730996,
                        69.5684033817383
                    ],
                    [
                        -49.33148209570047,
                        69.56684386299767
                    ],
                    [
                        -49.33756422666105,
                        69.56527078990113
                    ],
                    [
                        -49.343653917805646,
                        69.56373667795793
                    ],
                    [
                        -49.349739514128395,
                        69.56218782072342
                    ],
                    [
                        -49.35582723177787,
                        69.56065279828505
                    ],
                    [
                        -49.36192618515394,
                        69.55917331941907
                    ],
                    [
                        -49.368031167062874,
                        69.55772533186915
                    ],
                    [
                        -49.3741392561278,
                        69.55629535764922
                    ],
                    [
                        -49.380248249862596,
                        69.55487327154307
                    ],
                    [
                        -49.38635108660725,
                        69.55342685451879
                    ],
                    [
                        -49.392444940193464,
                        69.55194333797945
                    ],
                    [
                        -49.3985333558909,
                        69.55043898432886
                    ],
                    [
                        -49.404621535059064,
                        69.54893748848463
                    ],
                    [
                        -49.41070207048377,
                        69.54740525421401
                    ],
                    [
                        -49.41677104977519,
                        69.54582468584323
                    ],
                    [
                        -49.4228251652224,
                        69.54418101327673
                    ],
                    [
                        -49.42887944827889,
                        69.54254236715664
                    ],
                    [
                        -49.43494250164,
                        69.5409475286183
                    ],
                    [
                        -49.44099490528147,
                        69.5393088469754
                    ],
                    [
                        -49.447044657983106,
                        69.53766247558441
                    ],
                    [
                        -49.45310422340309,
                        69.53606444207624
                    ],
                    [
                        -49.45917244510485,
                        69.53450936907215
                    ],
                    [
                        -49.465239126791545,
                        69.53295139552463
                    ],
                    [
                        -49.47128843254396,
                        69.53131965594515
                    ],
                    [
                        -49.477319188558724,
                        69.52960918562638
                    ],
                    [
                        -49.483325508034845,
                        69.52779400294665
                    ],
                    [
                        -49.48931405671048,
                        69.52590422256625
                    ],
                    [
                        -49.49529025284125,
                        69.52396425102397
                    ],
                    [
                        -49.50123877402481,
                        69.52190612469023
                    ],
                    [
                        -49.507169639170506,
                        69.51977478420285
                    ],
                    [
                        -49.51311456301316,
                        69.51771120897516
                    ],
                    [
                        -49.51907830137967,
                        69.51573622296264
                    ],
                    [
                        -49.52505496766211,
                        69.51382344398849
                    ],
                    [
                        -49.53100736845856,
                        69.5118082300614
                    ],
                    [
                        -49.53692421927697,
                        69.50964113345317
                    ],
                    [
                        -49.542834956360004,
                        69.5074525103717
                    ],
                    [
                        -49.548762758616554,
                        69.50534452727351
                    ],
                    [
                        -49.55470273132521,
                        69.5032953575882
                    ],
                    [
                        -49.56065496510129,
                        69.50130518379385
                    ],
                    [
                        -49.56661229324154,
                        69.49934233875854
                    ],
                    [
                        -49.57258736637244,
                        69.497462169122
                    ],
                    [
                        -49.57857841539129,
                        69.49565662558847
                    ],
                    [
                        -49.58456964994435,
                        69.49385639267923
                    ],
                    [
                        -49.5905612343097,
                        69.49206216683369
                    ],
                    [
                        -49.596554287572665,
                        69.49027880550084
                    ],
                    [
                        -49.602564639593,
                        69.4885752249292
                    ],
                    [
                        -49.60861178677526,
                        69.48703595321068
                    ],
                    [
                        -49.614688862580294,
                        69.48563053901121
                    ],
                    [
                        -49.620781834770554,
                        69.48429758067711
                    ],
                    [
                        -49.62686403476715,
                        69.48292121375167
                    ],
                    [
                        -49.632913807342106,
                        69.48140785683421
                    ],
                    [
                        -49.63894853545944,
                        69.47983317557036
                    ],
                    [
                        -49.64500590478245,
                        69.47836013242838
                    ],
                    [
                        -49.65109393600616,
                        69.47702294041027
                    ],
                    [
                        -49.65720791347979,
                        69.47580077674753
                    ],
                    [
                        -49.66334027259091,
                        69.47466066346274
                    ],
                    [
                        -49.6694763306793,
                        69.4735392046694
                    ],
                    [
                        -49.67560849963272,
                        69.47240376793106
                    ],
                    [
                        -49.681729564574155,
                        69.47122348512455
                    ],
                    [
                        -49.68784489186511,
                        69.47002149407102
                    ],
                    [
                        -49.69397696813015,
                        69.46889400362575
                    ],
                    [
                        -49.700129828574134,
                        69.4678579600762
                    ],
                    [
                        -49.70629845641981,
                        69.46689162403295
                    ],
                    [
                        -49.712482243170776,
                        69.46599213798534
                    ],
                    [
                        -49.718676762531324,
                        69.46514042009456
                    ],
                    [
                        -49.72488504656198,
                        69.4643491660378
                    ],
                    [
                        -49.731107239236046,
                        69.46361875365146
                    ],
                    [
                        -49.73733515131102,
                        69.46291425205277
                    ],
                    [
                        -49.743559042990704,
                        69.46219434872997
                    ],
                    [
                        -49.74978267151314,
                        69.4614749801793
                    ],
                    [
                        -49.75601463078596,
                        69.46079241419557
                    ],
                    [
                        -49.762254574519616,
                        69.46014504907033
                    ],
                    [
                        -49.76850038261914,
                        69.45952382396084
                    ],
                    [
                        -49.77476173937936,
                        69.45896935216672
                    ],
                    [
                        -49.78104574057582,
                        69.45851116811237
                    ],
                    [
                        -49.787349249657815,
                        69.45813574438426
                    ],
                    [
                        -49.793663458941786,
                        69.45780587270637
                    ],
                    [
                        -49.79997768727992,
                        69.45747670284184
                    ],
                    [
                        -49.806284504176524,
                        69.45711719583284
                    ],
                    [
                        -49.812578905660956,
                        69.45670659599324
                    ],
                    [
                        -49.81885854409827,
                        69.45623532083397
                    ],
                    [
                        -49.825122174337714,
                        69.45569842328894
                    ],
                    [
                        -49.83137277206142,
                        69.4551085197324
                    ],
                    [
                        -49.8376187286678,
                        69.45450063749625
                    ],
                    [
                        -49.84386254120202,
                        69.4538851945301
                    ],
                    [
                        -49.850098216595825,
                        69.45323740982775
                    ],
                    [
                        -49.856316057901616,
                        69.45251731345137
                    ],
                    [
                        -49.86251043036519,
                        69.45170190859704
                    ],
                    [
                        -49.86868406188153,
                        69.45080280001581
                    ],
                    [
                        -49.87484206515751,
                        69.44984135655156
                    ],
                    [
                        -49.88098594253179,
                        69.44882398726439
                    ],
                    [
                        -49.8871115609855,
                        69.44773391209695
                    ],
                    [
                        -49.89321302505192,
                        69.44654719700817
                    ],
                    [
                        -49.89929327533145,
                        69.44527624288546
                    ],
                    [
                        -49.90536777737251,
                        69.44398467373159
                    ],
                    [
                        -49.911460894865534,
                        69.44277220243035
                    ],
                    [
                        -49.91757988075635,
                        69.4416681729621
                    ],
                    [
                        -49.92372417887656,
                        69.44066992598174
                    ],
                    [
                        -49.92988200537856,
                        69.43972906007913
                    ],
                    [
                        -49.93604276060248,
                        69.438802226101
                    ],
                    [
                        -49.942197694573544,
                        69.4378538034225
                    ],
                    [
                        -49.948343548014506,
                        69.43687063636114
                    ],
                    [
                        -49.95447902350024,
                        69.43584758805805
                    ],
                    [
                        -49.9606020846391,
                        69.43477655257438
                    ],
                    [
                        -49.96671558339877,
                        69.43366923867003
                    ],
                    [
                        -49.972824391094484,
                        69.43254545911084
                    ],
                    [
                        -49.978931492790416,
                        69.43141731970273
                    ],
                    [
                        -49.98503918016346,
                        69.43029407382087
                    ],
                    [
                        -49.991156330134,
                        69.42921144750431
                    ],
                    [
                        -49.997293599731044,
                        69.42821215717376
                    ],
                    [
                        -50.003460630091595,
                        69.42733463426492
                    ],
                    [
                        -50.009658926240725,
                        69.42658447956204
                    ],
                    [
                        -50.015884061469954,
                        69.42594349232985
                    ],
                    [
                        -50.022128726317035,
                        69.4253820187685
                    ],
                    [
                        -50.02838304939903,
                        69.42486030656895
                    ],
                    [
                        -50.034631928534814,
                        69.4243179129054
                    ],
                    [
                        -50.04085881046873,
                        69.42368890338965
                    ],
                    [
                        -50.04705445607041,
                        69.42293679333434
                    ],
                    [
                        -50.0532165845603,
                        69.42205295107529
                    ],
                    [
                        -50.059349413130555,
                        69.42105460106593
                    ],
                    [
                        -50.06546216452938,
                        69.41997874959411
                    ],
                    [
                        -50.07156438390252,
                        69.41886350656185
                    ],
                    [
                        -50.07766131822209,
                        69.41772978485402
                    ],
                    [
                        -50.0837544924434,
                        69.41658367927556
                    ],
                    [
                        -50.0898499185048,
                        69.41544898309623
                    ],
                    [
                        -50.09595465771722,
                        69.41435352106176
                    ],
                    [
                        -50.10207158512719,
                        69.41330848909027
                    ],
                    [
                        -50.10820583495594,
                        69.41233392507696
                    ],
                    [
                        -50.11435779238459,
                        69.41143109780147
                    ],
                    [
                        -50.120528551940005,
                        69.41060405487138
                    ],
                    [
                        -50.126721638215336,
                        69.40986635684476
                    ],
                    [
                        -50.13293746781859,
                        69.4092193198042
                    ],
                    [
                        -50.139176187676206,
                        69.40866319582973
                    ],
                    [
                        -50.145437160428045,
                        69.40819516763342
                    ],
                    [
                        -50.1517198597405,
                        69.4078128626935
                    ],
                    [
                        -50.15802451229134,
                        69.40751685426429
                    ],
                    [
                        -50.164350469615364,
                        69.40730430215008
                    ],
                    [
                        -50.170694099991564,
                        69.40716077290728
                    ],
                    [
                        -50.17705191649886,
                        69.40707246483906
                    ],
                    [
                        -50.18342063058465,
                        69.40702641282428
                    ],
                    [
                        -50.18979591803356,
                        69.40700570105862
                    ],
                    [
                        -50.196175144577815,
                        69.40700003849334
                    ],
                    [
                        -50.20255925958523,
                        69.40701303955349
                    ],
                    [
                        -50.208949789635916,
                        69.40705052957186
                    ],
                    [
                        -50.21534253257323,
                        69.40709621158031
                    ],
                    [
                        -50.22172664799227,
                        69.40710829940409
                    ],
                    [
                        -50.228092303261995,
                        69.40704908903213
                    ],
                    [
                        -50.23443309986403,
                        69.40689425493501
                    ],
                    [
                        -50.24073534934493,
                        69.40659160905157
                    ],
                    [
                        -50.2469755355545,
                        69.40605153398238
                    ],
                    [
                        -50.25312869373056,
                        69.40517927172252
                    ],
                    [
                        -50.259170442894224,
                        69.40388270085464
                    ],
                    [
                        -50.265060457665356,
                        69.40200913578335
                    ],
                    [
                        -50.27049287150139,
                        69.39958640994394
                    ],
                    [
                        -50.27477346420237,
                        69.39720093325322
                    ],
                    [
                        -50.278151894118785,
                        69.39484468638919
                    ],
                    [
                        -50.280878151398134,
                        69.39250959632578
                    ],
                    [
                        -50.2831434999249,
                        69.39018947235266
                    ],
                    [
                        -50.28516005262851,
                        69.38787742549175
                    ],
                    [
                        -50.28704393327705,
                        69.38556968114527
                    ],
                    [
                        -50.28888508292937,
                        69.38326331122207
                    ],
                    [
                        -50.29076520900553,
                        69.38095565086441
                    ],
                    [
                        -50.29273121150172,
                        69.37864516683142
                    ],
                    [
                        -50.29485722039579,
                        69.37632943321495
                    ],
                    [
                        -50.29721522374544,
                        69.3740060888013
                    ],
                    [
                        -50.29998445291673,
                        69.37166925846691
                    ],
                    [
                        -50.303305432918854,
                        69.3693143167695
                    ],
                    [
                        -50.30636461412944,
                        69.36696787458092
                    ],
                    [
                        -50.30636461412944,
                        69.36696787458092
                    ],
                    [
                        -50.30942308494536,
                        69.36462139163761
                    ],
                    [
                        -50.31179093295603,
                        69.36229749657936
                    ],
                    [
                        -50.31452638194873,
                        69.35996150229104
                    ],
                    [
                        -50.318452447636304,
                        69.35758635574533
                    ],
                    [
                        -50.32265806129647,
                        69.35520191123096
                    ],
                    [
                        -50.32656377080258,
                        69.35282721068529
                    ],
                    [
                        -50.33085857954616,
                        69.3504395892808
                    ],
                    [
                        -50.357314494530065,
                        69.33517966459424
                    ],
                    [
                        -50.383730535519575,
                        69.31991614523457
                    ],
                    [
                        -50.41010678138826,
                        69.30464904201409
                    ],
                    [
                        -50.43644331083969,
                        69.28937836571758
                    ],
                    [
                        -50.46274020240773,
                        69.27410412710232
                    ],
                    [
                        -50.48899753445683,
                        69.25882633689818
                    ],
                    [
                        -50.515215385182294,
                        69.24354500580775
                    ],
                    [
                        -50.5413938326106,
                        69.2282601445064
                    ],
                    [
                        -50.56753295459968,
                        69.21297176364234
                    ],
                    [
                        -50.59363282883917,
                        69.19767987383669
                    ],
                    [
                        -50.61969353285077,
                        69.18238448568364
                    ],
                    [
                        -50.64571514398848,
                        69.1670856097504
                    ],
                    [
                        -50.67169773943892,
                        69.15178325657739
                    ],
                    [
                        -50.697641396221584,
                        69.13647743667832
                    ],
                    [
                        -50.72354619118919,
                        69.12116816054012
                    ],
                    [
                        -50.74941220102794,
                        69.10585543862328
                    ],
                    [
                        -50.77523950225776,
                        69.09053928136164
                    ],
                    [
                        -50.80102817123272,
                        69.07521969916269
                    ],
                    [
                        -50.826778284141206,
                        69.05989670240751
                    ],
                    [
                        -50.852489917006274,
                        69.04457030145096
                    ]
                ]
            }
        }
    ]
}
