{
    "type": "FeatureCollection",
    "features": [
        {
            "type": "Feature",
            "properties": {
                "name": "ice_shelf_extended_stange_ferrigno",
                "component": "landice",
                "object": "region",
                "tags": "ais_ice_shelf_calving_calibration",
                "author": "Xylar Asay-Davis",
                "constituents": "Stange_1; Ferrigno; Stange_2"
            },
            "geometry": {
                "type": "Polygon",
                "coordinates": [
                    [
                        [
                            -79.84524,
                            -74.377428
                        ],
                        [
                            -79.878278,
                            -74.37902
                        ],
                        [
                            -79.891855,
                            -74.384263
                        ],
                        [
                            -79.90544,
                            -74.389506
                        ],
                        [
                            -79.93851,
                            -74.391088
                        ],
                        [
                            -79.971587,
                            -74.392665
                        ],
                        [
                            -80.004671,
                            -74.394237
                        ],
                        [
                            -80.037761,
                            -74.395803
                        ],
                        [
                            -80.070858,
                            -74.397365
                        ],
                        [
                            -80.090301,
                            -74.393691
                        ],
                        [
                            -80.109734,
                            -74.390015
                        ],
                        [
                            -80.142826,
                            -74.391565
                        ],
                        [
                            -80.175925,
                            -74.39311
                        ],
                        [
                            -80.20903,
                            -74.39465
                        ],
                        [
                            -80.242142,
                            -74.396185
                        ],
                        [
                            -80.255857,
                            -74.401405
                        ],
                        [
                            -80.269581,
                            -74.406625
                        ],
                        [
                            -80.302724,
                            -74.40815
                        ],
                        [
                            -80.31647,
                            -74.413367
                        ],
                        [
                            -80.330226,
                            -74.418583
                        ],
                        [
                            -80.34399,
                            -74.423798
                        ],
                        [
                            -80.357764,
                            -74.429012
                        ],
                        [
                            -80.390965,
                            -74.430524
                        ],
                        [
                            -80.424172,
                            -74.432031
                        ],
                        [
                            -80.43798,
                            -74.43724
                        ],
                        [
                            -80.451798,
                            -74.442448
                        ],
                        [
                            -80.485037,
                            -74.443946
                        ],
                        [
                            -80.518282,
                            -74.445438
                        ],
                        [
                            -80.551533,
                            -74.446924
                        ],
                        [
                            -80.584791,
                            -74.448406
                        ],
                        [
                            -80.618056,
                            -74.449883
                        ],
                        [
                            -80.631946,
                            -74.455079
                        ],
                        [
                            -80.645846,
                            -74.460275
                        ],
                        [
                            -80.679142,
                            -74.461742
                        ],
                        [
                            -80.693063,
                            -74.466935
                        ],
                        [
                            -80.706994,
                            -74.472128
                        ],
                        [
                            -80.740322,
                            -74.473585
                        ],
                        [
                            -80.773656,
                            -74.475037
                        ],
                        [
                            -80.787621,
                            -74.480224
                        ],
                        [
                            -80.801597,
                            -74.485411
                        ],
                        [
                            -80.834962,
                            -74.486853
                        ],
                        [
                            -80.848959,
                            -74.492037
                        ],
                        [
                            -80.862966,
                            -74.497219
                        ],
                        [
                            -80.876982,
                            -74.5024
                        ],
                        [
                            -80.891007,
                            -74.507581
                        ],
                        [
                            -80.905043,
                            -74.512761
                        ],
                        [
                            -80.919087,
                            -74.517939
                        ],
                        [
                            -80.933141,
                            -74.523117
                        ],
                        [
                            -80.947205,
                            -74.528295
                        ],
                        [
                            -80.961278,
                            -74.533471
                        ],
                        [
                            -80.975361,
                            -74.538646
                        ],
                        [
                            -80.989453,
                            -74.543821
                        ],
                        [
                            -81.003555,
                            -74.548995
                        ],
                        [
                            -81.037078,
                            -74.550406
                        ],
                        [
                            -81.051202,
                            -74.555577
                        ],
                        [
                            -81.065336,
                            -74.560747
                        ],
                        [
                            -81.09889,
                            -74.562149
                        ],
                        [
                            -81.132451,
                            -74.563545
                        ],
                        [
                            -81.166018,
                            -74.564937
                        ],
                        [
                            -81.180199,
                            -74.570099
                        ],
                        [
                            -81.19439,
                            -74.575261
                        ],
                        [
                            -81.227989,
                            -74.576643
                        ],
                        [
                            -81.261593,
                            -74.578019
                        ],
                        [
                            -81.295204,
                            -74.579391
                        ],
                        [
                            -81.32882,
                            -74.580757
                        ],
                        [
                            -81.348189,
                            -74.576967
                        ],
                        [
                            -81.367548,
                            -74.573176
                        ],
                        [
                            -81.401157,
                            -74.574531
                        ],
                        [
                            -81.434773,
                            -74.57588
                        ],
                        [
                            -81.468394,
                            -74.577225
                        ],
                        [
                            -81.502021,
                            -74.578564
                        ],
                        [
                            -81.535654,
                            -74.579898
                        ],
                        [
                            -81.569293,
                            -74.581226
                        ],
                        [
                            -81.588602,
                            -74.577415
                        ],
                        [
                            -81.607902,
                            -74.573603
                        ],
                        [
                            -81.641533,
                            -74.57492
                        ],
                        [
                            -81.67517,
                            -74.576232
                        ],
                        [
                            -81.708813,
                            -74.577539
                        ],
                        [
                            -81.742462,
                            -74.57884
                        ],
                        [
                            -81.776116,
                            -74.580137
                        ],
                        [
                            -81.809776,
                            -74.581428
                        ],
                        [
                            -81.843442,
                            -74.582714
                        ],
                        [
                            -81.877113,
                            -74.583994
                        ],
                        [
                            -81.896349,
                            -74.580156
                        ],
                        [
                            -81.915575,
                            -74.576315
                        ],
                        [
                            -81.949238,
                            -74.577584
                        ],
                        [
                            -81.982907,
                            -74.578848
                        ],
                        [
                            -81.997376,
                            -74.583957
                        ],
                        [
                            -82.011856,
                            -74.589064
                        ],
                        [
                            -82.045555,
                            -74.590318
                        ],
                        [
                            -82.07926,
                            -74.591567
                        ],
                        [
                            -82.112971,
                            -74.592811
                        ],
                        [
                            -82.146687,
                            -74.594049
                        ],
                        [
                            -82.180408,
                            -74.595282
                        ],
                        [
                            -82.214135,
                            -74.59651
                        ],
                        [
                            -82.247868,
                            -74.597733
                        ],
                        [
                            -82.281605,
                            -74.59895
                        ],
                        [
                            -82.315349,
                            -74.600163
                        ],
                        [
                            -82.349097,
                            -74.601369
                        ],
                        [
                            -82.382851,
                            -74.602571
                        ],
                        [
                            -82.41661,
                            -74.603767
                        ],
                        [
                            -82.450375,
                            -74.604958
                        ],
                        [
                            -82.484145,
                            -74.606144
                        ],
                        [
                            -82.51792,
                            -74.607324
                        ],
                        [
                            -82.5517,
                            -74.608499
                        ],
                        [
                            -82.585485,
                            -74.609669
                        ],
                        [
                            -82.619276,
                            -74.610834
                        ],
                        [
                            -82.653072,
                            -74.611993
                        ],
                        [
                            -82.686873,
                            -74.613147
                        ],
                        [
                            -82.720679,
                            -74.614296
                        ],
                        [
                            -82.735429,
                            -74.619354
                        ],
                        [
                            -82.750189,
                            -74.624412
                        ],
                        [
                            -82.784025,
                            -74.625551
                        ],
                        [
                            -82.817866,
                            -74.626684
                        ],
                        [
                            -82.851712,
                            -74.627813
                        ],
                        [
                            -82.885563,
                            -74.628936
                        ],
                        [
                            -82.919419,
                            -74.630053
                        ],
                        [
                            -82.95328,
                            -74.631166
                        ],
                        [
                            -82.987146,
                            -74.632273
                        ],
                        [
                            -83.021016,
                            -74.633374
                        ],
                        [
                            -83.054892,
                            -74.634471
                        ],
                        [
                            -83.088773,
                            -74.635562
                        ],
                        [
                            -83.122658,
                            -74.636648
                        ],
                        [
                            -83.156549,
                            -74.637728
                        ],
                        [
                            -83.171466,
                            -74.642757
                        ],
                        [
                            -83.186394,
                            -74.647785
                        ],
                        [
                            -83.220313,
                            -74.648855
                        ],
                        [
                            -83.254238,
                            -74.649921
                        ],
                        [
                            -83.288167,
                            -74.650981
                        ],
                        [
                            -83.322101,
                            -74.652035
                        ],
                        [
                            -83.35604,
                            -74.653084
                        ],
                        [
                            -83.389983,
                            -74.654128
                        ],
                        [
                            -83.423931,
                            -74.655167
                        ],
                        [
                            -83.457884,
                            -74.6562
                        ],
                        [
                            -83.472919,
                            -74.661209
                        ],
                        [
                            -83.487965,
                            -74.666216
                        ],
                        [
                            -83.521947,
                            -74.667239
                        ],
                        [
                            -83.555933,
                            -74.668257
                        ],
                        [
                            -83.574842,
                            -74.664269
                        ],
                        [
                            -83.593741,
                            -74.66028
                        ],
                        [
                            -83.608825,
                            -74.665279
                        ],
                        [
                            -83.623919,
                            -74.670277
                        ],
                        [
                            -83.657919,
                            -74.671279
                        ],
                        [
                            -83.691924,
                            -74.672276
                        ],
                        [
                            -83.725933,
                            -74.673267
                        ],
                        [
                            -83.759946,
                            -74.674253
                        ],
                        [
                            -83.793964,
                            -74.675233
                        ],
                        [
                            -83.827986,
                            -74.676209
                        ],
                        [
                            -83.862012,
                            -74.677179
                        ],
                        [
                            -83.896043,
                            -74.678143
                        ],
                        [
                            -83.930078,
                            -74.679102
                        ],
                        [
                            -83.964118,
                            -74.680056
                        ],
                        [
                            -83.979344,
                            -74.68503
                        ],
                        [
                            -83.99458,
                            -74.690002
                        ],
                        [
                            -84.028648,
                            -74.690946
                        ],
                        [
                            -84.06272,
                            -74.691884
                        ],
                        [
                            -84.096797,
                            -74.692817
                        ],
                        [
                            -84.130877,
                            -74.693745
                        ],
                        [
                            -84.164962,
                            -74.694667
                        ],
                        [
                            -84.180269,
                            -74.699626
                        ],
                        [
                            -84.195586,
                            -74.704585
                        ],
                        [
                            -84.229699,
                            -74.705497
                        ],
                        [
                            -84.263816,
                            -74.706404
                        ],
                        [
                            -84.297938,
                            -74.707305
                        ],
                        [
                            -84.313301,
                            -74.712255
                        ],
                        [
                            -84.328674,
                            -74.717204
                        ],
                        [
                            -84.362824,
                            -74.718096
                        ],
                        [
                            -84.396977,
                            -74.718982
                        ],
                        [
                            -84.412385,
                            -74.723925
                        ],
                        [
                            -84.427802,
                            -74.728867
                        ],
                        [
                            -84.461984,
                            -74.729743
                        ],
                        [
                            -84.49617,
                            -74.730613
                        ],
                        [
                            -84.530359,
                            -74.731478
                        ],
                        [
                            -84.564553,
                            -74.732338
                        ],
                        [
                            -84.59875,
                            -74.733192
                        ],
                        [
                            -84.632952,
                            -74.734041
                        ],
                        [
                            -84.667157,
                            -74.734885
                        ],
                        [
                            -84.701366,
                            -74.735723
                        ],
                        [
                            -84.735579,
                            -74.736556
                        ],
                        [
                            -84.769795,
                            -74.737383
                        ],
                        [
                            -84.804016,
                            -74.738205
                        ],
                        [
                            -84.83824,
                            -74.739022
                        ],
                        [
                            -84.872467,
                            -74.739833
                        ],
                        [
                            -84.906699,
                            -74.740639
                        ],
                        [
                            -84.940934,
                            -74.74144
                        ],
                        [
                            -84.975172,
                            -74.742235
                        ],
                        [
                            -85.009414,
                            -74.743025
                        ],
                        [
                            -85.04366,
                            -74.743809
                        ],
                        [
                            -85.07791,
                            -74.744588
                        ],
                        [
                            -85.112162,
                            -74.745362
                        ],
                        [
                            -85.146419,
                            -74.74613
                        ],
                        [
                            -85.180679,
                            -74.746893
                        ],
                        [
                            -85.214942,
                            -74.74765
                        ],
                        [
                            -85.249209,
                            -74.748402
                        ],
                        [
                            -85.264924,
                            -74.753285
                        ],
                        [
                            -85.28065,
                            -74.758166
                        ],
                        [
                            -85.314943,
                            -74.758908
                        ],
                        [
                            -85.349241,
                            -74.759644
                        ],
                        [
                            -85.383541,
                            -74.760375
                        ],
                        [
                            -85.417845,
                            -74.761101
                        ],
                        [
                            -85.452153,
                            -74.761821
                        ],
                        [
                            -85.486463,
                            -74.762536
                        ],
                        [
                            -85.520777,
                            -74.763245
                        ],
                        [
                            -85.555094,
                            -74.763949
                        ],
                        [
                            -85.589414,
                            -74.764647
                        ],
                        [
                            -85.605256,
                            -74.769505
                        ],
                        [
                            -85.621109,
                            -74.774362
                        ],
                        [
                            -85.655456,
                            -74.77505
                        ],
                        [
                            -85.689806,
                            -74.775733
                        ],
                        [
                            -85.724159,
                            -74.77641
                        ],
                        [
                            -85.758515,
                            -74.777082
                        ],
                        [
                            -85.792874,
                            -74.777749
                        ],
                        [
                            -85.808796,
                            -74.782592
                        ],
                        [
                            -85.824728,
                            -74.787435
                        ],
                        [
                            -85.859114,
                            -74.788091
                        ],
                        [
                            -85.893503,
                            -74.788741
                        ],
                        [
                            -85.927895,
                            -74.789387
                        ],
                        [
                            -85.962289,
                            -74.790026
                        ],
                        [
                            -85.996687,
                            -74.790661
                        ],
                        [
                            -86.031088,
                            -74.79129
                        ],
                        [
                            -86.065491,
                            -74.791913
                        ],
                        [
                            -86.099897,
                            -74.792532
                        ],
                        [
                            -86.134306,
                            -74.793144
                        ],
                        [
                            -86.168718,
                            -74.793752
                        ],
                        [
                            -86.203133,
                            -74.794354
                        ],
                        [
                            -86.23755,
                            -74.79495
                        ],
                        [
                            -86.27197,
                            -74.795541
                        ],
                        [
                            -86.306393,
                            -74.796127
                        ],
                        [
                            -86.324711,
                            -74.791903
                        ],
                        [
                            -86.343019,
                            -74.787677
                        ],
                        [
                            -86.377426,
                            -74.788251
                        ],
                        [
                            -86.395715,
                            -74.784021
                        ],
                        [
                            -86.413993,
                            -74.779789
                        ],
                        [
                            -86.432261,
                            -74.775556
                        ],
                        [
                            -86.450519,
                            -74.771322
                        ],
                        [
                            -86.484893,
                            -74.771879
                        ],
                        [
                            -86.51927,
                            -74.772431
                        ],
                        [
                            -86.537499,
                            -74.768189
                        ],
                        [
                            -86.555718,
                            -74.763946
                        ],
                        [
                            -86.590079,
                            -74.764487
                        ],
                        [
                            -86.608279,
                            -74.760239
                        ],
                        [
                            -86.626468,
                            -74.75599
                        ],
                        [
                            -86.660814,
                            -74.75652
                        ],
                        [
                            -86.678984,
                            -74.752266
                        ],
                        [
                            -86.697144,
                            -74.748011
                        ],
                        [
                            -86.715294,
                            -74.743755
                        ],
                        [
                            -86.717262,
                            -74.734722
                        ],
                        [
                            -86.73539,
                            -74.730464
                        ],
                        [
                            -86.753508,
                            -74.726205
                        ],
                        [
                            -86.771616,
                            -74.721944
                        ],
                        [
                            -86.789713,
                            -74.717681
                        ],
                        [
                            -86.791634,
                            -74.708648
                        ],
                        [
                            -86.80971,
                            -74.704384
                        ],
                        [
                            -86.827775,
                            -74.700119
                        ],
                        [
                            -86.829671,
                            -74.691086
                        ],
                        [
                            -86.847715,
                            -74.686819
                        ],
                        [
                            -86.865749,
                            -74.682551
                        ],
                        [
                            -86.883773,
                            -74.678281
                        ],
                        [
                            -86.901786,
                            -74.67401
                        ],
                        [
                            -86.903635,
                            -74.664977
                        ],
                        [
                            -86.905481,
                            -74.655944
                        ],
                        [
                            -86.907325,
                            -74.646911
                        ],
                        [
                            -86.909166,
                            -74.637879
                        ],
                        [
                            -86.911006,
                            -74.628847
                        ],
                        [
                            -86.928953,
                            -74.624574
                        ],
                        [
                            -86.94689,
                            -74.620299
                        ],
                        [
                            -86.948705,
                            -74.611267
                        ],
                        [
                            -86.950518,
                            -74.602235
                        ],
                        [
                            -86.952329,
                            -74.593203
                        ],
                        [
                            -86.954137,
                            -74.584171
                        ],
                        [
                            -86.955944,
                            -74.57514
                        ],
                        [
                            -86.973815,
                            -74.570864
                        ],
                        [
                            -87.007755,
                            -74.571338
                        ],
                        [
                            -87.041697,
                            -74.571808
                        ],
                        [
                            -87.059541,
                            -74.567524
                        ],
                        [
                            -87.061283,
                            -74.558492
                        ],
                        [
                            -87.045201,
                            -74.553744
                        ],
                        [
                            -87.02913,
                            -74.548995
                        ],
                        [
                            -87.030888,
                            -74.539963
                        ],
                        [
                            -87.032644,
                            -74.530932
                        ],
                        [
                            -87.0166,
                            -74.526182
                        ],
                        [
                            -87.000566,
                            -74.52143
                        ],
                        [
                            -87.002338,
                            -74.5124
                        ],
                        [
                            -87.004107,
                            -74.503369
                        ],
                        [
                            -86.988101,
                            -74.498617
                        ],
                        [
                            -86.972105,
                            -74.493864
                        ],
                        [
                            -86.973891,
                            -74.484835
                        ],
                        [
                            -86.975674,
                            -74.475805
                        ],
                        [
                            -86.959705,
                            -74.471051
                        ],
                        [
                            -86.943747,
                            -74.466296
                        ],
                        [
                            -86.945545,
                            -74.457267
                        ],
                        [
                            -86.947342,
                            -74.448238
                        ],
                        [
                            -86.931411,
                            -74.443483
                        ],
                        [
                            -86.91549,
                            -74.438726
                        ],
                        [
                            -86.917302,
                            -74.429698
                        ],
                        [
                            -86.919112,
                            -74.42067
                        ],
                        [
                            -86.903218,
                            -74.415913
                        ],
                        [
                            -86.887334,
                            -74.411154
                        ],
                        [
                            -86.889159,
                            -74.402127
                        ],
                        [
                            -86.890982,
                            -74.3931
                        ],
                        [
                            -86.875126,
                            -74.38834
                        ],
                        [
                            -86.859279,
                            -74.38358
                        ],
                        [
                            -86.861117,
                            -74.374553
                        ],
                        [
                            -86.862954,
                            -74.365527
                        ],
                        [
                            -86.847134,
                            -74.360766
                        ],
                        [
                            -86.831324,
                            -74.356004
                        ],
                        [
                            -86.833175,
                            -74.346978
                        ],
                        [
                            -86.835025,
                            -74.337953
                        ],
                        [
                            -86.819242,
                            -74.33319
                        ],
                        [
                            -86.803469,
                            -74.328426
                        ],
                        [
                            -86.805333,
                            -74.319401
                        ],
                        [
                            -86.789578,
                            -74.314637
                        ],
                        [
                            -86.773833,
                            -74.309871
                        ],
                        [
                            -86.775712,
                            -74.300847
                        ],
                        [
                            -86.759985,
                            -74.29608
                        ],
                        [
                            -86.744268,
                            -74.291312
                        ],
                        [
                            -86.746162,
                            -74.282289
                        ],
                        [
                            -86.730463,
                            -74.27752
                        ],
                        [
                            -86.714774,
                            -74.27275
                        ],
                        [
                            -86.716683,
                            -74.263727
                        ],
                        [
                            -86.701012,
                            -74.258956
                        ],
                        [
                            -86.68535,
                            -74.254185
                        ],
                        [
                            -86.687274,
                            -74.245162
                        ],
                        [
                            -86.67163,
                            -74.24039
                        ],
                        [
                            -86.655996,
                            -74.235616
                        ],
                        [
                            -86.640372,
                            -74.230841
                        ],
                        [
                            -86.624757,
                            -74.226065
                        ],
                        [
                            -86.626713,
                            -74.217044
                        ],
                        [
                            -86.611116,
                            -74.212267
                        ],
                        [
                            -86.595529,
                            -74.207489
                        ],
                        [
                            -86.597499,
                            -74.198469
                        ],
                        [
                            -86.581929,
                            -74.19369
                        ],
                        [
                            -86.56637,
                            -74.18891
                        ],
                        [
                            -86.550819,
                            -74.184129
                        ],
                        [
                            -86.535279,
                            -74.179347
                        ],
                        [
                            -86.53728,
                            -74.170328
                        ],
                        [
                            -86.521757,
                            -74.165545
                        ],
                        [
                            -86.506244,
                            -74.160761
                        ],
                        [
                            -86.508259,
                            -74.151742
                        ],
                        [
                            -86.492764,
                            -74.146957
                        ],
                        [
                            -86.477278,
                            -74.142171
                        ],
                        [
                            -86.461801,
                            -74.137384
                        ],
                        [
                            -86.446334,
                            -74.132596
                        ],
                        [
                            -86.44838,
                            -74.123579
                        ],
                        [
                            -86.432931,
                            -74.11879
                        ],
                        [
                            -86.417491,
                            -74.114
                        ],
                        [
                            -86.419551,
                            -74.104983
                        ],
                        [
                            -86.404129,
                            -74.100192
                        ],
                        [
                            -86.388716,
                            -74.0954
                        ],
                        [
                            -86.373312,
                            -74.090607
                        ],
                        [
                            -86.357918,
                            -74.085813
                        ],
                        [
                            -86.360009,
                            -74.076798
                        ],
                        [
                            -86.344633,
                            -74.072003
                        ],
                        [
                            -86.329266,
                            -74.067207
                        ],
                        [
                            -86.331371,
                            -74.058192
                        ],
                        [
                            -86.316021,
                            -74.053395
                        ],
                        [
                            -86.300681,
                            -74.048597
                        ],
                        [
                            -86.285349,
                            -74.043798
                        ],
                        [
                            -86.270028,
                            -74.038998
                        ],
                        [
                            -86.272163,
                            -74.029985
                        ],
                        [
                            -86.256859,
                            -74.025184
                        ],
                        [
                            -86.241564,
                            -74.020382
                        ],
                        [
                            -86.226278,
                            -74.015579
                        ],
                        [
                            -86.211002,
                            -74.010775
                        ],
                        [
                            -86.213167,
                            -74.001762
                        ],
                        [
                            -86.197908,
                            -73.996957
                        ],
                        [
                            -86.182658,
                            -73.992151
                        ],
                        [
                            -86.184837,
                            -73.98314
                        ],
                        [
                            -86.169604,
                            -73.978333
                        ],
                        [
                            -86.154381,
                            -73.973525
                        ],
                        [
                            -86.139167,
                            -73.968716
                        ],
                        [
                            -86.123963,
                            -73.963906
                        ],
                        [
                            -86.126171,
                            -73.954896
                        ],
                        [
                            -86.110983,
                            -73.950085
                        ],
                        [
                            -86.095805,
                            -73.945274
                        ],
                        [
                            -86.098027,
                            -73.936264
                        ],
                        [
                            -86.082866,
                            -73.931451
                        ],
                        [
                            -86.067714,
                            -73.926638
                        ],
                        [
                            -86.052571,
                            -73.921823
                        ],
                        [
                            -86.037437,
                            -73.917007
                        ],
                        [
                            -86.039688,
                            -73.907999
                        ],
                        [
                            -86.024572,
                            -73.903182
                        ],
                        [
                            -86.009464,
                            -73.898365
                        ],
                        [
                            -86.011728,
                            -73.889357
                        ],
                        [
                            -85.996638,
                            -73.884539
                        ],
                        [
                            -85.981557,
                            -73.879719
                        ],
                        [
                            -85.966485,
                            -73.874899
                        ],
                        [
                            -85.951422,
                            -73.870077
                        ],
                        [
                            -85.953715,
                            -73.861071
                        ],
                        [
                            -85.938669,
                            -73.856249
                        ],
                        [
                            -85.923632,
                            -73.851425
                        ],
                        [
                            -85.925938,
                            -73.84242
                        ],
                        [
                            -85.910918,
                            -73.837596
                        ],
                        [
                            -85.895907,
                            -73.832771
                        ],
                        [
                            -85.880905,
                            -73.827944
                        ],
                        [
                            -85.865913,
                            -73.823117
                        ],
                        [
                            -85.868247,
                            -73.814113
                        ],
                        [
                            -85.853271,
                            -73.809285
                        ],
                        [
                            -85.838304,
                            -73.804456
                        ],
                        [
                            -85.840651,
                            -73.795452
                        ],
                        [
                            -85.825701,
                            -73.790622
                        ],
                        [
                            -85.81076,
                            -73.785792
                        ],
                        [
                            -85.795828,
                            -73.78096
                        ],
                        [
                            -85.780905,
                            -73.776127
                        ],
                        [
                            -85.78328,
                            -73.767125
                        ],
                        [
                            -85.768373,
                            -73.762291
                        ],
                        [
                            -85.753476,
                            -73.757457
                        ],
                        [
                            -85.755864,
                            -73.748455
                        ],
                        [
                            -85.740983,
                            -73.74362
                        ],
                        [
                            -85.726111,
                            -73.738783
                        ],
                        [
                            -85.711248,
                            -73.733946
                        ],
                        [
                            -85.696394,
                            -73.729107
                        ],
                        [
                            -85.69881,
                            -73.720107
                        ],
                        [
                            -85.683972,
                            -73.715268
                        ],
                        [
                            -85.669144,
                            -73.710428
                        ],
                        [
                            -85.671572,
                            -73.701428
                        ],
                        [
                            -85.65676,
                            -73.696587
                        ],
                        [
                            -85.641957,
                            -73.691745
                        ],
                        [
                            -85.627163,
                            -73.686902
                        ],
                        [
                            -85.612378,
                            -73.682058
                        ],
                        [
                            -85.614833,
                            -73.67306
                        ],
                        [
                            -85.600064,
                            -73.668215
                        ],
                        [
                            -85.585304,
                            -73.66337
                        ],
                        [
                            -85.570553,
                            -73.658523
                        ],
                        [
                            -85.555811,
                            -73.653675
                        ],
                        [
                            -85.558294,
                            -73.644678
                        ],
                        [
                            -85.543568,
                            -73.63983
                        ],
                        [
                            -85.528851,
                            -73.63498
                        ],
                        [
                            -85.531345,
                            -73.625984
                        ],
                        [
                            -85.516645,
                            -73.621134
                        ],
                        [
                            -85.501953,
                            -73.616283
                        ],
                        [
                            -85.48727,
                            -73.61143
                        ],
                        [
                            -85.472595,
                            -73.606577
                        ],
                        [
                            -85.475117,
                            -73.597582
                        ],
                        [
                            -85.460459,
                            -73.592728
                        ],
                        [
                            -85.44581,
                            -73.587873
                        ],
                        [
                            -85.431169,
                            -73.583018
                        ],
                        [
                            -85.416537,
                            -73.578161
                        ],
                        [
                            -85.419086,
                            -73.569167
                        ],
                        [
                            -85.40447,
                            -73.564309
                        ],
                        [
                            -85.389863,
                            -73.559451
                        ],
                        [
                            -85.392423,
                            -73.550458
                        ],
                        [
                            -85.377832,
                            -73.545599
                        ],
                        [
                            -85.36325,
                            -73.540738
                        ],
                        [
                            -85.348677,
                            -73.535877
                        ],
                        [
                            -85.334112,
                            -73.531015
                        ],
                        [
                            -85.336699,
                            -73.522023
                        ],
                        [
                            -85.32215,
                            -73.51716
                        ],
                        [
                            -85.30761,
                            -73.512296
                        ],
                        [
                            -85.310208,
                            -73.503305
                        ],
                        [
                            -85.295684,
                            -73.498441
                        ],
                        [
                            -85.281169,
                            -73.493575
                        ],
                        [
                            -85.266662,
                            -73.488709
                        ],
                        [
                            -85.252164,
                            -73.483841
                        ],
                        [
                            -85.237675,
                            -73.478972
                        ],
                        [
                            -85.206074,
                            -73.478221
                        ],
                        [
                            -85.191603,
                            -73.473349
                        ],
                        [
                            -85.177141,
                            -73.468476
                        ],
                        [
                            -85.145563,
                            -73.467716
                        ],
                        [
                            -85.113988,
                            -73.46695
                        ],
                        [
                            -85.082416,
                            -73.466179
                        ],
                        [
                            -85.050846,
                            -73.465403
                        ],
                        [
                            -85.036434,
                            -73.46052
                        ],
                        [
                            -85.022029,
                            -73.455637
                        ],
                        [
                            -85.007634,
                            -73.450752
                        ],
                        [
                            -84.993247,
                            -73.445866
                        ],
                        [
                            -84.961721,
                            -73.445077
                        ],
                        [
                            -84.947353,
                            -73.440188
                        ],
                        [
                            -84.932993,
                            -73.435298
                        ],
                        [
                            -84.918642,
                            -73.430407
                        ],
                        [
                            -84.9043,
                            -73.425515
                        ],
                        [
                            -84.889966,
                            -73.420622
                        ],
                        [
                            -84.875641,
                            -73.415729
                        ],
                        [
                            -84.861324,
                            -73.410834
                        ],
                        [
                            -84.847016,
                            -73.405938
                        ],
                        [
                            -84.832717,
                            -73.401041
                        ],
                        [
                            -84.818426,
                            -73.396144
                        ],
                        [
                            -84.804143,
                            -73.391245
                        ],
                        [
                            -84.789869,
                            -73.386346
                        ],
                        [
                            -84.775604,
                            -73.381445
                        ],
                        [
                            -84.761347,
                            -73.376544
                        ],
                        [
                            -84.747099,
                            -73.371642
                        ],
                        [
                            -84.732859,
                            -73.366738
                        ],
                        [
                            -84.718628,
                            -73.361834
                        ],
                        [
                            -84.704405,
                            -73.356929
                        ],
                        [
                            -84.690191,
                            -73.352022
                        ],
                        [
                            -84.675985,
                            -73.347115
                        ],
                        [
                            -84.661787,
                            -73.342207
                        ],
                        [
                            -84.647599,
                            -73.337298
                        ],
                        [
                            -84.633418,
                            -73.332388
                        ],
                        [
                            -84.619246,
                            -73.327477
                        ],
                        [
                            -84.605083,
                            -73.322565
                        ],
                        [
                            -84.590928,
                            -73.317653
                        ],
                        [
                            -84.576781,
                            -73.312739
                        ],
                        [
                            -84.562643,
                            -73.307824
                        ],
                        [
                            -84.548514,
                            -73.302908
                        ],
                        [
                            -84.534392,
                            -73.297992
                        ],
                        [
                            -84.52028,
                            -73.293074
                        ],
                        [
                            -84.506175,
                            -73.288156
                        ],
                        [
                            -84.492079,
                            -73.283236
                        ],
                        [
                            -84.477992,
                            -73.278316
                        ],
                        [
                            -84.446812,
                            -73.277446
                        ],
                        [
                            -84.432743,
                            -73.272523
                        ],
                        [
                            -84.418683,
                            -73.267598
                        ],
                        [
                            -84.387527,
                            -73.266719
                        ],
                        [
                            -84.373484,
                            -73.261791
                        ],
                        [
                            -84.359451,
                            -73.256863
                        ],
                        [
                            -84.328318,
                            -73.255974
                        ],
                        [
                            -84.297189,
                            -73.255081
                        ],
                        [
                            -84.283183,
                            -73.250147
                        ],
                        [
                            -84.269186,
                            -73.245213
                        ],
                        [
                            -84.238081,
                            -73.24431
                        ],
                        [
                            -84.206978,
                            -73.243403
                        ],
                        [
                            -84.19301,
                            -73.238463
                        ],
                        [
                            -84.179049,
                            -73.233522
                        ],
                        [
                            -84.165098,
                            -73.22858
                        ],
                        [
                            -84.168271,
                            -73.219612
                        ],
                        [
                            -84.154334,
                            -73.21467
                        ],
                        [
                            -84.140406,
                            -73.209726
                        ],
                        [
                            -84.126485,
                            -73.204782
                        ],
                        [
                            -84.112573,
                            -73.199837
                        ],
                        [
                            -84.09867,
                            -73.194891
                        ],
                        [
                            -84.084774,
                            -73.189944
                        ],
                        [
                            -84.087984,
                            -73.180978
                        ],
                        [
                            -84.074103,
                            -73.176031
                        ],
                        [
                            -84.060231,
                            -73.171082
                        ],
                        [
                            -84.046367,
                            -73.166133
                        ],
                        [
                            -84.032512,
                            -73.161183
                        ],
                        [
                            -84.018664,
                            -73.156232
                        ],
                        [
                            -84.004825,
                            -73.151279
                        ],
                        [
                            -84.00807,
                            -73.142316
                        ],
                        [
                            -83.994246,
                            -73.137363
                        ],
                        [
                            -83.980429,
                            -73.13241
                        ],
                        [
                            -83.966622,
                            -73.127455
                        ],
                        [
                            -83.952822,
                            -73.1225
                        ],
                        [
                            -83.93903,
                            -73.117544
                        ],
                        [
                            -83.925247,
                            -73.112587
                        ],
                        [
                            -83.928527,
                            -73.103625
                        ],
                        [
                            -83.914759,
                            -73.098667
                        ],
                        [
                            -83.900998,
                            -73.093709
                        ],
                        [
                            -83.887246,
                            -73.088749
                        ],
                        [
                            -83.873502,
                            -73.083789
                        ],
                        [
                            -83.876804,
                            -73.074829
                        ],
                        [
                            -83.863075,
                            -73.069868
                        ],
                        [
                            -83.849353,
                            -73.064906
                        ],
                        [
                            -83.83564,
                            -73.059943
                        ],
                        [
                            -83.821935,
                            -73.05498
                        ],
                        [
                            -83.808238,
                            -73.050015
                        ],
                        [
                            -83.794549,
                            -73.04505
                        ],
                        [
                            -83.797887,
                            -73.036092
                        ],
                        [
                            -83.784212,
                            -73.031126
                        ],
                        [
                            -83.770546,
                            -73.026159
                        ],
                        [
                            -83.756888,
                            -73.021192
                        ],
                        [
                            -83.743238,
                            -73.016223
                        ],
                        [
                            -83.729596,
                            -73.011254
                        ],
                        [
                            -83.715962,
                            -73.006283
                        ],
                        [
                            -83.719334,
                            -72.997328
                        ],
                        [
                            -83.705714,
                            -72.992357
                        ],
                        [
                            -83.692103,
                            -72.987385
                        ],
                        [
                            -83.6785,
                            -72.982412
                        ],
                        [
                            -83.664904,
                            -72.977439
                        ],
                        [
                            -83.668297,
                            -72.968485
                        ],
                        [
                            -83.654716,
                            -72.963511
                        ],
                        [
                            -83.641143,
                            -72.958536
                        ],
                        [
                            -83.627579,
                            -72.95356
                        ],
                        [
                            -83.614022,
                            -72.948583
                        ],
                        [
                            -83.600473,
                            -72.943605
                        ],
                        [
                            -83.586932,
                            -72.938627
                        ],
                        [
                            -83.590359,
                            -72.929675
                        ],
                        [
                            -83.576832,
                            -72.924696
                        ],
                        [
                            -83.563314,
                            -72.919716
                        ],
                        [
                            -83.549803,
                            -72.914736
                        ],
                        [
                            -83.536301,
                            -72.909754
                        ],
                        [
                            -83.539748,
                            -72.900804
                        ],
                        [
                            -83.52626,
                            -72.895822
                        ],
                        [
                            -83.512779,
                            -72.890839
                        ],
                        [
                            -83.499307,
                            -72.885855
                        ],
                        [
                            -83.485842,
                            -72.88087
                        ],
                        [
                            -83.472386,
                            -72.875884
                        ],
                        [
                            -83.458937,
                            -72.870898
                        ],
                        [
                            -83.462418,
                            -72.86195
                        ],
                        [
                            -83.448983,
                            -72.856963
                        ],
                        [
                            -83.435556,
                            -72.851975
                        ],
                        [
                            -83.422138,
                            -72.846986
                        ],
                        [
                            -83.408727,
                            -72.841997
                        ],
                        [
                            -83.395324,
                            -72.837006
                        ],
                        [
                            -83.381929,
                            -72.832015
                        ],
                        [
                            -83.385442,
                            -72.823069
                        ],
                        [
                            -83.372061,
                            -72.818078
                        ],
                        [
                            -83.358688,
                            -72.813085
                        ],
                        [
                            -83.345323,
                            -72.808091
                        ],
                        [
                            -83.331965,
                            -72.803097
                        ],
                        [
                            -83.335499,
                            -72.794153
                        ],
                        [
                            -83.322156,
                            -72.789158
                        ],
                        [
                            -83.30882,
                            -72.784162
                        ],
                        [
                            -83.295492,
                            -72.779166
                        ],
                        [
                            -83.282172,
                            -72.774168
                        ],
                        [
                            -83.26886,
                            -72.76917
                        ],
                        [
                            -83.255556,
                            -72.764171
                        ],
                        [
                            -83.259122,
                            -72.755229
                        ],
                        [
                            -83.245831,
                            -72.75023
                        ],
                        [
                            -83.232548,
                            -72.745229
                        ],
                        [
                            -83.219273,
                            -72.740228
                        ],
                        [
                            -83.206006,
                            -72.735226
                        ],
                        [
                            -83.209592,
                            -72.726285
                        ],
                        [
                            -83.196339,
                            -72.721283
                        ],
                        [
                            -83.183093,
                            -72.716279
                        ],
                        [
                            -83.169855,
                            -72.711275
                        ],
                        [
                            -83.156625,
                            -72.70627
                        ],
                        [
                            -83.143403,
                            -72.701264
                        ],
                        [
                            -83.130189,
                            -72.696257
                        ],
                        [
                            -83.133806,
                            -72.687319
                        ],
                        [
                            -83.120605,
                            -72.682312
                        ],
                        [
                            -83.107412,
                            -72.677303
                        ],
                        [
                            -83.094227,
                            -72.672294
                        ],
                        [
                            -83.081049,
                            -72.667285
                        ],
                        [
                            -83.067879,
                            -72.662274
                        ],
                        [
                            -83.054717,
                            -72.657262
                        ],
                        [
                            -83.058365,
                            -72.648327
                        ],
                        [
                            -83.045217,
                            -72.643315
                        ],
                        [
                            -83.032076,
                            -72.638302
                        ],
                        [
                            -83.018943,
                            -72.633288
                        ],
                        [
                            -83.005817,
                            -72.628274
                        ],
                        [
                            -82.992699,
                            -72.623258
                        ],
                        [
                            -82.979589,
                            -72.618242
                        ],
                        [
                            -82.966487,
                            -72.613225
                        ],
                        [
                            -82.953392,
                            -72.608207
                        ],
                        [
                            -82.940305,
                            -72.603189
                        ],
                        [
                            -82.927225,
                            -72.598169
                        ],
                        [
                            -82.914153,
                            -72.593149
                        ],
                        [
                            -82.901089,
                            -72.588128
                        ],
                        [
                            -82.888033,
                            -72.583106
                        ],
                        [
                            -82.874984,
                            -72.578083
                        ],
                        [
                            -82.861942,
                            -72.573059
                        ],
                        [
                            -82.848909,
                            -72.568035
                        ],
                        [
                            -82.835883,
                            -72.56301
                        ],
                        [
                            -82.822864,
                            -72.557983
                        ],
                        [
                            -82.809854,
                            -72.552957
                        ],
                        [
                            -82.793087,
                            -72.556857
                        ],
                        [
                            -82.796851,
                            -72.547929
                        ],
                        [
                            -82.80061,
                            -72.539001
                        ],
                        [
                            -82.804365,
                            -72.530073
                        ],
                        [
                            -82.791381,
                            -72.525045
                        ],
                        [
                            -82.778404,
                            -72.520017
                        ],
                        [
                            -82.782167,
                            -72.51109
                        ],
                        [
                            -82.785926,
                            -72.502163
                        ],
                        [
                            -82.772968,
                            -72.497135
                        ],
                        [
                            -82.760018,
                            -72.492105
                        ],
                        [
                            -82.763784,
                            -72.483179
                        ],
                        [
                            -82.767546,
                            -72.474254
                        ],
                        [
                            -82.771304,
                            -72.465328
                        ],
                        [
                            -82.758378,
                            -72.460299
                        ],
                        [
                            -82.74546,
                            -72.455269
                        ],
                        [
                            -82.749226,
                            -72.446344
                        ],
                        [
                            -82.752987,
                            -72.43742
                        ],
                        [
                            -82.740088,
                            -72.43239
                        ],
                        [
                            -82.727195,
                            -72.427359
                        ],
                        [
                            -82.730964,
                            -72.418435
                        ],
                        [
                            -82.73473,
                            -72.409511
                        ],
                        [
                            -82.721856,
                            -72.404481
                        ],
                        [
                            -82.70899,
                            -72.399449
                        ],
                        [
                            -82.712762,
                            -72.390526
                        ],
                        [
                            -82.71653,
                            -72.381604
                        ],
                        [
                            -82.703683,
                            -72.376572
                        ],
                        [
                            -82.690842,
                            -72.371539
                        ],
                        [
                            -82.694618,
                            -72.362618
                        ],
                        [
                            -82.69839,
                            -72.353696
                        ],
                        [
                            -82.685568,
                            -72.348664
                        ],
                        [
                            -82.672753,
                            -72.34363
                        ],
                        [
                            -82.676532,
                            -72.33471
                        ],
                        [
                            -82.663731,
                            -72.329676
                        ],
                        [
                            -82.680307,
                            -72.325789
                        ],
                        [
                            -82.696876,
                            -72.321901
                        ],
                        [
                            -82.713438,
                            -72.318012
                        ],
                        [
                            -82.71719,
                            -72.309091
                        ],
                        [
                            -82.733735,
                            -72.3052
                        ],
                        [
                            -82.750272,
                            -72.301307
                        ],
                        [
                            -82.766802,
                            -72.297414
                        ],
                        [
                            -82.783325,
                            -72.293518
                        ],
                        [
                            -82.787037,
                            -72.284597
                        ],
                        [
                            -82.803543,
                            -72.2807
                        ],
                        [
                            -82.820041,
                            -72.276802
                        ],
                        [
                            -82.836533,
                            -72.272902
                        ],
                        [
                            -82.853017,
                            -72.269001
                        ],
                        [
                            -82.869493,
                            -72.265098
                        ],
                        [
                            -82.885962,
                            -72.261194
                        ],
                        [
                            -82.889614,
                            -72.252271
                        ],
                        [
                            -82.906067,
                            -72.248366
                        ],
                        [
                            -82.922512,
                            -72.244459
                        ],
                        [
                            -82.93895,
                            -72.240551
                        ],
                        [
                            -82.955381,
                            -72.236641
                        ],
                        [
                            -82.958992,
                            -72.227717
                        ],
                        [
                            -82.975406,
                            -72.223806
                        ],
                        [
                            -82.991813,
                            -72.219893
                        ],
                        [
                            -83.008212,
                            -72.215979
                        ],
                        [
                            -83.024604,
                            -72.212063
                        ],
                        [
                            -83.040989,
                            -72.208146
                        ],
                        [
                            -83.057367,
                            -72.204228
                        ],
                        [
                            -83.060919,
                            -72.195303
                        ],
                        [
                            -83.07728,
                            -72.191383
                        ],
                        [
                            -83.093634,
                            -72.187462
                        ],
                        [
                            -83.10998,
                            -72.183539
                        ],
                        [
                            -83.126319,
                            -72.179615
                        ],
                        [
                            -83.142651,
                            -72.17569
                        ],
                        [
                            -83.158975,
                            -72.171763
                        ],
                        [
                            -83.16247,
                            -72.162837
                        ],
                        [
                            -83.178778,
                            -72.158909
                        ],
                        [
                            -83.195079,
                            -72.154979
                        ],
                        [
                            -83.211372,
                            -72.151048
                        ],
                        [
                            -83.227658,
                            -72.147115
                        ],
                        [
                            -83.231113,
                            -72.138188
                        ],
                        [
                            -83.247383,
                            -72.134254
                        ],
                        [
                            -83.263645,
                            -72.130319
                        ],
                        [
                            -83.2799,
                            -72.126382
                        ],
                        [
                            -83.296148,
                            -72.122443
                        ],
                        [
                            -83.312389,
                            -72.118504
                        ],
                        [
                            -83.328622,
                            -72.114563
                        ],
                        [
                            -83.33202,
                            -72.105635
                        ],
                        [
                            -83.335414,
                            -72.096708
                        ],
                        [
                            -83.338804,
                            -72.08778
                        ],
                        [
                            -83.342191,
                            -72.078853
                        ],
                        [
                            -83.345575,
                            -72.069926
                        ],
                        [
                            -83.348955,
                            -72.060999
                        ],
                        [
                            -83.352332,
                            -72.052072
                        ],
                        [
                            -83.355705,
                            -72.043146
                        ],
                        [
                            -83.359075,
                            -72.034219
                        ],
                        [
                            -83.362442,
                            -72.025293
                        ],
                        [
                            -83.365805,
                            -72.016367
                        ],
                        [
                            -83.369165,
                            -72.007441
                        ],
                        [
                            -83.372521,
                            -71.998515
                        ],
                        [
                            -83.375874,
                            -71.98959
                        ],
                        [
                            -83.379224,
                            -71.980664
                        ],
                        [
                            -83.38257,
                            -71.971739
                        ],
                        [
                            -83.385913,
                            -71.962814
                        ],
                        [
                            -83.37318,
                            -71.957833
                        ],
                        [
                            -83.360453,
                            -71.952852
                        ],
                        [
                            -83.363804,
                            -71.943928
                        ],
                        [
                            -83.367151,
                            -71.935004
                        ],
                        [
                            -83.370495,
                            -71.92608
                        ],
                        [
                            -83.373835,
                            -71.917156
                        ],
                        [
                            -83.377172,
                            -71.908232
                        ],
                        [
                            -83.380506,
                            -71.899309
                        ],
                        [
                            -83.383836,
                            -71.890385
                        ],
                        [
                            -83.387163,
                            -71.881462
                        ],
                        [
                            -83.390487,
                            -71.872539
                        ],
                        [
                            -83.406479,
                            -71.868594
                        ],
                        [
                            -83.422464,
                            -71.864647
                        ],
                        [
                            -83.425767,
                            -71.855724
                        ],
                        [
                            -83.429067,
                            -71.846801
                        ],
                        [
                            -83.432363,
                            -71.837878
                        ],
                        [
                            -83.435656,
                            -71.828955
                        ],
                        [
                            -83.4516,
                            -71.825006
                        ],
                        [
                            -83.467536,
                            -71.821056
                        ],
                        [
                            -83.470808,
                            -71.812133
                        ],
                        [
                            -83.474077,
                            -71.803211
                        ],
                        [
                            -83.477343,
                            -71.794288
                        ],
                        [
                            -83.493247,
                            -71.790336
                        ],
                        [
                            -83.509143,
                            -71.786383
                        ],
                        [
                            -83.512388,
                            -71.77746
                        ],
                        [
                            -83.51563,
                            -71.768537
                        ],
                        [
                            -83.518869,
                            -71.759614
                        ],
                        [
                            -83.522105,
                            -71.750692
                        ],
                        [
                            -83.53796,
                            -71.746737
                        ],
                        [
                            -83.553808,
                            -71.74278
                        ],
                        [
                            -83.557023,
                            -71.733857
                        ],
                        [
                            -83.560235,
                            -71.724935
                        ],
                        [
                            -83.563444,
                            -71.716013
                        ],
                        [
                            -83.56665,
                            -71.707091
                        ],
                        [
                            -83.582456,
                            -71.703132
                        ],
                        [
                            -83.598256,
                            -71.699172
                        ],
                        [
                            -83.601441,
                            -71.69025
                        ],
                        [
                            -83.604624,
                            -71.681327
                        ],
                        [
                            -83.607803,
                            -71.672405
                        ],
                        [
                            -83.610979,
                            -71.663483
                        ],
                        [
                            -83.626738,
                            -71.659521
                        ],
                        [
                            -83.642489,
                            -71.655558
                        ],
                        [
                            -83.645645,
                            -71.646636
                        ],
                        [
                            -83.648798,
                            -71.637714
                        ],
                        [
                            -83.651948,
                            -71.628792
                        ],
                        [
                            -83.667667,
                            -71.624827
                        ],
                        [
                            -83.68338,
                            -71.620861
                        ],
                        [
                            -83.686509,
                            -71.611939
                        ],
                        [
                            -83.689636,
                            -71.603017
                        ],
                        [
                            -83.692759,
                            -71.594096
                        ],
                        [
                            -83.69588,
                            -71.585174
                        ],
                        [
                            -83.698997,
                            -71.576253
                        ],
                        [
                            -83.714661,
                            -71.572284
                        ],
                        [
                            -83.730317,
                            -71.568314
                        ],
                        [
                            -83.733415,
                            -71.559393
                        ],
                        [
                            -83.736509,
                            -71.550472
                        ],
                        [
                            -83.739601,
                            -71.541551
                        ],
                        [
                            -83.742689,
                            -71.53263
                        ],
                        [
                            -83.745775,
                            -71.523709
                        ],
                        [
                            -83.748857,
                            -71.514789
                        ],
                        [
                            -83.764457,
                            -71.510816
                        ],
                        [
                            -83.780049,
                            -71.506843
                        ],
                        [
                            -83.783112,
                            -71.497922
                        ],
                        [
                            -83.786172,
                            -71.489001
                        ],
                        [
                            -83.789228,
                            -71.480081
                        ],
                        [
                            -83.792282,
                            -71.471161
                        ],
                        [
                            -83.795333,
                            -71.462241
                        ],
                        [
                            -83.810877,
                            -71.458265
                        ],
                        [
                            -83.826415,
                            -71.454288
                        ],
                        [
                            -83.829446,
                            -71.445368
                        ],
                        [
                            -83.832474,
                            -71.436448
                        ],
                        [
                            -83.8355,
                            -71.427528
                        ],
                        [
                            -83.838522,
                            -71.418608
                        ],
                        [
                            -83.841541,
                            -71.409689
                        ],
                        [
                            -83.844558,
                            -71.400769
                        ],
                        [
                            -83.860039,
                            -71.39679
                        ],
                        [
                            -83.875514,
                            -71.39281
                        ],
                        [
                            -83.878511,
                            -71.38389
                        ],
                        [
                            -83.881505,
                            -71.374971
                        ],
                        [
                            -83.884496,
                            -71.366052
                        ],
                        [
                            -83.887485,
                            -71.357133
                        ],
                        [
                            -83.89047,
                            -71.348214
                        ],
                        [
                            -83.905897,
                            -71.344231
                        ],
                        [
                            -83.921318,
                            -71.340247
                        ],
                        [
                            -83.924284,
                            -71.331328
                        ],
                        [
                            -83.927247,
                            -71.32241
                        ],
                        [
                            -83.930208,
                            -71.313491
                        ],
                        [
                            -83.933165,
                            -71.304573
                        ],
                        [
                            -83.93612,
                            -71.295654
                        ],
                        [
                            -83.939072,
                            -71.286736
                        ],
                        [
                            -83.954437,
                            -71.28275
                        ],
                        [
                            -83.969796,
                            -71.278763
                        ],
                        [
                            -83.972728,
                            -71.269845
                        ],
                        [
                            -83.975658,
                            -71.260927
                        ],
                        [
                            -83.978585,
                            -71.252009
                        ],
                        [
                            -83.98151,
                            -71.243091
                        ],
                        [
                            -83.984431,
                            -71.234174
                        ],
                        [
                            -83.98735,
                            -71.225256
                        ],
                        [
                            -84.002653,
                            -71.221267
                        ],
                        [
                            -84.01795,
                            -71.217276
                        ],
                        [
                            -84.02085,
                            -71.208359
                        ],
                        [
                            -84.023747,
                            -71.199441
                        ],
                        [
                            -84.026641,
                            -71.190524
                        ],
                        [
                            -84.029532,
                            -71.181607
                        ],
                        [
                            -84.032421,
                            -71.172691
                        ],
                        [
                            -84.035307,
                            -71.163774
                        ],
                        [
                            -84.03819,
                            -71.154858
                        ],
                        [
                            -84.053424,
                            -71.150865
                        ],
                        [
                            -84.068652,
                            -71.14687
                        ],
                        [
                            -84.071517,
                            -71.137954
                        ],
                        [
                            -84.074378,
                            -71.129037
                        ],
                        [
                            -84.077237,
                            -71.120121
                        ],
                        [
                            -84.080093,
                            -71.111205
                        ],
                        [
                            -84.082946,
                            -71.10229
                        ],
                        [
                            -84.085797,
                            -71.093374
                        ],
                        [
                            -84.100971,
                            -71.089378
                        ],
                        [
                            -84.116138,
                            -71.08538
                        ],
                        [
                            -84.11897,
                            -71.076464
                        ],
                        [
                            -84.121799,
                            -71.067549
                        ],
                        [
                            -84.124626,
                            -71.058633
                        ],
                        [
                            -84.12745,
                            -71.049718
                        ],
                        [
                            -84.130271,
                            -71.040803
                        ],
                        [
                            -84.13309,
                            -71.031889
                        ],
                        [
                            -84.135906,
                            -71.022974
                        ],
                        [
                            -84.151012,
                            -71.018974
                        ],
                        [
                            -84.166111,
                            -71.014973
                        ],
                        [
                            -84.168908,
                            -71.006058
                        ],
                        [
                            -84.171703,
                            -70.997144
                        ],
                        [
                            -84.174495,
                            -70.988229
                        ],
                        [
                            -84.177285,
                            -70.979315
                        ],
                        [
                            -84.180072,
                            -70.970401
                        ],
                        [
                            -84.182856,
                            -70.961487
                        ],
                        [
                            -84.197902,
                            -70.957484
                        ],
                        [
                            -84.212942,
                            -70.953479
                        ],
                        [
                            -84.215708,
                            -70.944566
                        ],
                        [
                            -84.218471,
                            -70.935652
                        ],
                        [
                            -84.221232,
                            -70.926739
                        ],
                        [
                            -84.22399,
                            -70.917825
                        ],
                        [
                            -84.226745,
                            -70.908912
                        ],
                        [
                            -84.229498,
                            -70.899999
                        ],
                        [
                            -84.244485,
                            -70.895993
                        ],
                        [
                            -84.259465,
                            -70.891985
                        ],
                        [
                            -84.2622,
                            -70.883072
                        ],
                        [
                            -84.264933,
                            -70.874159
                        ],
                        [
                            -84.267662,
                            -70.865246
                        ],
                        [
                            -84.270389,
                            -70.856334
                        ],
                        [
                            -84.273114,
                            -70.847422
                        ],
                        [
                            -84.275836,
                            -70.83851
                        ],
                        [
                            -84.278555,
                            -70.829598
                        ],
                        [
                            -84.293475,
                            -70.825588
                        ],
                        [
                            -84.308389,
                            -70.821576
                        ],
                        [
                            -84.311091,
                            -70.812665
                        ],
                        [
                            -84.31379,
                            -70.803753
                        ],
                        [
                            -84.316486,
                            -70.794841
                        ],
                        [
                            -84.31918,
                            -70.78593
                        ],
                        [
                            -84.321871,
                            -70.777019
                        ],
                        [
                            -84.32456,
                            -70.768108
                        ],
                        [
                            -84.339422,
                            -70.764094
                        ],
                        [
                            -84.354278,
                            -70.76008
                        ],
                        [
                            -84.356949,
                            -70.751169
                        ],
                        [
                            -84.359617,
                            -70.742258
                        ],
                        [
                            -84.362283,
                            -70.733347
                        ],
                        [
                            -84.364947,
                            -70.724437
                        ],
                        [
                            -84.367608,
                            -70.715527
                        ],
                        [
                            -84.370266,
                            -70.706617
                        ],
                        [
                            -84.372922,
                            -70.697707
                        ],
                        [
                            -84.387719,
                            -70.69369
                        ],
                        [
                            -84.402509,
                            -70.689672
                        ],
                        [
                            -84.405148,
                            -70.680762
                        ],
                        [
                            -84.407784,
                            -70.671853
                        ],
                        [
                            -84.410417,
                            -70.662943
                        ],
                        [
                            -84.413048,
                            -70.654034
                        ],
                        [
                            -84.415677,
                            -70.645124
                        ],
                        [
                            -84.418303,
                            -70.636215
                        ],
                        [
                            -84.420927,
                            -70.627307
                        ],
                        [
                            -84.423548,
                            -70.618398
                        ],
                        [
                            -84.426167,
                            -70.60949
                        ],
                        [
                            -84.428783,
                            -70.600581
                        ],
                        [
                            -84.431397,
                            -70.591673
                        ],
                        [
                            -84.434008,
                            -70.582765
                        ],
                        [
                            -84.436617,
                            -70.573858
                        ],
                        [
                            -84.439224,
                            -70.56495
                        ],
                        [
                            -84.441828,
                            -70.556043
                        ],
                        [
                            -84.44443,
                            -70.547136
                        ],
                        [
                            -84.447029,
                            -70.538229
                        ],
                        [
                            -84.461686,
                            -70.534208
                        ],
                        [
                            -84.476338,
                            -70.530186
                        ],
                        [
                            -84.47892,
                            -70.521279
                        ],
                        [
                            -84.481499,
                            -70.512372
                        ],
                        [
                            -84.484077,
                            -70.503466
                        ],
                        [
                            -84.486651,
                            -70.494559
                        ],
                        [
                            -84.489224,
                            -70.485653
                        ],
                        [
                            -84.491794,
                            -70.476747
                        ],
                        [
                            -84.494362,
                            -70.467841
                        ],
                        [
                            -84.496927,
                            -70.458936
                        ],
                        [
                            -84.49949,
                            -70.450031
                        ],
                        [
                            -84.502051,
                            -70.441125
                        ],
                        [
                            -84.504609,
                            -70.43222
                        ],
                        [
                            -84.507165,
                            -70.423316
                        ],
                        [
                            -84.509718,
                            -70.414411
                        ],
                        [
                            -84.512269,
                            -70.405507
                        ],
                        [
                            -84.514818,
                            -70.396603
                        ],
                        [
                            -84.517364,
                            -70.387699
                        ],
                        [
                            -84.519908,
                            -70.378795
                        ],
                        [
                            -84.52245,
                            -70.369891
                        ],
                        [
                            -84.524989,
                            -70.360988
                        ],
                        [
                            -84.527526,
                            -70.352085
                        ],
                        [
                            -84.530061,
                            -70.343182
                        ],
                        [
                            -84.532593,
                            -70.334279
                        ],
                        [
                            -84.535123,
                            -70.325376
                        ],
                        [
                            -84.53765,
                            -70.316474
                        ],
                        [
                            -84.540176,
                            -70.307572
                        ],
                        [
                            -84.542699,
                            -70.29867
                        ],
                        [
                            -84.545219,
                            -70.289768
                        ],
                        [
                            -84.547738,
                            -70.280866
                        ],
                        [
                            -84.550254,
                            -70.271965
                        ],
                        [
                            -84.538334,
                            -70.267089
                        ],
                        [
                            -84.523895,
                            -70.271113
                        ],
                        [
                            -84.50945,
                            -70.275137
                        ],
                        [
                            -84.483089,
                            -70.274279
                        ],
                        [
                            -84.468633,
                            -70.278299
                        ],
                        [
                            -84.454171,
                            -70.282317
                        ],
                        [
                            -84.439703,
                            -70.286335
                        ],
                        [
                            -84.425229,
                            -70.290351
                        ],
                        [
                            -84.39885,
                            -70.28948
                        ],
                        [
                            -84.384366,
                            -70.293493
                        ],
                        [
                            -84.369875,
                            -70.297505
                        ],
                        [
                            -84.343489,
                            -70.296625
                        ],
                        [
                            -84.328988,
                            -70.300633
                        ],
                        [
                            -84.31448,
                            -70.30464
                        ],
                        [
                            -84.288087,
                            -70.303752
                        ],
                        [
                            -84.273569,
                            -70.307756
                        ],
                        [
                            -84.259044,
                            -70.311758
                        ],
                        [
                            -84.232644,
                            -70.310861
                        ],
                        [
                            -84.218109,
                            -70.31486
                        ],
                        [
                            -84.203568,
                            -70.318858
                        ],
                        [
                            -84.177161,
                            -70.317953
                        ],
                        [
                            -84.162609,
                            -70.321947
                        ],
                        [
                            -84.14805,
                            -70.32594
                        ],
                        [
                            -84.121636,
                            -70.325026
                        ],
                        [
                            -84.107067,
                            -70.329015
                        ],
                        [
                            -84.092492,
                            -70.333004
                        ],
                        [
                            -84.066071,
                            -70.332081
                        ],
                        [
                            -84.051485,
                            -70.336066
                        ],
                        [
                            -84.036894,
                            -70.34005
                        ],
                        [
                            -84.010466,
                            -70.339118
                        ],
                        [
                            -83.995863,
                            -70.343099
                        ],
                        [
                            -83.981254,
                            -70.347078
                        ],
                        [
                            -83.954819,
                            -70.346138
                        ],
                        [
                            -83.9402,
                            -70.350113
                        ],
                        [
                            -83.925574,
                            -70.354087
                        ],
                        [
                            -83.899133,
                            -70.353139
                        ],
                        [
                            -83.884496,
                            -70.35711
                        ],
                        [
                            -83.869854,
                            -70.361079
                        ],
                        [
                            -83.855206,
                            -70.365047
                        ],
                        [
                            -83.840551,
                            -70.369015
                        ],
                        [
                            -83.814093,
                            -70.368053
                        ],
                        [
                            -83.799428,
                            -70.372016
                        ],
                        [
                            -83.784757,
                            -70.375979
                        ],
                        [
                            -83.758292,
                            -70.375008
                        ],
                        [
                            -83.74361,
                            -70.378967
                        ],
                        [
                            -83.728923,
                            -70.382925
                        ],
                        [
                            -83.702451,
                            -70.381946
                        ],
                        [
                            -83.687752,
                            -70.3859
                        ],
                        [
                            -83.673048,
                            -70.389853
                        ],
                        [
                            -83.64657,
                            -70.388865
                        ],
                        [
                            -83.631854,
                            -70.392815
                        ],
                        [
                            -83.617133,
                            -70.396763
                        ],
                        [
                            -83.590648,
                            -70.395766
                        ],
                        [
                            -83.575916,
                            -70.399711
                        ],
                        [
                            -83.561177,
                            -70.403654
                        ],
                        [
                            -83.534686,
                            -70.402649
                        ],
                        [
                            -83.519937,
                            -70.406589
                        ],
                        [
                            -83.505182,
                            -70.410528
                        ],
                        [
                            -83.478684,
                            -70.409514
                        ],
                        [
                            -83.463918,
                            -70.413449
                        ],
                        [
                            -83.449147,
                            -70.417383
                        ],
                        [
                            -83.422642,
                            -70.41636
                        ],
                        [
                            -83.40786,
                            -70.420291
                        ],
                        [
                            -83.393071,
                            -70.42422
                        ],
                        [
                            -83.366561,
                            -70.423189
                        ],
                        [
                            -83.351761,
                            -70.427114
                        ],
                        [
                            -83.336956,
                            -70.431039
                        ],
                        [
                            -83.310439,
                            -70.429999
                        ],
                        [
                            -83.295623,
                            -70.433919
                        ],
                        [
                            -83.280801,
                            -70.437839
                        ],
                        [
                            -83.254278,
                            -70.43679
                        ],
                        [
                            -83.239445,
                            -70.440706
                        ],
                        [
                            -83.224607,
                            -70.444621
                        ],
                        [
                            -83.198077,
                            -70.443564
                        ],
                        [
                            -83.183227,
                            -70.447475
                        ],
                        [
                            -83.168372,
                            -70.451385
                        ],
                        [
                            -83.141836,
                            -70.450319
                        ],
                        [
                            -83.12697,
                            -70.454225
                        ],
                        [
                            -83.112098,
                            -70.45813
                        ],
                        [
                            -83.09722,
                            -70.462034
                        ],
                        [
                            -83.082336,
                            -70.465937
                        ],
                        [
                            -83.055784,
                            -70.464857
                        ],
                        [
                            -83.04089,
                            -70.468756
                        ],
                        [
                            -83.025989,
                            -70.472654
                        ],
                        [
                            -82.999431,
                            -70.471566
                        ],
                        [
                            -82.98452,
                            -70.47546
                        ],
                        [
                            -82.969602,
                            -70.479353
                        ],
                        [
                            -82.943039,
                            -70.478256
                        ],
                        [
                            -82.928111,
                            -70.482145
                        ],
                        [
                            -82.913176,
                            -70.486034
                        ],
                        [
                            -82.886607,
                            -70.484928
                        ],
                        [
                            -82.871662,
                            -70.488812
                        ],
                        [
                            -82.856711,
                            -70.492696
                        ],
                        [
                            -82.830136,
                            -70.491581
                        ],
                        [
                            -82.815174,
                            -70.495461
                        ],
                        [
                            -82.800207,
                            -70.499339
                        ],
                        [
                            -82.773625,
                            -70.498216
                        ],
                        [
                            -82.758647,
                            -70.502091
                        ],
                        [
                            -82.743663,
                            -70.505964
                        ],
                        [
                            -82.717076,
                            -70.504832
                        ],
                        [
                            -82.702081,
                            -70.508702
                        ],
                        [
                            -82.68708,
                            -70.512571
                        ],
                        [
                            -82.660487,
                            -70.51143
                        ],
                        [
                            -82.645476,
                            -70.515295
                        ],
                        [
                            -82.630458,
                            -70.519159
                        ],
                        [
                            -82.60386,
                            -70.518009
                        ],
                        [
                            -82.588832,
                            -70.52187
                        ],
                        [
                            -82.573798,
                            -70.525729
                        ],
                        [
                            -82.547193,
                            -70.52457
                        ],
                        [
                            -82.532148,
                            -70.528425
                        ],
                        [
                            -82.517098,
                            -70.53228
                        ],
                        [
                            -82.490488,
                            -70.531112
                        ],
                        [
                            -82.475426,
                            -70.534963
                        ],
                        [
                            -82.460359,
                            -70.538812
                        ],
                        [
                            -82.433743,
                            -70.537636
                        ],
                        [
                            -82.418666,
                            -70.541481
                        ],
                        [
                            -82.403582,
                            -70.545326
                        ],
                        [
                            -82.388492,
                            -70.549169
                        ],
                        [
                            -82.373396,
                            -70.553011
                        ],
                        [
                            -82.346766,
                            -70.551821
                        ],
                        [
                            -82.331659,
                            -70.555659
                        ],
                        [
                            -82.316547,
                            -70.559496
                        ],
                        [
                            -82.289911,
                            -70.558297
                        ],
                        [
                            -82.274788,
                            -70.56213
                        ],
                        [
                            -82.259659,
                            -70.565962
                        ],
                        [
                            -82.233018,
                            -70.564755
                        ],
                        [
                            -82.217878,
                            -70.568583
                        ],
                        [
                            -82.202732,
                            -70.57241
                        ],
                        [
                            -82.176086,
                            -70.571194
                        ],
                        [
                            -82.16093,
                            -70.575017
                        ],
                        [
                            -82.145768,
                            -70.57884
                        ],
                        [
                            -82.119116,
                            -70.577614
                        ],
                        [
                            -82.103943,
                            -70.581433
                        ],
                        [
                            -82.088764,
                            -70.58525
                        ],
                        [
                            -82.062107,
                            -70.584016
                        ],
                        [
                            -82.046918,
                            -70.58783
                        ],
                        [
                            -82.031723,
                            -70.591642
                        ],
                        [
                            -82.00506,
                            -70.590399
                        ],
                        [
                            -81.989855,
                            -70.594207
                        ],
                        [
                            -81.974643,
                            -70.598015
                        ],
                        [
                            -81.947975,
                            -70.596763
                        ],
                        [
                            -81.932753,
                            -70.600567
                        ],
                        [
                            -81.917525,
                            -70.604369
                        ],
                        [
                            -81.890852,
                            -70.603108
                        ],
                        [
                            -81.875614,
                            -70.606907
                        ],
                        [
                            -81.860369,
                            -70.610704
                        ],
                        [
                            -81.833691,
                            -70.609435
                        ],
                        [
                            -81.818436,
                            -70.613228
                        ],
                        [
                            -81.803175,
                            -70.617021
                        ],
                        [
                            -81.776492,
                            -70.615742
                        ],
                        [
                            -81.761221,
                            -70.619531
                        ],
                        [
                            -81.745943,
                            -70.623318
                        ],
                        [
                            -81.719255,
                            -70.622031
                        ],
                        [
                            -81.703967,
                            -70.625815
                        ],
                        [
                            -81.688673,
                            -70.629597
                        ],
                        [
                            -81.66198,
                            -70.628301
                        ],
                        [
                            -81.646676,
                            -70.63208
                        ],
                        [
                            -81.631365,
                            -70.635857
                        ],
                        [
                            -81.616049,
                            -70.639633
                        ],
                        [
                            -81.600726,
                            -70.643408
                        ],
                        [
                            -81.57402,
                            -70.642098
                        ],
                        [
                            -81.558687,
                            -70.645869
                        ],
                        [
                            -81.543348,
                            -70.649639
                        ],
                        [
                            -81.516637,
                            -70.64832
                        ],
                        [
                            -81.501288,
                            -70.652086
                        ],
                        [
                            -81.485932,
                            -70.655851
                        ],
                        [
                            -81.459216,
                            -70.654523
                        ],
                        [
                            -81.443851,
                            -70.658284
                        ],
                        [
                            -81.428479,
                            -70.662044
                        ],
                        [
                            -81.401758,
                            -70.660707
                        ],
                        [
                            -81.386376,
                            -70.664463
                        ],
                        [
                            -81.370988,
                            -70.668218
                        ],
                        [
                            -81.344263,
                            -70.666872
                        ],
                        [
                            -81.328864,
                            -70.670623
                        ],
                        [
                            -81.31346,
                            -70.674373
                        ],
                        [
                            -81.28673,
                            -70.673019
                        ],
                        [
                            -81.271315,
                            -70.676764
                        ],
                        [
                            -81.255894,
                            -70.680509
                        ],
                        [
                            -81.22916,
                            -70.679146
                        ],
                        [
                            -81.213729,
                            -70.682886
                        ],
                        [
                            -81.198292,
                            -70.686626
                        ],
                        [
                            -81.171553,
                            -70.685254
                        ],
                        [
                            -81.156106,
                            -70.688989
                        ],
                        [
                            -81.140652,
                            -70.692724
                        ],
                        [
                            -81.113909,
                            -70.691343
                        ],
                        [
                            -81.098445,
                            -70.695073
                        ],
                        [
                            -81.082975,
                            -70.698802
                        ],
                        [
                            -81.056228,
                            -70.697413
                        ],
                        [
                            -81.040748,
                            -70.701138
                        ],
                        [
                            -81.025261,
                            -70.704862
                        ],
                        [
                            -80.99851,
                            -70.703463
                        ],
                        [
                            -80.983013,
                            -70.707184
                        ],
                        [
                            -80.967511,
                            -70.710903
                        ],
                        [
                            -80.940755,
                            -70.709495
                        ],
                        [
                            -80.925242,
                            -70.71321
                        ],
                        [
                            -80.909723,
                            -70.716924
                        ],
                        [
                            -80.894198,
                            -70.720637
                        ],
                        [
                            -80.878667,
                            -70.724348
                        ],
                        [
                            -80.851899,
                            -70.722926
                        ],
                        [
                            -80.836358,
                            -70.726634
                        ],
                        [
                            -80.82081,
                            -70.73034
                        ],
                        [
                            -80.805257,
                            -70.734045
                        ],
                        [
                            -80.789697,
                            -70.737748
                        ],
                        [
                            -80.762917,
                            -70.736313
                        ],
                        [
                            -80.747347,
                            -70.740012
                        ],
                        [
                            -80.731771,
                            -70.743711
                        ],
                        [
                            -80.71619,
                            -70.747408
                        ],
                        [
                            -80.700602,
                            -70.751103
                        ],
                        [
                            -80.685008,
                            -70.754797
                        ],
                        [
                            -80.669407,
                            -70.75849
                        ],
                        [
                            -80.653801,
                            -70.762182
                        ],
                        [
                            -80.638189,
                            -70.765872
                        ],
                        [
                            -80.62257,
                            -70.76956
                        ],
                        [
                            -80.606946,
                            -70.773248
                        ],
                        [
                            -80.580129,
                            -70.771784
                        ],
                        [
                            -80.564494,
                            -70.775468
                        ],
                        [
                            -80.548854,
                            -70.77915
                        ],
                        [
                            -80.533207,
                            -70.782831
                        ],
                        [
                            -80.517554,
                            -70.78651
                        ],
                        [
                            -80.501894,
                            -70.790188
                        ],
                        [
                            -80.486229,
                            -70.793865
                        ],
                        [
                            -80.470558,
                            -70.79754
                        ],
                        [
                            -80.45488,
                            -70.801214
                        ],
                        [
                            -80.439197,
                            -70.804887
                        ],
                        [
                            -80.423507,
                            -70.808558
                        ],
                        [
                            -80.396655,
                            -70.807066
                        ],
                        [
                            -80.380955,
                            -70.810734
                        ],
                        [
                            -80.365249,
                            -70.8144
                        ],
                        [
                            -80.349537,
                            -70.818064
                        ],
                        [
                            -80.333819,
                            -70.821728
                        ],
                        [
                            -80.318095,
                            -70.82539
                        ],
                        [
                            -80.302364,
                            -70.82905
                        ],
                        [
                            -80.286628,
                            -70.832709
                        ],
                        [
                            -80.270885,
                            -70.836367
                        ],
                        [
                            -80.255137,
                            -70.840023
                        ],
                        [
                            -80.239382,
                            -70.843678
                        ],
                        [
                            -80.223621,
                            -70.847332
                        ],
                        [
                            -80.207854,
                            -70.850984
                        ],
                        [
                            -80.180958,
                            -70.849459
                        ],
                        [
                            -80.165181,
                            -70.853107
                        ],
                        [
                            -80.149398,
                            -70.856754
                        ],
                        [
                            -80.133608,
                            -70.8604
                        ],
                        [
                            -80.117813,
                            -70.864044
                        ],
                        [
                            -80.102011,
                            -70.867687
                        ],
                        [
                            -80.086203,
                            -70.871329
                        ],
                        [
                            -80.070389,
                            -70.874969
                        ],
                        [
                            -80.054569,
                            -70.878607
                        ],
                        [
                            -80.038743,
                            -70.882245
                        ],
                        [
                            -80.022911,
                            -70.88588
                        ],
                        [
                            -79.99598,
                            -70.884326
                        ],
                        [
                            -79.980138,
                            -70.887958
                        ],
                        [
                            -79.964289,
                            -70.891589
                        ],
                        [
                            -79.948435,
                            -70.895218
                        ],
                        [
                            -79.932574,
                            -70.898846
                        ],
                        [
                            -79.916707,
                            -70.902473
                        ],
                        [
                            -79.900834,
                            -70.906098
                        ],
                        [
                            -79.884955,
                            -70.909721
                        ],
                        [
                            -79.86907,
                            -70.913344
                        ],
                        [
                            -79.853178,
                            -70.916964
                        ],
                        [
                            -79.837281,
                            -70.920584
                        ],
                        [
                            -79.821377,
                            -70.924202
                        ],
                        [
                            -79.805467,
                            -70.927818
                        ],
                        [
                            -79.778495,
                            -70.926231
                        ],
                        [
                            -79.762575,
                            -70.929843
                        ],
                        [
                            -79.746649,
                            -70.933455
                        ],
                        [
                            -79.730717,
                            -70.937065
                        ],
                        [
                            -79.714778,
                            -70.940673
                        ],
                        [
                            -79.698834,
                            -70.94428
                        ],
                        [
                            -79.682883,
                            -70.947886
                        ],
                        [
                            -79.666927,
                            -70.95149
                        ],
                        [
                            -79.650964,
                            -70.955093
                        ],
                        [
                            -79.634995,
                            -70.958695
                        ],
                        [
                            -79.61902,
                            -70.962295
                        ],
                        [
                            -79.603038,
                            -70.965893
                        ],
                        [
                            -79.587051,
                            -70.96949
                        ],
                        [
                            -79.571057,
                            -70.973086
                        ],
                        [
                            -79.555057,
                            -70.976681
                        ],
                        [
                            -79.528036,
                            -70.975054
                        ],
                        [
                            -79.512026,
                            -70.978645
                        ],
                        [
                            -79.49601,
                            -70.982234
                        ],
                        [
                            -79.479988,
                            -70.985821
                        ],
                        [
                            -79.46396,
                            -70.989407
                        ],
                        [
                            -79.447925,
                            -70.992992
                        ],
                        [
                            -79.431885,
                            -70.996576
                        ],
                        [
                            -79.415838,
                            -71.000158
                        ],
                        [
                            -79.399785,
                            -71.003738
                        ],
                        [
                            -79.383726,
                            -71.007317
                        ],
                        [
                            -79.367661,
                            -71.010895
                        ],
                        [
                            -79.35159,
                            -71.014471
                        ],
                        [
                            -79.335512,
                            -71.018046
                        ],
                        [
                            -79.319429,
                            -71.021619
                        ],
                        [
                            -79.314321,
                            -71.030425
                        ],
                        [
                            -79.298223,
                            -71.033997
                        ],
                        [
                            -79.282118,
                            -71.037567
                        ],
                        [
                            -79.266007,
                            -71.041135
                        ],
                        [
                            -79.24989,
                            -71.044703
                        ],
                        [
                            -79.244744,
                            -71.053507
                        ],
                        [
                            -79.228612,
                            -71.057073
                        ],
                        [
                            -79.212474,
                            -71.060637
                        ],
                        [
                            -79.19633,
                            -71.064199
                        ],
                        [
                            -79.18018,
                            -71.06776
                        ],
                        [
                            -79.174994,
                            -71.076564
                        ],
                        [
                            -79.158828,
                            -71.080123
                        ],
                        [
                            -79.142657,
                            -71.083681
                        ],
                        [
                            -79.12648,
                            -71.087237
                        ],
                        [
                            -79.110296,
                            -71.090792
                        ],
                        [
                            -79.094106,
                            -71.094345
                        ],
                        [
                            -79.07791,
                            -71.097897
                        ],
                        [
                            -79.072667,
                            -71.106698
                        ],
                        [
                            -79.056456,
                            -71.110249
                        ],
                        [
                            -79.040239,
                            -71.113797
                        ],
                        [
                            -79.024015,
                            -71.117345
                        ],
                        [
                            -79.007786,
                            -71.12089
                        ],
                        [
                            -79.002503,
                            -71.12969
                        ],
                        [
                            -78.986258,
                            -71.133234
                        ],
                        [
                            -78.970008,
                            -71.136776
                        ],
                        [
                            -78.953751,
                            -71.140317
                        ],
                        [
                            -78.937488,
                            -71.143857
                        ],
                        [
                            -78.932165,
                            -71.152655
                        ],
                        [
                            -78.915887,
                            -71.156193
                        ],
                        [
                            -78.899602,
                            -71.159729
                        ],
                        [
                            -78.883312,
                            -71.163264
                        ],
                        [
                            -78.867015,
                            -71.166797
                        ],
                        [
                            -78.861652,
                            -71.175594
                        ],
                        [
                            -78.84534,
                            -71.179125
                        ],
                        [
                            -78.829022,
                            -71.182655
                        ],
                        [
                            -78.812698,
                            -71.186184
                        ],
                        [
                            -78.796368,
                            -71.189711
                        ],
                        [
                            -78.790964,
                            -71.198506
                        ],
                        [
                            -78.774619,
                            -71.202031
                        ],
                        [
                            -78.758267,
                            -71.205555
                        ],
                        [
                            -78.741909,
                            -71.209077
                        ],
                        [
                            -78.725545,
                            -71.212598
                        ],
                        [
                            -78.720101,
                            -71.221391
                        ],
                        [
                            -78.703722,
                            -71.22491
                        ],
                        [
                            -78.687336,
                            -71.228427
                        ],
                        [
                            -78.670944,
                            -71.231943
                        ],
                        [
                            -78.654546,
                            -71.235458
                        ],
                        [
                            -78.649062,
                            -71.24425
                        ],
                        [
                            -78.632649,
                            -71.247762
                        ],
                        [
                            -78.616229,
                            -71.251273
                        ],
                        [
                            -78.599804,
                            -71.254783
                        ],
                        [
                            -78.583372,
                            -71.258291
                        ],
                        [
                            -78.577846,
                            -71.267081
                        ],
                        [
                            -78.561399,
                            -71.270587
                        ],
                        [
                            -78.544946,
                            -71.274092
                        ],
                        [
                            -78.528486,
                            -71.277596
                        ],
                        [
                            -78.51202,
                            -71.281097
                        ],
                        [
                            -78.506454,
                            -71.289886
                        ],
                        [
                            -78.489973,
                            -71.293386
                        ],
                        [
                            -78.473486,
                            -71.296884
                        ],
                        [
                            -78.456992,
                            -71.300381
                        ],
                        [
                            -78.440492,
                            -71.303877
                        ],
                        [
                            -78.423986,
                            -71.307371
                        ],
                        [
                            -78.407473,
                            -71.310863
                        ],
                        [
                            -78.401848,
                            -71.319649
                        ],
                        [
                            -78.38532,
                            -71.323139
                        ],
                        [
                            -78.368786,
                            -71.326628
                        ],
                        [
                            -78.352246,
                            -71.330116
                        ],
                        [
                            -78.335699,
                            -71.333602
                        ],
                        [
                            -78.330033,
                            -71.342386
                        ],
                        [
                            -78.313471,
                            -71.34587
                        ],
                        [
                            -78.296902,
                            -71.349353
                        ],
                        [
                            -78.280328,
                            -71.352834
                        ],
                        [
                            -78.263747,
                            -71.356314
                        ],
                        [
                            -78.258039,
                            -71.365096
                        ],
                        [
                            -78.241443,
                            -71.368574
                        ],
                        [
                            -78.22484,
                            -71.37205
                        ],
                        [
                            -78.208232,
                            -71.375525
                        ],
                        [
                            -78.191616,
                            -71.378998
                        ],
                        [
                            -78.185867,
                            -71.387778
                        ],
                        [
                            -78.169236,
                            -71.39125
                        ],
                        [
                            -78.152599,
                            -71.394719
                        ],
                        [
                            -78.135956,
                            -71.398188
                        ],
                        [
                            -78.119307,
                            -71.401654
                        ],
                        [
                            -78.113515,
                            -71.410433
                        ],
                        [
                            -78.09685,
                            -71.413898
                        ],
                        [
                            -78.080179,
                            -71.417361
                        ],
                        [
                            -78.063502,
                            -71.420823
                        ],
                        [
                            -78.046818,
                            -71.424283
                        ],
                        [
                            -78.040984,
                            -71.43306
                        ],
                        [
                            -78.024285,
                            -71.436518
                        ],
                        [
                            -78.00758,
                            -71.439975
                        ],
                        [
                            -77.990868,
                            -71.44343
                        ],
                        [
                            -77.974149,
                            -71.446884
                        ],
                        [
                            -77.968273,
                            -71.455659
                        ],
                        [
                            -77.95154,
                            -71.459111
                        ],
                        [
                            -77.9348,
                            -71.462561
                        ],
                        [
                            -77.918053,
                            -71.46601
                        ],
                        [
                            -77.901301,
                            -71.469457
                        ],
                        [
                            -77.895382,
                            -71.47823
                        ],
                        [
                            -77.878614,
                            -71.481675
                        ],
                        [
                            -77.861839,
                            -71.485119
                        ],
                        [
                            -77.845058,
                            -71.488561
                        ],
                        [
                            -77.828271,
                            -71.492002
                        ],
                        [
                            -77.82231,
                            -71.500773
                        ],
                        [
                            -77.805507,
                            -71.504212
                        ],
                        [
                            -77.788698,
                            -71.507649
                        ],
                        [
                            -77.771882,
                            -71.511084
                        ],
                        [
                            -77.75506,
                            -71.514518
                        ],
                        [
                            -77.749057,
                            -71.523288
                        ],
                        [
                            -77.732219,
                            -71.52672
                        ],
                        [
                            -77.715375,
                            -71.53015
                        ],
                        [
                            -77.698525,
                            -71.533579
                        ],
                        [
                            -77.681668,
                            -71.537006
                        ],
                        [
                            -77.675622,
                            -71.545774
                        ],
                        [
                            -77.658749,
                            -71.5492
                        ],
                        [
                            -77.641871,
                            -71.552623
                        ],
                        [
                            -77.624985,
                            -71.556046
                        ],
                        [
                            -77.608094,
                            -71.559466
                        ],
                        [
                            -77.602004,
                            -71.568232
                        ],
                        [
                            -77.585097,
                            -71.571651
                        ],
                        [
                            -77.568184,
                            -71.575068
                        ],
                        [
                            -77.551264,
                            -71.578483
                        ],
                        [
                            -77.534337,
                            -71.581897
                        ],
                        [
                            -77.528205,
                            -71.590661
                        ],
                        [
                            -77.511262,
                            -71.594073
                        ],
                        [
                            -77.494314,
                            -71.597484
                        ],
                        [
                            -77.477359,
                            -71.600893
                        ],
                        [
                            -77.460398,
                            -71.6043
                        ],
                        [
                            -77.44343,
                            -71.607706
                        ],
                        [
                            -77.426456,
                            -71.61111
                        ],
                        [
                            -77.420261,
                            -71.619871
                        ],
                        [
                            -77.403272,
                            -71.623273
                        ],
                        [
                            -77.386275,
                            -71.626674
                        ],
                        [
                            -77.369273,
                            -71.630073
                        ],
                        [
                            -77.352264,
                            -71.63347
                        ],
                        [
                            -77.346025,
                            -71.642229
                        ],
                        [
                            -77.329,
                            -71.645625
                        ],
                        [
                            -77.311969,
                            -71.649019
                        ],
                        [
                            -77.294931,
                            -71.652411
                        ],
                        [
                            -77.277887,
                            -71.655802
                        ],
                        [
                            -77.271605,
                            -71.664559
                        ],
                        [
                            -77.254545,
                            -71.667947
                        ],
                        [
                            -77.237479,
                            -71.671334
                        ],
                        [
                            -77.220406,
                            -71.67472
                        ],
                        [
                            -77.203327,
                            -71.678104
                        ],
                        [
                            -77.197,
                            -71.686859
                        ],
                        [
                            -77.179905,
                            -71.690241
                        ],
                        [
                            -77.162804,
                            -71.693621
                        ],
                        [
                            -77.145696,
                            -71.697
                        ],
                        [
                            -77.128581,
                            -71.700377
                        ],
                        [
                            -77.12221,
                            -71.70913
                        ],
                        [
                            -77.10508,
                            -71.712505
                        ],
                        [
                            -77.087943,
                            -71.715878
                        ],
                        [
                            -77.0708,
                            -71.71925
                        ],
                        [
                            -77.053651,
                            -71.72262
                        ],
                        [
                            -77.047235,
                            -71.731371
                        ],
                        [
                            -77.03007,
                            -71.734739
                        ],
                        [
                            -77.012898,
                            -71.738106
                        ],
                        [
                            -76.99572,
                            -71.741471
                        ],
                        [
                            -76.978535,
                            -71.744835
                        ],
                        [
                            -76.972075,
                            -71.753583
                        ],
                        [
                            -76.954874,
                            -71.756945
                        ],
                        [
                            -76.937667,
                            -71.760304
                        ],
                        [
                            -76.920453,
                            -71.763663
                        ],
                        [
                            -76.903233,
                            -71.767019
                        ],
                        [
                            -76.896728,
                            -71.775766
                        ],
                        [
                            -76.879492,
                            -71.77912
                        ],
                        [
                            -76.862249,
                            -71.782473
                        ],
                        [
                            -76.845,
                            -71.785824
                        ],
                        [
                            -76.827744,
                            -71.789174
                        ],
                        [
                            -76.821195,
                            -71.797919
                        ],
                        [
                            -76.803923,
                            -71.801266
                        ],
                        [
                            -76.786645,
                            -71.804612
                        ],
                        [
                            -76.76936,
                            -71.807956
                        ],
                        [
                            -76.752069,
                            -71.811299
                        ],
                        [
                            -76.745474,
                            -71.820041
                        ],
                        [
                            -76.728167,
                            -71.823382
                        ],
                        [
                            -76.710853,
                            -71.826721
                        ],
                        [
                            -76.693533,
                            -71.830059
                        ],
                        [
                            -76.676206,
                            -71.833394
                        ],
                        [
                            -76.669566,
                            -71.842134
                        ],
                        [
                            -76.652223,
                            -71.845468
                        ],
                        [
                            -76.634874,
                            -71.8488
                        ],
                        [
                            -76.617518,
                            -71.852131
                        ],
                        [
                            -76.600156,
                            -71.85546
                        ],
                        [
                            -76.59347,
                            -71.864197
                        ],
                        [
                            -76.576092,
                            -71.867524
                        ],
                        [
                            -76.558707,
                            -71.870849
                        ],
                        [
                            -76.541315,
                            -71.874173
                        ],
                        [
                            -76.523917,
                            -71.877494
                        ],
                        [
                            -76.517186,
                            -71.88623
                        ],
                        [
                            -76.499772,
                            -71.88955
                        ],
                        [
                            -76.482351,
                            -71.892868
                        ],
                        [
                            -76.475594,
                            -71.901602
                        ],
                        [
                            -76.458157,
                            -71.904918
                        ],
                        [
                            -76.440714,
                            -71.908232
                        ],
                        [
                            -76.423263,
                            -71.911545
                        ],
                        [
                            -76.405807,
                            -71.914856
                        ],
                        [
                            -76.388344,
                            -71.918165
                        ],
                        [
                            -76.370874,
                            -71.921473
                        ],
                        [
                            -76.353398,
                            -71.924779
                        ],
                        [
                            -76.335916,
                            -71.928084
                        ],
                        [
                            -76.318427,
                            -71.931387
                        ],
                        [
                            -76.300931,
                            -71.934688
                        ],
                        [
                            -76.283429,
                            -71.937988
                        ],
                        [
                            -76.265921,
                            -71.941286
                        ],
                        [
                            -76.248406,
                            -71.944582
                        ],
                        [
                            -76.230884,
                            -71.947877
                        ],
                        [
                            -76.213356,
                            -71.95117
                        ],
                        [
                            -76.195822,
                            -71.954462
                        ],
                        [
                            -76.178281,
                            -71.957751
                        ],
                        [
                            -76.160733,
                            -71.96104
                        ],
                        [
                            -76.143179,
                            -71.964326
                        ],
                        [
                            -76.125619,
                            -71.967611
                        ],
                        [
                            -76.108051,
                            -71.970895
                        ],
                        [
                            -76.090478,
                            -71.974176
                        ],
                        [
                            -76.072898,
                            -71.977456
                        ],
                        [
                            -76.055311,
                            -71.980735
                        ],
                        [
                            -76.04831,
                            -71.989455
                        ],
                        [
                            -76.030707,
                            -71.992731
                        ],
                        [
                            -76.013098,
                            -71.996006
                        ],
                        [
                            -75.995482,
                            -71.999279
                        ],
                        [
                            -75.977859,
                            -72.00255
                        ],
                        [
                            -75.96023,
                            -72.00582
                        ],
                        [
                            -75.942595,
                            -72.009088
                        ],
                        [
                            -75.924953,
                            -72.012354
                        ],
                        [
                            -75.907304,
                            -72.015619
                        ],
                        [
                            -75.889649,
                            -72.018882
                        ],
                        [
                            -75.871987,
                            -72.022143
                        ],
                        [
                            -75.854319,
                            -72.025403
                        ],
                        [
                            -75.836645,
                            -72.028661
                        ],
                        [
                            -75.818964,
                            -72.031917
                        ],
                        [
                            -75.801276,
                            -72.035172
                        ],
                        [
                            -75.783582,
                            -72.038425
                        ],
                        [
                            -75.765881,
                            -72.041676
                        ],
                        [
                            -75.748174,
                            -72.044926
                        ],
                        [
                            -75.73046,
                            -72.048174
                        ],
                        [
                            -75.723272,
                            -72.056884
                        ],
                        [
                            -75.705542,
                            -72.06013
                        ],
                        [
                            -75.687805,
                            -72.063374
                        ],
                        [
                            -75.670062,
                            -72.066616
                        ],
                        [
                            -75.652312,
                            -72.069857
                        ],
                        [
                            -75.634555,
                            -72.073096
                        ],
                        [
                            -75.616793,
                            -72.076334
                        ],
                        [
                            -75.599023,
                            -72.07957
                        ],
                        [
                            -75.581247,
                            -72.082804
                        ],
                        [
                            -75.563465,
                            -72.086037
                        ],
                        [
                            -75.545676,
                            -72.089267
                        ],
                        [
                            -75.52788,
                            -72.092497
                        ],
                        [
                            -75.510078,
                            -72.095724
                        ],
                        [
                            -75.49227,
                            -72.09895
                        ],
                        [
                            -75.474455,
                            -72.102174
                        ],
                        [
                            -75.456633,
                            -72.105396
                        ],
                        [
                            -75.438805,
                            -72.108617
                        ],
                        [
                            -75.420971,
                            -72.111836
                        ],
                        [
                            -75.40313,
                            -72.115054
                        ],
                        [
                            -75.385282,
                            -72.11827
                        ],
                        [
                            -75.367428,
                            -72.121484
                        ],
                        [
                            -75.36003,
                            -72.130181
                        ],
                        [
                            -75.342159,
                            -72.133393
                        ],
                        [
                            -75.324282,
                            -72.136603
                        ],
                        [
                            -75.316856,
                            -72.145298
                        ],
                        [
                            -75.309423,
                            -72.153994
                        ],
                        [
                            -75.291519,
                            -72.157201
                        ],
                        [
                            -75.273608,
                            -72.160407
                        ],
                        [
                            -75.266147,
                            -72.169101
                        ],
                        [
                            -75.258679,
                            -72.177795
                        ],
                        [
                            -75.251204,
                            -72.186489
                        ],
                        [
                            -75.233255,
                            -72.189691
                        ],
                        [
                            -75.215301,
                            -72.192891
                        ],
                        [
                            -75.207797,
                            -72.201584
                        ],
                        [
                            -75.200286,
                            -72.210277
                        ],
                        [
                            -75.192768,
                            -72.218969
                        ],
                        [
                            -75.174776,
                            -72.222166
                        ],
                        [
                            -75.156777,
                            -72.225361
                        ],
                        [
                            -75.14923,
                            -72.234052
                        ],
                        [
                            -75.141676,
                            -72.242743
                        ],
                        [
                            -75.134115,
                            -72.251434
                        ],
                        [
                            -75.116078,
                            -72.254625
                        ],
                        [
                            -75.098035,
                            -72.257814
                        ],
                        [
                            -75.090446,
                            -72.266504
                        ],
                        [
                            -75.082848,
                            -72.275193
                        ],
                        [
                            -75.075243,
                            -72.283883
                        ],
                        [
                            -75.057163,
                            -72.287068
                        ],
                        [
                            -75.039075,
                            -72.290253
                        ],
                        [
                            -75.031442,
                            -72.29894
                        ],
                        [
                            -75.023801,
                            -72.307628
                        ],
                        [
                            -75.005686,
                            -72.310809
                        ],
                        [
                            -74.987565,
                            -72.313989
                        ],
                        [
                            -74.979896,
                            -72.322675
                        ],
                        [
                            -74.972219,
                            -72.331361
                        ],
                        [
                            -74.964534,
                            -72.340047
                        ],
                        [
                            -74.946374,
                            -72.343223
                        ],
                        [
                            -74.928208,
                            -72.346397
                        ],
                        [
                            -74.920495,
                            -72.355082
                        ],
                        [
                            -74.912774,
                            -72.363766
                        ],
                        [
                            -74.89458,
                            -72.366937
                        ],
                        [
                            -74.87638,
                            -72.370106
                        ],
                        [
                            -74.86863,
                            -72.378789
                        ],
                        [
                            -74.850413,
                            -72.381956
                        ],
                        [
                            -74.832189,
                            -72.385121
                        ],
                        [
                            -74.813958,
                            -72.388284
                        ],
                        [
                            -74.79572,
                            -72.391446
                        ],
                        [
                            -74.777476,
                            -72.394605
                        ],
                        [
                            -74.759226,
                            -72.397763
                        ],
                        [
                            -74.740968,
                            -72.40092
                        ],
                        [
                            -74.722704,
                            -72.404074
                        ],
                        [
                            -74.714862,
                            -72.412752
                        ],
                        [
                            -74.696581,
                            -72.415904
                        ],
                        [
                            -74.678293,
                            -72.419054
                        ],
                        [
                            -74.659999,
                            -72.422203
                        ],
                        [
                            -74.641698,
                            -72.42535
                        ],
                        [
                            -74.62339,
                            -72.428495
                        ],
                        [
                            -74.605075,
                            -72.431639
                        ],
                        [
                            -74.586754,
                            -72.43478
                        ],
                        [
                            -74.568426,
                            -72.43792
                        ],
                        [
                            -74.550092,
                            -72.441059
                        ],
                        [
                            -74.531751,
                            -72.444195
                        ],
                        [
                            -74.523794,
                            -72.452866
                        ],
                        [
                            -74.505436,
                            -72.456
                        ],
                        [
                            -74.487071,
                            -72.459132
                        ],
                        [
                            -74.468699,
                            -72.462262
                        ],
                        [
                            -74.450321,
                            -72.465391
                        ],
                        [
                            -74.431936,
                            -72.468518
                        ],
                        [
                            -74.413544,
                            -72.471644
                        ],
                        [
                            -74.395146,
                            -72.474767
                        ],
                        [
                            -74.376741,
                            -72.477889
                        ],
                        [
                            -74.368691,
                            -72.486554
                        ],
                        [
                            -74.350269,
                            -72.489673
                        ],
                        [
                            -74.33184,
                            -72.492791
                        ],
                        [
                            -74.32376,
                            -72.501454
                        ],
                        [
                            -74.305314,
                            -72.504569
                        ],
                        [
                            -74.286861,
                            -72.507682
                        ],
                        [
                            -74.278752,
                            -72.516344
                        ],
                        [
                            -74.260281,
                            -72.519455
                        ],
                        [
                            -74.241804,
                            -72.522564
                        ],
                        [
                            -74.233666,
                            -72.531224
                        ],
                        [
                            -74.215171,
                            -72.534331
                        ],
                        [
                            -74.19667,
                            -72.537435
                        ],
                        [
                            -74.188501,
                            -72.546094
                        ],
                        [
                            -74.180325,
                            -72.554752
                        ],
                        [
                            -74.17214,
                            -72.56341
                        ],
                        [
                            -74.163947,
                            -72.572068
                        ],
                        [
                            -74.155746,
                            -72.580726
                        ],
                        [
                            -74.147536,
                            -72.589384
                        ],
                        [
                            -74.139318,
                            -72.598042
                        ],
                        [
                            -74.131092,
                            -72.606699
                        ],
                        [
                            -74.122858,
                            -72.615356
                        ],
                        [
                            -74.133225,
                            -72.620916
                        ],
                        [
                            -74.143598,
                            -72.626475
                        ],
                        [
                            -74.153979,
                            -72.632033
                        ],
                        [
                            -74.164366,
                            -72.637591
                        ],
                        [
                            -74.17476,
                            -72.643149
                        ],
                        [
                            -74.185161,
                            -72.648706
                        ],
                        [
                            -74.195568,
                            -72.654263
                        ],
                        [
                            -74.224615,
                            -72.656712
                        ],
                        [
                            -74.23504,
                            -72.662267
                        ],
                        [
                            -74.245472,
                            -72.667821
                        ],
                        [
                            -74.255911,
                            -72.673374
                        ],
                        [
                            -74.266356,
                            -72.678928
                        ],
                        [
                            -74.276808,
                            -72.68448
                        ],
                        [
                            -74.287268,
                            -72.690032
                        ],
                        [
                            -74.297734,
                            -72.695584
                        ],
                        [
                            -74.308206,
                            -72.701135
                        ],
                        [
                            -74.318686,
                            -72.706686
                        ],
                        [
                            -74.329172,
                            -72.712236
                        ],
                        [
                            -74.339666,
                            -72.717786
                        ],
                        [
                            -74.350166,
                            -72.723335
                        ],
                        [
                            -74.360673,
                            -72.728884
                        ],
                        [
                            -74.371187,
                            -72.734432
                        ],
                        [
                            -74.400395,
                            -72.736855
                        ],
                        [
                            -74.410927,
                            -72.742402
                        ],
                        [
                            -74.421466,
                            -72.747947
                        ],
                        [
                            -74.432011,
                            -72.753493
                        ],
                        [
                            -74.442563,
                            -72.759037
                        ],
                        [
                            -74.453123,
                            -72.764581
                        ],
                        [
                            -74.463689,
                            -72.770125
                        ],
                        [
                            -74.474262,
                            -72.775668
                        ],
                        [
                            -74.484842,
                            -72.781211
                        ],
                        [
                            -74.495429,
                            -72.786753
                        ],
                        [
                            -74.506022,
                            -72.792295
                        ],
                        [
                            -74.516623,
                            -72.797836
                        ],
                        [
                            -74.527231,
                            -72.803377
                        ],
                        [
                            -74.537845,
                            -72.808917
                        ],
                        [
                            -74.548467,
                            -72.814457
                        ],
                        [
                            -74.559095,
                            -72.819996
                        ],
                        [
                            -74.550976,
                            -72.828676
                        ],
                        [
                            -74.561615,
                            -72.834216
                        ],
                        [
                            -74.57226,
                            -72.839754
                        ],
                        [
                            -74.564138,
                            -72.848436
                        ],
                        [
                            -74.574793,
                            -72.853974
                        ],
                        [
                            -74.585455,
                            -72.859513
                        ],
                        [
                            -74.577331,
                            -72.868195
                        ],
                        [
                            -74.588002,
                            -72.873733
                        ],
                        [
                            -74.598681,
                            -72.879271
                        ],
                        [
                            -74.590554,
                            -72.887954
                        ],
                        [
                            -74.601243,
                            -72.893492
                        ],
                        [
                            -74.611938,
                            -72.89903
                        ],
                        [
                            -74.603809,
                            -72.907714
                        ],
                        [
                            -74.59567,
                            -72.916398
                        ],
                        [
                            -74.606379,
                            -72.921936
                        ],
                        [
                            -74.617094,
                            -72.927474
                        ],
                        [
                            -74.608953,
                            -72.936159
                        ],
                        [
                            -74.619679,
                            -72.941696
                        ],
                        [
                            -74.630411,
                            -72.947233
                        ],
                        [
                            -74.622267,
                            -72.955919
                        ],
                        [
                            -74.63301,
                            -72.961457
                        ],
                        [
                            -74.643759,
                            -72.966993
                        ],
                        [
                            -74.635613,
                            -72.97568
                        ],
                        [
                            -74.646372,
                            -72.981217
                        ],
                        [
                            -74.657139,
                            -72.986753
                        ],
                        [
                            -74.64899,
                            -72.995441
                        ],
                        [
                            -74.659767,
                            -73.000978
                        ],
                        [
                            -74.67055,
                            -73.006513
                        ],
                        [
                            -74.662399,
                            -73.015202
                        ],
                        [
                            -74.673192,
                            -73.020738
                        ],
                        [
                            -74.683993,
                            -73.026273
                        ],
                        [
                            -74.675839,
                            -73.034963
                        ],
                        [
                            -74.68665,
                            -73.040499
                        ],
                        [
                            -74.697468,
                            -73.046034
                        ],
                        [
                            -74.689311,
                            -73.054725
                        ],
                        [
                            -74.700139,
                            -73.06026
                        ],
                        [
                            -74.710974,
                            -73.065794
                        ],
                        [
                            -74.702815,
                            -73.074486
                        ],
                        [
                            -74.71366,
                            -73.08002
                        ],
                        [
                            -74.724513,
                            -73.085554
                        ],
                        [
                            -74.735373,
                            -73.091088
                        ],
                        [
                            -74.74624,
                            -73.09662
                        ],
                        [
                            -74.757114,
                            -73.102153
                        ],
                        [
                            -74.767996,
                            -73.107685
                        ],
                        [
                            -74.759846,
                            -73.11638
                        ],
                        [
                            -74.770737,
                            -73.121912
                        ],
                        [
                            -74.781636,
                            -73.127443
                        ],
                        [
                            -74.792543,
                            -73.132974
                        ],
                        [
                            -74.822512,
                            -73.135336
                        ],
                        [
                            -74.833437,
                            -73.140864
                        ],
                        [
                            -74.84437,
                            -73.146392
                        ],
                        [
                            -74.855309,
                            -73.15192
                        ],
                        [
                            -74.866256,
                            -73.157447
                        ],
                        [
                            -74.89628,
                            -73.159798
                        ],
                        [
                            -74.907246,
                            -73.165323
                        ],
                        [
                            -74.918219,
                            -73.170847
                        ],
                        [
                            -74.948275,
                            -73.17319
                        ],
                        [
                            -74.978339,
                            -73.175529
                        ],
                        [
                            -75.008412,
                            -73.177863
                        ],
                        [
                            -75.019427,
                            -73.183382
                        ],
                        [
                            -75.030449,
                            -73.1889
                        ],
                        [
                            -75.060554,
                            -73.191226
                        ],
                        [
                            -75.071595,
                            -73.196742
                        ],
                        [
                            -75.082643,
                            -73.202258
                        ],
                        [
                            -75.112779,
                            -73.204576
                        ],
                        [
                            -75.123847,
                            -73.21009
                        ],
                        [
                            -75.134922,
                            -73.215602
                        ],
                        [
                            -75.165089,
                            -73.217913
                        ],
                        [
                            -75.176183,
                            -73.223424
                        ],
                        [
                            -75.187285,
                            -73.228934
                        ],
                        [
                            -75.198393,
                            -73.234443
                        ],
                        [
                            -75.209509,
                            -73.239953
                        ],
                        [
                            -75.239732,
                            -73.242252
                        ],
                        [
                            -75.250867,
                            -73.247759
                        ],
                        [
                            -75.262009,
                            -73.253265
                        ],
                        [
                            -75.292263,
                            -73.255556
                        ],
                        [
                            -75.303425,
                            -73.26106
                        ],
                        [
                            -75.314594,
                            -73.266564
                        ],
                        [
                            -75.325771,
                            -73.272067
                        ],
                        [
                            -75.317834,
                            -73.280788
                        ],
                        [
                            -75.298705,
                            -73.284006
                        ],
                        [
                            -75.27957,
                            -73.287221
                        ],
                        [
                            -75.271601,
                            -73.295941
                        ],
                        [
                            -75.263624,
                            -73.304661
                        ],
                        [
                            -75.255638,
                            -73.313381
                        ],
                        [
                            -75.23646,
                            -73.316593
                        ],
                        [
                            -75.217274,
                            -73.319802
                        ],
                        [
                            -75.209256,
                            -73.328521
                        ],
                        [
                            -75.190051,
                            -73.331728
                        ],
                        [
                            -75.170839,
                            -73.334933
                        ],
                        [
                            -75.162789,
                            -73.34365
                        ],
                        [
                            -75.154731,
                            -73.352367
                        ],
                        [
                            -75.135488,
                            -73.355569
                        ],
                        [
                            -75.116236,
                            -73.358769
                        ],
                        [
                            -75.108146,
                            -73.367484
                        ],
                        [
                            -75.088876,
                            -73.370682
                        ],
                        [
                            -75.069598,
                            -73.373878
                        ],
                        [
                            -75.050312,
                            -73.377072
                        ],
                        [
                            -75.031019,
                            -73.380264
                        ],
                        [
                            -75.011719,
                            -73.383455
                        ],
                        [
                            -74.992411,
                            -73.386644
                        ],
                        [
                            -74.984241,
                            -73.395354
                        ],
                        [
                            -74.964913,
                            -73.39854
                        ],
                        [
                            -74.945578,
                            -73.401725
                        ],
                        [
                            -74.926236,
                            -73.404907
                        ],
                        [
                            -74.906886,
                            -73.408088
                        ],
                        [
                            -74.89866,
                            -73.416795
                        ],
                        [
                            -74.890425,
                            -73.425503
                        ],
                        [
                            -74.882181,
                            -73.43421
                        ],
                        [
                            -74.862788,
                            -73.437386
                        ],
                        [
                            -74.843387,
                            -73.440561
                        ],
                        [
                            -74.835111,
                            -73.449267
                        ],
                        [
                            -74.81569,
                            -73.452439
                        ],
                        [
                            -74.796263,
                            -73.455609
                        ],
                        [
                            -74.787954,
                            -73.464313
                        ],
                        [
                            -74.768506,
                            -73.467481
                        ],
                        [
                            -74.749051,
                            -73.470647
                        ],
                        [
                            -74.729589,
                            -73.473811
                        ],
                        [
                            -74.710119,
                            -73.476973
                        ],
                        [
                            -74.701753,
                            -73.485674
                        ],
                        [
                            -74.693378,
                            -73.494375
                        ],
                        [
                            -74.673876,
                            -73.497534
                        ],
                        [
                            -74.654367,
                            -73.50069
                        ],
                        [
                            -74.645959,
                            -73.50939
                        ],
                        [
                            -74.637542,
                            -73.518089
                        ],
                        [
                            -74.629115,
                            -73.526788
                        ],
                        [
                            -74.62068,
                            -73.535486
                        ],
                        [
                            -74.612236,
                            -73.544185
                        ],
                        [
                            -74.603783,
                            -73.552883
                        ],
                        [
                            -74.595321,
                            -73.561581
                        ],
                        [
                            -74.586849,
                            -73.570279
                        ],
                        [
                            -74.578369,
                            -73.578977
                        ],
                        [
                            -74.58951,
                            -73.584525
                        ],
                        [
                            -74.600658,
                            -73.590073
                        ],
                        [
                            -74.592175,
                            -73.598772
                        ],
                        [
                            -74.583683,
                            -73.607471
                        ],
                        [
                            -74.564023,
                            -73.61062
                        ],
                        [
                            -74.544356,
                            -73.613767
                        ],
                        [
                            -74.53583,
                            -73.622464
                        ],
                        [
                            -74.527295,
                            -73.631161
                        ],
                        [
                            -74.51875,
                            -73.639857
                        ],
                        [
                            -74.510196,
                            -73.648554
                        ],
                        [
                            -74.501633,
                            -73.65725
                        ],
                        [
                            -74.481897,
                            -73.660392
                        ],
                        [
                            -74.462153,
                            -73.663531
                        ],
                        [
                            -74.453556,
                            -73.672226
                        ],
                        [
                            -74.44495,
                            -73.68092
                        ],
                        [
                            -74.436335,
                            -73.689614
                        ],
                        [
                            -74.42771,
                            -73.698309
                        ],
                        [
                            -74.419076,
                            -73.707002
                        ],
                        [
                            -74.399263,
                            -73.710136
                        ],
                        [
                            -74.379442,
                            -73.713268
                        ],
                        [
                            -74.370773,
                            -73.72196
                        ],
                        [
                            -74.362096,
                            -73.730652
                        ],
                        [
                            -74.342242,
                            -73.733781
                        ],
                        [
                            -74.322381,
                            -73.736907
                        ],
                        [
                            -74.313669,
                            -73.745598
                        ],
                        [
                            -74.304948,
                            -73.754288
                        ],
                        [
                            -74.296217,
                            -73.762978
                        ],
                        [
                            -74.287476,
                            -73.771667
                        ],
                        [
                            -74.278727,
                            -73.780357
                        ],
                        [
                            -74.269967,
                            -73.789046
                        ],
                        [
                            -74.261199,
                            -73.797735
                        ],
                        [
                            -74.272382,
                            -73.803304
                        ],
                        [
                            -74.283573,
                            -73.808872
                        ],
                        [
                            -74.2748,
                            -73.817562
                        ],
                        [
                            -74.266018,
                            -73.826252
                        ],
                        [
                            -74.257227,
                            -73.834942
                        ],
                        [
                            -74.248426,
                            -73.843631
                        ],
                        [
                            -74.239616,
                            -73.85232
                        ],
                        [
                            -74.230795,
                            -73.86101
                        ],
                        [
                            -74.221965,
                            -73.869699
                        ],
                        [
                            -74.213126,
                            -73.878387
                        ],
                        [
                            -74.204277,
                            -73.887076
                        ],
                        [
                            -74.195418,
                            -73.895764
                        ],
                        [
                            -74.18655,
                            -73.904452
                        ],
                        [
                            -74.177671,
                            -73.91314
                        ],
                        [
                            -74.168784,
                            -73.921828
                        ],
                        [
                            -74.159886,
                            -73.930516
                        ],
                        [
                            -74.150979,
                            -73.939203
                        ],
                        [
                            -74.142061,
                            -73.94789
                        ],
                        [
                            -74.133134,
                            -73.956577
                        ],
                        [
                            -74.124198,
                            -73.965264
                        ],
                        [
                            -74.115251,
                            -73.973951
                        ],
                        [
                            -74.106295,
                            -73.982637
                        ],
                        [
                            -74.097329,
                            -73.991323
                        ],
                        [
                            -74.088352,
                            -74.000009
                        ],
                        [
                            -74.079367,
                            -74.008695
                        ],
                        [
                            -74.070371,
                            -74.01738
                        ],
                        [
                            -74.061365,
                            -74.026066
                        ],
                        [
                            -74.052349,
                            -74.034751
                        ],
                        [
                            -74.043324,
                            -74.043436
                        ],
                        [
                            -74.034288,
                            -74.05212
                        ],
                        [
                            -74.025242,
                            -74.060805
                        ],
                        [
                            -74.016187,
                            -74.069489
                        ],
                        [
                            -74.007121,
                            -74.078173
                        ],
                        [
                            -73.998046,
                            -74.086857
                        ],
                        [
                            -73.98896,
                            -74.095541
                        ],
                        [
                            -73.979865,
                            -74.104224
                        ],
                        [
                            -73.970759,
                            -74.112907
                        ],
                        [
                            -73.961643,
                            -74.12159
                        ],
                        [
                            -73.952517,
                            -74.130273
                        ],
                        [
                            -73.943381,
                            -74.138955
                        ],
                        [
                            -73.934235,
                            -74.147638
                        ],
                        [
                            -73.925079,
                            -74.15632
                        ],
                        [
                            -73.915912,
                            -74.165002
                        ],
                        [
                            -73.906736,
                            -74.173683
                        ],
                        [
                            -73.897549,
                            -74.182365
                        ],
                        [
                            -73.888352,
                            -74.191046
                        ],
                        [
                            -73.879144,
                            -74.199727
                        ],
                        [
                            -73.869927,
                            -74.208408
                        ],
                        [
                            -73.860699,
                            -74.217088
                        ],
                        [
                            -73.851461,
                            -74.225769
                        ],
                        [
                            -73.842212,
                            -74.234449
                        ],
                        [
                            -73.832954,
                            -74.243129
                        ],
                        [
                            -73.823685,
                            -74.251808
                        ],
                        [
                            -73.814405,
                            -74.260488
                        ],
                        [
                            -73.805115,
                            -74.269167
                        ],
                        [
                            -73.795815,
                            -74.277846
                        ],
                        [
                            -73.786505,
                            -74.286525
                        ],
                        [
                            -73.777184,
                            -74.295203
                        ],
                        [
                            -73.767852,
                            -74.303881
                        ],
                        [
                            -73.75851,
                            -74.312559
                        ],
                        [
                            -73.749158,
                            -74.321237
                        ],
                        [
                            -73.739795,
                            -74.329915
                        ],
                        [
                            -73.730422,
                            -74.338592
                        ],
                        [
                            -73.721038,
                            -74.347269
                        ],
                        [
                            -73.711644,
                            -74.355946
                        ],
                        [
                            -73.702239,
                            -74.364623
                        ],
                        [
                            -73.692823,
                            -74.373299
                        ],
                        [
                            -73.683397,
                            -74.381975
                        ],
                        [
                            -73.67396,
                            -74.390651
                        ],
                        [
                            -73.664513,
                            -74.399326
                        ],
                        [
                            -73.655055,
                            -74.408002
                        ],
                        [
                            -73.645587,
                            -74.416677
                        ],
                        [
                            -73.636107,
                            -74.425352
                        ],
                        [
                            -73.626617,
                            -74.434027
                        ],
                        [
                            -73.617117,
                            -74.442701
                        ],
                        [
                            -73.607605,
                            -74.451375
                        ],
                        [
                            -73.598083,
                            -74.460049
                        ],
                        [
                            -73.609507,
                            -74.465662
                        ],
                        [
                            -73.630456,
                            -74.4626
                        ],
                        [
                            -73.639962,
                            -74.453924
                        ],
                        [
                            -73.660889,
                            -74.450859
                        ],
                        [
                            -73.681807,
                            -74.447792
                        ],
                        [
                            -73.702717,
                            -74.444722
                        ],
                        [
                            -73.735075,
                            -74.447257
                        ],
                        [
                            -73.755974,
                            -74.444182
                        ],
                        [
                            -73.776865,
                            -74.441106
                        ],
                        [
                            -73.797747,
                            -74.438027
                        ],
                        [
                            -73.81862,
                            -74.434946
                        ],
                        [
                            -73.839486,
                            -74.431863
                        ],
                        [
                            -73.860343,
                            -74.428779
                        ],
                        [
                            -73.881191,
                            -74.425692
                        ],
                        [
                            -73.902031,
                            -74.422603
                        ],
                        [
                            -73.934376,
                            -74.425108
                        ],
                        [
                            -73.955205,
                            -74.422014
                        ],
                        [
                            -73.976025,
                            -74.418918
                        ],
                        [
                            -73.996837,
                            -74.41582
                        ],
                        [
                            -74.017641,
                            -74.41272
                        ],
                        [
                            -74.038436,
                            -74.409618
                        ],
                        [
                            -74.059223,
                            -74.406514
                        ],
                        [
                            -74.080001,
                            -74.403408
                        ],
                        [
                            -74.100771,
                            -74.4003
                        ],
                        [
                            -74.133101,
                            -74.402774
                        ],
                        [
                            -74.153859,
                            -74.399661
                        ],
                        [
                            -74.17461,
                            -74.396545
                        ],
                        [
                            -74.206943,
                            -74.399008
                        ],
                        [
                            -74.227682,
                            -74.395888
                        ],
                        [
                            -74.248412,
                            -74.392766
                        ],
                        [
                            -74.269134,
                            -74.389641
                        ],
                        [
                            -74.289847,
                            -74.386515
                        ],
                        [
                            -74.310552,
                            -74.383387
                        ],
                        [
                            -74.331248,
                            -74.380256
                        ],
                        [
                            -74.351937,
                            -74.377124
                        ],
                        [
                            -74.372616,
                            -74.37399
                        ],
                        [
                            -74.393288,
                            -74.370853
                        ],
                        [
                            -74.413951,
                            -74.367715
                        ],
                        [
                            -74.434605,
                            -74.364575
                        ],
                        [
                            -74.455251,
                            -74.361433
                        ],
                        [
                            -74.487556,
                            -74.363853
                        ],
                        [
                            -74.50819,
                            -74.360705
                        ],
                        [
                            -74.528816,
                            -74.357556
                        ],
                        [
                            -74.549434,
                            -74.354405
                        ],
                        [
                            -74.570043,
                            -74.351251
                        ],
                        [
                            -74.602344,
                            -74.353654
                        ],
                        [
                            -74.622941,
                            -74.350496
                        ],
                        [
                            -74.64353,
                            -74.347335
                        ],
                        [
                            -74.675834,
                            -74.349727
                        ],
                        [
                            -74.696411,
                            -74.346561
                        ],
                        [
                            -74.71698,
                            -74.343393
                        ],
                        [
                            -74.73754,
                            -74.340224
                        ],
                        [
                            -74.758092,
                            -74.337053
                        ],
                        [
                            -74.790393,
                            -74.339426
                        ],
                        [
                            -74.810933,
                            -74.33625
                        ],
                        [
                            -74.831464,
                            -74.333071
                        ],
                        [
                            -74.863767,
                            -74.335434
                        ],
                        [
                            -74.89608,
                            -74.337792
                        ],
                        [
                            -74.928403,
                            -74.340145
                        ],
                        [
                            -74.960736,
                            -74.342493
                        ],
                        [
                            -74.993079,
                            -74.344836
                        ],
                        [
                            -75.025431,
                            -74.347174
                        ],
                        [
                            -75.045933,
                            -74.343975
                        ],
                        [
                            -75.066426,
                            -74.340773
                        ],
                        [
                            -75.086911,
                            -74.33757
                        ],
                        [
                            -75.107387,
                            -74.334365
                        ],
                        [
                            -75.139735,
                            -74.336686
                        ],
                        [
                            -75.160199,
                            -74.333475
                        ],
                        [
                            -75.180655,
                            -74.330263
                        ],
                        [
                            -75.213005,
                            -74.332573
                        ],
                        [
                            -75.245365,
                            -74.334877
                        ],
                        [
                            -75.277734,
                            -74.337177
                        ],
                        [
                            -75.310113,
                            -74.339471
                        ],
                        [
                            -75.342501,
                            -74.341761
                        ],
                        [
                            -75.374899,
                            -74.344046
                        ],
                        [
                            -75.407307,
                            -74.346326
                        ],
                        [
                            -75.439724,
                            -74.348601
                        ],
                        [
                            -75.472151,
                            -74.350871
                        ],
                        [
                            -75.492565,
                            -74.347628
                        ],
                        [
                            -75.51297,
                            -74.344384
                        ],
                        [
                            -75.524997,
                            -74.34989
                        ],
                        [
                            -75.537033,
                            -74.355396
                        ],
                        [
                            -75.569488,
                            -74.357651
                        ],
                        [
                            -75.601953,
                            -74.359901
                        ],
                        [
                            -75.634427,
                            -74.362147
                        ],
                        [
                            -75.666911,
                            -74.364387
                        ],
                        [
                            -75.687301,
                            -74.361126
                        ],
                        [
                            -75.707683,
                            -74.357863
                        ],
                        [
                            -75.740168,
                            -74.360092
                        ],
                        [
                            -75.772663,
                            -74.362316
                        ],
                        [
                            -75.805167,
                            -74.364535
                        ],
                        [
                            -75.83768,
                            -74.366749
                        ],
                        [
                            -75.870203,
                            -74.368959
                        ],
                        [
                            -75.890556,
                            -74.365678
                        ],
                        [
                            -75.910901,
                            -74.362395
                        ],
                        [
                            -75.943424,
                            -74.364593
                        ],
                        [
                            -75.963757,
                            -74.361306
                        ],
                        [
                            -75.98408,
                            -74.358016
                        ],
                        [
                            -76.004395,
                            -74.354725
                        ],
                        [
                            -76.024701,
                            -74.351431
                        ],
                        [
                            -76.044998,
                            -74.348136
                        ],
                        [
                            -76.065287,
                            -74.344838
                        ],
                        [
                            -76.097796,
                            -74.347013
                        ],
                        [
                            -76.130314,
                            -74.349182
                        ],
                        [
                            -76.16284,
                            -74.351347
                        ],
                        [
                            -76.195377,
                            -74.353506
                        ],
                        [
                            -76.207653,
                            -74.358973
                        ],
                        [
                            -76.219939,
                            -74.36444
                        ],
                        [
                            -76.252511,
                            -74.366591
                        ],
                        [
                            -76.264818,
                            -74.372055
                        ],
                        [
                            -76.277134,
                            -74.377518
                        ],
                        [
                            -76.289459,
                            -74.382981
                        ],
                        [
                            -76.301793,
                            -74.388444
                        ],
                        [
                            -76.314135,
                            -74.393905
                        ],
                        [
                            -76.326486,
                            -74.399366
                        ],
                        [
                            -76.338846,
                            -74.404827
                        ],
                        [
                            -76.351215,
                            -74.410286
                        ],
                        [
                            -76.363592,
                            -74.415745
                        ],
                        [
                            -76.375979,
                            -74.421204
                        ],
                        [
                            -76.388374,
                            -74.426661
                        ],
                        [
                            -76.400777,
                            -74.432119
                        ],
                        [
                            -76.41319,
                            -74.437575
                        ],
                        [
                            -76.425611,
                            -74.443031
                        ],
                        [
                            -76.438042,
                            -74.448486
                        ],
                        [
                            -76.450481,
                            -74.45394
                        ],
                        [
                            -76.462929,
                            -74.459394
                        ],
                        [
                            -76.475385,
                            -74.464847
                        ],
                        [
                            -76.508206,
                            -74.466959
                        ],
                        [
                            -76.520685,
                            -74.47241
                        ],
                        [
                            -76.533172,
                            -74.47786
                        ],
                        [
                            -76.566028,
                            -74.479963
                        ],
                        [
                            -76.586379,
                            -74.476615
                        ],
                        [
                            -76.60672,
                            -74.473265
                        ],
                        [
                            -76.639576,
                            -74.475357
                        ],
                        [
                            -76.672441,
                            -74.477444
                        ],
                        [
                            -76.692765,
                            -74.474086
                        ],
                        [
                            -76.71308,
                            -74.470726
                        ],
                        [
                            -76.733386,
                            -74.467364
                        ],
                        [
                            -76.753683,
                            -74.464
                        ],
                        [
                            -76.786539,
                            -74.46607
                        ],
                        [
                            -76.806822,
                            -74.462701
                        ],
                        [
                            -76.827097,
                            -74.45933
                        ],
                        [
                            -76.847363,
                            -74.455958
                        ],
                        [
                            -76.86762,
                            -74.452583
                        ],
                        [
                            -76.887868,
                            -74.449207
                        ],
                        [
                            -76.908107,
                            -74.445829
                        ],
                        [
                            -76.940945,
                            -74.447874
                        ],
                        [
                            -76.961171,
                            -74.444491
                        ],
                        [
                            -76.981387,
                            -74.441106
                        ],
                        [
                            -77.014225,
                            -74.44314
                        ],
                        [
                            -77.034428,
                            -74.43975
                        ],
                        [
                            -77.054623,
                            -74.436357
                        ],
                        [
                            -77.08746,
                            -74.43838
                        ],
                        [
                            -77.107641,
                            -74.434983
                        ],
                        [
                            -77.127813,
                            -74.431584
                        ],
                        [
                            -77.160649,
                            -74.433596
                        ],
                        [
                            -77.180808,
                            -74.430192
                        ],
                        [
                            -77.200957,
                            -74.426786
                        ],
                        [
                            -77.233793,
                            -74.428787
                        ],
                        [
                            -77.266637,
                            -74.430782
                        ],
                        [
                            -77.286768,
                            -74.427368
                        ],
                        [
                            -77.306891,
                            -74.423952
                        ],
                        [
                            -77.339734,
                            -74.425936
                        ],
                        [
                            -77.372586,
                            -74.427915
                        ],
                        [
                            -77.39269,
                            -74.424491
                        ],
                        [
                            -77.412785,
                            -74.421066
                        ],
                        [
                            -77.445636,
                            -74.423033
                        ],
                        [
                            -77.465717,
                            -74.419603
                        ],
                        [
                            -77.485789,
                            -74.41617
                        ],
                        [
                            -77.518639,
                            -74.418126
                        ],
                        [
                            -77.551497,
                            -74.420078
                        ],
                        [
                            -77.571551,
                            -74.416637
                        ],
                        [
                            -77.591596,
                            -74.413195
                        ],
                        [
                            -77.611632,
                            -74.40975
                        ],
                        [
                            -77.631659,
                            -74.406304
                        ],
                        [
                            -77.651677,
                            -74.402856
                        ],
                        [
                            -77.671686,
                            -74.399406
                        ],
                        [
                            -77.691686,
                            -74.395954
                        ],
                        [
                            -77.711677,
                            -74.392501
                        ],
                        [
                            -77.744504,
                            -74.394422
                        ],
                        [
                            -77.764482,
                            -74.390964
                        ],
                        [
                            -77.78445,
                            -74.387503
                        ],
                        [
                            -77.817276,
                            -74.389413
                        ],
                        [
                            -77.85011,
                            -74.391319
                        ],
                        [
                            -77.87006,
                            -74.38785
                        ],
                        [
                            -77.89,
                            -74.38438
                        ],
                        [
                            -77.922833,
                            -74.386274
                        ],
                        [
                            -77.942759,
                            -74.382799
                        ],
                        [
                            -77.962677,
                            -74.379322
                        ],
                        [
                            -77.995507,
                            -74.381204
                        ],
                        [
                            -78.028346,
                            -74.383082
                        ],
                        [
                            -78.061192,
                            -74.384955
                        ],
                        [
                            -78.094047,
                            -74.386822
                        ],
                        [
                            -78.126909,
                            -74.388685
                        ],
                        [
                            -78.15978,
                            -74.390542
                        ],
                        [
                            -78.179658,
                            -74.387045
                        ],
                        [
                            -78.199528,
                            -74.383546
                        ],
                        [
                            -78.232396,
                            -74.385392
                        ],
                        [
                            -78.265272,
                            -74.387233
                        ],
                        [
                            -78.285122,
                            -74.383726
                        ],
                        [
                            -78.304964,
                            -74.380217
                        ],
                        [
                            -78.337837,
                            -74.382046
                        ],
                        [
                            -78.357664,
                            -74.378533
                        ],
                        [
                            -78.377482,
                            -74.375017
                        ],
                        [
                            -78.410353,
                            -74.376835
                        ],
                        [
                            -78.430157,
                            -74.373315
                        ],
                        [
                            -78.449952,
                            -74.369792
                        ],
                        [
                            -78.482821,
                            -74.3716
                        ],
                        [
                            -78.502601,
                            -74.368072
                        ],
                        [
                            -78.522373,
                            -74.364543
                        ],
                        [
                            -78.555239,
                            -74.366339
                        ],
                        [
                            -78.574996,
                            -74.362805
                        ],
                        [
                            -78.594744,
                            -74.359269
                        ],
                        [
                            -78.614484,
                            -74.355732
                        ],
                        [
                            -78.634214,
                            -74.352192
                        ],
                        [
                            -78.667066,
                            -74.353971
                        ],
                        [
                            -78.686782,
                            -74.350427
                        ],
                        [
                            -78.706489,
                            -74.346881
                        ],
                        [
                            -78.739339,
                            -74.348648
                        ],
                        [
                            -78.759031,
                            -74.345097
                        ],
                        [
                            -78.778715,
                            -74.341545
                        ],
                        [
                            -78.811561,
                            -74.343301
                        ],
                        [
                            -78.844415,
                            -74.345052
                        ],
                        [
                            -78.877276,
                            -74.346799
                        ],
                        [
                            -78.896934,
                            -74.343235
                        ],
                        [
                            -78.916584,
                            -74.339669
                        ],
                        [
                            -78.949442,
                            -74.341405
                        ],
                        [
                            -78.982307,
                            -74.343135
                        ],
                        [
                            -79.015179,
                            -74.34486
                        ],
                        [
                            -79.048059,
                            -74.346579
                        ],
                        [
                            -79.080946,
                            -74.348294
                        ],
                        [
                            -79.11384,
                            -74.350004
                        ],
                        [
                            -79.133448,
                            -74.346418
                        ],
                        [
                            -79.153047,
                            -74.342831
                        ],
                        [
                            -79.185938,
                            -74.344529
                        ],
                        [
                            -79.218836,
                            -74.346223
                        ],
                        [
                            -79.251741,
                            -74.347911
                        ],
                        [
                            -79.271314,
                            -74.344313
                        ],
                        [
                            -79.290878,
                            -74.340713
                        ],
                        [
                            -79.323779,
                            -74.34239
                        ],
                        [
                            -79.356687,
                            -74.344062
                        ],
                        [
                            -79.376231,
                            -74.340454
                        ],
                        [
                            -79.395766,
                            -74.336844
                        ],
                        [
                            -79.42867,
                            -74.338505
                        ],
                        [
                            -79.461582,
                            -74.340161
                        ],
                        [
                            -79.4945,
                            -74.341811
                        ],
                        [
                            -79.527425,
                            -74.343457
                        ],
                        [
                            -79.540851,
                            -74.348722
                        ],
                        [
                            -79.554286,
                            -74.353987
                        ],
                        [
                            -79.587244,
                            -74.355623
                        ],
                        [
                            -79.620208,
                            -74.357255
                        ],
                        [
                            -79.65318,
                            -74.358881
                        ],
                        [
                            -79.686158,
                            -74.360502
                        ],
                        [
                            -79.719144,
                            -74.362118
                        ],
                        [
                            -79.752136,
                            -74.363728
                        ],
                        [
                            -79.785135,
                            -74.365334
                        ],
                        [
                            -79.798667,
                            -74.370583
                        ],
                        [
                            -79.812209,
                            -74.375832
                        ],
                        [
                            -79.831686,
                            -74.372182
                        ],
                        [
                            -79.84524,
                            -74.377428
                        ]
                    ],
                    [
                        [
                            -80.305424,
                            -73.679762
                        ],
                        [
                            -80.292307,
                            -73.674554
                        ],
                        [
                            -80.323948,
                            -73.676073
                        ],
                        [
                            -80.305424,
                            -73.679762
                        ]
                    ]
                ]
            }
        }
    ]
}