{
    "type": "FeatureCollection",
    "features": [
        {
            "type": "Feature",
            "properties": {
                "name": "Greenland Glacier 0056",
                "object": "transect",
                "component": "landice",
                "author": "Matthew Hoffman, converted from Felikson et al. (2020) Zenodo dataset",
                "tags": "Greenland_Ice_Sheet;flowline;zenodo_4284759;glacier_0056",
                "citation": "Felikson, Denis, Catania, Ginny, Bartholomaus, Timothy, Morlighem, Mathieu, & No\u00ebl, Brice. (2020). Inland limits to diffusion of thinning along Greenland Ice Sheet outlet glaciers (v1.0) [Data set]. Zenodo. https://doi.org/10.5281/zenodo.4284759",
                "license": "CC-BY-4.0"
            },
            "geometry": {
                "type": "LineString",
                "coordinates": [
                    [
                        -35.82045645924484,
                        73.00607005161768
                    ],
                    [
                        -35.82447120778956,
                        73.00397105627385
                    ],
                    [
                        -35.82096098525564,
                        73.00609389361477
                    ],
                    [
                        -35.825291463840706,
                        73.00400980519038
                    ],
                    [
                        -35.82227168180686,
                        73.00615582581
                    ],
                    [
                        -35.82729336333106,
                        73.00410435981664
                    ],
                    [
                        -35.82560768886722,
                        73.00631341510102
                    ],
                    [
                        -35.83165582352272,
                        73.00431033503887
                    ],
                    [
                        -35.836487431127836,
                        73.00224975001159
                    ],
                    [
                        -35.8419997837624,
                        73.00022121805492
                    ],
                    [
                        -35.84693536027887,
                        72.99816541574901
                    ],
                    [
                        -35.85195205688294,
                        72.99611337907575
                    ],
                    [
                        -35.86064888267835,
                        72.99452019360768
                    ],
                    [
                        -35.8694836298961,
                        72.99267247536898
                    ],
                    [
                        -35.877741712167754,
                        72.99187197218376
                    ],
                    [
                        -35.886502088696446,
                        72.99015321486932
                    ],
                    [
                        -35.894084033338075,
                        72.99058307759378
                    ],
                    [
                        -35.90220731019109,
                        72.99002392410749
                    ],
                    [
                        -35.910040502224426,
                        72.98999416589608
                    ],
                    [
                        -35.9181744764089,
                        72.98941326465426
                    ],
                    [
                        -35.926790045104305,
                        72.98794821144756
                    ],
                    [
                        -35.93520486066375,
                        72.98684840860827
                    ],
                    [
                        -35.943444792021985,
                        72.9860674464817
                    ],
                    [
                        -35.9514189988982,
                        72.98577326004974
                    ],
                    [
                        -35.95906014896436,
                        72.98609107533483
                    ],
                    [
                        -35.967011708603984,
                        72.98583747669198
                    ],
                    [
                        -35.97520595003446,
                        72.98513575626086
                    ],
                    [
                        -35.98350897169707,
                        72.9842317041387
                    ],
                    [
                        -35.99196883313744,
                        72.98303594849523
                    ],
                    [
                        -36.00043036296885,
                        72.98183451591026
                    ],
                    [
                        -36.00883338958698,
                        72.98073876261417
                    ],
                    [
                        -36.0171950384826,
                        72.9797172814444
                    ],
                    [
                        -36.02551730777711,
                        72.97876659156425
                    ],
                    [
                        -36.03375107308804,
                        72.97797810202177
                    ],
                    [
                        -36.0420076589184,
                        72.97714542329186
                    ],
                    [
                        -36.050305570882124,
                        72.97623400312499
                    ],
                    [
                        -36.0586392882867,
                        72.97525388645477
                    ],
                    [
                        -36.06720543534895,
                        72.9738383802992
                    ],
                    [
                        -36.0757604242537,
                        72.97244062830141
                    ],
                    [
                        -36.084407059875325,
                        72.9708686601855
                    ],
                    [
                        -36.09300057773262,
                        72.96939261345237
                    ],
                    [
                        -36.10137759406575,
                        72.96831862324669
                    ],
                    [
                        -36.109766418686405,
                        72.96722014371201
                    ],
                    [
                        -36.11816055098127,
                        72.96610929336322
                    ],
                    [
                        -36.12648310310661,
                        72.9651303949383
                    ],
                    [
                        -36.13494634186123,
                        72.96388490784545
                    ],
                    [
                        -36.143373975098925,
                        72.96270368578995
                    ],
                    [
                        -36.152078404710714,
                        72.96099854554976
                    ],
                    [
                        -36.16073656821763,
                        72.95937692978875
                    ],
                    [
                        -36.16943053347571,
                        72.95768420285435
                    ],
                    [
                        -36.17810743196163,
                        72.95602003662005
                    ],
                    [
                        -36.18668998220849,
                        72.95412437994983
                    ],
                    [
                        -36.1947348284321,
                        72.95220401139244
                    ],
                    [
                        -36.2034600812746,
                        72.95043696013356
                    ],
                    [
                        -36.212138273669055,
                        72.94854481367798
                    ],
                    [
                        -36.22092113948782,
                        72.94666045017357
                    ],
                    [
                        -36.22916072547249,
                        72.94474786464225
                    ],
                    [
                        -36.237670781403935,
                        72.94284726116479
                    ],
                    [
                        -36.24590506026281,
                        72.94093391800193
                    ],
                    [
                        -36.253675758060645,
                        72.9389993848327
                    ],
                    [
                        -36.26089515105676,
                        72.937039752274
                    ],
                    [
                        -36.267914063682184,
                        72.93507089681131
                    ],
                    [
                        -36.27465570810797,
                        72.93308937672947
                    ],
                    [
                        -36.281190838715936,
                        72.93109840392249
                    ],
                    [
                        -36.28773365806975,
                        72.92910763791353
                    ],
                    [
                        -36.29451630939203,
                        72.92712751993038
                    ],
                    [
                        -36.30146246046808,
                        72.92515459692038
                    ],
                    [
                        -36.30822721226813,
                        72.92317336145281
                    ],
                    [
                        -36.315301413510774,
                        72.92120586298125
                    ],
                    [
                        -36.32221647450656,
                        72.91923105366125
                    ],
                    [
                        -36.329150345445186,
                        72.91725692478155
                    ],
                    [
                        -36.335926210392984,
                        72.91527555445673
                    ],
                    [
                        -36.342645748989945,
                        72.9132915085732
                    ],
                    [
                        -36.34943016419695,
                        72.91131021388195
                    ],
                    [
                        -36.35608209074136,
                        72.9093228417694
                    ],
                    [
                        -36.36270793833211,
                        72.90733415766694
                    ],
                    [
                        -36.369200569942706,
                        72.90533938088069
                    ],
                    [
                        -36.375813600140575,
                        72.90334983784813
                    ],
                    [
                        -36.38232962023787,
                        72.90135582479765
                    ],
                    [
                        -36.38869908739216,
                        72.89935514270893
                    ],
                    [
                        -36.39510704063369,
                        72.89735604345475
                    ],
                    [
                        -36.40160773176305,
                        72.89536093780191
                    ],
                    [
                        -36.40806001653306,
                        72.89336354098587
                    ],
                    [
                        -36.41443733590941,
                        72.89136267681215
                    ],
                    [
                        -36.42064111311822,
                        72.88935397347447
                    ],
                    [
                        -36.426867216941744,
                        72.88734613919772
                    ],
                    [
                        -36.43300916704043,
                        72.88533444874572
                    ],
                    [
                        -36.43917252421455,
                        72.88332358862976
                    ],
                    [
                        -36.44512845556056,
                        72.88130341865565
                    ],
                    [
                        -36.450879715749544,
                        72.87927407706188
                    ],
                    [
                        -36.45674286363138,
                        72.87724958863117
                    ],
                    [
                        -36.46262274925479,
                        72.87522573633925
                    ],
                    [
                        -36.468276357943616,
                        72.8731917767727
                    ],
                    [
                        -36.474044946291336,
                        72.87116280319087
                    ],
                    [
                        -36.47984648901987,
                        72.8691351851588
                    ],
                    [
                        -36.48589080482726,
                        72.86711817879859
                    ],
                    [
                        -36.49197448006884,
                        72.86510279422356
                    ],
                    [
                        -36.49799717619592,
                        72.86308460599925
                    ],
                    [
                        -36.50405209519708,
                        72.86106772414838
                    ],
                    [
                        -36.51035271439951,
                        72.85906154298117
                    ],
                    [
                        -36.51672849804605,
                        72.85705853999305
                    ],
                    [
                        -36.523170403351834,
                        72.85505831115242
                    ],
                    [
                        -36.530121197718685,
                        72.85308030144762
                    ],
                    [
                        -36.536852096892034,
                        72.85109247145226
                    ],
                    [
                        -36.54430286274844,
                        72.84913606530792
                    ],
                    [
                        -36.55131851622103,
                        72.84716038727638
                    ],
                    [
                        -36.558541274422126,
                        72.8451936085617
                    ],
                    [
                        -36.565620623703225,
                        72.84322036807099
                    ],
                    [
                        -36.57259905412986,
                        72.84124253794594
                    ],
                    [
                        -36.57949359436311,
                        72.83926087195677
                    ],
                    [
                        -36.585956305831225,
                        72.83726018233418
                    ],
                    [
                        -36.59271175921184,
                        72.8352721308852
                    ],
                    [
                        -36.599954647088275,
                        72.83330518128616
                    ],
                    [
                        -36.60720640093405,
                        72.83133843088086
                    ],
                    [
                        -36.614821527705566,
                        72.8293873148135
                    ],
                    [
                        -36.62303619166971,
                        72.82746206850994
                    ],
                    [
                        -36.63167497552376,
                        72.82555499862112
                    ],
                    [
                        -36.639870718325525,
                        72.82362839974873
                    ],
                    [
                        -36.647990400007586,
                        72.82169824492888
                    ],
                    [
                        -36.65658049854382,
                        72.81995263051259
                    ],
                    [
                        -36.665147689175875,
                        72.81824928740167
                    ],
                    [
                        -36.67366068270541,
                        72.81665155977628
                    ],
                    [
                        -36.68219632279054,
                        72.81500442392652
                    ],
                    [
                        -36.690723199187985,
                        72.81337129948417
                    ],
                    [
                        -36.699208415252926,
                        72.81181890595523
                    ],
                    [
                        -36.707723925002476,
                        72.81020152784491
                    ],
                    [
                        -36.7161651707307,
                        72.80873132704822
                    ],
                    [
                        -36.72461001078992,
                        72.8072504762017
                    ],
                    [
                        -36.73297938767786,
                        72.80591988166722
                    ],
                    [
                        -36.741268751625924,
                        72.80474931394393
                    ],
                    [
                        -36.74956441426142,
                        72.80356320852775
                    ],
                    [
                        -36.75782540735012,
                        72.80244518750283
                    ],
                    [
                        -36.76601408359371,
                        72.8014724434967
                    ],
                    [
                        -36.77415401357264,
                        72.80059720013433
                    ],
                    [
                        -36.78226298271869,
                        72.79978332744984
                    ],
                    [
                        -36.79035346390119,
                        72.79900543778678
                    ],
                    [
                        -36.79849958378753,
                        72.79811145498805
                    ],
                    [
                        -36.80657982121436,
                        72.7973507723266
                    ],
                    [
                        -36.814601875955056,
                        72.7967079665536
                    ],
                    [
                        -36.82267927546389,
                        72.79594959335837
                    ],
                    [
                        -36.830803444073,
                        72.79509297145502
                    ],
                    [
                        -36.838994439364875,
                        72.79409639279002
                    ],
                    [
                        -36.84717151323312,
                        72.7931262442643
                    ],
                    [
                        -36.85534417088381,
                        72.79216295176198
                    ],
                    [
                        -36.86357614956686,
                        72.79107456558502
                    ],
                    [
                        -36.87182497299961,
                        72.78994872567797
                    ],
                    [
                        -36.87998590922793,
                        72.78900263920524
                    ],
                    [
                        -36.88815239593798,
                        72.78804278965809
                    ],
                    [
                        -36.896375382552804,
                        72.78696318147557
                    ],
                    [
                        -36.904547305275244,
                        72.78598735367625
                    ],
                    [
                        -36.91275511592902,
                        72.78493443121299
                    ],
                    [
                        -36.92092964493707,
                        72.78394847444828
                    ],
                    [
                        -36.92906526029836,
                        72.7830414644132
                    ],
                    [
                        -36.93721341563612,
                        72.78210607704806
                    ],
                    [
                        -36.94530373047906,
                        72.78128953146877
                    ],
                    [
                        -36.953437573059844,
                        72.78037981514298
                    ],
                    [
                        -36.961554061061,
                        72.77950433155665
                    ],
                    [
                        -36.9696857533611,
                        72.77859482503749
                    ],
                    [
                        -36.97783179503177,
                        72.77765298338105
                    ],
                    [
                        -36.98597424274557,
                        72.77671646126858
                    ],
                    [
                        -36.99405588620962,
                        72.77590579622746
                    ],
                    [
                        -37.002186824972696,
                        72.77498921049128
                    ],
                    [
                        -37.01036344031036,
                        72.77397400049615
                    ],
                    [
                        -37.01865738210371,
                        72.77270840884532
                    ],
                    [
                        -37.026911086275554,
                        72.77152498860683
                    ],
                    [
                        -37.03513092758829,
                        72.77041051275394
                    ],
                    [
                        -37.043187236014965,
                        72.76964018352203
                    ],
                    [
                        -37.05122569870513,
                        72.76890585086475
                    ],
                    [
                        -37.05932657662205,
                        72.76803707184786
                    ],
                    [
                        -37.06726015039766,
                        72.76752210339097
                    ],
                    [
                        -37.07515127159338,
                        72.76709618778625
                    ],
                    [
                        -37.08308822440392,
                        72.76657140736393
                    ],
                    [
                        -37.090987939929875,
                        72.76612471660982
                    ],
                    [
                        -37.09884279866744,
                        72.76577263525719
                    ],
                    [
                        -37.10671226611387,
                        72.76538830042848
                    ],
                    [
                        -37.11454013081707,
                        72.76509193411901
                    ],
                    [
                        -37.122308247350034,
                        72.7649226862649
                    ],
                    [
                        -37.13012852383107,
                        72.76464091947416
                    ],
                    [
                        -37.13796502896655,
                        72.76432343542372
                    ],
                    [
                        -37.14576074056748,
                        72.76409267944696
                    ],
                    [
                        -37.15356703603987,
                        72.76383838270075
                    ],
                    [
                        -37.16132241843864,
                        72.76369291459964
                    ],
                    [
                        -37.16912331680546,
                        72.76344872550851
                    ],
                    [
                        -37.17684436875045,
                        72.76337604548162
                    ],
                    [
                        -37.18462170737054,
                        72.76318132601953
                    ],
                    [
                        -37.19240651742215,
                        72.7629697517798
                    ],
                    [
                        -37.20020722845516,
                        72.7627230248715
                    ],
                    [
                        -37.20799171723387,
                        72.76251064259976
                    ],
                    [
                        -37.21578249914384,
                        72.7622838743659
                    ],
                    [
                        -37.223535445797154,
                        72.7621384901697
                    ],
                    [
                        -37.231347753096976,
                        72.76186348766637
                    ],
                    [
                        -37.23912971626167,
                        72.76165363948026
                    ],
                    [
                        -37.24690164430257,
                        72.76146491502664
                    ],
                    [
                        -37.25466929784415,
                        72.76128482051219
                    ],
                    [
                        -37.26241559803716,
                        72.76115065597989
                    ],
                    [
                        -37.27016343433271,
                        72.7610125575384
                    ],
                    [
                        -37.277880935845744,
                        72.76094021086837
                    ],
                    [
                        -37.285613951597945,
                        72.76083344976655
                    ],
                    [
                        -37.29338371134878,
                        72.76064564742333
                    ],
                    [
                        -37.30113670556581,
                        72.76049393259689
                    ],
                    [
                        -37.30892226311508,
                        72.7602700976626
                    ],
                    [
                        -37.31667260416686,
                        72.76012290890263
                    ],
                    [
                        -37.324393598108855,
                        72.7600396886772
                    ],
                    [
                        -37.3320790629186,
                        72.76003425043193
                    ],
                    [
                        -37.3396996028451,
                        72.76017164399391
                    ],
                    [
                        -37.3473618204829,
                        72.76021702462853
                    ],
                    [
                        -37.35499127921166,
                        72.76033456476804
                    ],
                    [
                        -37.36264967001424,
                        72.76038805391786
                    ],
                    [
                        -37.370268816075644,
                        72.7605282229596
                    ],
                    [
                        -37.377940883534336,
                        72.76055109874922
                    ],
                    [
                        -37.38563952287595,
                        72.76051477291978
                    ],
                    [
                        -37.39331728441762,
                        72.76052442621686
                    ],
                    [
                        -37.40096131541541,
                        72.76060876838919
                    ],
                    [
                        -37.408602557611644,
                        72.76069918180772
                    ],
                    [
                        -37.41622076788536,
                        72.76084077178565
                    ],
                    [
                        -37.42381858091168,
                        72.7610278196478
                    ],
                    [
                        -37.43141066253143,
                        72.76122773278728
                    ],
                    [
                        -37.4390245810071,
                        72.76137896371033
                    ],
                    [
                        -37.446595266948634,
                        72.76162687498326
                    ],
                    [
                        -37.45415634407389,
                        72.7618964928596
                    ],
                    [
                        -37.461713607680736,
                        72.76217489735699
                    ],
                    [
                        -37.46924580812115,
                        72.76250977612713
                    ],
                    [
                        -37.476772922328635,
                        72.76285644722645
                    ],
                    [
                        -37.484285673373456,
                        72.76323579464919
                    ],
                    [
                        -37.491778337407034,
                        72.76366079201304
                    ],
                    [
                        -37.499310485931694,
                        72.76399743225645
                    ],
                    [
                        -37.50680493654458,
                        72.76441942453353
                    ],
                    [
                        -37.51433280389462,
                        72.76476656929218
                    ],
                    [
                        -37.521874849488775,
                        72.76508209366317
                    ],
                    [
                        -37.529413025502144,
                        72.76540670549932
                    ],
                    [
                        -37.53693107294512,
                        72.76577722764083
                    ],
                    [
                        -37.54444031255363,
                        72.76616815297594
                    ],
                    [
                        -37.55196133740887,
                        72.7665328464736
                    ],
                    [
                        -37.55948285521899,
                        72.76689686153244
                    ],
                    [
                        -37.567009671876,
                        72.76724927679992
                    ],
                    [
                        -37.574526591871624,
                        72.76762461854649
                    ],
                    [
                        -37.58203574540371,
                        72.7680181063176
                    ],
                    [
                        -37.589550025580486,
                        72.76840041196913
                    ],
                    [
                        -37.59704009704143,
                        72.76883842372271
                    ],
                    [
                        -37.604531307295275,
                        72.76927442726173
                    ],
                    [
                        -37.61200858919951,
                        72.76974285756901
                    ],
                    [
                        -37.619501296512844,
                        72.77017664799581
                    ],
                    [
                        -37.62702775768903,
                        72.77053371496012
                    ],
                    [
                        -37.63451078811158,
                        72.77099078930675
                    ],
                    [
                        -37.64197701227927,
                        72.7714870691967
                    ],
                    [
                        -37.649509363165244,
                        72.77183215012846
                    ],
                    [
                        -37.6570070087519,
                        72.77225745198379
                    ],
                    [
                        -37.664541501754805,
                        72.77259850588946
                    ],
                    [
                        -37.67206022612208,
                        72.7729762998864
                    ],
                    [
                        -37.67955668134552,
                        72.77340594087073
                    ],
                    [
                        -37.68706496825865,
                        72.77380884808386
                    ],
                    [
                        -37.69453751719951,
                        72.7742948900307
                    ],
                    [
                        -37.70200462728429,
                        72.77479421706295
                    ],
                    [
                        -37.70949352235507,
                        72.77524381961474
                    ],
                    [
                        -37.71696391546784,
                        72.77573694576981
                    ],
                    [
                        -37.72442338350118,
                        72.77625614436575
                    ],
                    [
                        -37.73187726931525,
                        72.77678908313516
                    ],
                    [
                        -37.73932003970953,
                        72.77734867052789
                    ],
                    [
                        -37.74674910192785,
                        72.7779410223695
                    ],
                    [
                        -37.754176811801116,
                        72.77853744857194
                    ],
                    [
                        -37.76158311570036,
                        72.77918473345895
                    ],
                    [
                        -37.76898517992731,
                        72.77984295256474
                    ],
                    [
                        -37.77638638964794,
                        72.78050422796655
                    ],
                    [
                        -37.783782314082075,
                        72.7811789342035
                    ],
                    [
                        -37.79121824472249,
                        72.78176105463169
                    ],
                    [
                        -37.798629073887334,
                        72.78240292429506
                    ],
                    [
                        -37.80601973406642,
                        72.78309315026192
                    ],
                    [
                        -37.81339460034304,
                        72.78382160227201
                    ],
                    [
                        -37.820799080523955,
                        72.78448163903698
                    ],
                    [
                        -37.8282179952257,
                        72.78510877829785
                    ],
                    [
                        -37.83559517935472,
                        72.78583523492996
                    ],
                    [
                        -37.84297806978739,
                        72.78654944481018
                    ],
                    [
                        -37.850323203271955,
                        72.78735396681292
                    ],
                    [
                        -37.857598328018504,
                        72.78832527524642
                    ],
                    [
                        -37.864875099197306,
                        72.7892943887799
                    ],
                    [
                        -37.87215209421529,
                        72.79026466936912
                    ],
                    [
                        -37.87940614882992,
                        72.79129101363952
                    ],
                    [
                        -37.88663586941968,
                        72.79237689135003
                    ],
                    [
                        -37.89390376089732,
                        72.79337407070739
                    ],
                    [
                        -37.90112790358367,
                        72.79447698512189
                    ],
                    [
                        -37.90833709958444,
                        72.79561742495824
                    ],
                    [
                        -37.91554346536425,
                        72.79676664782312
                    ],
                    [
                        -37.9227146919879,
                        72.7980016870382
                    ],
                    [
                        -37.929883105690976,
                        72.79924566777477
                    ],
                    [
                        -37.93703081095275,
                        72.80054135086976
                    ],
                    [
                        -37.944158824905394,
                        72.80188645322204
                    ],
                    [
                        -37.95129567219556,
                        72.80321287037759
                    ],
                    [
                        -37.95842652442822,
                        72.80455606076566
                    ],
                    [
                        -37.965513246029175,
                        72.80600748517776
                    ],
                    [
                        -37.972573107636386,
                        72.80752601209765
                    ],
                    [
                        -37.979599204835615,
                        72.809128410302
                    ],
                    [
                        -37.98663914423433,
                        72.81070048236205
                    ],
                    [
                        -37.99363214668187,
                        72.8123883731441
                    ],
                    [
                        -38.00063318395955,
                        72.81406002597056
                    ],
                    [
                        -38.0076028717075,
                        72.81581032439658
                    ],
                    [
                        -38.0145548121729,
                        72.81760666941483
                    ],
                    [
                        -38.02151345999971,
                        72.81939013856248
                    ],
                    [
                        -38.028417634721656,
                        72.82130855890142
                    ],
                    [
                        -38.035308126891664,
                        72.8232636243329
                    ],
                    [
                        -38.04215101908861,
                        72.82533754999554
                    ],
                    [
                        -38.04902943489505,
                        72.82732922805225
                    ],
                    [
                        -38.05595183988713,
                        72.82921790883029
                    ],
                    [
                        -38.06289553344569,
                        72.83105842288802
                    ],
                    [
                        -38.069817768564064,
                        72.83295450589836
                    ],
                    [
                        -38.076775972143885,
                        72.83476664992489
                    ],
                    [
                        -38.08371776967451,
                        72.83662211643268
                    ],
                    [
                        -38.09068895396375,
                        72.83840945518922
                    ],
                    [
                        -38.09763329699277,
                        72.84026560052837
                    ],
                    [
                        -38.10459412212695,
                        72.84208499580036
                    ],
                    [
                        -38.11153293246013,
                        72.84396159325188
                    ],
                    [
                        -38.11845248727891,
                        72.84588880333979
                    ],
                    [
                        -38.12538342320254,
                        72.84779178131635
                    ],
                    [
                        -38.13234440754946,
                        72.84962473153523
                    ],
                    [
                        -38.13930583892072,
                        72.85146004602157
                    ],
                    [
                        -38.14626416459252,
                        72.85330645203395
                    ],
                    [
                        -38.15319443866294,
                        72.8552252622722
                    ],
                    [
                        -38.160107808727105,
                        72.85718926731184
                    ],
                    [
                        -38.16699419620662,
                        72.85922339525541
                    ],
                    [
                        -38.17386712255213,
                        72.86129453159101
                    ],
                    [
                        -38.180686647658156,
                        72.86350124585518
                    ],
                    [
                        -38.18752335965383,
                        72.86566972020539
                    ],
                    [
                        -38.194330920757785,
                        72.86791429767952
                    ],
                    [
                        -38.20110800767724,
                        72.87023845278523
                    ],
                    [
                        -38.20784595402766,
                        72.87266383741137
                    ],
                    [
                        -38.21454082889542,
                        72.87517326470972
                    ],
                    [
                        -38.22126566865052,
                        72.87764036132877
                    ],
                    [
                        -38.22798732886307,
                        72.88012000416084
                    ],
                    [
                        -38.234702420756605,
                        72.88262064063133
                    ],
                    [
                        -38.241360643107825,
                        72.88512764968404
                    ],
                    [
                        -38.24772455591577,
                        72.88762411874123
                    ],
                    [
                        -38.25400087080773,
                        72.89011727954676
                    ],
                    [
                        -38.260130696058525,
                        72.89260509359362
                    ],
                    [
                        -38.266095367810976,
                        72.89508692862748
                    ],
                    [
                        -38.27177985536163,
                        72.89755880944719
                    ],
                    [
                        -38.277012938820825,
                        72.9000148270084
                    ],
                    [
                        -38.28185873536932,
                        72.90245724659431
                    ],
                    [
                        -38.2865633302377,
                        72.90489462333815
                    ],
                    [
                        -38.29125611239942,
                        72.90733144569418
                    ],
                    [
                        -38.2960243762867,
                        72.90977073196049
                    ],
                    [
                        -38.300657459105594,
                        72.91220520045553
                    ],
                    [
                        -38.30526375970543,
                        72.9146386033607
                    ],
                    [
                        -38.30992577497136,
                        72.91707378727602
                    ],
                    [
                        -38.31478750361655,
                        72.91951570773557
                    ],
                    [
                        -38.31969635955201,
                        72.92195909537197
                    ],
                    [
                        -38.32479235178099,
                        72.92440876023207
                    ],
                    [
                        -38.3302376084682,
                        72.92687025430736
                    ],
                    [
                        -38.33593986700396,
                        72.92934037676142
                    ],
                    [
                        -38.34163745800948,
                        72.93181013043429
                    ],
                    [
                        -38.34743660450561,
                        72.9342831538556
                    ],
                    [
                        -38.35319574900944,
                        72.936754593336
                    ],
                    [
                        -38.359276556486876,
                        72.93923681409844
                    ],
                    [
                        -38.36543007472977,
                        72.94172128196146
                    ],
                    [
                        -38.37149745974127,
                        72.94420257184925
                    ],
                    [
                        -38.37725518391783,
                        72.9466730779454
                    ],
                    [
                        -38.38290050830722,
                        72.94913954645924
                    ],
                    [
                        -38.38857574201992,
                        72.95160682765047
                    ],
                    [
                        -38.39443661535101,
                        72.95408020807697
                    ],
                    [
                        -38.40050680431625,
                        72.95656047152961
                    ],
                    [
                        -38.406496787658234,
                        72.95903778261105
                    ],
                    [
                        -38.412500742692366,
                        72.9615153386778
                    ],
                    [
                        -38.41840906376738,
                        72.96398943122638
                    ],
                    [
                        -38.42426452313113,
                        72.96646151565085
                    ],
                    [
                        -38.430131766458054,
                        72.96893377952776
                    ],
                    [
                        -38.436284945960004,
                        72.97141546501409
                    ],
                    [
                        -38.44272708612173,
                        72.973906642602
                    ],
                    [
                        -38.44946758490696,
                        72.97640759542243
                    ],
                    [
                        -38.45601504948954,
                        72.97890177849116
                    ],
                    [
                        -38.46279508309545,
                        72.98140349752921
                    ],
                    [
                        -38.469596215566575,
                        72.98386966781493
                    ],
                    [
                        -38.47618202713056,
                        72.98636430974976
                    ],
                    [
                        -38.48251318684433,
                        72.98885016408117
                    ],
                    [
                        -38.48899472550168,
                        72.991340789718
                    ],
                    [
                        -38.49579055994523,
                        72.99383994523834
                    ],
                    [
                        -38.50259006411516,
                        72.99633465760958
                    ],
                    [
                        -38.50934272557779,
                        72.99883349377356
                    ],
                    [
                        -38.516061333207475,
                        73.00133091363848
                    ],
                    [
                        -38.52236440212224,
                        73.0038142534379
                    ],
                    [
                        -38.528730891957004,
                        73.00629944756102
                    ],
                    [
                        -38.53473357918702,
                        73.00877233358635
                    ],
                    [
                        -38.54057484901306,
                        73.0112396495579
                    ],
                    [
                        -38.546307064868074,
                        73.0137031438564
                    ],
                    [
                        -38.55209363403134,
                        73.01616822531153
                    ],
                    [
                        -38.55804821817227,
                        73.01863863870439
                    ],
                    [
                        -38.56404225399629,
                        73.02111012888959
                    ],
                    [
                        -38.56996486076551,
                        73.02357904107191
                    ],
                    [
                        -38.5757589845399,
                        73.02604350638975
                    ],
                    [
                        -38.58154200302555,
                        73.02850739477155
                    ],
                    [
                        -38.587253865144596,
                        73.03096873649415
                    ],
                    [
                        -38.593025975424624,
                        73.03343184730647
                    ],
                    [
                        -38.59869874203914,
                        73.03589149401306
                    ],
                    [
                        -38.604345799277716,
                        73.03835009606071
                    ],
                    [
                        -38.61003876577981,
                        73.0408099970141
                    ],
                    [
                        -38.61570181659801,
                        73.04326871648264
                    ],
                    [
                        -38.621240143397074,
                        73.04572316510358
                    ],
                    [
                        -38.626808713812146,
                        73.04817840504023
                    ],
                    [
                        -38.63224608795898,
                        73.05062917814415
                    ],
                    [
                        -38.63761698715946,
                        73.05307760207492
                    ],
                    [
                        -38.64296088194389,
                        73.05552496565414
                    ],
                    [
                        -38.648130619966324,
                        73.05796649548982
                    ],
                    [
                        -38.65325341823103,
                        73.0604063331122
                    ],
                    [
                        -38.658283240296,
                        73.06284299156388
                    ],
                    [
                        -38.66341435067531,
                        73.0652827667801
                    ],
                    [
                        -38.66857860152227,
                        73.06772344596709
                    ],
                    [
                        -38.673626579968406,
                        73.07016019966883
                    ],
                    [
                        -38.67859136292956,
                        73.07259410607331
                    ],
                    [
                        -38.68375187392949,
                        73.075034165942
                    ],
                    [
                        -38.68897443202539,
                        73.07747605521114
                    ],
                    [
                        -38.694253742260294,
                        73.0799195977119
                    ],
                    [
                        -38.69937741218448,
                        73.0823579602617
                    ],
                    [
                        -38.70457727408466,
                        73.08479860313982
                    ],
                    [
                        -38.70980113074013,
                        73.08723984450778
                    ],
                    [
                        -38.71498776987843,
                        73.08967972007281
                    ],
                    [
                        -38.720093289525586,
                        73.09211682748932
                    ],
                    [
                        -38.725195432300964,
                        73.09455366150226
                    ],
                    [
                        -38.730220081536885,
                        73.09698785355019
                    ],
                    [
                        -38.73512104642425,
                        73.09941793573933
                    ],
                    [
                        -38.740078518358004,
                        73.10184966781287
                    ],
                    [
                        -38.74501878010667,
                        73.10428069517877
                    ],
                    [
                        -38.74988446013794,
                        73.10670919252829
                    ],
                    [
                        -38.75464771828589,
                        73.10913428077794
                    ],
                    [
                        -38.759408507888395,
                        73.11155914597157
                    ],
                    [
                        -38.764151649927214,
                        73.11398330633322
                    ],
                    [
                        -38.7689559099306,
                        73.11640926251162
                    ],
                    [
                        -38.773702008686996,
                        73.11883322821987
                    ],
                    [
                        -38.778367410554566,
                        73.1212544948099
                    ],
                    [
                        -38.78308697240266,
                        73.12367733639182
                    ],
                    [
                        -38.78787479740277,
                        73.12610219420716
                    ],
                    [
                        -38.79263117937006,
                        73.12852591324716
                    ],
                    [
                        -38.797313927730585,
                        73.13094716492151
                    ],
                    [
                        -38.802011136120036,
                        73.1333687329374
                    ],
                    [
                        -38.80667743683091,
                        73.13578918707071
                    ],
                    [
                        -38.811405980317026,
                        73.13821146150251
                    ],
                    [
                        -38.81618894863353,
                        73.14063530512622
                    ],
                    [
                        -38.82101932009403,
                        73.14306049270338
                    ],
                    [
                        -38.82603318514497,
                        73.1454912910199
                    ],
                    [
                        -38.831033539690544,
                        73.14792150713687
                    ],
                    [
                        -38.83607777340578,
                        73.15035293989673
                    ],
                    [
                        -38.841097728869585,
                        73.15278345260705
                    ],
                    [
                        -38.84603410074083,
                        73.15521119350093
                    ],
                    [
                        -38.85092390376641,
                        73.1576373261488
                    ],
                    [
                        -38.855812595569134,
                        73.16006327315371
                    ],
                    [
                        -38.86063869818838,
                        73.16248711813255
                    ],
                    [
                        -38.86535545790947,
                        73.16490741040776
                    ],
                    [
                        -38.869940407146856,
                        73.16732346022282
                    ],
                    [
                        -38.87447849160043,
                        73.16973791964858
                    ],
                    [
                        -38.878984695581615,
                        73.172151258064
                    ],
                    [
                        -38.883509397043674,
                        73.17456504165627
                    ],
                    [
                        -38.88816133387864,
                        73.17698264068328
                    ],
                    [
                        -38.89288589553668,
                        73.17940235267653
                    ],
                    [
                        -38.8974913978956,
                        73.18181823869635
                    ],
                    [
                        -38.90210410641562,
                        73.18423421334144
                    ],
                    [
                        -38.9068075308555,
                        73.18665285611209
                    ],
                    [
                        -38.911385586178,
                        73.18906748948223
                    ],
                    [
                        -38.91614592409845,
                        73.19148761174989
                    ],
                    [
                        -38.920923225081154,
                        73.19390811387692
                    ],
                    [
                        -38.92571434648731,
                        73.19632889771665
                    ],
                    [
                        -38.930610085480055,
                        73.19875275433553
                    ],
                    [
                        -38.93564505325538,
                        73.20118073791193
                    ],
                    [
                        -38.94061388687762,
                        73.20360653301977
                    ],
                    [
                        -38.945667704414475,
                        73.20603477926285
                    ],
                    [
                        -38.95077370881426,
                        73.20846446439255
                    ],
                    [
                        -38.955902158467424,
                        73.21089467358163
                    ],
                    [
                        -38.961116400366485,
                        73.21332734138964
                    ],
                    [
                        -38.96630528251917,
                        73.21575906541068
                    ],
                    [
                        -38.97156070145111,
                        73.21819265169532
                    ],
                    [
                        -38.97690969306067,
                        73.22062891807029
                    ],
                    [
                        -38.98221799648629,
                        73.22306376812588
                    ],
                    [
                        -38.987490629295664,
                        73.22549735835757
                    ],
                    [
                        -38.99266119302582,
                        73.22792767473248
                    ],
                    [
                        -38.997851491579944,
                        73.23035842385262
                    ],
                    [
                        -39.00296339899355,
                        73.2327866285287
                    ],
                    [
                        -39.00801833379495,
                        73.23521294477374
                    ],
                    [
                        -39.01304704721151,
                        73.23763830839648
                    ],
                    [
                        -39.01817880788761,
                        73.24006662996216
                    ],
                    [
                        -39.023581721917495,
                        73.24250297713692
                    ],
                    [
                        -39.02908237812718,
                        73.2449420926614
                    ],
                    [
                        -39.034563028787524,
                        73.24738041869117
                    ],
                    [
                        -39.039958501760246,
                        73.24981599525071
                    ],
                    [
                        -39.04539667678114,
                        73.25225267623715
                    ],
                    [
                        -39.05086919559773,
                        73.25469020653891
                    ],
                    [
                        -39.056421604606015,
                        73.25712994968197
                    ],
                    [
                        -39.06200495004744,
                        73.25957043054089
                    ],
                    [
                        -39.06760398627146,
                        73.26201118965847
                    ],
                    [
                        -39.07308144532747,
                        73.26444811983485
                    ],
                    [
                        -39.078796534161256,
                        73.26689196533167
                    ],
                    [
                        -39.084422803355004,
                        73.26933296002275
                    ],
                    [
                        -39.09008698457186,
                        73.27177489083257
                    ],
                    [
                        -39.095936612577034,
                        73.27422214736285
                    ],
                    [
                        -39.101805530183334,
                        73.2766697687657
                    ],
                    [
                        -39.107880566515206,
                        73.27912330364144
                    ],
                    [
                        -39.11395715674538,
                        73.28157666035354
                    ],
                    [
                        -39.12021820866677,
                        73.28403525980659
                    ],
                    [
                        -39.12668672812019,
                        73.28649976313227
                    ],
                    [
                        -39.13332335616536,
                        73.28896898380853
                    ],
                    [
                        -39.14018199199023,
                        73.29144449409335
                    ],
                    [
                        -39.14696442500126,
                        73.29391747568383
                    ],
                    [
                        -39.153608158245376,
                        73.29638609720338
                    ],
                    [
                        -39.16009313584796,
                        73.2988497847024
                    ],
                    [
                        -39.16648857104356,
                        73.30131058895762
                    ],
                    [
                        -39.172922733999805,
                        73.30377228289241
                    ],
                    [
                        -39.179428978348476,
                        73.30623583954893
                    ],
                    [
                        -39.18613773633579,
                        73.3087050675635
                    ],
                    [
                        -39.19318108242044,
                        73.31115053854906
                    ],
                    [
                        -39.20023059987109,
                        73.3135842390488
                    ],
                    [
                        -39.20727846913687,
                        73.31602827473259
                    ],
                    [
                        -39.214328680283636,
                        73.3184713716802
                    ],
                    [
                        -39.22137519784651,
                        73.32093065616297
                    ],
                    [
                        -39.228430204372664,
                        73.32337157607907
                    ],
                    [
                        -39.23548288620929,
                        73.32582482650814
                    ],
                    [
                        -39.24255562174497,
                        73.32822674027942
                    ],
                    [
                        -39.249639373796306,
                        73.33060290786764
                    ],
                    [
                        -39.25672521016092,
                        73.33297873247496
                    ],
                    [
                        -39.26381717238125,
                        73.3353426712983
                    ],
                    [
                        -39.27091329126425,
                        73.33770031845229
                    ],
                    [
                        -39.277980153217825,
                        73.34014730966915
                    ],
                    [
                        -39.28507654998165,
                        73.34251545356045
                    ],
                    [
                        -39.292157373325004,
                        73.34493390918482
                    ],
                    [
                        -39.2992404787689,
                        73.34735156114327
                    ],
                    [
                        -39.306345789448834,
                        73.34971112137104
                    ],
                    [
                        -39.31345167135037,
                        73.3520746750965
                    ],
                    [
                        -39.32052738094038,
                        73.3545308380161
                    ],
                    [
                        -39.32758106024755,
                        73.35700425517695
                    ],
                    [
                        -39.33443975137214,
                        73.35947183557471
                    ],
                    [
                        -39.34118741455224,
                        73.36193598536278
                    ],
                    [
                        -39.34780986104376,
                        73.36439631511516
                    ],
                    [
                        -39.35449715389296,
                        73.36685822008371
                    ],
                    [
                        -39.361189801925825,
                        73.36932001098553
                    ],
                    [
                        -39.36809384412655,
                        73.37178750487473
                    ],
                    [
                        -39.37518939583945,
                        73.3742326684948
                    ],
                    [
                        -39.38197492250659,
                        73.3766962544387
                    ],
                    [
                        -39.38891228403826,
                        73.37916383712376
                    ],
                    [
                        -39.3959339342165,
                        73.38163350231409
                    ],
                    [
                        -39.40303051094864,
                        73.38409930864877
                    ],
                    [
                        -39.409869568912434,
                        73.3865632772183
                    ],
                    [
                        -39.416648861506395,
                        73.3890252984405
                    ],
                    [
                        -39.42352463784839,
                        73.39148974224848
                    ],
                    [
                        -39.43054951920004,
                        73.39395806481866
                    ],
                    [
                        -39.43761459819376,
                        73.39642721626261
                    ],
                    [
                        -39.444388705595856,
                        73.3988879838197
                    ],
                    [
                        -39.45089535910623,
                        73.40134105394168
                    ],
                    [
                        -39.45744990863471,
                        73.40379520172075
                    ],
                    [
                        -39.46447273820996,
                        73.40626206388008
                    ],
                    [
                        -39.47115250377125,
                        73.40871914925437
                    ],
                    [
                        -39.47795504616019,
                        73.41117936218468
                    ],
                    [
                        -39.48476294687242,
                        73.41363945051104
                    ],
                    [
                        -39.491784995224826,
                        73.41610516371115
                    ],
                    [
                        -39.49860897466233,
                        73.41856514076927
                    ],
                    [
                        -39.50520726779833,
                        73.42101864607346
                    ],
                    [
                        -39.51155244402648,
                        73.42346495250779
                    ],
                    [
                        -39.517726258996305,
                        73.42590632692215
                    ],
                    [
                        -39.5239488177278,
                        73.42834880906203
                    ],
                    [
                        -39.53032872020426,
                        73.43079536102907
                    ],
                    [
                        -39.536227680960856,
                        73.43322854933496
                    ],
                    [
                        -39.542263539742656,
                        73.43566526197073
                    ],
                    [
                        -39.54831148001565,
                        73.43810208753872
                    ],
                    [
                        -39.55431018498837,
                        73.44053735795244
                    ],
                    [
                        -39.56029778754125,
                        73.44297211369042
                    ],
                    [
                        -39.566119733626394,
                        73.44540216474289
                    ],
                    [
                        -39.57199451906738,
                        73.44783344575565
                    ],
                    [
                        -39.578175586806914,
                        73.45027280737634
                    ],
                    [
                        -39.58432753765246,
                        73.45271115691757
                    ],
                    [
                        -39.59043267110797,
                        73.45514801992175
                    ],
                    [
                        -39.59645497135541,
                        73.45758243080442
                    ],
                    [
                        -39.60260793891871,
                        73.4600201439989
                    ],
                    [
                        -39.608695920784946,
                        73.46245588734594
                    ],
                    [
                        -39.614706853200715,
                        73.4648893437942
                    ],
                    [
                        -39.620672227587704,
                        73.4673213655696
                    ],
                    [
                        -39.62663665904366,
                        73.46975315199712
                    ],
                    [
                        -39.63270286906317,
                        73.47218745026632
                    ],
                    [
                        -39.638887182835305,
                        73.47462468600553
                    ],
                    [
                        -39.64499964077272,
                        73.47705978029116
                    ],
                    [
                        -39.6512047776659,
                        73.47949712356487
                    ],
                    [
                        -39.657346874071656,
                        73.48193256360976
                    ],
                    [
                        -39.66326755957903,
                        73.48436189923055
                    ],
                    [
                        -39.66898152967349,
                        73.48678554270839
                    ],
                    [
                        -39.674594172956,
                        73.48920630762422
                    ],
                    [
                        -39.68022587104789,
                        73.49162739071184
                    ],
                    [
                        -39.68600631141327,
                        73.49405221930901
                    ],
                    [
                        -39.69173766371297,
                        73.4964755545973
                    ],
                    [
                        -39.697412379497564,
                        73.49889720232765
                    ],
                    [
                        -39.70314627293525,
                        73.50132021905812
                    ],
                    [
                        -39.70894174470493,
                        73.50374466226359
                    ],
                    [
                        -39.71474104906883,
                        73.50616900851384
                    ],
                    [
                        -39.720606993394114,
                        73.50859490590955
                    ],
                    [
                        -39.72660701825243,
                        73.5110241156394
                    ],
                    [
                        -39.73270846571233,
                        73.51345576931305
                    ],
                    [
                        -39.738968846100725,
                        73.51589136004239
                    ],
                    [
                        -39.745244722580125,
                        73.5183271265405
                    ],
                    [
                        -39.75151053653003,
                        73.5207624008988
                    ],
                    [
                        -39.75801724809501,
                        73.52320371835556
                    ],
                    [
                        -39.7645008155307,
                        73.52564418799246
                    ],
                    [
                        -39.770805352092346,
                        73.5280797649671
                    ],
                    [
                        -39.777124665271494,
                        73.5305154936342
                    ],
                    [
                        -39.783444554482436,
                        73.53295100481044
                    ],
                    [
                        -39.78966452479426,
                        73.53538369984274
                    ],
                    [
                        -39.796070742875756,
                        73.53782097923336
                    ],
                    [
                        -39.80239371022966,
                        73.54025587345451
                    ],
                    [
                        -39.80852804740063,
                        73.54268567750636
                    ],
                    [
                        -39.814532380522785,
                        73.5451119187667
                    ],
                    [
                        -39.82041189767187,
                        73.54753474370175
                    ],
                    [
                        -39.826238346319855,
                        73.54995600539918
                    ],
                    [
                        -39.832161220826414,
                        73.55237953942945
                    ],
                    [
                        -39.838176094472445,
                        73.55480522299487
                    ],
                    [
                        -39.84431056386211,
                        73.55723375207226
                    ],
                    [
                        -39.85040565876816,
                        73.5596610577126
                    ],
                    [
                        -39.85646661242005,
                        73.56208727738924
                    ],
                    [
                        -39.86251258729682,
                        73.56451290236815
                    ],
                    [
                        -39.86852836213889,
                        73.56693754735284
                    ],
                    [
                        -39.87446337099492,
                        73.5693599318653
                    ],
                    [
                        -39.880402548041005,
                        73.57178221726438
                    ],
                    [
                        -39.88629864605215,
                        73.57420320698127
                    ],
                    [
                        -39.89218433676786,
                        73.5766237314857
                    ],
                    [
                        -39.89792715696254,
                        73.57904044676155
                    ],
                    [
                        -39.90390462990674,
                        73.58146288823477
                    ],
                    [
                        -39.90983540685077,
                        73.58388394635232
                    ],
                    [
                        -39.91601954087994,
                        73.58631117318767
                    ],
                    [
                        -39.92196506865411,
                        73.58873218543616
                    ],
                    [
                        -39.928023379129506,
                        73.59115582208614
                    ],
                    [
                        -39.93391587081026,
                        73.59357509223696
                    ],
                    [
                        -39.94008782472865,
                        73.59600115311659
                    ],
                    [
                        -39.946064525741924,
                        73.59842211574347
                    ],
                    [
                        -39.95212599629808,
                        73.6008449868919
                    ],
                    [
                        -39.958035759991496,
                        73.60326386554377
                    ],
                    [
                        -39.96396564568704,
                        73.60568304290307
                    ],
                    [
                        -39.96999839827751,
                        73.60810457344895
                    ],
                    [
                        -39.97597639878987,
                        73.61052453506053
                    ],
                    [
                        -39.98182218643254,
                        73.61294101333404
                    ],
                    [
                        -39.987464634093165,
                        73.61535226055426
                    ],
                    [
                        -39.993022571090506,
                        73.61776123395558
                    ],
                    [
                        -39.99867374864449,
                        73.62017233059602
                    ],
                    [
                        -40.004229961267555,
                        73.6225809004945
                    ],
                    [
                        -40.009856674917145,
                        73.62499102797085
                    ],
                    [
                        -40.015610369938635,
                        73.62740409571487
                    ],
                    [
                        -40.021353412406135,
                        73.62981671060895
                    ],
                    [
                        -40.027056010628066,
                        73.6322281428549
                    ],
                    [
                        -40.0329292494497,
                        73.6346435682526
                    ],
                    [
                        -40.03875707860548,
                        73.63705768386703
                    ],
                    [
                        -40.04465290302597,
                        73.63947326534931
                    ],
                    [
                        -40.050225417700474,
                        73.6418807568349
                    ],
                    [
                        -40.05599627961257,
                        73.64429290333754
                    ],
                    [
                        -40.061588744565555,
                        73.64670051573661
                    ],
                    [
                        -40.06724858358101,
                        73.64910958558778
                    ],
                    [
                        -40.07328132927328,
                        73.6515275240582
                    ],
                    [
                        -40.07930389549013,
                        73.65394500705963
                    ],
                    [
                        -40.08534221295755,
                        73.65636266346543
                    ],
                    [
                        -40.091498295025374,
                        73.65878295805331
                    ],
                    [
                        -40.09753999866143,
                        73.66120027455723
                    ],
                    [
                        -40.10386320756475,
                        73.6636241687083
                    ],
                    [
                        -40.110483099090935,
                        73.6660549765667
                    ],
                    [
                        -40.11707927735134,
                        73.66848496543281
                    ],
                    [
                        -40.12362745082377,
                        73.67091355499134
                    ],
                    [
                        -40.129859034354716,
                        73.67333431400952
                    ],
                    [
                        -40.13594001020547,
                        73.67575124741558
                    ],
                    [
                        -40.14188641395468,
                        73.67816475366499
                    ],
                    [
                        -40.14812337082238,
                        73.68058499193062
                    ],
                    [
                        -40.15459459926976,
                        73.68301059129344
                    ],
                    [
                        -40.16087457207755,
                        73.68543140215621
                    ],
                    [
                        -40.16676814427745,
                        73.68784280743625
                    ],
                    [
                        -40.17253109800083,
                        73.69025091483898
                    ],
                    [
                        -40.17860938685135,
                        73.69266630505764
                    ],
                    [
                        -40.184423855744356,
                        73.69507524190155
                    ],
                    [
                        -40.19063578631827,
                        73.69749337837422
                    ],
                    [
                        -40.197114406688435,
                        73.69991758838353
                    ],
                    [
                        -40.20358318232232,
                        73.70234132879855
                    ],
                    [
                        -40.20955015397861,
                        73.70475302706271
                    ],
                    [
                        -40.215388506705246,
                        73.70716150092096
                    ],
                    [
                        -40.22121443118342,
                        73.7095694890394
                    ],
                    [
                        -40.22704804273991,
                        73.71197746400131
                    ],
                    [
                        -40.23315212393258,
                        73.71439157363238
                    ],
                    [
                        -40.23936310267744,
                        73.71680796937896
                    ],
                    [
                        -40.24563414186254,
                        73.71922554777682
                    ],
                    [
                        -40.252137016955686,
                        73.7216483040185
                    ],
                    [
                        -40.25879607314628,
                        73.7240744540583
                    ],
                    [
                        -40.265750966888106,
                        73.72650722382458
                    ],
                    [
                        -40.272556425309425,
                        73.72893625795078
                    ],
                    [
                        -40.27922133290958,
                        73.73136177872533
                    ],
                    [
                        -40.28576282081999,
                        73.73378419742076
                    ],
                    [
                        -40.29218460589614,
                        73.73620361307056
                    ],
                    [
                        -40.29826559088125,
                        73.73861494380475
                    ],
                    [
                        -40.304273645164166,
                        73.74102438746885
                    ],
                    [
                        -40.31021380146167,
                        73.74343206697577
                    ],
                    [
                        -40.3163617589215,
                        73.74584431472312
                    ],
                    [
                        -40.32250053714543,
                        73.74825613896354
                    ],
                    [
                        -40.328526270791556,
                        73.75066516459762
                    ],
                    [
                        -40.33462119039054,
                        73.75307556578844
                    ],
                    [
                        -40.34094812158347,
                        73.75549104971768
                    ],
                    [
                        -40.3474284349977,
                        73.75790980181205
                    ],
                    [
                        -40.353839804071924,
                        73.76032675054265
                    ],
                    [
                        -40.35983360493319,
                        73.76273398743854
                    ],
                    [
                        -40.36649799542123,
                        73.7651562256581
                    ],
                    [
                        -40.37264957747804,
                        73.76756660760181
                    ],
                    [
                        -40.379076540109146,
                        73.76998300122794
                    ],
                    [
                        -40.38567095646668,
                        73.77240294232658
                    ],
                    [
                        -40.39221335391792,
                        73.77482146822868
                    ],
                    [
                        -40.39859354108103,
                        73.77723610566068
                    ],
                    [
                        -40.40466514928584,
                        73.7796435836524
                    ],
                    [
                        -40.41039392452037,
                        73.78204316450193
                    ],
                    [
                        -40.415698626884456,
                        73.78443306054228
                    ],
                    [
                        -40.42101748999354,
                        73.78682311435735
                    ],
                    [
                        -40.42639505014684,
                        73.78921431988228
                    ],
                    [
                        -40.43185355091628,
                        73.79160716830918
                    ],
                    [
                        -40.43724671765781,
                        73.79399839284675
                    ],
                    [
                        -40.44249650374,
                        73.79638626243072
                    ],
                    [
                        -40.44786436060239,
                        73.79877660070991
                    ],
                    [
                        -40.45334366786384,
                        73.80116925034544
                    ],
                    [
                        -40.45908013737055,
                        73.80356743102446
                    ],
                    [
                        -40.46483260413919,
                        73.80596578108148
                    ],
                    [
                        -40.470791822592545,
                        73.80836851496747
                    ],
                    [
                        -40.477002921029765,
                        73.81077660851479
                    ],
                    [
                        -40.483077304680464,
                        73.81318147444043
                    ],
                    [
                        -40.489028925976896,
                        73.81558343331572
                    ],
                    [
                        -40.49502761330557,
                        73.8179862281864
                    ],
                    [
                        -40.500848658569794,
                        73.8203849251217
                    ],
                    [
                        -40.50643216541377,
                        73.82277822893214
                    ],
                    [
                        -40.51186287916602,
                        73.82516801542961
                    ],
                    [
                        -40.51738322877241,
                        73.82755959482284
                    ],
                    [
                        -40.52267059671907,
                        73.82994592041926
                    ],
                    [
                        -40.527835399720644,
                        73.83232941853245
                    ],
                    [
                        -40.53305588422229,
                        73.83471397856607
                    ],
                    [
                        -40.538378217476286,
                        73.83710059909485
                    ],
                    [
                        -40.543726405449675,
                        73.8394876220154
                    ],
                    [
                        -40.54912620712959,
                        73.84187560339497
                    ],
                    [
                        -40.55438908729153,
                        73.84426045811196
                    ],
                    [
                        -40.55962403834435,
                        73.84664455403008
                    ],
                    [
                        -40.56489468877704,
                        73.84902926714813
                    ],
                    [
                        -40.57042196678409,
                        73.85141935700106
                    ],
                    [
                        -40.57591195585252,
                        73.85380847365013
                    ],
                    [
                        -40.581452497785676,
                        73.85619850881271
                    ],
                    [
                        -40.58682496627438,
                        73.85858476481995
                    ],
                    [
                        -40.59242220381474,
                        73.86097567814342
                    ],
                    [
                        -40.5980594329167,
                        73.86336727305515
                    ],
                    [
                        -40.60354091506587,
                        73.86575536189291
                    ],
                    [
                        -40.60881275041404,
                        73.86813880804898
                    ],
                    [
                        -40.613986919284045,
                        73.87052001704981
                    ],
                    [
                        -40.619425879382206,
                        73.87290671411054
                    ],
                    [
                        -40.62465172740086,
                        73.87528871566246
                    ],
                    [
                        -40.62968690845533,
                        73.87766651660607
                    ],
                    [
                        -40.6346431564342,
                        73.8800425022599
                    ],
                    [
                        -40.639575053304476,
                        73.88241783511972
                    ],
                    [
                        -40.64455111821496,
                        73.88479396652357
                    ],
                    [
                        -40.64937069316239,
                        73.88716665406845
                    ],
                    [
                        -40.6542358215526,
                        73.88954017315545
                    ],
                    [
                        -40.65909568413369,
                        73.89191344933613
                    ],
                    [
                        -40.66401914034602,
                        73.8942879322198
                    ],
                    [
                        -40.66902735848112,
                        73.89666406160404
                    ],
                    [
                        -40.67392856260321,
                        73.89903780520562
                    ],
                    [
                        -40.678891547476105,
                        73.90141271025698
                    ],
                    [
                        -40.68375886599608,
                        73.90378547544042
                    ],
                    [
                        -40.68856108644941,
                        73.90615674765958
                    ],
                    [
                        -40.69333787118406,
                        73.90852736042167
                    ],
                    [
                        -40.69809160451035,
                        73.91089736550846
                    ],
                    [
                        -40.70293908445484,
                        73.91326919784348
                    ],
                    [
                        -40.7077223501513,
                        73.91563956370311
                    ],
                    [
                        -40.71253779701932,
                        73.91801047116569
                    ],
                    [
                        -40.717260884409356,
                        73.92037933323594
                    ],
                    [
                        -40.72181715226564,
                        73.92274461380326
                    ],
                    [
                        -40.726393835105384,
                        73.92511020173112
                    ],
                    [
                        -40.731014668440984,
                        73.92747658629148
                    ],
                    [
                        -40.73556444392186,
                        73.92984138495066
                    ],
                    [
                        -40.74004655637235,
                        73.9322046731223
                    ],
                    [
                        -40.744370795555746,
                        73.93456459729468
                    ],
                    [
                        -40.74872701974262,
                        73.93692507600247
                    ],
                    [
                        -40.75324001302627,
                        73.93928867181322
                    ],
                    [
                        -40.75794990344442,
                        73.94165619682687
                    ],
                    [
                        -40.76251488856322,
                        73.94402062814308
                    ],
                    [
                        -40.767105527252184,
                        73.94638546945761
                    ],
                    [
                        -40.771778687847835,
                        73.94875188195853
                    ],
                    [
                        -40.77640458934532,
                        73.95111720838368
                    ],
                    [
                        -40.780914740666844,
                        73.95348005503861
                    ],
                    [
                        -40.785304268809085,
                        73.95584033128314
                    ],
                    [
                        -40.78972140842328,
                        73.95820106304753
                    ],
                    [
                        -40.79438546953729,
                        73.96056670656085
                    ],
                    [
                        -40.79918414020313,
                        73.96293496285992
                    ],
                    [
                        -40.80396436613764,
                        73.96530271821818
                    ],
                    [
                        -40.80870583234789,
                        73.96766956275796
                    ],
                    [
                        -40.81335117459422,
                        73.97003433940284
                    ],
                    [
                        -40.81801822795196,
                        73.97239943567105
                    ],
                    [
                        -40.82268336459765,
                        73.97476437329917
                    ],
                    [
                        -40.82731618612826,
                        73.97712854002116
                    ],
                    [
                        -40.83211335641977,
                        73.97949589562771
                    ],
                    [
                        -40.836641180292375,
                        73.98185771185312
                    ],
                    [
                        -40.841170781563996,
                        73.9842194509653
                    ],
                    [
                        -40.845708787645314,
                        73.98658124573427
                    ],
                    [
                        -40.85044512287399,
                        73.98894689819184
                    ],
                    [
                        -40.85521896152673,
                        73.99131317732822
                    ],
                    [
                        -40.85982790942625,
                        73.99367603853315
                    ],
                    [
                        -40.86433985675199,
                        73.99603684841655
                    ],
                    [
                        -40.86889730206785,
                        73.9983984528979
                    ],
                    [
                        -40.87363366525432,
                        74.00076350300795
                    ],
                    [
                        -40.87831177979815,
                        74.00312727278249
                    ],
                    [
                        -40.8830859753109,
                        74.0054928291784
                    ],
                    [
                        -40.88806209601806,
                        74.00786226223013
                    ],
                    [
                        -40.89285005450126,
                        74.01022783609893
                    ],
                    [
                        -40.89776324503871,
                        74.01259575957899
                    ],
                    [
                        -40.902727498981335,
                        74.01496455888191
                    ],
                    [
                        -40.907640732802115,
                        74.01733221787958
                    ],
                    [
                        -40.91266906062051,
                        74.01970201040018
                    ],
                    [
                        -40.917761535268525,
                        74.02207292572967
                    ],
                    [
                        -40.92253866618456,
                        74.02443750968919
                    ],
                    [
                        -40.92731178453055,
                        74.02680189036437
                    ],
                    [
                        -40.93190378958406,
                        74.02916260076108
                    ],
                    [
                        -40.93651397969344,
                        74.03152355163624
                    ],
                    [
                        -40.94120879473024,
                        74.0338860391326
                    ],
                    [
                        -40.94627710612779,
                        74.03625569030854
                    ],
                    [
                        -40.951303620449615,
                        74.03862438766835
                    ],
                    [
                        -40.95634312109376,
                        74.04099320002798
                    ],
                    [
                        -40.9614037854123,
                        74.04336228518369
                    ],
                    [
                        -40.9664892625872,
                        74.04573171222546
                    ],
                    [
                        -40.971349554004846,
                        74.04809663785835
                    ],
                    [
                        -40.976386335218706,
                        74.05046484820436
                    ],
                    [
                        -40.98153855652998,
                        74.05283515003607
                    ],
                    [
                        -40.9867503346944,
                        74.05520645622904
                    ],
                    [
                        -40.992124443929,
                        74.05758074075305
                    ],
                    [
                        -40.997624619453205,
                        74.0599572924925
                    ],
                    [
                        -41.003283331703855,
                        74.06233672370797
                    ],
                    [
                        -41.009068213341926,
                        74.06471839986456
                    ],
                    [
                        -41.01472314873359,
                        74.06709740892933
                    ],
                    [
                        -41.02014171812165,
                        74.06947172948338
                    ],
                    [
                        -41.02564648066492,
                        74.0718475355767
                    ],
                    [
                        -41.03104726828558,
                        74.07422119754149
                    ],
                    [
                        -41.03637690469322,
                        74.07659334869697
                    ],
                    [
                        -41.0417720735984,
                        74.07896659089953
                    ],
                    [
                        -41.046939072285625,
                        74.08133534933557
                    ],
                    [
                        -41.05203743445633,
                        74.08370266388664
                    ],
                    [
                        -41.05727410556453,
                        74.08607245317076
                    ],
                    [
                        -41.06254975514665,
                        74.08844283036716
                    ],
                    [
                        -41.06779715174347,
                        74.09081252484197
                    ],
                    [
                        -41.07302992144803,
                        74.09318179551653
                    ],
                    [
                        -41.0782813827563,
                        74.0955512699167
                    ],
                    [
                        -41.08357608112221,
                        74.09792140718767
                    ],
                    [
                        -41.08880657147061,
                        74.10029019028475
                    ],
                    [
                        -41.09397800530082,
                        74.10265772102727
                    ],
                    [
                        -41.0990232092597,
                        74.10502274922919
                    ],
                    [
                        -41.1044370318687,
                        74.10739451779554
                    ],
                    [
                        -41.11013236585356,
                        74.10977137255698
                    ],
                    [
                        -41.115594400877846,
                        74.11214371473615
                    ],
                    [
                        -41.120803282331316,
                        74.1145111959615
                    ],
                    [
                        -41.12605314364601,
                        74.11687929127534
                    ],
                    [
                        -41.13132416865469,
                        74.11924763043508
                    ],
                    [
                        -41.13679102382598,
                        74.12161944046112
                    ],
                    [
                        -41.14217202723192,
                        74.12398950581894
                    ],
                    [
                        -41.14718985042909,
                        74.1263527230767
                    ],
                    [
                        -41.15230808982852,
                        74.12871765317423
                    ],
                    [
                        -41.157603833036084,
                        74.1310857043984
                    ],
                    [
                        -41.162941946745306,
                        74.13345438275691
                    ],
                    [
                        -41.168201209135844,
                        74.1358214642071
                    ],
                    [
                        -41.17312870885237,
                        74.1381823293693
                    ],
                    [
                        -41.178223542172,
                        74.14054612087295
                    ],
                    [
                        -41.18319905309576,
                        74.14290759729789
                    ],
                    [
                        -41.188133406981876,
                        74.14526819173231
                    ],
                    [
                        -41.19306990790307,
                        74.1476286949865
                    ],
                    [
                        -41.19806372170723,
                        74.14999010870548
                    ],
                    [
                        -41.20338958533155,
                        74.15235740976951
                    ],
                    [
                        -41.208623365411164,
                        74.15472289247543
                    ],
                    [
                        -41.213604759949966,
                        74.15708366686916
                    ],
                    [
                        -41.218619115098925,
                        74.15944490375615
                    ],
                    [
                        -41.22346482734314,
                        74.16180296690668
                    ],
                    [
                        -41.22818156203648,
                        74.16415858337123
                    ],
                    [
                        -41.23287135726755,
                        74.16651359699688
                    ],
                    [
                        -41.23726921707044,
                        74.16886325325521
                    ],
                    [
                        -41.24169388247906,
                        74.17121328706952
                    ],
                    [
                        -41.24618959787246,
                        74.17356448865677
                    ],
                    [
                        -41.25079166559567,
                        74.17591748405476
                    ],
                    [
                        -41.25529224512765,
                        74.17826855482599
                    ],
                    [
                        -41.25962414336518,
                        74.18061651027877
                    ],
                    [
                        -41.26385871016844,
                        74.18296263282366
                    ],
                    [
                        -41.268107386567706,
                        74.18530891114214
                    ],
                    [
                        -41.27241770933495,
                        74.18765618863603
                    ],
                    [
                        -41.276547378322945,
                        74.1900001629651
                    ],
                    [
                        -41.28060584439376,
                        74.19234278545552
                    ],
                    [
                        -41.28465502344029,
                        74.19468515646726
                    ],
                    [
                        -41.28846121482785,
                        74.19702314618293
                    ],
                    [
                        -41.29209946683855,
                        74.1993580947177
                    ],
                    [
                        -41.29584263757844,
                        74.20169482399373
                    ],
                    [
                        -41.29967752638726,
                        74.20403309510253
                    ],
                    [
                        -41.303452171285194,
                        74.20637022892913
                    ],
                    [
                        -41.30750169248913,
                        74.20871211791626
                    ],
                    [
                        -41.31149907134271,
                        74.21105300531023
                    ],
                    [
                        -41.31537812091814,
                        74.21339173438022
                    ],
                    [
                        -41.319270838154466,
                        74.21573062358277
                    ],
                    [
                        -41.323197540272155,
                        74.2180700273524
                    ],
                    [
                        -41.32702270655454,
                        74.22040757668334
                    ],
                    [
                        -41.330942424953236,
                        74.22274669860161
                    ],
                    [
                        -41.33492017966297,
                        74.22508675092254
                    ],
                    [
                        -41.33871865605889,
                        74.22742360032173
                    ],
                    [
                        -41.342636833892065,
                        74.22976245464402
                    ],
                    [
                        -41.34640471061967,
                        74.23209861914641
                    ],
                    [
                        -41.35012141872838,
                        74.23443382207854
                    ],
                    [
                        -41.35382778640899,
                        74.23676877371784
                    ],
                    [
                        -41.35751725447193,
                        74.23910336124334
                    ],
                    [
                        -41.36131405929186,
                        74.24143973245685
                    ],
                    [
                        -41.36509329123095,
                        74.24377572500232
                    ],
                    [
                        -41.36877637707627,
                        74.24610998549451
                    ],
                    [
                        -41.37232820780055,
                        74.2484419151826
                    ],
                    [
                        -41.375895882604574,
                        74.25077405187803
                    ],
                    [
                        -41.379448859858314,
                        74.25310586996034
                    ],
                    [
                        -41.38298590956205,
                        74.25543734920075
                    ],
                    [
                        -41.38645703831523,
                        74.25776763355225
                    ],
                    [
                        -41.389702966957685,
                        74.2600939993016
                    ],
                    [
                        -41.392857063149854,
                        74.26241874011586
                    ],
                    [
                        -41.39609843511594,
                        74.26474492168413
                    ],
                    [
                        -41.3991561137635,
                        74.26706791353325
                    ],
                    [
                        -41.40216105612215,
                        74.26938995859591
                    ],
                    [
                        -41.405203708961984,
                        74.27171260062116
                    ],
                    [
                        -41.408110788164365,
                        74.27403288812658
                    ],
                    [
                        -41.41100305500566,
                        74.27635288143213
                    ],
                    [
                        -41.41389876076124,
                        74.27867289135719
                    ],
                    [
                        -41.41669030387345,
                        74.28099109134973
                    ],
                    [
                        -41.41947467895842,
                        74.28330913121984
                    ],
                    [
                        -41.42221661713593,
                        74.2856264137655
                    ],
                    [
                        -41.425081173882774,
                        74.2879457348996
                    ],
                    [
                        -41.42800731619883,
                        74.29026605664748
                    ],
                    [
                        -41.430857216100534,
                        74.29258504751292
                    ],
                    [
                        -41.43369418726598,
                        74.29490377982036
                    ],
                    [
                        -41.43656669322747,
                        74.29722307142728
                    ],
                    [
                        -41.43941444226122,
                        74.29954190493204
                    ],
                    [
                        -41.442332863868884,
                        74.30186188766956
                    ],
                    [
                        -41.445177853667985,
                        74.304180593218
                    ],
                    [
                        -41.44805135142754,
                        74.3064997375497
                    ],
                    [
                        -41.45096080916789,
                        74.30881944436872
                    ],
                    [
                        -41.454054686198496,
                        74.31114220092974
                    ],
                    [
                        -41.45720197742767,
                        74.3134658037942
                    ],
                    [
                        -41.46034703045419,
                        74.3157893191205
                    ],
                    [
                        -41.46337439558267,
                        74.3181108174859
                    ],
                    [
                        -41.46639671516814,
                        74.32043218563891
                    ],
                    [
                        -41.46942082179963,
                        74.3227535378191
                    ],
                    [
                        -41.47231536313879,
                        74.3250726851266
                    ],
                    [
                        -41.475085422330544,
                        74.32738971846841
                    ],
                    [
                        -41.47776895075108,
                        74.32970527492115
                    ],
                    [
                        -41.48037109144504,
                        74.3320194438902
                    ],
                    [
                        -41.48291867239983,
                        74.33433267444235
                    ],
                    [
                        -41.48541642024413,
                        74.33664504736994
                    ],
                    [
                        -41.48773122769206,
                        74.33895435836402
                    ],
                    [
                        -41.48991411932101,
                        74.34126145993442
                    ],
                    [
                        -41.49210843616178,
                        74.34356872964585
                    ],
                    [
                        -41.494324439628116,
                        74.34587633677684
                    ],
                    [
                        -41.496560809080044,
                        74.34818425867475
                    ],
                    [
                        -41.498844588969014,
                        74.35049294112409
                    ],
                    [
                        -41.50118014347404,
                        74.35280245426374
                    ],
                    [
                        -41.50351026222688,
                        74.35511185288611
                    ],
                    [
                        -41.505879348819,
                        74.35742186863556
                    ],
                    [
                        -41.50835224920717,
                        74.3597335671701
                    ],
                    [
                        -41.51092679784386,
                        74.36204690851268
                    ],
                    [
                        -41.51349128292061,
                        74.36436005297783
                    ],
                    [
                        -41.51602438168041,
                        74.36667265101367
                    ],
                    [
                        -41.518592537013646,
                        74.36898579365446
                    ],
                    [
                        -41.521258076124276,
                        74.37130050062959
                    ],
                    [
                        -41.52397150162007,
                        74.37361595732331
                    ],
                    [
                        -41.52663598727794,
                        74.37593057800663
                    ],
                    [
                        -41.529260638585086,
                        74.37824451367169
                    ],
                    [
                        -41.53184247757394,
                        74.38055771747659
                    ],
                    [
                        -41.534423154739194,
                        74.3828708706699
                    ],
                    [
                        -41.53700578228512,
                        74.38518402403236
                    ],
                    [
                        -41.53957764888221,
                        74.38749697052472
                    ],
                    [
                        -41.54211291509788,
                        74.389809290279
                    ],
                    [
                        -41.544556481541775,
                        74.39212008930703
                    ],
                    [
                        -41.547109801621914,
                        74.39443264302956
                    ],
                    [
                        -41.54963537550089,
                        74.39674471579988
                    ],
                    [
                        -41.55211509388206,
                        74.39905601524332
                    ],
                    [
                        -41.55467448238078,
                        74.40136857644966
                    ],
                    [
                        -41.557310008263606,
                        74.40368233882054
                    ],
                    [
                        -41.55988174735585,
                        74.40599503680994
                    ],
                    [
                        -41.56243379263753,
                        74.4083073854437
                    ],
                    [
                        -41.56484705375677,
                        74.41061746355682
                    ],
                    [
                        -41.56737079329256,
                        74.41292929643961
                    ],
                    [
                        -41.56995834746703,
                        74.41524212760645
                    ],
                    [
                        -41.572518207668615,
                        74.41755448135258
                    ],
                    [
                        -41.5751416405171,
                        74.4198678266265
                    ],
                    [
                        -41.57768692483757,
                        74.42217988359904
                    ],
                    [
                        -41.58016184511493,
                        74.42449078060395
                    ],
                    [
                        -41.58264211632949,
                        74.42680173503946
                    ],
                    [
                        -41.58498770935267,
                        74.42911050262195
                    ],
                    [
                        -41.5873479921484,
                        74.43141948058572
                    ],
                    [
                        -41.58978573967878,
                        74.43372967268623
                    ],
                    [
                        -41.5922479969552,
                        74.43604022925362
                    ],
                    [
                        -41.59468501348846,
                        74.43835035470805
                    ],
                    [
                        -41.59709689656204,
                        74.44066005181479
                    ],
                    [
                        -41.59951733792857,
                        74.44296985879244
                    ],
                    [
                        -41.601867281654144,
                        74.44527851591376
                    ],
                    [
                        -41.604362459899086,
                        74.44758945981611
                    ],
                    [
                        -41.60677177560163,
                        74.44989900942157
                    ],
                    [
                        -41.60913490585499,
                        74.45220779870051
                    ],
                    [
                        -41.61141006891172,
                        74.45451516617814
                    ],
                    [
                        -41.61372143930048,
                        74.45682308514432
                    ],
                    [
                        -41.615978091256565,
                        74.45913011298875
                    ],
                    [
                        -41.618189857194004,
                        74.46143640755992
                    ],
                    [
                        -41.62041991018598,
                        74.46374297029436
                    ],
                    [
                        -41.622609126171106,
                        74.46604886561543
                    ],
                    [
                        -41.624737226975746,
                        74.46835377467411
                    ],
                    [
                        -41.62671415914251,
                        74.4706562779333
                    ],
                    [
                        -41.62866570542872,
                        74.47295836516929
                    ],
                    [
                        -41.63057348136241,
                        74.47525974741254
                    ],
                    [
                        -41.63246195468739,
                        74.47756081162804
                    ],
                    [
                        -41.63443528103265,
                        74.47986319823667
                    ],
                    [
                        -41.63634218708038,
                        74.4821645245305
                    ],
                    [
                        -41.638249842337984,
                        74.48446584871837
                    ],
                    [
                        -41.64008972168965,
                        74.48676609427015
                    ],
                    [
                        -41.64199556104,
                        74.48906736292581
                    ],
                    [
                        -41.643785512389776,
                        74.49136679971639
                    ],
                    [
                        -41.64558120314926,
                        74.49366631518079
                    ],
                    [
                        -41.647244242901365,
                        74.49596374098356
                    ],
                    [
                        -41.648836902665685,
                        74.49826005615184
                    ],
                    [
                        -41.65043289245375,
                        74.50055641615585
                    ],
                    [
                        -41.65202140240041,
                        74.50285265185602
                    ],
                    [
                        -41.653613463833835,
                        74.50514893587578
                    ],
                    [
                        -41.655244071784615,
                        74.50744581468808
                    ],
                    [
                        -41.65683676455987,
                        74.50974209369129
                    ],
                    [
                        -41.65836386754801,
                        74.51203734228831
                    ],
                    [
                        -41.65983345654598,
                        74.51433168823637
                    ],
                    [
                        -41.661269669652214,
                        74.51662550921773
                    ],
                    [
                        -41.66274747645051,
                        74.51891997358194
                    ],
                    [
                        -41.66430383452663,
                        74.52121565534695
                    ],
                    [
                        -41.665963977108554,
                        74.52351294471264
                    ],
                    [
                        -41.6675868513176,
                        74.52580964626351
                    ],
                    [
                        -41.66927444395431,
                        74.528107345247
                    ],
                    [
                        -41.67090123500137,
                        74.53040409132083
                    ],
                    [
                        -41.67250986099205,
                        74.53270054770964
                    ],
                    [
                        -41.67417399956222,
                        74.53499785718228
                    ],
                    [
                        -41.675834076195855,
                        74.53729509509692
                    ],
                    [
                        -41.6775286843581,
                        74.53959285911694
                    ],
                    [
                        -41.67932748856594,
                        74.54189222606347
                    ],
                    [
                        -41.68120972366843,
                        74.54419287156176
                    ],
                    [
                        -41.683146799684955,
                        74.54649435114715
                    ],
                    [
                        -41.68506204289367,
                        74.54879547924548
                    ],
                    [
                        -41.68687697623715,
                        74.5510950458733
                    ],
                    [
                        -41.68864608501597,
                        74.55339389428859
                    ],
                    [
                        -41.69048287294144,
                        74.55569377467474
                    ],
                    [
                        -41.69232750616533,
                        74.5579937636633
                    ],
                    [
                        -41.69413762910831,
                        74.560293209365
                    ],
                    [
                        -41.695837520200996,
                        74.56259094869239
                    ],
                    [
                        -41.69753591510375,
                        74.5648886557343
                    ],
                    [
                        -41.69934850405839,
                        74.5671881068868
                    ],
                    [
                        -41.7011758901145,
                        74.56948777343902
                    ],
                    [
                        -41.702895597510576,
                        74.57178577702528
                    ],
                    [
                        -41.7045202419265,
                        74.57408231427368
                    ],
                    [
                        -41.706104554964405,
                        74.57637822613047
                    ],
                    [
                        -41.707554253049196,
                        74.57867207080297
                    ],
                    [
                        -41.70899710467517,
                        74.5809658062701
                    ],
                    [
                        -41.710464187010516,
                        74.58325990778687
                    ],
                    [
                        -41.71186770904993,
                        74.58555303345179
                    ],
                    [
                        -41.71323383367014,
                        74.58784558442828
                    ],
                    [
                        -41.71455854128554,
                        74.59013750033824
                    ],
                    [
                        -41.71587736506011,
                        74.5924293242014
                    ],
                    [
                        -41.71731282136564,
                        74.59472292380505
                    ],
                    [
                        -41.71886739094354,
                        74.59701833383043
                    ],
                    [
                        -41.7203829743449,
                        74.59931314390036
                    ],
                    [
                        -41.721911564933286,
                        74.60160814622108
                    ],
                    [
                        -41.723502832780696,
                        74.60390409572238
                    ],
                    [
                        -41.725064542434566,
                        74.6061995889576
                    ],
                    [
                        -41.726600158160736,
                        74.60849467938283
                    ],
                    [
                        -41.72815867003756,
                        74.61079011129804
                    ],
                    [
                        -41.72979292919246,
                        74.61308668570607
                    ],
                    [
                        -41.731518688554644,
                        74.61538463916044
                    ],
                    [
                        -41.73331254981013,
                        74.61768361443973
                    ],
                    [
                        -41.73515447784918,
                        74.61998330613537
                    ],
                    [
                        -41.73715882247782,
                        74.62228544225526
                    ],
                    [
                        -41.73920853678394,
                        74.62458824827719
                    ],
                    [
                        -41.74133919462137,
                        74.62689225981562
                    ],
                    [
                        -41.743408438879506,
                        74.6291953259295
                    ],
                    [
                        -41.74545896387916,
                        74.63149809253015
                    ],
                    [
                        -41.74742732464912,
                        74.63379960442192
                    ],
                    [
                        -41.74952159534829,
                        74.63610299689944
                    ],
                    [
                        -41.75166888216429,
                        74.63840716900584
                    ],
                    [
                        -41.75395662560802,
                        74.6407134329934
                    ],
                    [
                        -41.75644977875282,
                        74.64302275877766
                    ],
                    [
                        -41.75893423122384,
                        74.64533192596605
                    ],
                    [
                        -41.761720555227015,
                        74.64764558956831
                    ],
                    [
                        -41.76439041881906,
                        74.64995747303828
                    ],
                    [
                        -41.76701834910226,
                        74.65226869624499
                    ],
                    [
                        -41.76967634809285,
                        74.65458033695523
                    ],
                    [
                        -41.77230937143287,
                        74.6568915721389
                    ],
                    [
                        -41.77499114766713,
                        74.65920350249219
                    ],
                    [
                        -41.777503820344826,
                        74.66151287988934
                    ],
                    [
                        -41.78023929340575,
                        74.66382554534745
                    ],
                    [
                        -41.78304796368416,
                        74.66613926437265
                    ],
                    [
                        -41.78576984443874,
                        74.66845165704025
                    ],
                    [
                        -41.788398420511115,
                        74.67076263052515
                    ],
                    [
                        -41.791184783012994,
                        74.67307591165901
                    ],
                    [
                        -41.79375154987387,
                        74.67538590392103
                    ],
                    [
                        -41.796317073722584,
                        74.67769584783504
                    ],
                    [
                        -41.79886438184374,
                        74.68000549254441
                    ],
                    [
                        -41.80154549440486,
                        74.68231708409864
                    ],
                    [
                        -41.80423003193568,
                        74.68462869299411
                    ],
                    [
                        -41.80684622819206,
                        74.68693926124577
                    ],
                    [
                        -41.80958486286962,
                        74.68925160120686
                    ],
                    [
                        -41.81226763727474,
                        74.69156308457248
                    ],
                    [
                        -41.814892634652395,
                        74.69387368562884
                    ],
                    [
                        -41.817431403036984,
                        74.69618298911757
                    ],
                    [
                        -41.820094393752605,
                        74.69849408570248
                    ],
                    [
                        -41.822722164745784,
                        74.7008046336059
                    ],
                    [
                        -41.825264345244655,
                        74.70311389692807
                    ],
                    [
                        -41.82795649227665,
                        74.70542532450456
                    ],
                    [
                        -41.83065614230946,
                        74.70773682832024
                    ],
                    [
                        -41.8335359296763,
                        74.71005092778555
                    ],
                    [
                        -41.83641113544843,
                        74.71236492145438
                    ],
                    [
                        -41.8393353922411,
                        74.71467959067962
                    ],
                    [
                        -41.84220408896029,
                        74.71699341122694
                    ],
                    [
                        -41.845016617873895,
                        74.71930637684547
                    ],
                    [
                        -41.84791766878476,
                        74.7216205907805
                    ],
                    [
                        -41.85111062259887,
                        74.72393899830229
                    ],
                    [
                        -41.854295071560564,
                        74.72625723361074
                    ],
                    [
                        -41.85745194157297,
                        74.72857502119662
                    ],
                    [
                        -41.8611430030284,
                        74.73090047996472
                    ],
                    [
                        -41.864618804270364,
                        74.73322276563266
                    ],
                    [
                        -41.86824517312542,
                        74.73554716240494
                    ],
                    [
                        -41.8720505664775,
                        74.73787407133288
                    ],
                    [
                        -41.8758079328305,
                        74.74020021872238
                    ],
                    [
                        -41.87951061458944,
                        74.74252551184789
                    ],
                    [
                        -41.88335023633897,
                        74.74485270058923
                    ],
                    [
                        -41.887017289367826,
                        74.74717734664979
                    ],
                    [
                        -41.89053260424075,
                        74.74949975770176
                    ],
                    [
                        -41.894131538390944,
                        74.75182330249919
                    ],
                    [
                        -41.89774726551079,
                        74.75414702354301
                    ],
                    [
                        -41.90112287705916,
                        74.75646726147494
                    ],
                    [
                        -41.90453332144262,
                        74.75878793980841
                    ],
                    [
                        -41.90808151114599,
                        74.76111051855442
                    ],
                    [
                        -41.9116806076795,
                        74.76343375825023
                    ],
                    [
                        -41.915096375409554,
                        74.76575433753314
                    ],
                    [
                        -41.918307605416544,
                        74.76807196610159
                    ],
                    [
                        -41.921600904737275,
                        74.77039070540151
                    ],
                    [
                        -41.925025224278144,
                        74.77271124220456
                    ],
                    [
                        -41.92842098540091,
                        74.77503131978038
                    ],
                    [
                        -41.9321968568284,
                        74.77735669364912
                    ],
                    [
                        -41.93595096400326,
                        74.77968169185309
                    ],
                    [
                        -41.93999183601625,
                        74.78201064729258
                    ],
                    [
                        -41.9441729242318,
                        74.78434148801315
                    ],
                    [
                        -41.948467966036254,
                        74.78667383752101
                    ],
                    [
                        -41.95280371193217,
                        74.7890066648364
                    ],
                    [
                        -41.957145724755186,
                        74.79133948685669
                    ],
                    [
                        -41.96147609631206,
                        74.79367205375114
                    ],
                    [
                        -41.96600163359019,
                        74.79600724244078
                    ],
                    [
                        -41.97063845207919,
                        74.79834387498941
                    ],
                    [
                        -41.975421973171954,
                        74.80068243455572
                    ],
                    [
                        -41.98021082898758,
                        74.80302095478444
                    ],
                    [
                        -41.98483481960425,
                        74.8053570846056
                    ],
                    [
                        -41.98952699026032,
                        74.80769404902593
                    ],
                    [
                        -41.99411525217919,
                        74.81002947448422
                    ],
                    [
                        -41.99891259681299,
                        74.812367669326
                    ],
                    [
                        -42.003582587687724,
                        74.81470400362471
                    ],
                    [
                        -42.008492697774756,
                        74.81704351855444
                    ],
                    [
                        -42.013575318844126,
                        74.81938527241535
                    ],
                    [
                        -42.01860731114565,
                        74.82172620803674
                    ],
                    [
                        -42.02364371450003,
                        74.82406707879692
                    ],
                    [
                        -42.02865867497132,
                        74.82640753299842
                    ],
                    [
                        -42.03379329476955,
                        74.8287494866625
                    ],
                    [
                        -42.03878437597507,
                        74.8310893666076
                    ],
                    [
                        -42.0437188040944,
                        74.83342835808665
                    ],
                    [
                        -42.04864767415896,
                        74.83576715475313
                    ],
                    [
                        -42.05317328518926,
                        74.83810040042054
                    ],
                    [
                        -42.05773771797519,
                        74.84043406777249
                    ],
                    [
                        -42.06239181321266,
                        74.84276883665662
                    ],
                    [
                        -42.06687429686607,
                        74.84510119962435
                    ],
                    [
                        -42.071051038023384,
                        74.84742937368374
                    ],
                    [
                        -42.0751670937727,
                        74.84975665214786
                    ],
                    [
                        -42.079182781699345,
                        74.85208250953198
                    ],
                    [
                        -42.08316765409391,
                        74.85440787835212
                    ],
                    [
                        -42.087177044162644,
                        74.85673349635128
                    ],
                    [
                        -42.09116423922017,
                        74.85905874181849
                    ],
                    [
                        -42.095140266480406,
                        74.8613837623294
                    ],
                    [
                        -42.09940330367037,
                        74.86371250558474
                    ],
                    [
                        -42.103769671877096,
                        74.86604252599236
                    ],
                    [
                        -42.10795844737916,
                        74.86837011065876
                    ],
                    [
                        -42.11240071795757,
                        74.87070094916187
                    ],
                    [
                        -42.11681473816704,
                        74.87303132014522
                    ],
                    [
                        -42.12118046835662,
                        74.87536096246643
                    ],
                    [
                        -42.12565796653057,
                        74.8776919768803
                    ],
                    [
                        -42.1299578774778,
                        74.88002057049141
                    ],
                    [
                        -42.13453388704684,
                        74.88235268047623
                    ],
                    [
                        -42.139111466810334,
                        74.88468470903467
                    ],
                    [
                        -42.143602659919715,
                        74.8870155113853
                    ],
                    [
                        -42.14819076227296,
                        74.88934747481375
                    ],
                    [
                        -42.152865400490455,
                        74.89168045817755
                    ],
                    [
                        -42.15747061906141,
                        74.89401243659826
                    ],
                    [
                        -42.16228060647747,
                        74.89634695804625
                    ],
                    [
                        -42.16720993294622,
                        74.89868290609827
                    ],
                    [
                        -42.17200401440491,
                        74.9010169948343
                    ],
                    [
                        -42.17698070683495,
                        74.90335331825733
                    ],
                    [
                        -42.18187799294861,
                        74.90568850283022
                    ],
                    [
                        -42.18672219469565,
                        74.90802289131801
                    ],
                    [
                        -42.19153301465823,
                        74.91035673932682
                    ],
                    [
                        -42.19636306323074,
                        74.91269072022439
                    ],
                    [
                        -42.20139358437932,
                        74.91502713960226
                    ],
                    [
                        -42.206655655038865,
                        74.91736637730993
                    ],
                    [
                        -42.21187128162997,
                        74.91970489166151
                    ],
                    [
                        -42.216750263207686,
                        74.92203901481061
                    ],
                    [
                        -42.221742048328636,
                        74.92437444706329
                    ],
                    [
                        -42.22687988035824,
                        74.92671159907472
                    ],
                    [
                        -42.23222120931623,
                        74.92905118231369
                    ],
                    [
                        -42.23727478842223,
                        74.93138701568918
                    ],
                    [
                        -42.24236587067355,
                        74.93372319512349
                    ],
                    [
                        -42.247373752015164,
                        74.93605820891658
                    ],
                    [
                        -42.252153217993104,
                        74.93839025137851
                    ],
                    [
                        -42.2568287297971,
                        74.9407208888957
                    ],
                    [
                        -42.26172027573976,
                        74.94305410656852
                    ],
                    [
                        -42.26655038691242,
                        74.9453864465313
                    ],
                    [
                        -42.271471025740865,
                        74.94771979493432
                    ],
                    [
                        -42.276209712830294,
                        74.95005077784543
                    ],
                    [
                        -42.2808675091777,
                        74.95238065479343
                    ],
                    [
                        -42.28556611152818,
                        74.95471092986415
                    ],
                    [
                        -42.29021699615375,
                        74.95704051234468
                    ],
                    [
                        -42.294935704265995,
                        74.95937082288002
                    ],
                    [
                        -42.29968030934686,
                        74.96170134347166
                    ],
                    [
                        -42.30434561690079,
                        74.96403078689413
                    ],
                    [
                        -42.30908709541445,
                        74.96636105491845
                    ],
                    [
                        -42.31381081029992,
                        74.96869099877006
                    ],
                    [
                        -42.318311591667154,
                        74.97101812679415
                    ],
                    [
                        -42.32274709421415,
                        74.97334436619228
                    ],
                    [
                        -42.327211112182155,
                        74.97567085689495
                    ],
                    [
                        -42.33169693969941,
                        74.97799751601313
                    ],
                    [
                        -42.33610342090532,
                        74.9803231219118
                    ],
                    [
                        -42.34050069259439,
                        74.9826485243696
                    ],
                    [
                        -42.34504177479134,
                        74.9849755632067
                    ],
                    [
                        -42.34949541837798,
                        74.98730145465406
                    ],
                    [
                        -42.35382075738894,
                        74.98962571514014
                    ],
                    [
                        -42.35834247702989,
                        74.99195223419193
                    ],
                    [
                        -42.362777318310535,
                        74.99427761926351
                    ],
                    [
                        -42.367109871661754,
                        74.99660169257864
                    ],
                    [
                        -42.37120371469874,
                        74.99892283880608
                    ],
                    [
                        -42.3751565893467,
                        75.00124223274209
                    ],
                    [
                        -42.379139512531765,
                        75.00356190935237
                    ],
                    [
                        -42.38320037539443,
                        75.00588243342608
                    ],
                    [
                        -42.38746685809863,
                        75.00820530804504
                    ],
                    [
                        -42.391588665495625,
                        75.01052639115419
                    ],
                    [
                        -42.395660188370506,
                        75.01284680247008
                    ],
                    [
                        -42.399822227579556,
                        75.01516819916073
                    ],
                    [
                        -42.403973501577106,
                        75.01748938797508
                    ],
                    [
                        -42.408197571678706,
                        75.0198113477912
                    ],
                    [
                        -42.412382377122576,
                        75.02213276465469
                    ],
                    [
                        -42.416585854797084,
                        75.02445431684906
                    ],
                    [
                        -42.420703492686435,
                        75.02677478632279
                    ],
                    [
                        -42.424818478441374,
                        75.02909514532422
                    ],
                    [
                        -42.428854931546034,
                        75.03141451356521
                    ],
                    [
                        -42.432947107102066,
                        75.03373445097186
                    ],
                    [
                        -42.437179626902456,
                        75.03605593265604
                    ],
                    [
                        -42.44126933076071,
                        75.03837568170431
                    ],
                    [
                        -42.445345850848135,
                        75.04069520050261
                    ],
                    [
                        -42.4493382981384,
                        75.04301367449602
                    ],
                    [
                        -42.45338369045179,
                        75.04533268204291
                    ],
                    [
                        -42.45738274344,
                        75.04765108195961
                    ],
                    [
                        -42.46133703929508,
                        75.04996889513426
                    ],
                    [
                        -42.46525832654431,
                        75.05228625843826
                    ],
                    [
                        -42.469042810520016,
                        75.05460199009164
                    ],
                    [
                        -42.47283952763751,
                        75.0569177948127
                    ],
                    [
                        -42.47652479790029,
                        75.05923226602651
                    ],
                    [
                        -42.48023777999556,
                        75.06154698926878
                    ],
                    [
                        -42.484009711838866,
                        75.06386231697152
                    ],
                    [
                        -42.487844278432334,
                        75.06617828753282
                    ],
                    [
                        -42.491561495191476,
                        75.06849286492933
                    ],
                    [
                        -42.49521753105131,
                        75.07080668898809
                    ],
                    [
                        -42.49900726096892,
                        75.0731219566629
                    ],
                    [
                        -42.5027121460682,
                        75.07543620471137
                    ],
                    [
                        -42.506359244808486,
                        75.07774974142538
                    ],
                    [
                        -42.50993805124718,
                        75.08006245229122
                    ],
                    [
                        -42.513300935177675,
                        75.08237268982542
                    ],
                    [
                        -42.51664989972128,
                        75.0846827210188
                    ],
                    [
                        -42.52006011104701,
                        75.08699338477936
                    ],
                    [
                        -42.52345604312576,
                        75.08930383710619
                    ],
                    [
                        -42.52671458271838,
                        75.09161271005749
                    ],
                    [
                        -42.529971587133794,
                        75.09392151862382
                    ],
                    [
                        -42.53316212429487,
                        75.09622954312265
                    ],
                    [
                        -42.53634686500866,
                        75.09853745835827
                    ],
                    [
                        -42.53945745373072,
                        75.10084450906642
                    ],
                    [
                        -42.542613917196675,
                        75.10315202360107
                    ],
                    [
                        -42.54586359142142,
                        75.10546052151136
                    ],
                    [
                        -42.549190474728555,
                        75.10776982216909
                    ],
                    [
                        -42.55265127872382,
                        75.11008054487257
                    ],
                    [
                        -42.5560222638128,
                        75.11239022824904
                    ],
                    [
                        -42.55945923684004,
                        75.11470058355583
                    ],
                    [
                        -42.562930341165455,
                        75.11701125903484
                    ],
                    [
                        -42.56625914163365,
                        75.11932032638417
                    ],
                    [
                        -42.56963645254335,
                        75.12162987323299
                    ],
                    [
                        -42.57308647574497,
                        75.12394016061131
                    ],
                    [
                        -42.57649766668696,
                        75.12624997247316
                    ],
                    [
                        -42.579832372270864,
                        75.12855890220266
                    ],
                    [
                        -42.58323536874148,
                        75.13086852236992
                    ],
                    [
                        -42.58668605482009,
                        75.13317860666355
                    ],
                    [
                        -42.59015659273023,
                        75.13548885198358
                    ],
                    [
                        -42.593549103522385,
                        75.13779820181836
                    ],
                    [
                        -42.597020268359934,
                        75.140108347152
                    ],
                    [
                        -42.60066062490373,
                        75.142420257142
                    ],
                    [
                        -42.604351299453214,
                        75.14473264713091
                    ],
                    [
                        -42.607947143419466,
                        75.14704395948145
                    ],
                    [
                        -42.61128732604418,
                        75.14935247903107
                    ],
                    [
                        -42.614626477063645,
                        75.1516609380566
                    ],
                    [
                        -42.61804081773655,
                        75.15397014937551
                    ],
                    [
                        -42.62141790790761,
                        75.15627891217753
                    ],
                    [
                        -42.62473916028836,
                        75.15858703078315
                    ],
                    [
                        -42.62813582540659,
                        75.1608959009397
                    ],
                    [
                        -42.63146286640338,
                        75.16320398206939
                    ],
                    [
                        -42.63502683620444,
                        75.1655145207604
                    ],
                    [
                        -42.63881848656623,
                        75.16782740688404
                    ],
                    [
                        -42.64260433513845,
                        75.17014016664541
                    ],
                    [
                        -42.64648301070282,
                        75.1724538382384
                    ],
                    [
                        -42.6503505414148,
                        75.17476732435678
                    ],
                    [
                        -42.653975138273026,
                        75.17707819529781
                    ],
                    [
                        -42.65750649173791,
                        75.17938803113933
                    ],
                    [
                        -42.66094692280237,
                        75.18169686102948
                    ],
                    [
                        -42.6643166696831,
                        75.184004900805
                    ],
                    [
                        -42.66773481773329,
                        75.18631339466506
                    ],
                    [
                        -42.671157731861484,
                        75.18862188633952
                    ],
                    [
                        -42.67462138022779,
                        75.19093074910104
                    ],
                    [
                        -42.67821121413497,
                        75.19324086671226
                    ],
                    [
                        -42.68193162303894,
                        75.19555227794619
                    ],
                    [
                        -42.68565949316221,
                        75.19786370398975
                    ],
                    [
                        -42.689452636971865,
                        75.20017574058929
                    ],
                    [
                        -42.69324622934522,
                        75.20248771692566
                    ],
                    [
                        -42.69698088110498,
                        75.20479902281566
                    ],
                    [
                        -42.70062979824027,
                        75.20710938669902
                    ],
                    [
                        -42.70424094332839,
                        75.20941930428744
                    ],
                    [
                        -42.70783969028396,
                        75.21172903696696
                    ],
                    [
                        -42.711491488840416,
                        75.2140392532412
                    ],
                    [
                        -42.715025446595,
                        75.216348209627
                    ],
                    [
                        -42.71884227722276,
                        75.21865998690443
                    ],
                    [
                        -42.72274538387475,
                        75.22097257423694
                    ],
                    [
                        -42.726601647126195,
                        75.22328461830924
                    ],
                    [
                        -42.73050168037787,
                        75.22559703798434
                    ],
                    [
                        -42.73467566941904,
                        75.2279121536596
                    ],
                    [
                        -42.73892392327207,
                        75.23022793795596
                    ],
                    [
                        -42.74318943329465,
                        75.2325438134343
                    ],
                    [
                        -42.74720197912991,
                        75.23485706885599
                    ],
                    [
                        -42.750917103868886,
                        75.2371672738891
                    ],
                    [
                        -42.754261640003136,
                        75.23947371335343
                    ],
                    [
                        -42.757643167714065,
                        75.24178047320022
                    ],
                    [
                        -42.76114640969026,
                        75.24408839563202
                    ],
                    [
                        -42.764729011030624,
                        75.24639705322254
                    ],
                    [
                        -42.768489909422485,
                        75.24870742393534
                    ],
                    [
                        -42.77256341625055,
                        75.25102082863147
                    ],
                    [
                        -42.77682144733575,
                        75.2533359826905
                    ],
                    [
                        -42.781383518837465,
                        75.25565405378568
                    ],
                    [
                        -42.78622912139855,
                        75.257974820216
                    ],
                    [
                        -42.79113697495584,
                        75.2602960900119
                    ],
                    [
                        -42.79599758640842,
                        75.26261678643453
                    ],
                    [
                        -42.800670127262585,
                        75.26493553661975
                    ],
                    [
                        -42.80559240086477,
                        75.26725662176788
                    ],
                    [
                        -42.8105315071967,
                        75.26957775943806
                    ],
                    [
                        -42.81543997875725,
                        75.2718984879586
                    ],
                    [
                        -42.82020775773702,
                        75.27421774423831
                    ],
                    [
                        -42.82473002404709,
                        75.27653452557495
                    ],
                    [
                        -42.82951710679793,
                        75.27885376561156
                    ],
                    [
                        -42.8346411330377,
                        75.28117613953302
                    ],
                    [
                        -42.83970075064944,
                        75.28349777547777
                    ],
                    [
                        -42.84486057211451,
                        75.28582025230875
                    ],
                    [
                        -42.849558167444734,
                        75.28813819772299
                    ],
                    [
                        -42.85404466208077,
                        75.29045403330532
                    ],
                    [
                        -42.85848793378269,
                        75.2927693671528
                    ],
                    [
                        -42.86314152572214,
                        75.29508660465768
                    ],
                    [
                        -42.86813228190261,
                        75.29740693086492
                    ],
                    [
                        -42.8733016005944,
                        75.29972882677268
                    ],
                    [
                        -42.87859165326306,
                        75.30205173563307
                    ],
                    [
                        -42.88384811031836,
                        75.30437420124736
                    ],
                    [
                        -42.889015677299476,
                        75.30669570897871
                    ],
                    [
                        -42.89435446617913,
                        75.3090186919481
                    ],
                    [
                        -42.89945955748342,
                        75.31133937018662
                    ],
                    [
                        -42.90406706465235,
                        75.31365531127283
                    ],
                    [
                        -42.90909678773497,
                        75.31597506591044
                    ],
                    [
                        -42.91399775306761,
                        75.31829351622467
                    ],
                    [
                        -42.91882361500557,
                        75.3206111655155
                    ],
                    [
                        -42.9235500582989,
                        75.32292779550345
                    ],
                    [
                        -42.92814033605143,
                        75.3252430759866
                    ],
                    [
                        -42.93244375103556,
                        75.32755563733994
                    ],
                    [
                        -42.93637769936956,
                        75.32986474311491
                    ],
                    [
                        -42.93997622214497,
                        75.33217072439561
                    ],
                    [
                        -42.943166033187744,
                        75.33447293201743
                    ],
                    [
                        -42.94636211098486,
                        75.33677515380218
                    ],
                    [
                        -42.94944525416259,
                        75.33907630884109
                    ],
                    [
                        -42.95248762501054,
                        75.34137705540229
                    ],
                    [
                        -42.95571212455056,
                        75.34367940942688
                    ],
                    [
                        -42.959039295963294,
                        75.3459826457511
                    ],
                    [
                        -42.96230120483909,
                        75.34828524750525
                    ],
                    [
                        -42.96580148448735,
                        75.35058994664236
                    ],
                    [
                        -42.96919573123023,
                        75.3528936420136
                    ],
                    [
                        -42.972537299500466,
                        75.35519681659956
                    ],
                    [
                        -42.975938214098896,
                        75.357500474241
                    ],
                    [
                        -42.979294524009546,
                        75.35980368466845
                    ],
                    [
                        -42.982476841293234,
                        75.36210529777765
                    ],
                    [
                        -42.98579321296372,
                        75.36440806039015
                    ],
                    [
                        -42.98916156999796,
                        75.36671123783856
                    ],
                    [
                        -42.9922527780938,
                        75.36901191213656
                    ],
                    [
                        -42.995432802589384,
                        75.37131333243579
                    ],
                    [
                        -42.99860056929036,
                        75.37361460239187
                    ],
                    [
                        -43.00174871118593,
                        75.37591565766459
                    ],
                    [
                        -43.00515495410286,
                        75.37821894231138
                    ],
                    [
                        -43.008787214869365,
                        75.38052416200838
                    ],
                    [
                        -43.012318578194204,
                        75.38282844079112
                    ],
                    [
                        -43.015808373944296,
                        75.38513230267297
                    ],
                    [
                        -43.01912602512816,
                        75.38743460995825
                    ],
                    [
                        -43.02270854777643,
                        75.38973917869062
                    ],
                    [
                        -43.02677127016301,
                        75.39204786719762
                    ],
                    [
                        -43.0310926597529,
                        75.39435872663498
                    ],
                    [
                        -43.03573246236926,
                        75.3966722580632
                    ],
                    [
                        -43.04058978295089,
                        75.39898757021089
                    ],
                    [
                        -43.045742813279546,
                        75.40130532104892
                    ],
                    [
                        -43.05071158776028,
                        75.40362137137723
                    ],
                    [
                        -43.05581261515428,
                        75.40593844263068
                    ],
                    [
                        -43.06084141985373,
                        75.40825478063812
                    ],
                    [
                        -43.06584205330891,
                        75.41057076542134
                    ],
                    [
                        -43.070749868904066,
                        75.41288585034872
                    ],
                    [
                        -43.075754268563735,
                        75.41520164498785
                    ],
                    [
                        -43.080617644937945,
                        75.41751613709084
                    ],
                    [
                        -43.08545407088964,
                        75.4198302966638
                    ],
                    [
                        -43.0903653160222,
                        75.42214498001454
                    ],
                    [
                        -43.09522828105159,
                        75.42445915138892
                    ],
                    [
                        -43.10035702197487,
                        75.42677543638924
                    ],
                    [
                        -43.10555975093525,
                        75.42909221952704
                    ],
                    [
                        -43.11092295279266,
                        75.43141021332494
                    ],
                    [
                        -43.11672398887209,
                        75.4337317006815
                    ],
                    [
                        -43.12282163292045,
                        75.43605548209464
                    ],
                    [
                        -43.12919154063981,
                        75.43838133263593
                    ],
                    [
                        -43.135550312876305,
                        75.44070690859019
                    ],
                    [
                        -43.14159637956265,
                        75.44302975079881
                    ],
                    [
                        -43.147782457469745,
                        75.44535356660326
                    ],
                    [
                        -43.15391373791653,
                        75.44767676586693
                    ],
                    [
                        -43.15979869654722,
                        75.44999780683506
                    ],
                    [
                        -43.16540564777737,
                        75.45231645457208
                    ],
                    [
                        -43.17110654242444,
                        75.45463571510754
                    ],
                    [
                        -43.17649835219497,
                        75.45695235809102
                    ],
                    [
                        -43.18176279713768,
                        75.45926785570485
                    ],
                    [
                        -43.18747385072511,
                        75.46158677952177
                    ],
                    [
                        -43.193496875621065,
                        75.46390802813966
                    ],
                    [
                        -43.19976622873592,
                        75.46623105777296
                    ],
                    [
                        -43.206327991041164,
                        75.46855620950336
                    ],
                    [
                        -43.2133250283848,
                        75.47088457561688
                    ],
                    [
                        -43.22047176670287,
                        75.47321388829181
                    ],
                    [
                        -43.2279309907152,
                        75.47554539666967
                    ],
                    [
                        -43.23602242794272,
                        75.4778815394164
                    ],
                    [
                        -43.24473974317549,
                        75.480222198399
                    ],
                    [
                        -43.25302395598978,
                        75.48255920229568
                    ],
                    [
                        -43.26169480481757,
                        75.48489883934442
                    ],
                    [
                        -43.270486436994325,
                        75.4871858327263
                    ],
                    [
                        -43.279287778500375,
                        75.48941484536847
                    ],
                    [
                        -43.288088163400715,
                        75.49167446279812
                    ],
                    [
                        -43.29689302900767,
                        75.49391933336011
                    ],
                    [
                        -43.30569140260681,
                        75.49624218838733
                    ],
                    [
                        -43.313861491667616,
                        75.49857607734938
                    ],
                    [
                        -43.32191994721584,
                        75.5009088473688
                    ],
                    [
                        -43.329430130935414,
                        75.50323732204389
                    ],
                    [
                        -43.336264854549285,
                        75.50556063244466
                    ],
                    [
                        -43.34274864589519,
                        75.50788119246255
                    ],
                    [
                        -43.349142123493486,
                        75.51020091355073
                    ],
                    [
                        -43.355537871771695,
                        75.51252046892662
                    ],
                    [
                        -43.36167300530825,
                        75.51483797709962
                    ],
                    [
                        -43.36779270159828,
                        75.51715520807973
                    ],
                    [
                        -43.37377548865606,
                        75.51947130056112
                    ],
                    [
                        -43.37980863614706,
                        75.52178759075022
                    ],
                    [
                        -43.38595827380468,
                        75.52410454057285
                    ],
                    [
                        -43.39210726637009,
                        75.5264213182251
                    ],
                    [
                        -43.398510104339316,
                        75.52873970277243
                    ],
                    [
                        -43.40519130906946,
                        75.53105984282183
                    ],
                    [
                        -43.4118748781772,
                        75.53337980090943
                    ],
                    [
                        -43.41856779801033,
                        75.53569962510917
                    ],
                    [
                        -43.425379396479855,
                        75.53802006555051
                    ],
                    [
                        -43.43214726199956,
                        75.5403400009486
                    ],
                    [
                        -43.43889560116283,
                        75.54265960018496
                    ],
                    [
                        -43.44582843478027,
                        75.54498024758357
                    ],
                    [
                        -43.45270238585551,
                        75.54730028458559
                    ],
                    [
                        -43.45985481542537,
                        75.54962198147335
                    ],
                    [
                        -43.46723233197509,
                        75.551944954813
                    ],
                    [
                        -43.47448680101868,
                        75.55426686872025
                    ],
                    [
                        -43.48154593302035,
                        75.55658725721243
                    ],
                    [
                        -43.48867400867275,
                        75.55890787880023
                    ],
                    [
                        -43.49576384098636,
                        75.56122802484192
                    ],
                    [
                        -43.502712941406074,
                        75.56354703098
                    ],
                    [
                        -43.509646630918795,
                        75.56586572364542
                    ],
                    [
                        -43.51653857397243,
                        75.56818393433366
                    ],
                    [
                        -43.52339594938508,
                        75.57050171316017
                    ],
                    [
                        -43.53004427126913,
                        75.57281794745157
                    ],
                    [
                        -43.53638462529341,
                        75.5751320262624
                    ],
                    [
                        -43.54268503251343,
                        75.57744567527487
                    ],
                    [
                        -43.549024653518465,
                        75.57975939753537
                    ],
                    [
                        -43.555203994436276,
                        75.5820719364952
                    ],
                    [
                        -43.5613484120879,
                        75.58438408977054
                    ],
                    [
                        -43.56754619814923,
                        75.58669641015254
                    ],
                    [
                        -43.57352373490924,
                        75.58900719696469
                    ],
                    [
                        -43.57961690885943,
                        75.59131854163402
                    ],
                    [
                        -43.585703289001636,
                        75.59362968238212
                    ],
                    [
                        -43.591738206096,
                        75.59594034656219
                    ],
                    [
                        -43.59775610695737,
                        75.59825074825949
                    ],
                    [
                        -43.60364142389751,
                        75.60056018811953
                    ],
                    [
                        -43.609596346253646,
                        75.60286989757215
                    ],
                    [
                        -43.615403835485395,
                        75.60517856649867
                    ],
                    [
                        -43.62109745389491,
                        75.60748640743815
                    ],
                    [
                        -43.62669333574168,
                        75.6097935253924
                    ],
                    [
                        -43.632216716622864,
                        75.61210007761169
                    ],
                    [
                        -43.63760110007793,
                        75.61440567651073
                    ],
                    [
                        -43.64304446768372,
                        75.61671149781768
                    ],
                    [
                        -43.64836078814023,
                        75.61901644668212
                    ],
                    [
                        -43.653624817172926,
                        75.62132096880933
                    ],
                    [
                        -43.659070728316664,
                        75.62362642967318
                    ],
                    [
                        -43.66461912629769,
                        75.62593235630592
                    ],
                    [
                        -43.670136415758286,
                        75.62823797100971
                    ],
                    [
                        -43.67566328127118,
                        75.63054350968386
                    ],
                    [
                        -43.681115889479415,
                        75.63284849256965
                    ],
                    [
                        -43.6865119266054,
                        75.63515302584374
                    ],
                    [
                        -43.69191555479655,
                        75.63745747727353
                    ],
                    [
                        -43.69735574774544,
                        75.639762009838
                    ],
                    [
                        -43.702911235309806,
                        75.64206706316341
                    ],
                    [
                        -43.708461619586046,
                        75.64437195542028
                    ],
                    [
                        -43.714059546400954,
                        75.64667698014239
                    ],
                    [
                        -43.719591419514664,
                        75.64898150425645
                    ],
                    [
                        -43.72519335815525,
                        75.65128628377336
                    ],
                    [
                        -43.7309200813608,
                        75.65359161397036
                    ],
                    [
                        -43.736606095464204,
                        75.65589658077702
                    ],
                    [
                        -43.742239624453155,
                        75.65820112329882
                    ],
                    [
                        -43.74782577841294,
                        75.6605052732482
                    ],
                    [
                        -43.75348040681894,
                        75.66280965875285
                    ],
                    [
                        -43.759161436538534,
                        75.6651140489576
                    ],
                    [
                        -43.764862399858515,
                        75.66741840737946
                    ],
                    [
                        -43.77065319838182,
                        75.66972310400148
                    ],
                    [
                        -43.77648901793055,
                        75.67202789496247
                    ],
                    [
                        -43.78229725331263,
                        75.67433239479952
                    ],
                    [
                        -43.788028379447745,
                        75.67663634641676
                    ],
                    [
                        -43.79390875166012,
                        75.67894093517977
                    ],
                    [
                        -43.79982927006331,
                        75.68124558392863
                    ],
                    [
                        -43.805724348973186,
                        75.68354995132987
                    ],
                    [
                        -43.81161639183157,
                        75.68585415440927
                    ],
                    [
                        -43.81747104385038,
                        75.68815801810474
                    ],
                    [
                        -43.82330325288253,
                        75.69046162132925
                    ],
                    [
                        -43.829072654387396,
                        75.69276476193859
                    ],
                    [
                        -43.834879063076166,
                        75.69506794665608
                    ],
                    [
                        -43.840701051825235,
                        75.69737106551587
                    ],
                    [
                        -43.84656479583193,
                        75.6996742476036
                    ],
                    [
                        -43.852479302275775,
                        75.70197753429629
                    ],
                    [
                        -43.85836568029425,
                        75.70428053331217
                    ],
                    [
                        -43.86420625441936,
                        75.70658316037682
                    ],
                    [
                        -43.87007666506219,
                        75.70888578756099
                    ],
                    [
                        -43.87584682540652,
                        75.71118778235692
                    ],
                    [
                        -43.88160485404354,
                        75.71348957724622
                    ],
                    [
                        -43.8872892938833,
                        75.71579087859594
                    ],
                    [
                        -43.89297376113908,
                        75.718092043132
                    ],
                    [
                        -43.89870842660828,
                        75.72039330890802
                    ],
                    [
                        -43.90448671785158,
                        75.72269464114791
                    ],
                    [
                        -43.910150801495774,
                        75.72499529594761
                    ],
                    [
                        -43.915920765618935,
                        75.72729630927083
                    ],
                    [
                        -43.9217269089459,
                        75.72959734955518
                    ],
                    [
                        -43.92746908720832,
                        75.73189795183545
                    ],
                    [
                        -43.933166646104475,
                        75.73419820987289
                    ],
                    [
                        -43.93883527718771,
                        75.73649819875425
                    ],
                    [
                        -43.94447352553312,
                        75.73879791411755
                    ],
                    [
                        -43.950070242395135,
                        75.74109730795807
                    ],
                    [
                        -43.955574235789356,
                        75.74339615350881
                    ],
                    [
                        -43.96106025631115,
                        75.74569479154559
                    ],
                    [
                        -43.966437585480016,
                        75.74799282036852
                    ],
                    [
                        -43.9718075842855,
                        75.75029069579136
                    ],
                    [
                        -43.97717775792611,
                        75.75258845138552
                    ],
                    [
                        -43.98256881544778,
                        75.75488617773364
                    ],
                    [
                        -43.98800445788296,
                        75.75718397644692
                    ],
                    [
                        -43.993419643879335,
                        75.75948156314793
                    ],
                    [
                        -43.99869196221608,
                        75.76177841296621
                    ],
                    [
                        -44.00390570460537,
                        75.76407489652527
                    ],
                    [
                        -44.009154398649116,
                        75.76637141583981
                    ],
                    [
                        -44.014398075099905,
                        75.76866779942232
                    ],
                    [
                        -44.01961958640743,
                        75.770963975521
                    ],
                    [
                        -44.02485733907843,
                        75.77326010645187
                    ],
                    [
                        -44.03019974645636,
                        75.77555655906515
                    ],
                    [
                        -44.03559090712153,
                        75.77785309473022
                    ],
                    [
                        -44.04094426924668,
                        75.78014935398431
                    ],
                    [
                        -44.04638675530985,
                        75.78244585868553
                    ],
                    [
                        -44.05178543909703,
                        75.78474206203646
                    ],
                    [
                        -44.05714940192814,
                        75.78703800393288
                    ],
                    [
                        -44.062450192748116,
                        75.7893335725522
                    ],
                    [
                        -44.06777577730385,
                        75.79162912386441
                    ],
                    [
                        -44.07306281673011,
                        75.79392440459253
                    ],
                    [
                        -44.07840855239135,
                        75.79621980148207
                    ],
                    [
                        -44.08390131072806,
                        75.79851565710176
                    ],
                    [
                        -44.089461217369255,
                        75.80081164935159
                    ],
                    [
                        -44.095046558998085,
                        75.80310761171148
                    ],
                    [
                        -44.10052078079368,
                        75.80540301647117
                    ],
                    [
                        -44.10603738564741,
                        75.80769845925613
                    ],
                    [
                        -44.11155740561186,
                        75.80999378885322
                    ],
                    [
                        -44.117099746807106,
                        75.81228907651595
                    ],
                    [
                        -44.12252591239054,
                        75.81458380067988
                    ],
                    [
                        -44.127913199694696,
                        75.8168782581325
                    ],
                    [
                        -44.13328317193849,
                        75.81917253163971
                    ],
                    [
                        -44.138708585704954,
                        75.82146689051919
                    ],
                    [
                        -44.144075910567864,
                        75.82376091534168
                    ],
                    [
                        -44.14947732834012,
                        75.8260549455168
                    ],
                    [
                        -44.154789287497124,
                        75.8283485322786
                    ],
                    [
                        -44.16000976859406,
                        75.8306416746826
                    ],
                    [
                        -44.16528219170358,
                        75.83293489073868
                    ],
                    [
                        -44.1705626800108,
                        75.83522802139655
                    ],
                    [
                        -44.17579242079854,
                        75.83752085906136
                    ],
                    [
                        -44.180990753074596,
                        75.83981347493416
                    ],
                    [
                        -44.18615275538963,
                        75.84210585410715
                    ],
                    [
                        -44.191276007837466,
                        75.84439799073961
                    ],
                    [
                        -44.1963402927793,
                        75.84668981811872
                    ],
                    [
                        -44.20131219653904,
                        75.84898122629419
                    ],
                    [
                        -44.206229132688165,
                        75.85127234811003
                    ],
                    [
                        -44.21112327784081,
                        75.85356329549244
                    ],
                    [
                        -44.21607534925594,
                        75.85585433996138
                    ],
                    [
                        -44.2209608442743,
                        75.85814506404124
                    ],
                    [
                        -44.22586254088149,
                        75.86043574540585
                    ],
                    [
                        -44.23082885320805,
                        75.86272654188379
                    ],
                    [
                        -44.235770475001594,
                        75.86501715830008
                    ],
                    [
                        -44.24069328810971,
                        75.86730761534392
                    ],
                    [
                        -44.245579972491875,
                        75.86959785857675
                    ],
                    [
                        -44.25050229391153,
                        75.87188811962372
                    ],
                    [
                        -44.25551181059043,
                        75.87417855981435
                    ],
                    [
                        -44.26067874699251,
                        75.87646939470407
                    ],
                    [
                        -44.26584777133406,
                        75.87876012795098
                    ],
                    [
                        -44.270902554361335,
                        75.88105039823148
                    ],
                    [
                        -44.27592746199582,
                        75.88334047331517
                    ],
                    [
                        -44.28092479202016,
                        75.88563036224983
                    ],
                    [
                        -44.28596143236676,
                        75.88792027023025
                    ],
                    [
                        -44.29104436780899,
                        75.89021021579877
                    ],
                    [
                        -44.296020717806094,
                        75.89249973793098
                    ],
                    [
                        -44.300929501300025,
                        75.89478895967815
                    ],
                    [
                        -44.30575028099444,
                        75.8970778250522
                    ],
                    [
                        -44.31061990979238,
                        75.899366741015
                    ],
                    [
                        -44.315498484714475,
                        75.9016555883386
                    ],
                    [
                        -44.320422655043664,
                        75.90394447241894
                    ],
                    [
                        -44.32534068202833,
                        75.90623324196314
                    ],
                    [
                        -44.330245988686954,
                        75.90852187868617
                    ],
                    [
                        -44.33511818632739,
                        75.91081032582842
                    ],
                    [
                        -44.34001609014198,
                        75.91309875051482
                    ],
                    [
                        -44.34494760614642,
                        75.91538717315863
                    ],
                    [
                        -44.349845318645635,
                        75.91767540544299
                    ],
                    [
                        -44.354696572699005,
                        75.91996341488152
                    ],
                    [
                        -44.35945346188949,
                        75.92225107412891
                    ],
                    [
                        -44.36407544763996,
                        75.92453827960408
                    ],
                    [
                        -44.36857653506481,
                        75.92682507701515
                    ],
                    [
                        -44.373058530054756,
                        75.92911174446355
                    ],
                    [
                        -44.37750551060876,
                        75.93139824103501
                    ],
                    [
                        -44.38196866029283,
                        75.93368470304485
                    ],
                    [
                        -44.38647232967404,
                        75.93597119298484
                    ],
                    [
                        -44.390996980641496,
                        75.93825765804179
                    ],
                    [
                        -44.395597833029335,
                        75.94054423859596
                    ],
                    [
                        -44.40020789967081,
                        75.9428307597431
                    ],
                    [
                        -44.40483707869392,
                        75.94511724595333
                    ],
                    [
                        -44.40949706363192,
                        75.94740372539545
                    ],
                    [
                        -44.41413291049831,
                        75.94969005980124
                    ],
                    [
                        -44.418806390980464,
                        75.95197640283536
                    ],
                    [
                        -44.423524287107156,
                        75.95426276882733
                    ],
                    [
                        -44.42829585359573,
                        75.9565491775222
                    ],
                    [
                        -44.43301047478378,
                        75.95883535997928
                    ],
                    [
                        -44.43761639503463,
                        75.96112119644141
                    ],
                    [
                        -44.44220621182625,
                        75.96340691219261
                    ],
                    [
                        -44.44686708390936,
                        75.96569271238393
                    ],
                    [
                        -44.451490247144605,
                        75.96797834022617
                    ],
                    [
                        -44.45614572064394,
                        75.97026395921873
                    ],
                    [
                        -44.460752170352606,
                        75.97254938184881
                    ],
                    [
                        -44.465390002443456,
                        75.97483479299099
                    ],
                    [
                        -44.470144599336614,
                        75.97712038222757
                    ],
                    [
                        -44.474934152647045,
                        75.9794059607355
                    ],
                    [
                        -44.479687998308734,
                        75.98169137089913
                    ],
                    [
                        -44.484459406843094,
                        75.98397673109827
                    ],
                    [
                        -44.4891814068233,
                        75.98626189565834
                    ],
                    [
                        -44.49394415926986,
                        75.98854706053737
                    ],
                    [
                        -44.49885105799691,
                        75.99083244231407
                    ],
                    [
                        -44.50375201300907,
                        75.99311771719505
                    ],
                    [
                        -44.50859271773677,
                        75.9954027728456
                    ],
                    [
                        -44.513423150970276,
                        75.99768771581546
                    ],
                    [
                        -44.518153390016714,
                        75.99997236378049
                    ],
                    [
                        -44.52283212949239,
                        76.00225682102814
                    ],
                    [
                        -44.527395780469035,
                        76.00454096380939
                    ],
                    [
                        -44.53198189808491,
                        76.00682507078005
                    ],
                    [
                        -44.536683300214534,
                        76.0091093222099
                    ],
                    [
                        -44.54136684872281,
                        76.01139345348231
                    ],
                    [
                        -44.5460586730396,
                        76.01367751577205
                    ],
                    [
                        -44.55078327334419,
                        76.01596155506198
                    ],
                    [
                        -44.555481634878305,
                        76.0182454587434
                    ],
                    [
                        -44.560149953274134,
                        76.02052922138547
                    ],
                    [
                        -44.56482506971493,
                        76.02281291244925
                    ],
                    [
                        -44.569425172677214,
                        76.02509638304777
                    ],
                    [
                        -44.57398130948049,
                        76.02737969341935
                    ],
                    [
                        -44.578453287174604,
                        76.02966277475933
                    ],
                    [
                        -44.582966625069524,
                        76.03194585258944
                    ],
                    [
                        -44.5874406913042,
                        76.03422878438883
                    ],
                    [
                        -44.5919112293233,
                        76.03651163391041
                    ],
                    [
                        -44.59632024636554,
                        76.0387943027837
                    ],
                    [
                        -44.60077184357319,
                        76.04107696959572
                    ],
                    [
                        -44.605240151119396,
                        76.04335958894974
                    ],
                    [
                        -44.60966810713479,
                        76.04564206615261
                    ],
                    [
                        -44.61407545561405,
                        76.04792443561057
                    ],
                    [
                        -44.618523004398426,
                        76.05020679617256
                    ],
                    [
                        -44.62294509333062,
                        76.0524890414044
                    ],
                    [
                        -44.62736848652359,
                        76.05477121475228
                    ],
                    [
                        -44.631829975198166,
                        76.05705337317121
                    ],
                    [
                        -44.63631531533472,
                        76.05933549273529
                    ],
                    [
                        -44.64084623158759,
                        76.06161760493264
                    ],
                    [
                        -44.64538411094852,
                        76.06389964958706
                    ],
                    [
                        -44.64996252772457,
                        76.06618167574938
                    ],
                    [
                        -44.65449933355297,
                        76.06846356179119
                    ],
                    [
                        -44.65901963285601,
                        76.0707453461434
                    ],
                    [
                        -44.66356836769197,
                        76.07302709334297
                    ],
                    [
                        -44.66814569128304,
                        76.07530880199344
                    ],
                    [
                        -44.67278516304454,
                        76.07759051660166
                    ],
                    [
                        -44.67734030949998,
                        76.07987203506319
                    ],
                    [
                        -44.681843580850995,
                        76.08215340567598
                    ],
                    [
                        -44.686276382498036,
                        76.08443460696205
                    ],
                    [
                        -44.69072766540963,
                        76.08671575845433
                    ],
                    [
                        -44.69517494343498,
                        76.08899683037207
                    ],
                    [
                        -44.699635168691806,
                        76.09127784435155
                    ],
                    [
                        -44.70406047446574,
                        76.09355874025724
                    ],
                    [
                        -44.708548764812136,
                        76.09583963983418
                    ],
                    [
                        -44.71314826970207,
                        76.0981205975675
                    ],
                    [
                        -44.71778122079345,
                        76.1004015149522
                    ],
                    [
                        -44.72243630887718,
                        76.10268237689718
                    ],
                    [
                        -44.727086068545596,
                        76.10496315070802
                    ],
                    [
                        -44.731768002088685,
                        76.10724387891605
                    ],
                    [
                        -44.736464544175185,
                        76.109524540249
                    ],
                    [
                        -44.74115075168264,
                        76.11180510682173
                    ],
                    [
                        -44.745801928928124,
                        76.11408555298807
                    ],
                    [
                        -44.75053232272309,
                        76.11636600029094
                    ],
                    [
                        -44.75523957043709,
                        76.11864633909511
                    ],
                    [
                        -44.75990893556555,
                        76.1209265560068
                    ],
                    [
                        -44.7645678789687,
                        76.12320668038471
                    ],
                    [
                        -44.769269714049585,
                        76.12548676439508
                    ],
                    [
                        -44.773963141832375,
                        76.12776675699197
                    ],
                    [
                        -44.77868210442098,
                        76.13004669016199
                    ],
                    [
                        -44.78339091319081,
                        76.13232653007556
                    ],
                    [
                        -44.78810138366307,
                        76.13460628785701
                    ],
                    [
                        -44.79285176774827,
                        76.13688599660297
                    ],
                    [
                        -44.79763059511733,
                        76.13916564425165
                    ],
                    [
                        -44.80241507913031,
                        76.14144521030188
                    ],
                    [
                        -44.80719213198524,
                        76.14372468390522
                    ],
                    [
                        -44.81192408594374,
                        76.1460040359391
                    ],
                    [
                        -44.816723789993326,
                        76.14828335562356
                    ],
                    [
                        -44.82160064712758,
                        76.15056264591105
                    ],
                    [
                        -44.826561682728034,
                        76.15284190719355
                    ],
                    [
                        -44.83159706586325,
                        76.15512112733663
                    ],
                    [
                        -44.83654235681902,
                        76.15740018944341
                    ],
                    [
                        -44.84146989406178,
                        76.15967914708513
                    ],
                    [
                        -44.84645867665639,
                        76.16195805207848
                    ],
                    [
                        -44.85149235758493,
                        76.16423689048885
                    ],
                    [
                        -44.85641382274909,
                        76.16651556539334
                    ],
                    [
                        -44.86127437150163,
                        76.16879411350001
                    ],
                    [
                        -44.866090325403874,
                        76.17107254770232
                    ],
                    [
                        -44.870850862927696,
                        76.17335086491555
                    ],
                    [
                        -44.875592468055,
                        76.17562908744043
                    ],
                    [
                        -44.88026157827621,
                        76.1779071897025
                    ],
                    [
                        -44.88489873020613,
                        76.18018519546128
                    ],
                    [
                        -44.889469366969976,
                        76.18246309069549
                    ],
                    [
                        -44.89390659664033,
                        76.18474084968506
                    ],
                    [
                        -44.8982633487745,
                        76.18701850235566
                    ],
                    [
                        -44.90255750650031,
                        76.18929606040987
                    ],
                    [
                        -44.90675368628267,
                        76.1915735135103
                    ],
                    [
                        -44.91098085180657,
                        76.19385091471855
                    ],
                    [
                        -44.91520799714027,
                        76.19612825147559
                    ],
                    [
                        -44.91938182773131,
                        76.19840550592673
                    ],
                    [
                        -44.92356554522793,
                        76.20068270102198
                    ],
                    [
                        -44.92772250940796,
                        76.20295982525232
                    ],
                    [
                        -44.931816347330475,
                        76.20523686972219
                    ],
                    [
                        -44.93588159059269,
                        76.20751384691965
                    ],
                    [
                        -44.93996563091562,
                        76.20979077017789
                    ],
                    [
                        -44.944069728256686,
                        76.21206763886124
                    ],
                    [
                        -44.94815593999586,
                        76.21434444379094
                    ],
                    [
                        -44.95218598743331,
                        76.21662117830272
                    ],
                    [
                        -44.95621418218435,
                        76.2188978551554
                    ],
                    [
                        -44.96033354867342,
                        76.22117448983617
                    ],
                    [
                        -44.96448607004521,
                        76.22345106912435
                    ],
                    [
                        -44.96861559646219,
                        76.22572758401385
                    ],
                    [
                        -44.972733645361174,
                        76.22800403702901
                    ],
                    [
                        -44.97680470819644,
                        76.23028042537233
                    ],
                    [
                        -44.98089068882073,
                        76.23255675638634
                    ],
                    [
                        -44.985032300039066,
                        76.23483303187773
                    ],
                    [
                        -44.98924592675923,
                        76.23710924973828
                    ],
                    [
                        -44.99343366558661,
                        76.23938540356872
                    ],
                    [
                        -44.99761263527765,
                        76.24166149492446
                    ],
                    [
                        -45.00184711745664,
                        76.2439375238114
                    ],
                    [
                        -45.006120060753894,
                        76.24621348776988
                    ],
                    [
                        -45.010431130781285,
                        76.24848938480315
                    ],
                    [
                        -45.01476392723017,
                        76.2507652139064
                    ],
                    [
                        -45.01903636662363,
                        76.25304098044171
                    ],
                    [
                        -45.023282018938616,
                        76.25531668441232
                    ],
                    [
                        -45.0276083218111,
                        76.25759231498844
                    ],
                    [
                        -45.03196866417817,
                        76.25986787405242
                    ],
                    [
                        -45.03628075345534,
                        76.26214337219
                    ],
                    [
                        -45.04061087519264,
                        76.26441880087147
                    ],
                    [
                        -45.04496291432274,
                        76.26669415843925
                    ],
                    [
                        -45.049318624689846,
                        76.26896944747574
                    ],
                    [
                        -45.05369012657486,
                        76.27124466512304
                    ],
                    [
                        -45.05805268806337,
                        76.27351981651114
                    ],
                    [
                        -45.062469243718276,
                        76.27579488588336
                    ],
                    [
                        -45.06686602695727,
                        76.27806989076034
                    ],
                    [
                        -45.071300659727676,
                        76.2803448152508
                    ],
                    [
                        -45.07576791934314,
                        76.28261965895123
                    ],
                    [
                        -45.08028201079628,
                        76.2848944153742
                    ],
                    [
                        -45.08475553496037,
                        76.28716911261644
                    ],
                    [
                        -45.08920450657574,
                        76.28944374705225
                    ],
                    [
                        -45.09370239253292,
                        76.29171829159951
                    ],
                    [
                        -45.09820304141076,
                        76.29399276232924
                    ],
                    [
                        -45.10260329084015,
                        76.29626720293062
                    ],
                    [
                        -45.106976761035945,
                        76.29854158634383
                    ],
                    [
                        -45.11149314446493,
                        76.30081583588188
                    ],
                    [
                        -45.1160606261991,
                        76.30308998768105
                    ],
                    [
                        -45.12063390355314,
                        76.3053640614931
                    ],
                    [
                        -45.125254106885194,
                        76.30763803574308
                    ],
                    [
                        -45.12987200236715,
                        76.30991193422273
                    ],
                    [
                        -45.134493307480014,
                        76.31218575392805
                    ],
                    [
                        -45.13915414806526,
                        76.31445947394253
                    ],
                    [
                        -45.14376260295613,
                        76.31673314663318
                    ],
                    [
                        -45.14839540682061,
                        76.31900672800656
                    ],
                    [
                        -45.153010013951864,
                        76.3212802435963
                    ],
                    [
                        -45.15762489357765,
                        76.32355368246107
                    ],
                    [
                        -45.16222943086983,
                        76.32582705173475
                    ],
                    [
                        -45.1668495349833,
                        76.32810033420616
                    ],
                    [
                        -45.17144722593692,
                        76.3303735559023
                    ],
                    [
                        -45.17605343353103,
                        76.33264669566961
                    ],
                    [
                        -45.18070648494732,
                        76.33491972450126
                    ],
                    [
                        -45.185301386715864,
                        76.33719272001885
                    ],
                    [
                        -45.189893089862196,
                        76.33946564252632
                    ],
                    [
                        -45.194586132039426,
                        76.34173840840303
                    ],
                    [
                        -45.19928676495693,
                        76.34401108887961
                    ],
                    [
                        -45.204054665416486,
                        76.34628363337961
                    ],
                    [
                        -45.20884548619818,
                        76.34855607617844
                    ],
                    [
                        -45.21361417628021,
                        76.35082845562712
                    ],
                    [
                        -45.218370977154464,
                        76.35310076385231
                    ],
                    [
                        -45.2232121473737,
                        76.35537291311444
                    ],
                    [
                        -45.227960349150855,
                        76.35764506499281
                    ],
                    [
                        -45.23269365968515,
                        76.35991715014967
                    ],
                    [
                        -45.237472332552976,
                        76.36218911059495
                    ],
                    [
                        -45.2421600186908,
                        76.36446107966174
                    ],
                    [
                        -45.24684857338312,
                        76.36673296931883
                    ],
                    [
                        -45.25153459144425,
                        76.3690047830835
                    ],
                    [
                        -45.25623040143792,
                        76.371276508148
                    ],
                    [
                        -45.26096541562352,
                        76.37354811242166
                    ],
                    [
                        -45.26574652459036,
                        76.37581958614668
                    ],
                    [
                        -45.27057330256213,
                        76.37809092714636
                    ],
                    [
                        -45.275354504127925,
                        76.3803622360862
                    ],
                    [
                        -45.280183804017405,
                        76.38263340780122
                    ],
                    [
                        -45.28495383963482,
                        76.38490456526277
                    ],
                    [
                        -45.289677778490244,
                        76.3871756962931
                    ],
                    [
                        -45.29444720520727,
                        76.38944669281229
                    ],
                    [
                        -45.299156120394265,
                        76.39171768250705
                    ],
                    [
                        -45.303807686558464,
                        76.39398866494996
                    ],
                    [
                        -45.30842232637734,
                        76.3962596175691
                    ],
                    [
                        -45.31304921383412,
                        76.3985304792801
                    ],
                    [
                        -45.31767778288289,
                        76.40080126321426
                    ],
                    [
                        -45.32237355057342,
                        76.40307188263264
                    ],
                    [
                        -45.32705406218526,
                        76.40534244442243
                    ],
                    [
                        -45.33173909264114,
                        76.40761292257791
                    ],
                    [
                        -45.33649506545683,
                        76.40988322519401
                    ],
                    [
                        -45.341330172609595,
                        76.4121533367397
                    ],
                    [
                        -45.346202877358095,
                        76.41442331158655
                    ],
                    [
                        -45.35100515806103,
                        76.41669330305677
                    ],
                    [
                        -45.355856551574064,
                        76.41896314093167
                    ],
                    [
                        -45.360713618349465,
                        76.42123288659776
                    ],
                    [
                        -45.36560236787068,
                        76.42350250079325
                    ],
                    [
                        -45.37064157257725,
                        76.42577180131204
                    ],
                    [
                        -45.37571575369522,
                        76.42804095679035
                    ],
                    [
                        -45.38075796860053,
                        76.4303100695504
                    ],
                    [
                        -45.385797475578244,
                        76.43257909536622
                    ],
                    [
                        -45.39082025503237,
                        76.43484805689188
                    ],
                    [
                        -45.39582737527176,
                        76.43711695346434
                    ],
                    [
                        -45.40080787632266,
                        76.43938580406751
                    ],
                    [
                        -45.40569541498823,
                        76.44165472053628
                    ],
                    [
                        -45.410538436415976,
                        76.44392362703057
                    ],
                    [
                        -45.41533829861846,
                        76.44619252389876
                    ],
                    [
                        -45.42001921943035,
                        76.44846154392877
                    ],
                    [
                        -45.42469005033936,
                        76.45073050482193
                    ],
                    [
                        -45.429376751834816,
                        76.4529993616023
                    ],
                    [
                        -45.43405151345628,
                        76.4552681627768
                    ],
                    [
                        -45.43867900095801,
                        76.45753697243903
                    ],
                    [
                        -45.44326008122653,
                        76.45980579170163
                    ],
                    [
                        -45.44783842437382,
                        76.46207454324106
                    ],
                    [
                        -45.452440170536725,
                        76.46434317891958
                    ],
                    [
                        -45.45703820163173,
                        76.46661174812084
                    ],
                    [
                        -45.461632902353486,
                        76.46888025036633
                    ],
                    [
                        -45.46622895999031,
                        76.47114867695525
                    ],
                    [
                        -45.470853475129914,
                        76.4734169757432
                    ],
                    [
                        -45.47553287884753,
                        76.4756850938664
                    ],
                    [
                        -45.480385153930946,
                        76.47795279691579
                    ],
                    [
                        -45.48535503849558,
                        76.48022018431709
                    ],
                    [
                        -45.49029351042523,
                        76.48248754730939
                    ],
                    [
                        -45.49523825337481,
                        76.48475481165968
                    ],
                    [
                        -45.500252109264515,
                        76.48702184879309
                    ],
                    [
                        -45.505298896000625,
                        76.48928872916731
                    ],
                    [
                        -45.510292709427354,
                        76.49155562963244
                    ],
                    [
                        -45.51523076103181,
                        76.49382255927874
                    ],
                    [
                        -45.520150862497765,
                        76.49608944127922
                    ],
                    [
                        -45.524991806826705,
                        76.49835640774077
                    ],
                    [
                        -45.529810767069925,
                        76.5006233398589
                    ],
                    [
                        -45.53465928881502,
                        76.50289012664794
                    ],
                    [
                        -45.53953202898772,
                        76.50515677817862
                    ],
                    [
                        -45.54440433842117,
                        76.50742334774868
                    ],
                    [
                        -45.549368910234314,
                        76.5096896280317
                    ],
                    [
                        -45.55421457914336,
                        76.51195609027491
                    ],
                    [
                        -45.55911043717457,
                        76.5142223565377
                    ],
                    [
                        -45.56404549336549,
                        76.51648844915982
                    ],
                    [
                        -45.568984195225,
                        76.51875444821314
                    ],
                    [
                        -45.57405429325605,
                        76.5210200551016
                    ],
                    [
                        -45.579084184444866,
                        76.5232856663106
                    ],
                    [
                        -45.584190129275854,
                        76.52555100801727
                    ],
                    [
                        -45.589238209026654,
                        76.52781639664647
                    ],
                    [
                        -45.59436321095084,
                        76.53008150995466
                    ],
                    [
                        -45.5996157129234,
                        76.53234621995495
                    ],
                    [
                        -45.60486188020106,
                        76.5346108478505
                    ],
                    [
                        -45.6100436053016,
                        76.53687553819984
                    ],
                    [
                        -45.61513563142981,
                        76.53914035819713
                    ],
                    [
                        -45.620166590262706,
                        76.54140524119605
                    ],
                    [
                        -45.62528760478701,
                        76.54366980701862
                    ],
                    [
                        -45.630396326501184,
                        76.54593431233623
                    ],
                    [
                        -45.63551676312527,
                        76.5481986959793
                    ],
                    [
                        -45.64071128693949,
                        76.55046279499882
                    ],
                    [
                        -45.6459959285688,
                        76.55272656280503
                    ],
                    [
                        -45.65125808437258,
                        76.55499029151089
                    ],
                    [
                        -45.65656535509466,
                        76.55725380243193
                    ],
                    [
                        -45.66186034250375,
                        76.55951724695069
                    ],
                    [
                        -45.667294741599484,
                        76.56178021519754
                    ],
                    [
                        -45.672716031158686,
                        76.56404311451016
                    ],
                    [
                        -45.67812334934632,
                        76.56630594816409
                    ],
                    [
                        -45.68372359447105,
                        76.5685681434731
                    ],
                    [
                        -45.68927797074192,
                        76.5708303551824
                    ],
                    [
                        -45.69492647255194,
                        76.57309219199213
                    ],
                    [
                        -45.70056237967009,
                        76.57535395072551
                    ],
                    [
                        -45.70624641193404,
                        76.57761545848922
                    ],
                    [
                        -45.712152781652705,
                        76.57987620938438
                    ],
                    [
                        -45.718299483702076,
                        76.58213613545774
                    ],
                    [
                        -45.72443589959848,
                        76.58439595479742
                    ],
                    [
                        -45.73067610790438,
                        76.58665533063639
                    ],
                    [
                        -45.736964855132015,
                        76.58891442024228
                    ],
                    [
                        -45.74330450063011,
                        76.59117321295408
                    ],
                    [
                        -45.74974544742967,
                        76.59343155202403
                    ],
                    [
                        -45.75617723116945,
                        76.59568976789461
                    ],
                    [
                        -45.76269075396543,
                        76.59794758078102
                    ],
                    [
                        -45.76898692053512,
                        76.60020591528263
                    ],
                    [
                        -45.775309018784725,
                        76.60246402475676
                    ],
                    [
                        -45.78182488289015,
                        76.60472137660598
                    ],
                    [
                        -45.78833016942751,
                        76.60697860749147
                    ],
                    [
                        -45.79493380041735,
                        76.60923536820745
                    ],
                    [
                        -45.80165156332703,
                        76.61149159994687
                    ],
                    [
                        -45.808485193015,
                        76.61374728800969
                    ],
                    [
                        -45.81550692039423,
                        76.61600218500239
                    ],
                    [
                        -45.822429734452626,
                        76.61825722936116
                    ],
                    [
                        -45.829235049835624,
                        76.62051249159109
                    ],
                    [
                        -45.83605585130605,
                        76.62276753216702
                    ],
                    [
                        -45.84287271592039,
                        76.62502241605073
                    ],
                    [
                        -45.849730128121706,
                        76.6272769910042
                    ],
                    [
                        -45.856699925755855,
                        76.62953100533119
                    ],
                    [
                        -45.863579706638454,
                        76.63178515555866
                    ],
                    [
                        -45.870552697170176,
                        76.6340388053486
                    ],
                    [
                        -45.87767707213352,
                        76.63629174103157
                    ],
                    [
                        -45.88477818591088,
                        76.63854457348938
                    ],
                    [
                        -45.891806550440116,
                        76.64079748284038
                    ],
                    [
                        -45.8988920629328,
                        76.64305000427647
                    ],
                    [
                        -45.90597000946856,
                        76.64530236956334
                    ],
                    [
                        -45.91315012492194,
                        76.64755417538748
                    ],
                    [
                        -45.92042741380408,
                        76.64980543169774
                    ],
                    [
                        -45.927717678226394,
                        76.65205644511487
                    ],
                    [
                        -45.935173345421646,
                        76.65430664014212
                    ],
                    [
                        -45.94267926640702,
                        76.6565564397393
                    ],
                    [
                        -45.95024031039384,
                        76.6588058209075
                    ],
                    [
                        -45.957822663075255,
                        76.66105490930148
                    ],
                    [
                        -45.965601138878625,
                        76.66330302328153
                    ],
                    [
                        -45.97344755856872,
                        76.66555064743092
                    ],
                    [
                        -45.98154731098815,
                        76.6677970429336
                    ],
                    [
                        -45.98961034376803,
                        76.67004334136406
                    ],
                    [
                        -45.99770370251881,
                        76.67228927711174
                    ],
                    [
                        -46.00582877918441,
                        76.67453484176598
                    ],
                    [
                        -46.01421388445614,
                        76.6767791007617
                    ],
                    [
                        -46.022543243701136,
                        76.67902332770103
                    ],
                    [
                        -46.030734441196465,
                        76.68126786993639
                    ],
                    [
                        -46.038684050681155,
                        76.68351317305884
                    ],
                    [
                        -46.04649459876235,
                        76.68575882844088
                    ],
                    [
                        -46.054523236904984,
                        76.68800333502968
                    ],
                    [
                        -46.0629951469549,
                        76.69024571014964
                    ],
                    [
                        -46.0713177065286,
                        76.69248846205396
                    ],
                    [
                        -46.07991207719671,
                        76.69472977818047
                    ],
                    [
                        -46.08849782101669,
                        76.69697085774396
                    ],
                    [
                        -46.09764059330483,
                        76.69920920812991
                    ],
                    [
                        -46.106927611596845,
                        76.70144660493922
                    ],
                    [
                        -46.11637377274134,
                        76.70368296572254
                    ],
                    [
                        -46.125612325411346,
                        76.70591993076145
                    ],
                    [
                        -46.134911144352046,
                        76.70815630250151
                    ],
                    [
                        -46.14426489774469,
                        76.7103920989848
                    ],
                    [
                        -46.153702334966624,
                        76.71262718120265
                    ],
                    [
                        -46.16321109331207,
                        76.7148615977126
                    ],
                    [
                        -46.17295430028625,
                        76.71709457307277
                    ],
                    [
                        -46.18266758318527,
                        76.71932733487091
                    ],
                    [
                        -46.19226504874743,
                        76.72156029746438
                    ],
                    [
                        -46.201607729290814,
                        76.72379414379958
                    ],
                    [
                        -46.211272924190254,
                        76.72602609909268
                    ],
                    [
                        -46.22092052322287,
                        76.72825779165787
                    ],
                    [
                        -46.230652406117265,
                        76.730488721164
                    ],
                    [
                        -46.24046971592732,
                        76.73271887245151
                    ],
                    [
                        -46.250293442486026,
                        76.73494863166066
                    ],
                    [
                        -46.25988657745242,
                        76.73717919460603
                    ],
                    [
                        -46.269532393380196,
                        76.73940914717052
                    ],
                    [
                        -46.278804993338575,
                        76.7416406651277
                    ],
                    [
                        -46.287887617513874,
                        76.74387284439808
                    ],
                    [
                        -46.297120848003125,
                        76.74610393694957
                    ],
                    [
                        -46.3060624015501,
                        76.74833623929378
                    ],
                    [
                        -46.31497262098145,
                        76.75056841215424
                    ],
                    [
                        -46.32387578972601,
                        76.75280033031412
                    ],
                    [
                        -46.33259390587173,
                        76.75503294376762
                    ],
                    [
                        -46.34121298221701,
                        76.75726581008185
                    ],
                    [
                        -46.34974075077232,
                        76.75949889764586
                    ],
                    [
                        -46.35852882393313,
                        76.76173030573369
                    ],
                    [
                        -46.36758066027591,
                        76.76395998882798
                    ],
                    [
                        -46.37646482999063,
                        76.76619029353728
                    ],
                    [
                        -46.3852515119073,
                        76.76842084886816
                    ],
                    [
                        -46.39391300477569,
                        76.77065181929352
                    ],
                    [
                        -46.40250658493773,
                        76.77288289664796
                    ],
                    [
                        -46.410753280010276,
                        76.77511566034549
                    ],
                    [
                        -46.419107178522665,
                        76.777347570259
                    ],
                    [
                        -46.42753722735341,
                        76.77957879313196
                    ],
                    [
                        -46.43621069807075,
                        76.78180836238435
                    ],
                    [
                        -46.44494957804876,
                        76.78403728055075
                    ],
                    [
                        -46.45362617998343,
                        76.78626628206726
                    ],
                    [
                        -46.4622930648281,
                        76.78849506662209
                    ],
                    [
                        -46.471187165460954,
                        76.79072224447256
                    ],
                    [
                        -46.48014026367329,
                        76.79294878570457
                    ],
                    [
                        -46.48889533871659,
                        76.7951762110293
                    ],
                    [
                        -46.497503207381186,
                        76.79740423725426
                    ],
                    [
                        -46.50604023174429,
                        76.79963242064242
                    ],
                    [
                        -46.514287545545386,
                        76.80186208993935
                    ],
                    [
                        -46.522265488941166,
                        76.80409314956748
                    ],
                    [
                        -46.53014629617134,
                        76.80632457414235
                    ],
                    [
                        -46.53805815706802,
                        76.80855558692758
                    ],
                    [
                        -46.54588279348269,
                        76.81078691379605
                    ],
                    [
                        -46.55368658086726,
                        76.81301815191588
                    ],
                    [
                        -46.56130493008113,
                        76.81525032695309
                    ],
                    [
                        -46.56888821220668,
                        76.81748251580719
                    ],
                    [
                        -46.57644066330009,
                        76.81971469506811
                    ],
                    [
                        -46.583986194345904,
                        76.82194671674122
                    ],
                    [
                        -46.59143687032078,
                        76.82417913862865
                    ],
                    [
                        -46.598998905985326,
                        76.82641065669203
                    ],
                    [
                        -46.60651354805155,
                        76.82864227629169
                    ],
                    [
                        -46.613918709184254,
                        76.83087440033543
                    ],
                    [
                        -46.62134590687031,
                        76.83310619002313
                    ],
                    [
                        -46.628736163809904,
                        76.83533802565317
                    ],
                    [
                        -46.63632696542735,
                        76.8375683651834
                    ],
                    [
                        -46.64390560776028,
                        76.83979858161457
                    ],
                    [
                        -46.6514407286575,
                        76.84202888202203
                    ],
                    [
                        -46.65900116007785,
                        76.84425881639957
                    ],
                    [
                        -46.66696104941308,
                        76.84648590427445
                    ],
                    [
                        -46.674903153651144,
                        76.84871288637784
                    ],
                    [
                        -46.683182674335725,
                        76.85093738943803
                    ],
                    [
                        -46.69122322025617,
                        76.85316325422106
                    ],
                    [
                        -46.69928988035414,
                        76.855388714049
                    ],
                    [
                        -46.707354434400024,
                        76.85761395795315
                    ],
                    [
                        -46.71551491766188,
                        76.8598383185457
                    ],
                    [
                        -46.723438665279225,
                        76.8620640630765
                    ],
                    [
                        -46.7313775855593,
                        76.86428948226951
                    ],
                    [
                        -46.73910736563872,
                        76.86651612303065
                    ],
                    [
                        -46.74679864817583,
                        76.86874282138884
                    ],
                    [
                        -46.754349129913976,
                        76.87097029286032
                    ],
                    [
                        -46.76185887961499,
                        76.87319785044444
                    ],
                    [
                        -46.769328227884465,
                        76.87542549543069
                    ],
                    [
                        -46.776869352253456,
                        76.8776524410624
                    ],
                    [
                        -46.784529400733526,
                        76.87987834770718
                    ],
                    [
                        -46.7922836126406,
                        76.8821033809631
                    ],
                    [
                        -46.800147693782414,
                        76.88432742054283
                    ],
                    [
                        -46.808006244301744,
                        76.88655128345157
                    ],
                    [
                        -46.81590663967303,
                        76.88877462947524
                    ],
                    [
                        -46.82378168345902,
                        76.89099794041188
                    ],
                    [
                        -46.831693281240554,
                        76.89322076957751
                    ],
                    [
                        -46.8396422574581,
                        76.89544310778055
                    ],
                    [
                        -46.847775569286505,
                        76.89766387667974
                    ],
                    [
                        -46.85565855791341,
                        76.89988625254864
                    ],
                    [
                        -46.86363115280013,
                        76.90210775089638
                    ],
                    [
                        -46.871506519806886,
                        76.90432974747098
                    ],
                    [
                        -46.87911076263589,
                        76.90655354410714
                    ],
                    [
                        -46.88672910270953,
                        76.90877703569498
                    ],
                    [
                        -46.89407694514765,
                        76.9110023533963
                    ],
                    [
                        -46.90132922866813,
                        76.91322820456716
                    ],
                    [
                        -46.90869160698333,
                        76.91545304517882
                    ],
                    [
                        -46.91617475834917,
                        76.91767678523692
                    ],
                    [
                        -46.92352919231293,
                        76.91990131163874
                    ],
                    [
                        -46.93065748506256,
                        76.92212737861162
                    ],
                    [
                        -46.9377390980889,
                        76.92435363046454
                    ],
                    [
                        -46.94475519851192,
                        76.92658021573723
                    ],
                    [
                        -46.95191872638954,
                        76.92880549796591
                    ],
                    [
                        -46.95922721556802,
                        76.93102948437647
                    ],
                    [
                        -46.96659264400116,
                        76.93325284664624
                    ],
                    [
                        -46.973855962094916,
                        76.93547681968248
                    ],
                    [
                        -46.98117442124818,
                        76.93770018219773
                    ],
                    [
                        -46.98865934533102,
                        76.93992205596527
                    ],
                    [
                        -46.99608754069292,
                        76.94214418519398
                    ],
                    [
                        -47.00339946874636,
                        76.9443670453973
                    ],
                    [
                        -47.01071858524834,
                        76.94658966704266
                    ],
                    [
                        -47.01801513233487,
                        76.94881228650355
                    ],
                    [
                        -47.02547493609593,
                        76.95103342147016
                    ],
                    [
                        -47.033034535064985,
                        76.95325356701517
                    ],
                    [
                        -47.0407957902881,
                        76.95547189520697
                    ],
                    [
                        -47.04851421673031,
                        76.95769036270244
                    ],
                    [
                        -47.056109230586785,
                        76.95990962636209
                    ],
                    [
                        -47.063799092488836,
                        76.96212792203046
                    ],
                    [
                        -47.071631355118654,
                        76.96434485346725
                    ],
                    [
                        -47.079303037344076,
                        76.96656288997521
                    ],
                    [
                        -47.08702753071181,
                        76.96878029164665
                    ],
                    [
                        -47.09476977298708,
                        76.97099734321581
                    ],
                    [
                        -47.102699498608935,
                        76.97321263811376
                    ],
                    [
                        -47.110549957261796,
                        76.97542837604287
                    ],
                    [
                        -47.118239905526735,
                        76.9776452415036
                    ],
                    [
                        -47.125970735633935,
                        76.97986156370825
                    ],
                    [
                        -47.13394933959274,
                        76.9820756021692
                    ],
                    [
                        -47.14199814058621,
                        76.98428883111778
                    ],
                    [
                        -47.15018471796909,
                        76.98650067276347
                    ],
                    [
                        -47.158408305347685,
                        76.9887119698554
                    ],
                    [
                        -47.16663309625909,
                        76.99092302413453
                    ],
                    [
                        -47.17486052452935,
                        76.99313382335912
                    ],
                    [
                        -47.183050242083915,
                        76.9953447136459
                    ],
                    [
                        -47.19142162554123,
                        76.99755380931038
                    ],
                    [
                        -47.19978803614757,
                        76.99976270669686
                    ],
                    [
                        -47.20820265659303,
                        77.00197094501915
                    ],
                    [
                        -47.2168484449509,
                        77.00417692666353
                    ],
                    [
                        -47.225448699751205,
                        77.00638304788016
                    ],
                    [
                        -47.2340260369163,
                        77.00858911482591
                    ],
                    [
                        -47.24236438161454,
                        77.01079703230255
                    ],
                    [
                        -47.25078166126841,
                        77.0130040139637
                    ],
                    [
                        -47.25929097326201,
                        77.01520993631705
                    ],
                    [
                        -47.267932021966246,
                        77.01741443730539
                    ],
                    [
                        -47.27669515146864,
                        77.01961759049811
                    ],
                    [
                        -47.2853385949236,
                        77.02182155166709
                    ],
                    [
                        -47.293931384640835,
                        77.02402571147839
                    ],
                    [
                        -47.30249419425442,
                        77.02622988829243
                    ],
                    [
                        -47.31133534791173,
                        77.02843129095056
                    ],
                    [
                        -47.32020981461815,
                        77.03063212090372
                    ],
                    [
                        -47.32892333370802,
                        77.03283414847067
                    ],
                    [
                        -47.33768379637495,
                        77.03503548497007
                    ],
                    [
                        -47.34654516788698,
                        77.0372356297076
                    ],
                    [
                        -47.35529040236396,
                        77.03943657575189
                    ],
                    [
                        -47.36411372011423,
                        77.04163653606336
                    ],
                    [
                        -47.3728697947884,
                        77.04383685371995
                    ],
                    [
                        -47.38159645983727,
                        77.04603718263263
                    ],
                    [
                        -47.39028488076816,
                        77.04823760850978
                    ],
                    [
                        -47.39897925790729,
                        77.05043772012185
                    ],
                    [
                        -47.407898066974234,
                        77.0526354580246
                    ],
                    [
                        -47.416943698830785,
                        77.05483172316903
                    ],
                    [
                        -47.42608089052793,
                        77.0570268375757
                    ],
                    [
                        -47.43538951037185,
                        77.05922003104624
                    ],
                    [
                        -47.44496079726024,
                        77.06141041324086
                    ],
                    [
                        -47.45470545632479,
                        77.06359881331669
                    ],
                    [
                        -47.4645227904291,
                        77.06578618288468
                    ],
                    [
                        -47.474492285387655,
                        77.0679717451183
                    ],
                    [
                        -47.48458921489333,
                        77.07015572327595
                    ],
                    [
                        -47.494848298326296,
                        77.07233776450995
                    ],
                    [
                        -47.50518499116485,
                        77.07451867796196
                    ],
                    [
                        -47.51556949180331,
                        77.07669874770929
                    ],
                    [
                        -47.52600076515595,
                        77.07887797857505
                    ],
                    [
                        -47.53662863538083,
                        77.08102933093497
                    ],
                    [
                        -47.54711414000484,
                        77.08320725297746
                    ],
                    [
                        -47.55722352034583,
                        77.08538854633336
                    ],
                    [
                        -47.56717442544326,
                        77.0875710726542
                    ],
                    [
                        -47.57731682910104,
                        77.08975132919656
                    ],
                    [
                        -47.587596617865714,
                        77.09192984082735
                    ],
                    [
                        -47.59791870281025,
                        77.09410755586238
                    ],
                    [
                        -47.60834205315515,
                        77.09628386949711
                    ],
                    [
                        -47.618942327241015,
                        77.09845799713585
                    ],
                    [
                        -47.62941741548737,
                        77.10063301638138
                    ],
                    [
                        -47.639910075493724,
                        77.102807472545
                    ],
                    [
                        -47.65042855820789,
                        77.10498127849587
                    ],
                    [
                        -47.661074280871304,
                        77.1071533793066
                    ],
                    [
                        -47.67174285475285,
                        77.10932484709859
                    ],
                    [
                        -47.68241074625593,
                        77.11142368937045
                    ],
                    [
                        -47.693072840040806,
                        77.11347798453751
                    ],
                    [
                        -47.70371778562036,
                        77.1154346572832
                    ],
                    [
                        -47.71435713484386,
                        77.11734923533339
                    ],
                    [
                        -47.72500585979066,
                        77.11929236913933
                    ],
                    [
                        -47.735666758896436,
                        77.1212767612593
                    ],
                    [
                        -47.74633781902037,
                        77.12329254706025
                    ],
                    [
                        -47.75702216686741,
                        77.12535380979455
                    ],
                    [
                        -47.76771837382465,
                        77.12745340526233
                    ],
                    [
                        -47.7782841640884,
                        77.12962201078808
                    ],
                    [
                        -47.788653205751686,
                        77.13179236500503
                    ],
                    [
                        -47.799172225118426,
                        77.1339607149801
                    ],
                    [
                        -47.80988913544961,
                        77.13608834223947
                    ],
                    [
                        -47.820590188568865,
                        77.13812770966223
                    ],
                    [
                        -47.831312941365795,
                        77.14024892579242
                    ],
                    [
                        -47.84190443230663,
                        77.14241492116615
                    ],
                    [
                        -47.852450691840986,
                        77.14458103091542
                    ],
                    [
                        -47.86319207907656,
                        77.1467361332895
                    ],
                    [
                        -47.873938040196606,
                        77.14889923807435
                    ],
                    [
                        -47.88439860399607,
                        77.15106514300453
                    ],
                    [
                        -47.894862417353615,
                        77.15323063524114
                    ],
                    [
                        -47.90538601600093,
                        77.15539507653462
                    ],
                    [
                        -47.915989163429735,
                        77.15755823624592
                    ],
                    [
                        -47.926740803760495,
                        77.15966102161066
                    ],
                    [
                        -47.93748724121559,
                        77.16172545165854
                    ],
                    [
                        -47.94822993680472,
                        77.16375825975675
                    ],
                    [
                        -47.958987703012305,
                        77.1658406675938
                    ],
                    [
                        -47.969731222980975,
                        77.16784655312077
                    ],
                    [
                        -47.9804799935332,
                        77.1698599532844
                    ],
                    [
                        -47.99124414124238,
                        77.17192381629265
                    ],
                    [
                        -48.002006109078394,
                        77.17396322203518
                    ],
                    [
                        -48.01276697446255,
                        77.17598298070664
                    ],
                    [
                        -48.0235217227803,
                        77.17796222659679
                    ],
                    [
                        -48.0342857547794,
                        77.17996588991093
                    ],
                    [
                        -48.04504420700068,
                        77.18193168272408
                    ],
                    [
                        -48.05579032657704,
                        77.18383194544404
                    ],
                    [
                        -48.06653793216436,
                        77.18572461774252
                    ],
                    [
                        -48.07729888235345,
                        77.18765870690204
                    ],
                    [
                        -48.088067055457486,
                        77.18960858505454
                    ],
                    [
                        -48.09885133867939,
                        77.19161047678828
                    ],
                    [
                        -48.10964578463567,
                        77.1936395340598
                    ],
                    [
                        -48.120437054763045,
                        77.19564121032356
                    ],
                    [
                        -48.13124040510383,
                        77.19767761024661
                    ],
                    [
                        -48.14204809711646,
                        77.19971710707927
                    ],
                    [
                        -48.152849532005206,
                        77.20171702140937
                    ],
                    [
                        -48.16365001916832,
                        77.20369905194208
                    ],
                    [
                        -48.17446441006772,
                        77.205722701326
                    ],
                    [
                        -48.18529768151778,
                        77.20780732456701
                    ],
                    [
                        -48.1961235957488,
                        77.20984820935969
                    ],
                    [
                        -48.20695084781766,
                        77.21188017241481
                    ],
                    [
                        -48.21778888925283,
                        77.21394051811643
                    ],
                    [
                        -48.228637947817774,
                        77.21602983178003
                    ],
                    [
                        -48.239501644075716,
                        77.2181619558696
                    ],
                    [
                        -48.250365537299686,
                        77.22028016425807
                    ],
                    [
                        -48.2612381241323,
                        77.22241758410782
                    ],
                    [
                        -48.27211515758159,
                        77.22455757289279
                    ],
                    [
                        -48.28291863485011,
                        77.22670485866713
                    ],
                    [
                        -48.29380468001861,
                        77.22885037159048
                    ],
                    [
                        -48.30468950554336,
                        77.23097664754314
                    ],
                    [
                        -48.31557988447413,
                        77.2331097213943
                    ],
                    [
                        -48.32647091618251,
                        77.23523087868476
                    ],
                    [
                        -48.33735660240424,
                        77.2373175023283
                    ],
                    [
                        -48.34824613912867,
                        77.23940466785542
                    ],
                    [
                        -48.35914119101206,
                        77.24149862653599
                    ],
                    [
                        -48.37003204193563,
                        77.24356285579522
                    ],
                    [
                        -48.380914704292884,
                        77.24558274253006
                    ],
                    [
                        -48.39180161690256,
                        77.24760507015827
                    ],
                    [
                        -48.402694934870574,
                        77.24963780823532
                    ],
                    [
                        -48.41358477069904,
                        77.25164425350223
                    ],
                    [
                        -48.42447377042679,
                        77.2536344210493
                    ],
                    [
                        -48.43536813311971,
                        77.25563125370931
                    ],
                    [
                        -48.44626199647784,
                        77.25761319887613
                    ],
                    [
                        -48.45715271799521,
                        77.25957074707766
                    ],
                    [
                        -48.468044242752335,
                        77.26151849093027
                    ],
                    [
                        -48.47892839678163,
                        77.26342686698993
                    ],
                    [
                        -48.4898109472539,
                        77.2653171077871
                    ],
                    [
                        -48.500686088848006,
                        77.26716846098296
                    ],
                    [
                        -48.51156225651026,
                        77.26901159996159
                    ],
                    [
                        -48.522424853811145,
                        77.27079433162
                    ],
                    [
                        -48.53327855345157,
                        77.27253391094814
                    ],
                    [
                        -48.54413111243245,
                        77.27425834462734
                    ],
                    [
                        -48.554979886347546,
                        77.27595839339504
                    ],
                    [
                        -48.56582464652025,
                        77.27763347562174
                    ],
                    [
                        -48.57666947677045,
                        77.27929821426788
                    ],
                    [
                        -48.58751256949545,
                        77.28094635180007
                    ],
                    [
                        -48.59835290757976,
                        77.28257447765365
                    ],
                    [
                        -48.60919852853421,
                        77.28421083228353
                    ],
                    [
                        -48.6200577920176,
                        77.28588442360858
                    ],
                    [
                        -48.6309107548235,
                        77.28752571390082
                    ],
                    [
                        -48.64176914845981,
                        77.28917556939533
                    ],
                    [
                        -48.65262801363927,
                        77.29081680787735
                    ],
                    [
                        -48.66349162955591,
                        77.29246421054967
                    ],
                    [
                        -48.67435458505353,
                        77.29409917544672
                    ],
                    [
                        -48.68521717620755,
                        77.29572282340902
                    ],
                    [
                        -48.69608662902091,
                        77.29735985852284
                    ],
                    [
                        -48.70694776516337,
                        77.29895862735196
                    ],
                    [
                        -48.71780628078385,
                        77.3005387525755
                    ],
                    [
                        -48.728661958831296,
                        77.30209966689864
                    ],
                    [
                        -48.73951173242394,
                        77.30363122369064
                    ],
                    [
                        -48.75036062804107,
                        77.30515054098893
                    ],
                    [
                        -48.76119347477558,
                        77.30660699972695
                    ],
                    [
                        -48.77202396665402,
                        77.30804680981399
                    ],
                    [
                        -48.78286434629686,
                        77.30951080564223
                    ],
                    [
                        -48.79371646243848,
                        77.311004892765
                    ],
                    [
                        -48.804569727429254,
                        77.31249381824348
                    ],
                    [
                        -48.81542546878177,
                        77.31398199630249
                    ],
                    [
                        -48.82627545328378,
                        77.31544238887389
                    ],
                    [
                        -48.83712392879999,
                        77.31688914735977
                    ],
                    [
                        -48.84797245842608,
                        77.31832749107227
                    ],
                    [
                        -48.85882058652308,
                        77.31975600637027
                    ],
                    [
                        -48.8696749245072,
                        77.32119623507798
                    ],
                    [
                        -48.88052598747412,
                        77.32261737327251
                    ],
                    [
                        -48.8913686956941,
                        77.32400319073967
                    ],
                    [
                        -48.90222254173988,
                        77.32541671115544
                    ],
                    [
                        -48.9130754583016,
                        77.32681897371906
                    ],
                    [
                        -48.923929534615695,
                        77.32821675538968
                    ],
                    [
                        -48.93478079130218,
                        77.32959739676932
                    ],
                    [
                        -48.94563288296438,
                        77.33097266571329
                    ],
                    [
                        -48.956490946478205,
                        77.33235889690616
                    ],
                    [
                        -48.967357374399406,
                        77.33376355930294
                    ],
                    [
                        -48.97822385619732,
                        77.33516028307129
                    ],
                    [
                        -48.98908788988098,
                        77.33654126387461
                    ],
                    [
                        -48.99994284929784,
                        77.33788585331492
                    ],
                    [
                        -49.01079557939932,
                        77.33921575913651
                    ],
                    [
                        -49.02165049915222,
                        77.34054488039446
                    ],
                    [
                        -49.03250127810088,
                        77.34185353590847
                    ],
                    [
                        -49.043361272175225,
                        77.3431833066671
                    ],
                    [
                        -49.0542158340811,
                        77.34448872177133
                    ],
                    [
                        -49.06505713857802,
                        77.3457458515842
                    ],
                    [
                        -49.07590528122043,
                        77.34701688668702
                    ],
                    [
                        -49.086753740790954,
                        77.34828171128048
                    ],
                    [
                        -49.09760792697372,
                        77.34955691613614
                    ],
                    [
                        -49.10845177442817,
                        77.35079341904706
                    ],
                    [
                        -49.11928519315804,
                        77.35199126071485
                    ],
                    [
                        -49.130124017391815,
                        77.35319877931715
                    ],
                    [
                        -49.14095797302631,
                        77.3543848160466
                    ],
                    [
                        -49.151788754917135,
                        77.3555546550307
                    ],
                    [
                        -49.16261315944369,
                        77.35669878657737
                    ],
                    [
                        -49.17344066002062,
                        77.35784583859417
                    ],
                    [
                        -49.184275461677366,
                        77.35900836707033
                    ],
                    [
                        -49.19510461856363,
                        77.36014761100928
                    ],
                    [
                        -49.20593348053411,
                        77.36127967668372
                    ],
                    [
                        -49.21677457323909,
                        77.36244179875729
                    ],
                    [
                        -49.2276151627285,
                        77.36359603637086
                    ],
                    [
                        -49.23845055429131,
                        77.3647285879404
                    ],
                    [
                        -49.24929450590454,
                        77.36588013638945
                    ],
                    [
                        -49.26014544815276,
                        77.36704591877778
                    ],
                    [
                        -49.270996942170505,
                        77.36820695875113
                    ],
                    [
                        -49.281855653415796,
                        77.36938276364558
                    ],
                    [
                        -49.29271163247544,
                        77.37054422359161
                    ],
                    [
                        -49.30357129375919,
                        77.37171008957347
                    ],
                    [
                        -49.31442994886031,
                        77.37286673451034
                    ],
                    [
                        -49.32529539492028,
                        77.37403676885835
                    ],
                    [
                        -49.33617482533896,
                        77.37524082646185
                    ],
                    [
                        -49.34705708997782,
                        77.37644657177486
                    ],
                    [
                        -49.35794130621363,
                        77.37765145678834
                    ],
                    [
                        -49.36882391725338,
                        77.37884530921177
                    ],
                    [
                        -49.37971376509928,
                        77.38005344283506
                    ],
                    [
                        -49.390596977733765,
                        77.38123626148777
                    ],
                    [
                        -49.40148254745084,
                        77.38241948560953
                    ],
                    [
                        -49.41236988971715,
                        77.3836014539068
                    ],
                    [
                        -49.42325203445453,
                        77.3847624872874
                    ],
                    [
                        -49.4341327867162,
                        77.38591346248124
                    ],
                    [
                        -49.44501258928277,
                        77.3870556976194
                    ],
                    [
                        -49.45590139252374,
                        77.38821714530737
                    ],
                    [
                        -49.46677747185571,
                        77.3893369213324
                    ],
                    [
                        -49.4776563577504,
                        77.3904586475428
                    ],
                    [
                        -49.488549481103824,
                        77.39161410248971
                    ],
                    [
                        -49.499439116993116,
                        77.39275384925288
                    ],
                    [
                        -49.51033599832079,
                        77.3939077078318
                    ],
                    [
                        -49.52124631043333,
                        77.39509264462605
                    ],
                    [
                        -49.53215348995353,
                        77.3962628121064
                    ],
                    [
                        -49.54305712611827,
                        77.39741718990109
                    ],
                    [
                        -49.55396796545329,
                        77.39858533850573
                    ],
                    [
                        -49.564889758489294,
                        77.39977740282623
                    ],
                    [
                        -49.575822146296154,
                        77.40099222273484
                    ],
                    [
                        -49.58675300190263,
                        77.40219664573227
                    ],
                    [
                        -49.597673077716536,
                        77.40336565939151
                    ],
                    [
                        -49.60859211806687,
                        77.40452589243111
                    ],
                    [
                        -49.6195127309437,
                        77.40568444699565
                    ],
                    [
                        -49.630430042475595,
                        77.40682820829302
                    ],
                    [
                        -49.64135950737703,
                        77.40799879663554
                    ],
                    [
                        -49.65228151117757,
                        77.40914345306348
                    ],
                    [
                        -49.66321371546923,
                        77.4103095753046
                    ],
                    [
                        -49.67414280545792,
                        77.41146149911332
                    ],
                    [
                        -49.6850791145685,
                        77.41262681271814
                    ],
                    [
                        -49.69602553520643,
                        77.41381309088979
                    ],
                    [
                        -49.70697573137744,
                        77.41500340591114
                    ],
                    [
                        -49.71792554550131,
                        77.41618674660143
                    ],
                    [
                        -49.72887734384852,
                        77.41736939419152
                    ],
                    [
                        -49.73983549552157,
                        77.41856283264693
                    ],
                    [
                        -49.75078919443672,
                        77.41973865162299
                    ],
                    [
                        -49.761753336181144,
                        77.42093593206076
                    ],
                    [
                        -49.7727154033033,
                        77.42212185805053
                    ],
                    [
                        -49.78366898834304,
                        77.42327983097107
                    ],
                    [
                        -49.79462397630162,
                        77.42443571544145
                    ],
                    [
                        -49.805585187132216,
                        77.42560200926198
                    ],
                    [
                        -49.81656326736746,
                        77.42680614856387
                    ],
                    [
                        -49.82754775687022,
                        77.42802089345567
                    ],
                    [
                        -49.838532473869044,
                        77.42923026624608
                    ],
                    [
                        -49.849524433139884,
                        77.43045230111572
                    ],
                    [
                        -49.860518203642584,
                        77.43167300299902
                    ],
                    [
                        -49.87152518431587,
                        77.43292148809121
                    ],
                    [
                        -49.88253925756037,
                        77.43418197088263
                    ],
                    [
                        -49.89355616692274,
                        77.43544354497755
                    ],
                    [
                        -49.904558566242976,
                        77.43666221539623
                    ],
                    [
                        -49.91556700693194,
                        77.43789027077976
                    ],
                    [
                        -49.92658885526498,
                        77.43914623332338
                    ],
                    [
                        -49.937600955112806,
                        77.44037159948563
                    ],
                    [
                        -49.948630422860624,
                        77.44163469743788
                    ],
                    [
                        -49.959668252389434,
                        77.44291268948726
                    ],
                    [
                        -49.970702751920236,
                        77.44417623549698
                    ],
                    [
                        -49.981735348028124,
                        77.44542899178602
                    ],
                    [
                        -49.992768903259694,
                        77.44667815448288
                    ],
                    [
                        -50.003807311385,
                        77.44793341360824
                    ],
                    [
                        -50.01484072933163,
                        77.4491703405897
                    ],
                    [
                        -50.02587354788505,
                        77.4503999110573
                    ],
                    [
                        -50.0368936411352,
                        77.45159227229665
                    ],
                    [
                        -50.04793147320478,
                        77.45282262476648
                    ],
                    [
                        -50.05896930334388,
                        77.45404715919929
                    ],
                    [
                        -50.070006829865775,
                        77.45526517379285
                    ],
                    [
                        -50.08105141599768,
                        77.45649470135514
                    ],
                    [
                        -50.0920861706859,
                        77.45769448335352
                    ],
                    [
                        -50.10312385878171,
                        77.45889576712949
                    ],
                    [
                        -50.114173393859836,
                        77.46012017090673
                    ],
                    [
                        -50.12523254124615,
                        77.46136212417468
                    ],
                    [
                        -50.13629584976055,
                        77.4626083361344
                    ],
                    [
                        -50.14736441857933,
                        77.4638614244271
                    ],
                    [
                        -50.158436807891825,
                        77.46511787705717
                    ],
                    [
                        -50.16950872446697,
                        77.46636736692084
                    ],
                    [
                        -50.18058165075582,
                        77.46761348716805
                    ],
                    [
                        -50.19166124493005,
                        77.46886977332541
                    ],
                    [
                        -50.20273043660552,
                        77.4700954693419
                    ],
                    [
                        -50.213793287772475,
                        77.47130043675833
                    ],
                    [
                        -50.224880134439125,
                        77.47255679123191
                    ],
                    [
                        -50.23596904273159,
                        77.473812259127
                    ],
                    [
                        -50.2470576518568,
                        77.4750612668247
                    ],
                    [
                        -50.25815664467607,
                        77.47632903348725
                    ],
                    [
                        -50.269259568354734,
                        77.47760025619331
                    ],
                    [
                        -50.280362843320994,
                        77.4788665095758
                    ],
                    [
                        -50.29146749889973,
                        77.48013023367062
                    ],
                    [
                        -50.30258323706511,
                        77.48141410770569
                    ],
                    [
                        -50.313707295266695,
                        77.48271155600874
                    ],
                    [
                        -50.324827275232145,
                        77.48399364922716
                    ],
                    [
                        -50.33595162010223,
                        77.48528008012525
                    ],
                    [
                        -50.34707461830606,
                        77.48655759114618
                    ],
                    [
                        -50.35820487058209,
                        77.48784611080792
                    ],
                    [
                        -50.36933954753091,
                        77.48913904070511
                    ],
                    [
                        -50.38048476915011,
                        77.49045042810339
                    ],
                    [
                        -50.39163379936658,
                        77.49176468671673
                    ],
                    [
                        -50.4027674559444,
                        77.49303785822426
                    ],
                    [
                        -50.41391742850464,
                        77.4943426343942
                    ],
                    [
                        -50.425080548177576,
                        77.49567157984006
                    ],
                    [
                        -50.43624907291277,
                        77.49700691653351
                    ],
                    [
                        -50.44741319693783,
                        77.49832633435659
                    ],
                    [
                        -50.458582554115324,
                        77.4996517614721
                    ],
                    [
                        -50.469770074016374,
                        77.5010123877911
                    ],
                    [
                        -50.48095247793283,
                        77.50235546639793
                    ],
                    [
                        -50.49213755312042,
                        77.5036986375706
                    ],
                    [
                        -50.503318786497466,
                        77.50502726757331
                    ],
                    [
                        -50.51449863532824,
                        77.50634695479155
                    ],
                    [
                        -50.5256910463619,
                        77.50768894768144
                    ],
                    [
                        -50.536887572300614,
                        77.50903424693468
                    ],
                    [
                        -50.54808914081727,
                        77.51038489434532
                    ],
                    [
                        -50.55929509113595,
                        77.51173938418212
                    ],
                    [
                        -50.5704978955373,
                        77.51308099538933
                    ],
                    [
                        -50.58169938598567,
                        77.51441386099344
                    ],
                    [
                        -50.5929114155941,
                        77.5157642076175
                    ],
                    [
                        -50.60413303742147,
                        77.51712983451415
                    ],
                    [
                        -50.61535049360736,
                        77.51848039028634
                    ],
                    [
                        -50.626566879167044,
                        77.51982275849181
                    ],
                    [
                        -50.63778317653816,
                        77.52115913902729
                    ],
                    [
                        -50.64901508976253,
                        77.52252387938773
                    ],
                    [
                        -50.66025560857134,
                        77.52390151269189
                    ],
                    [
                        -50.67148665081429,
                        77.52525261204251
                    ],
                    [
                        -50.68272873918841,
                        77.5266219003275
                    ],
                    [
                        -50.69396386673545,
                        77.52797024536399
                    ],
                    [
                        -50.70520886089601,
                        77.52933415855263
                    ],
                    [
                        -50.71646457080883,
                        77.53071537149829
                    ],
                    [
                        -50.72773442956977,
                        77.53212116462184
                    ],
                    [
                        -50.73899233975373,
                        77.5334953079505
                    ],
                    [
                        -50.75024440133284,
                        77.53485107507298
                    ],
                    [
                        -50.76150778896596,
                        77.53622532589861
                    ],
                    [
                        -50.77277949304249,
                        77.5376115162052
                    ],
                    [
                        -50.78405077614153,
                        77.53899095079409
                    ],
                    [
                        -50.79531631983372,
                        77.54035235922531
                    ],
                    [
                        -50.806586588728976,
                        77.54171805638899
                    ],
                    [
                        -50.81787115734768,
                        77.54310828854285
                    ],
                    [
                        -50.82915012100584,
                        77.54448083635012
                    ],
                    [
                        -50.840444241057014,
                        77.54587959088462
                    ],
                    [
                        -50.851734377145696,
                        77.54726410418708
                    ],
                    [
                        -50.863021798983326,
                        77.54863712753166
                    ],
                    [
                        -50.874305220963286,
                        77.54999603364946
                    ],
                    [
                        -50.88560524030049,
                        77.55138399050159
                    ],
                    [
                        -50.89691683031419,
                        77.55279032422811
                    ],
                    [
                        -50.9082338183685,
                        77.55420206034619
                    ],
                    [
                        -50.91954183836157,
                        77.55558929579553
                    ],
                    [
                        -50.9308391836186,
                        77.55694863573949
                    ],
                    [
                        -50.94215399325008,
                        77.55833851083872
                    ],
                    [
                        -50.95347602214163,
                        77.55973756244556
                    ],
                    [
                        -50.964792357164036,
                        77.5611191023851
                    ],
                    [
                        -50.97610784427271,
                        77.56249320679784
                    ],
                    [
                        -50.98742275873433,
                        77.56386048296743
                    ],
                    [
                        -50.998742086865605,
                        77.56523118994785
                    ],
                    [
                        -51.01007095186215,
                        77.56661578450681
                    ],
                    [
                        -51.0214139366573,
                        77.56802353647682
                    ],
                    [
                        -51.032751938712096,
                        77.56941538287828
                    ],
                    [
                        -51.04409658182582,
                        77.57081505184702
                    ],
                    [
                        -51.05544844204269,
                        77.57222366246364
                    ],
                    [
                        -51.066803191766446,
                        77.57363239360814
                    ],
                    [
                        -51.078171853701605,
                        77.57506352089293
                    ],
                    [
                        -51.08952505720768,
                        77.57645766102773
                    ],
                    [
                        -51.10088884050919,
                        77.57786745141121
                    ],
                    [
                        -51.11223924303086,
                        77.57924465432619
                    ],
                    [
                        -51.12359375412474,
                        77.58062453033925
                    ],
                    [
                        -51.13497776528418,
                        77.58205787573968
                    ],
                    [
                        -51.146354264236805,
                        77.58347044583316
                    ],
                    [
                        -51.15773296934334,
                        77.58488173275074
                    ],
                    [
                        -51.16911711577874,
                        77.58629817720069
                    ],
                    [
                        -51.1805182791519,
                        77.58774272911013
                    ],
                    [
                        -51.19191816879491,
                        77.58917897480582
                    ],
                    [
                        -51.203320036106,
                        77.59061339045257
                    ],
                    [
                        -51.214716124007445,
                        77.59203067272342
                    ],
                    [
                        -51.22611316998764,
                        77.59344419172348
                    ],
                    [
                        -51.23753329674429,
                        77.59489746189936
                    ],
                    [
                        -51.2489474108278,
                        77.59633315849082
                    ],
                    [
                        -51.26037974811362,
                        77.59779884521315
                    ],
                    [
                        -51.2717933719941,
                        77.59922214752791
                    ],
                    [
                        -51.28320601450174,
                        77.60063790121512
                    ],
                    [
                        -51.29463585515364,
                        77.60208154286381
                    ],
                    [
                        -51.306059482829234,
                        77.60350741405675
                    ],
                    [
                        -51.31747969541109,
                        77.6049210413672
                    ],
                    [
                        -51.32889443725091,
                        77.60631851356949
                    ],
                    [
                        -51.3403124739741,
                        77.60771685623416
                    ],
                    [
                        -51.35175075158019,
                        77.6091487379495
                    ],
                    [
                        -51.36319369323001,
                        77.6105839835718
                    ],
                    [
                        -51.374639760971355,
                        77.61201961648995
                    ],
                    [
                        -51.386099362437584,
                        77.61347558449896
                    ],
                    [
                        -51.39753650665403,
                        77.61488289960404
                    ],
                    [
                        -51.40895544346332,
                        77.61624995426442
                    ],
                    [
                        -51.42038182713392,
                        77.61762587770907
                    ],
                    [
                        -51.43182558429951,
                        77.61902950266332
                    ],
                    [
                        -51.44326120894966,
                        77.62041223359482
                    ],
                    [
                        -51.45470526535396,
                        77.62180558163845
                    ],
                    [
                        -51.46613497377975,
                        77.6231663898105
                    ],
                    [
                        -51.47759044904181,
                        77.6245705839883
                    ],
                    [
                        -51.489049987176344,
                        77.62597701179443
                    ],
                    [
                        -51.50050037413068,
                        77.62736080141849
                    ],
                    [
                        -51.51194794991151,
                        77.62873398133799
                    ],
                    [
                        -51.52338284247781,
                        77.63007810847324
                    ],
                    [
                        -51.534806574559646,
                        77.63139619145939
                    ],
                    [
                        -51.54622621402128,
                        77.6327015690683
                    ],
                    [
                        -51.55766325293144,
                        77.63403436061166
                    ],
                    [
                        -51.56908624328621,
                        77.63533591544132
                    ],
                    [
                        -51.580515930691966,
                        77.63664492124278
                    ],
                    [
                        -51.59195041906367,
                        77.63795782022893
                    ],
                    [
                        -51.603380402722024,
                        77.63925737514293
                    ],
                    [
                        -51.614813514805334,
                        77.6405577505229
                    ],
                    [
                        -51.62623777980217,
                        77.6418368693967
                    ],
                    [
                        -51.63765730673736,
                        77.64310240513188
                    ],
                    [
                        -51.64907424174954,
                        77.64435837059975
                    ],
                    [
                        -51.66049301673944,
                        77.64561293865766
                    ],
                    [
                        -51.67192385145066,
                        77.64688481102897
                    ],
                    [
                        -51.68335201577838,
                        77.64814699167904
                    ],
                    [
                        -51.69478382006309,
                        77.64941103348812
                    ],
                    [
                        -51.706222384590156,
                        77.65068260104037
                    ],
                    [
                        -51.7176547399203,
                        77.65193809638566
                    ],
                    [
                        -51.7290754245998,
                        77.65316770370595
                    ],
                    [
                        -51.7404909176848,
                        77.65438328542052
                    ],
                    [
                        -51.75190900529982,
                        77.65559897930616
                    ],
                    [
                        -51.76330456708381,
                        77.65676948851699
                    ],
                    [
                        -51.7747180781927,
                        77.65796790292859
                    ],
                    [
                        -51.7861389163454,
                        77.65917498606731
                    ],
                    [
                        -51.797553113208906,
                        77.66036563830498
                    ],
                    [
                        -51.8089649439548,
                        77.66154759882969
                    ],
                    [
                        -51.82037336844137,
                        77.66271905314218
                    ],
                    [
                        -51.83177690496029,
                        77.66387741197133
                    ],
                    [
                        -51.84317474414871,
                        77.66502130162596
                    ],
                    [
                        -51.85457701573635,
                        77.66616880250729
                    ],
                    [
                        -51.86597079800094,
                        77.6672969653725
                    ],
                    [
                        -51.877354074000266,
                        77.668402317828
                    ],
                    [
                        -51.8887111973933,
                        77.66945731289248
                    ],
                    [
                        -51.9000840309832,
                        77.67053610316376
                    ],
                    [
                        -51.91146114364126,
                        77.67161842059316
                    ],
                    [
                        -51.92282398350445,
                        77.67267161380865
                    ],
                    [
                        -51.934194786693006,
                        77.67373487604092
                    ],
                    [
                        -51.94555477143217,
                        77.67477523226103
                    ],
                    [
                        -51.9569144541545,
                        77.6758112008465
                    ],
                    [
                        -51.968277120719506,
                        77.67684854218349
                    ],
                    [
                        -51.979650966685504,
                        77.67790153799511
                    ],
                    [
                        -51.99102676255444,
                        77.67895403945548
                    ],
                    [
                        -52.00240353079095,
                        77.68000434852756
                    ],
                    [
                        -52.013779618891,
                        77.68104960799873
                    ],
                    [
                        -52.02514746412815,
                        77.68207674539649
                    ],
                    [
                        -52.03651680165279,
                        77.68310268179874
                    ],
                    [
                        -52.04790238126807,
                        77.68415287672369
                    ],
                    [
                        -52.05928082570864,
                        77.6851869283428
                    ],
                    [
                        -52.07065418848875,
                        77.68620844933704
                    ],
                    [
                        -52.0820160667814,
                        77.68720650837797
                    ],
                    [
                        -52.09338148021577,
                        77.68820696779716
                    ],
                    [
                        -52.104757010543054,
                        77.68922107596083
                    ],
                    [
                        -52.116147542313904,
                        77.69025710560571
                    ],
                    [
                        -52.127528677476676,
                        77.69127333621142
                    ],
                    [
                        -52.13890077613202,
                        77.69227047948307
                    ],
                    [
                        -52.15027865858832,
                        77.69327381874629
                    ],
                    [
                        -52.16167030967092,
                        77.69429686892306
                    ],
                    [
                        -52.173069406090875,
                        77.69532881771283
                    ],
                    [
                        -52.1844591979001,
                        77.6963412940341
                    ],
                    [
                        -52.195844763015806,
                        77.69734296660343
                    ],
                    [
                        -52.20723755682102,
                        77.69835319414493
                    ],
                    [
                        -52.21862747527566,
                        77.6993549316937
                    ],
                    [
                        -52.23001818204027,
                        77.70035437389197
                    ],
                    [
                        -52.241406560871546,
                        77.70134630483443
                    ],
                    [
                        -52.25280515479034,
                        77.70235175856989
                    ],
                    [
                        -52.264196927359784,
                        77.70334219258744
                    ],
                    [
                        -52.27558200201001,
                        77.70431788593883
                    ],
                    [
                        -52.28697020681489,
                        77.70529528150908
                    ],
                    [
                        -52.29834120568407,
                        77.70624054984827
                    ],
                    [
                        -52.309715617675835,
                        77.70718808159984
                    ],
                    [
                        -52.32110277033316,
                        77.70815332470865
                    ],
                    [
                        -52.33248534479457,
                        77.70910753055503
                    ],
                    [
                        -52.3438466673598,
                        77.71002320524754
                    ],
                    [
                        -52.35522506678094,
                        77.71096375569842
                    ],
                    [
                        -52.36661205622144,
                        77.7119150829259
                    ],
                    [
                        -52.37800144751984,
                        77.71286695904824
                    ],
                    [
                        -52.389384260199215,
                        77.71380463995628
                    ],
                    [
                        -52.40075411665341,
                        77.71471774281413
                    ],
                    [
                        -52.41213179576108,
                        77.71564037962385
                    ],
                    [
                        -52.4234989678324,
                        77.71654256405397
                    ],
                    [
                        -52.43486453138253,
                        77.7174389044831
                    ],
                    [
                        -52.446244515606594,
                        77.71835552393706
                    ],
                    [
                        -52.45762208391271,
                        77.71926495612757
                    ],
                    [
                        -52.46898854415295,
                        77.72015312868832
                    ],
                    [
                        -52.48034424729171,
                        77.7210207112359
                    ],
                    [
                        -52.491735201104085,
                        77.72194222292062
                    ],
                    [
                        -52.50312327351068,
                        77.72285581965065
                    ],
                    [
                        -52.514505119374775,
                        77.72375614431328
                    ],
                    [
                        -52.52589808930592,
                        77.72467119018255
                    ],
                    [
                        -52.537312148821144,
                        77.72561690162738
                    ],
                    [
                        -52.54871860405743,
                        77.72654708634037
                    ],
                    [
                        -52.56012076128934,
                        77.7274671141434
                    ],
                    [
                        -52.57153579804987,
                        77.72840450769961
                    ],
                    [
                        -52.582942953118874,
                        77.72932602756757
                    ],
                    [
                        -52.59433697217884,
                        77.73022337048417
                    ],
                    [
                        -52.605712706370014,
                        77.7310884536277
                    ],
                    [
                        -52.61707360445384,
                        77.73192690982823
                    ],
                    [
                        -52.62845743205406,
                        77.73279879272974
                    ],
                    [
                        -52.639852904231375,
                        77.73368606325792
                    ],
                    [
                        -52.651229653803924,
                        77.73454061036261
                    ],
                    [
                        -52.662595971282165,
                        77.7353756807131
                    ],
                    [
                        -52.67395371227262,
                        77.73619429049118
                    ],
                    [
                        -52.6853321193363,
                        77.737042556425
                    ],
                    [
                        -52.696707595075274,
                        77.73788324323715
                    ],
                    [
                        -52.70809141409336,
                        77.7387340808165
                    ],
                    [
                        -52.71946880186568,
                        77.73957186732699
                    ],
                    [
                        -52.730820406113594,
                        77.74036638274792
                    ],
                    [
                        -52.74215293345883,
                        77.74112830397158
                    ],
                    [
                        -52.75348268444465,
                        77.74188320649618
                    ],
                    [
                        -52.764817508780176,
                        77.74264334679758
                    ],
                    [
                        -52.77614759148177,
                        77.74339343672314
                    ],
                    [
                        -52.787460890749074,
                        77.74411482433673
                    ],
                    [
                        -52.7987382042703,
                        77.74477787035794
                    ],
                    [
                        -52.810026149510904,
                        77.7454550010045
                    ],
                    [
                        -52.8213392503136,
                        77.74616859915689
                    ],
                    [
                        -52.832651450544354,
                        77.74687828627269
                    ],
                    [
                        -52.843955547887475,
                        77.7475729807732
                    ],
                    [
                        -52.85523396637747,
                        77.7482257072797
                    ],
                    [
                        -52.86650926544951,
                        77.74887131171809
                    ],
                    [
                        -52.87778380176867,
                        77.74951344007869
                    ],
                    [
                        -52.88908197933232,
                        77.7501894857489
                    ],
                    [
                        -52.90036705178015,
                        77.75084309614027
                    ],
                    [
                        -52.911628490099496,
                        77.75145829212066
                    ],
                    [
                        -52.92292092943371,
                        77.75211855264467
                    ],
                    [
                        -52.93420188095047,
                        77.7527589843361
                    ],
                    [
                        -52.9454754197432,
                        77.7533858698827
                    ],
                    [
                        -52.95674285409257,
                        77.75400125451249
                    ],
                    [
                        -52.96801509116937,
                        77.75462172090411
                    ],
                    [
                        -52.97929942875931,
                        77.75525829065455
                    ],
                    [
                        -52.99058901795339,
                        77.75590054055618
                    ],
                    [
                        -53.00187935088625,
                        77.75654164175883
                    ],
                    [
                        -53.013147260662564,
                        77.75714669036611
                    ],
                    [
                        -53.024395408974556,
                        77.75771984917365
                    ],
                    [
                        -53.03562309309568,
                        77.75826020143245
                    ],
                    [
                        -53.046831787940356,
                        77.7587701022245
                    ],
                    [
                        -53.05804639552529,
                        77.75928698736912
                    ],
                    [
                        -53.06925568058995,
                        77.75979401905505
                    ],
                    [
                        -53.08046208920526,
                        77.7602948927805
                    ],
                    [
                        -53.09166098084451,
                        77.76078271266395
                    ],
                    [
                        -53.10285599783615,
                        77.7612629590511
                    ],
                    [
                        -53.114032044533296,
                        77.76171321232304
                    ],
                    [
                        -53.12522085485992,
                        77.76218072983127
                    ],
                    [
                        -53.13643057537714,
                        77.7626775179655
                    ],
                    [
                        -53.14763522310245,
                        77.76316497216432
                    ],
                    [
                        -53.15880768820097,
                        77.76360304230414
                    ],
                    [
                        -53.16993507215996,
                        77.7639728909647
                    ],
                    [
                        -53.18104037458102,
                        77.76430872129923
                    ],
                    [
                        -53.192142033184844,
                        77.76463782609602
                    ],
                    [
                        -53.203258517977886,
                        77.76498739278853
                    ],
                    [
                        -53.214395479190216,
                        77.7653656315673
                    ],
                    [
                        -53.225530236935924,
                        77.765739164033
                    ],
                    [
                        -53.23664118891487,
                        77.76607637654935
                    ],
                    [
                        -53.2477165069863,
                        77.76636012391312
                    ],
                    [
                        -53.2587778286124,
                        77.76662222383843
                    ],
                    [
                        -53.26984391476958,
                        77.76689012351311
                    ],
                    [
                        -53.28091043779109,
                        77.76715749605842
                    ],
                    [
                        -53.291980524621245,
                        77.76742889026967
                    ],
                    [
                        -53.30305155636207,
                        77.7677004855232
                    ],
                    [
                        -53.31409630215881,
                        77.76793278828656
                    ],
                    [
                        -53.325106896610535,
                        77.7681145671572
                    ],
                    [
                        -53.336114554244006,
                        77.76829117377879
                    ],
                    [
                        -53.34712439330906,
                        77.7684700211807
                    ],
                    [
                        -53.358125227735236,
                        77.76863496438793
                    ],
                    [
                        -53.369116936771825,
                        77.76878588494772
                    ],
                    [
                        -53.38011071393163,
                        77.76893894129977
                    ],
                    [
                        -53.391099156258065,
                        77.76908348882004
                    ],
                    [
                        -53.40205897305149,
                        77.76918614533942
                    ],
                    [
                        -53.41302329674598,
                        77.76929455019989
                    ],
                    [
                        -53.423998518437024,
                        77.7694178249139
                    ],
                    [
                        -53.434969389353036,
                        77.76953411895205
                    ],
                    [
                        -53.44595447501185,
                        77.76966995446264
                    ],
                    [
                        -53.45692297623054,
                        77.76978135761935
                    ],
                    [
                        -53.467882985824374,
                        77.76987994353232
                    ],
                    [
                        -53.478837250022345,
                        77.76996966594469
                    ],
                    [
                        -53.489797661139534,
                        77.77006744136436
                    ],
                    [
                        -53.50075323010827,
                        77.77015765801802
                    ],
                    [
                        -53.51169879337396,
                        77.77023303421393
                    ],
                    [
                        -53.52264995515761,
                        77.77031569203365
                    ],
                    [
                        -53.53360936786755,
                        77.77040934784688
                    ],
                    [
                        -53.54456868881842,
                        77.77050219217033
                    ],
                    [
                        -53.555515901525396,
                        77.7705773028755
                    ],
                    [
                        -53.56646755214876,
                        77.77065802288065
                    ],
                    [
                        -53.577404347934944,
                        77.77071722737661
                    ],
                    [
                        -53.588324840129886,
                        77.77075296692476
                    ],
                    [
                        -53.59926124424236,
                        77.77081047106188
                    ],
                    [
                        -53.610217581485145,
                        77.7708952817285
                    ],
                    [
                        -53.62119773409397,
                        77.77101271754721
                    ],
                    [
                        -53.63218717379462,
                        77.77114237356159
                    ],
                    [
                        -53.64319305198438,
                        77.77129416957821
                    ],
                    [
                        -53.65421842260344,
                        77.77147226961672
                    ],
                    [
                        -53.66523324480301,
                        77.77163480622278
                    ],
                    [
                        -53.676242354130636,
                        77.77178855334425
                    ],
                    [
                        -53.68725010297797,
                        77.77193957971903
                    ],
                    [
                        -53.69828771502744,
                        77.77213113448494
                    ],
                    [
                        -53.70932513936588,
                        77.77232149799002
                    ],
                    [
                        -53.72037540028153,
                        77.77252866350727
                    ],
                    [
                        -53.731420518767784,
                        77.77272776431498
                    ],
                    [
                        -53.74245033114773,
                        77.77290482944552
                    ],
                    [
                        -53.75348132732517,
                        77.77308263133045
                    ],
                    [
                        -53.76448766576296,
                        77.77322565843382
                    ],
                    [
                        -53.77548187263022,
                        77.77335123401463
                    ],
                    [
                        -53.786469785811725,
                        77.77346742564652
                    ],
                    [
                        -53.797453028139344,
                        77.77357649001951
                    ],
                    [
                        -53.80842229170065,
                        77.77366572930941
                    ],
                    [
                        -53.81938364935057,
                        77.77374350991286
                    ],
                    [
                        -53.830353512944,
                        77.77383225392775
                    ],
                    [
                        -53.8413295492241,
                        77.77392874147334
                    ],
                    [
                        -53.85232148440672,
                        77.77404617144089
                    ],
                    [
                        -53.8633155212067,
                        77.77416572118362
                    ],
                    [
                        -53.874291639829146,
                        77.77426022147901
                    ],
                    [
                        -53.88523661452678,
                        77.774311845978
                    ],
                    [
                        -53.89617062698847,
                        77.77434806710178
                    ],
                    [
                        -53.90712377151354,
                        77.77440961729651
                    ],
                    [
                        -53.91807530168607,
                        77.77446839531845
                    ],
                    [
                        -53.92903356550362,
                        77.77453566579709
                    ],
                    [
                        -53.93998798568982,
                        77.77459715377483
                    ],
                    [
                        -53.9509291338378,
                        77.77464020062517
                    ],
                    [
                        -53.96185083269377,
                        77.77465657748587
                    ],
                    [
                        -53.97277342337886,
                        77.77467367074584
                    ],
                    [
                        -53.98369589157478,
                        77.77469011813662
                    ],
                    [
                        -53.994596306184064,
                        77.77467657334324
                    ],
                    [
                        -54.00549040352691,
                        77.77465417894561
                    ],
                    [
                        -54.01638339142514,
                        77.77462991896542
                    ],
                    [
                        -54.02726284769606,
                        77.77458723738613
                    ],
                    [
                        -54.03814516066189,
                        77.77454802479444
                    ],
                    [
                        -54.049016252629634,
                        77.77449354410439
                    ],
                    [
                        -54.05987766038013,
                        77.77442589194636
                    ],
                    [
                        -54.070712935759126,
                        77.77432329194752
                    ],
                    [
                        -54.08154848388437,
                        77.7742208626617
                    ],
                    [
                        -54.09239332325438,
                        77.77413054005487
                    ],
                    [
                        -54.10324263281291,
                        77.7740459062761
                    ],
                    [
                        -54.11408765607575,
                        77.77395537784885
                    ],
                    [
                        -54.12492964165605,
                        77.77386062222037
                    ],
                    [
                        -54.135764926274135,
                        77.77375682852599
                    ],
                    [
                        -54.14658925587332,
                        77.7736384316145
                    ],
                    [
                        -54.15741457890429,
                        77.77352118505769
                    ],
                    [
                        -54.16826213359992,
                        77.77343296069836
                    ],
                    [
                        -54.17909716145929,
                        77.77332808596259
                    ],
                    [
                        -54.189939912735966,
                        77.77323313615159
                    ],
                    [
                        -54.200768075977756,
                        77.77311889476614
                    ],
                    [
                        -54.21158982561434,
                        77.77299610841973
                    ],
                    [
                        -54.22239762754058,
                        77.77285497658863
                    ],
                    [
                        -54.233204200172246,
                        77.77271213886992
                    ],
                    [
                        -54.244018831112,
                        77.77257969049796
                    ],
                    [
                        -54.25483502547169,
                        77.7724491497688
                    ],
                    [
                        -54.2656483080278,
                        77.77231469771989
                    ],
                    [
                        -54.27645671683765,
                        77.77217380275728
                    ],
                    [
                        -54.28728053957146,
                        77.77205277157923
                    ],
                    [
                        -54.29810583041707,
                        77.77193348686426
                    ],
                    [
                        -54.308924166761074,
                        77.77180505530637
                    ],
                    [
                        -54.319752354933826,
                        77.77168920608443
                    ],
                    [
                        -54.33056045281962,
                        77.77154728344763
                    ],
                    [
                        -54.341380770991734,
                        77.77142099484975
                    ],
                    [
                        -54.35219563772942,
                        77.7712875501092
                    ],
                    [
                        -54.36301933413558,
                        77.77116532517098
                    ],
                    [
                        -54.37384399739222,
                        77.77104418823714
                    ],
                    [
                        -54.384665661401705,
                        77.77091905036507
                    ],
                    [
                        -54.395474730522636,
                        77.77077763744705
                    ],
                    [
                        -54.40629394838274,
                        77.77064909581897
                    ],
                    [
                        -54.41711199254832,
                        77.77051891505498
                    ],
                    [
                        -54.427906340996444,
                        77.77035836020048
                    ],
                    [
                        -54.43871085941766,
                        77.77021070175523
                    ],
                    [
                        -54.44953084303619,
                        77.77008263622963
                    ],
                    [
                        -54.460339474663314,
                        77.7699399924398
                    ],
                    [
                        -54.471164554182465,
                        77.76981813208913
                    ],
                    [
                        -54.4819993055973,
                        77.76970838576808
                    ],
                    [
                        -54.49283812374761,
                        77.76960360772496
                    ],
                    [
                        -54.50366263270954,
                        77.76948051961557
                    ],
                    [
                        -54.514499065386296,
                        77.76937235213235
                    ],
                    [
                        -54.52533742752291,
                        77.76926643143169
                    ],
                    [
                        -54.53617230762938,
                        77.7691559228718
                    ],
                    [
                        -54.547017663704466,
                        77.76905842899322
                    ],
                    [
                        -54.55787433744944,
                        77.76897496378807
                    ],
                    [
                        -54.568742694582895,
                        77.7689059381246
                    ],
                    [
                        -54.57960762767522,
                        77.7688323317788
                    ],
                    [
                        -54.590475205147676,
                        77.76876177117961
                    ],
                    [
                        -54.60133076446802,
                        77.76867587630088
                    ],
                    [
                        -54.61216465729528,
                        77.76856262570186
                    ],
                    [
                        -54.62300479947618,
                        77.76845700537088
                    ],
                    [
                        -54.63384493459741,
                        77.76835117754092
                    ],
                    [
                        -54.64468871266093,
                        77.76824969430092
                    ],
                    [
                        -54.6555070854393,
                        77.76811635560063
                    ],
                    [
                        -54.666329941479546,
                        77.76798845853654
                    ],
                    [
                        -54.67715432561729,
                        77.76786231129064
                    ],
                    [
                        -54.6879893009459,
                        77.7677491589256
                    ],
                    [
                        -54.69882482391972,
                        77.76763650232549
                    ],
                    [
                        -54.70965148557685,
                        77.76751268479798
                    ],
                    [
                        -54.720486068720646,
                        77.76739850834416
                    ],
                    [
                        -54.73130516305792,
                        77.76726500773523
                    ],
                    [
                        -54.74211428052937,
                        77.76711905193996
                    ],
                    [
                        -54.75292391235418,
                        77.7669736191107
                    ],
                    [
                        -54.76372483379886,
                        77.7668173445618
                    ],
                    [
                        -54.77453733153672,
                        77.76667522403895
                    ],
                    [
                        -54.78535059949599,
                        77.7665339291557
                    ],
                    [
                        -54.79616583432995,
                        77.76639492569223
                    ],
                    [
                        -54.80697540335348,
                        77.76624884589349
                    ],
                    [
                        -54.81779596138944,
                        77.7661161131983
                    ],
                    [
                        -54.82862136096036,
                        77.76598916099044
                    ],
                    [
                        -54.83945351614102,
                        77.76587030880609
                    ],
                    [
                        -54.85028486009531,
                        77.76575029150344
                    ],
                    [
                        -54.8611172450607,
                        77.7656313711768
                    ],
                    [
                        -54.871960276174526,
                        77.76552524363792
                    ],
                    [
                        -54.882793499716755,
                        77.76540697890935
                    ],
                    [
                        -54.893641389930465,
                        77.76530636267292
                    ],
                    [
                        -54.90449808436568,
                        77.76521621845306
                    ],
                    [
                        -54.91535337711101,
                        77.76512413425044
                    ],
                    [
                        -54.9261960529369,
                        77.7650165304292
                    ],
                    [
                        -54.937005497469436,
                        77.76486851410822
                    ],
                    [
                        -54.94780849351218,
                        77.76471259015914
                    ],
                    [
                        -54.95860771925478,
                        77.76455201763787
                    ],
                    [
                        -54.969416128591504,
                        77.76440243441348
                    ],
                    [
                        -54.98023315036132,
                        77.76426311586624
                    ],
                    [
                        -54.9910542248037,
                        77.76412854054819
                    ],
                    [
                        -55.001867200353054,
                        77.76398408501726
                    ],
                    [
                        -55.01265984638171,
                        77.76381509464892
                    ],
                    [
                        -55.02345039545394,
                        77.76364351871274
                    ],
                    [
                        -55.034261642173355,
                        77.76349667740674
                    ],
                    [
                        -55.045078820143345,
                        77.76335681596862
                    ],
                    [
                        -55.055928562988065,
                        77.7632557537482
                    ],
                    [
                        -55.06678186868729,
                        77.7631587270283
                    ],
                    [
                        -55.07762235073156,
                        77.76304617354734
                    ],
                    [
                        -55.08845060767944,
                        77.76291885677922
                    ],
                    [
                        -55.09927545851958,
                        77.76278732223794
                    ],
                    [
                        -55.1100899812889,
                        77.76264335226904
                    ],
                    [
                        -55.12090176399577,
                        77.76249599979813
                    ],
                    [
                        -55.13171187349687,
                        77.76234654114198
                    ],
                    [
                        -55.14251838761512,
                        77.76219270434984
                    ],
                    [
                        -55.153340324053026,
                        77.76205701966157
                    ],
                    [
                        -55.16416355024172,
                        77.76192271335213
                    ],
                    [
                        -55.17498492135574,
                        77.76178606509467
                    ],
                    [
                        -55.18582048566334,
                        77.7616660215178
                    ],
                    [
                        -55.19662911269351,
                        77.76151404015191
                    ],
                    [
                        -55.20743090768373,
                        77.76135389971712
                    ],
                    [
                        -55.21825050520512,
                        77.76121460547948
                    ],
                    [
                        -55.22908567557775,
                        77.76109346995946
                    ],
                    [
                        -55.23991593050435,
                        77.76096638401069
                    ],
                    [
                        -55.25076179664885,
                        77.76085743584973
                    ],
                    [
                        -55.26161514751944,
                        77.76075704782058
                    ],
                    [
                        -55.27247732760267,
                        77.76066676509022
                    ],
                    [
                        -55.28335210308012,
                        77.76059095669547
                    ],
                    [
                        -55.294220086017354,
                        77.7605069387161
                    ],
                    [
                        -55.30509058363152,
                        77.76042559228112
                    ],
                    [
                        -55.31595151898882,
                        77.76033283777278
                    ],
                    [
                        -55.32682387951267,
                        77.76025313711692
                    ],
                    [
                        -55.33770453945622,
                        77.7601828140371
                    ],
                    [
                        -55.348582884030044,
                        77.76010951056095
                    ],
                    [
                        -55.35945772900306,
                        77.76003186191156
                    ],
                    [
                        -55.3703016254228,
                        77.75991807163835
                    ],
                    [
                        -55.381165138718856,
                        77.75982679114392
                    ],
                    [
                        -55.39203626859933,
                        77.75974407098349
                    ],
                    [
                        -55.40292034397322,
                        77.75967603928653
                    ],
                    [
                        -55.413815231804115,
                        77.75962018730114
                    ],
                    [
                        -55.42473539704525,
                        77.75959314973575
                    ],
                    [
                        -55.43566801672882,
                        77.75958006833699
                    ],
                    [
                        -55.44660517975623,
                        77.75957179807317
                    ],
                    [
                        -55.457549856761084,
                        77.75957173634808
                    ],
                    [
                        -55.468462421247835,
                        77.75953437309362
                    ],
                    [
                        -55.479363414484155,
                        77.7594833790295
                    ],
                    [
                        -55.49025806158421,
                        77.75942478166807
                    ],
                    [
                        -55.501140370958254,
                        77.75935174924037
                    ],
                    [
                        -55.51204619948409,
                        77.75930530988002
                    ],
                    [
                        -55.52296541066322,
                        77.75927380552613
                    ],
                    [
                        -55.53386831090934,
                        77.7592233215777
                    ],
                    [
                        -55.544743804943614,
                        77.75914127617109
                    ],
                    [
                        -55.55561328293164,
                        77.75905211337181
                    ],
                    [
                        -55.566472297421974,
                        77.7589507984113
                    ],
                    [
                        -55.57733364160295,
                        77.75885189910743
                    ],
                    [
                        -55.588219077759305,
                        77.75878009886132
                    ],
                    [
                        -55.59909639744674,
                        77.75869880695775
                    ],
                    [
                        -55.60997668229538,
                        77.75862059955367
                    ],
                    [
                        -55.620839903484324,
                        77.75852281292609
                    ],
                    [
                        -55.631665764693544,
                        77.75838257505455
                    ],
                    [
                        -55.64249143951092,
                        77.75824197544816
                    ],
                    [
                        -55.65329959459549,
                        77.75808147030783
                    ],
                    [
                        -55.664109514936484,
                        77.75792284319941
                    ],
                    [
                        -55.674891382061716,
                        77.75773253435608
                    ],
                    [
                        -55.68566601897594,
                        77.75753404762735
                    ],
                    [
                        -55.69643588763571,
                        77.75733017219426
                    ],
                    [
                        -55.70720152963216,
                        77.75712153156685
                    ],
                    [
                        -55.71798152208334,
                        77.7569289592657
                    ],
                    [
                        -55.72876009923094,
                        77.75673475515781
                    ],
                    [
                        -55.739533338805415,
                        77.75653453693172
                    ],
                    [
                        -55.7502895511591,
                        77.75631526138532
                    ],
                    [
                        -55.761061231772075,
                        77.7561132566639
                    ],
                    [
                        -55.77182883004249,
                        77.75590667002784
                    ],
                    [
                        -55.78258672208614,
                        77.75568925018094
                    ],
                    [
                        -55.79334606998364,
                        77.75547345072479
                    ],
                    [
                        -55.804083474142665,
                        77.75523325276747
                    ],
                    [
                        -55.814848784520976,
                        77.75502409241125
                    ],
                    [
                        -55.825632212115714,
                        77.7548350152343
                    ],
                    [
                        -55.836430642537515,
                        77.75466250842159
                    ],
                    [
                        -55.84722768958437,
                        77.75448837792014
                    ],
                    [
                        -55.858028540227195,
                        77.75431836568158
                    ],
                    [
                        -55.86885705756495,
                        77.75417882813875
                    ],
                    [
                        -55.879680607632885,
                        77.75403364786675
                    ],
                    [
                        -55.89049135468732,
                        77.75387420020277
                    ],
                    [
                        -55.90128771107446,
                        77.75369877852235
                    ],
                    [
                        -55.91210682531896,
                        77.75354831572318
                    ],
                    [
                        -55.92293668054835,
                        77.75340952392403
                    ],
                    [
                        -55.93375543228634,
                        77.75325837397432
                    ],
                    [
                        -55.944547340440224,
                        77.75307763111695
                    ],
                    [
                        -55.95529841985936,
                        77.75285205265295
                    ],
                    [
                        -55.966039078529796,
                        77.75261507151691
                    ],
                    [
                        -55.976776579106776,
                        77.7523746666337
                    ],
                    [
                        -55.987531173537405,
                        77.75215298249702
                    ],
                    [
                        -55.99830091025506,
                        77.75194783248392
                    ],
                    [
                        -56.0090934975435,
                        77.75176757552582
                    ],
                    [
                        -56.01992448570221,
                        77.75162908285783
                    ],
                    [
                        -56.03074185080005,
                        77.7514755941365
                    ],
                    [
                        -56.04153420251183,
                        77.75129476581104
                    ],
                    [
                        -56.0522925696921,
                        77.75107693120387
                    ],
                    [
                        -56.06304421415218,
                        77.75085178969947
                    ],
                    [
                        -56.0738172060764,
                        77.75064980091376
                    ],
                    [
                        -56.08459782385733,
                        77.75045603160841
                    ],
                    [
                        -56.09537375506424,
                        77.75025713208815
                    ],
                    [
                        -56.10614105331142,
                        77.75004885019595
                    ],
                    [
                        -56.11689942060468,
                        77.74983089110859
                    ],
                    [
                        -56.12761756782277,
                        77.749569518963
                    ],
                    [
                        -56.13832190690778,
                        77.74929333261733
                    ],
                    [
                        -56.14902709046648,
                        77.74901815549403
                    ],
                    [
                        -56.15971439427889,
                        77.74872383738816
                    ],
                    [
                        -56.17038986044931,
                        77.74841692784868
                    ],
                    [
                        -56.18105393251504,
                        77.74809793884357
                    ],
                    [
                        -56.19170320299712,
                        77.74776324852941
                    ],
                    [
                        -56.20236618443381,
                        77.7474434635013
                    ],
                    [
                        -56.21301994969442,
                        77.74711398888205
                    ],
                    [
                        -56.223662071108976,
                        77.74677225452409
                    ],
                    [
                        -56.23423623857081,
                        77.74635810729887
                    ],
                    [
                        -56.24476466346592,
                        77.74589546820287
                    ],
                    [
                        -56.255302921581674,
                        77.74544376446427
                    ],
                    [
                        -56.26585347644934,
                        77.74500559123493
                    ],
                    [
                        -56.27636209829427,
                        77.74452316034616
                    ],
                    [
                        -56.28681355160642,
                        77.74398038320139
                    ],
                    [
                        -56.297222004079934,
                        77.74339248365729
                    ],
                    [
                        -56.30758454804327,
                        77.7427564946673
                    ],
                    [
                        -56.31794612586892,
                        77.74212023303228
                    ],
                    [
                        -56.328303419978624,
                        77.74148018182744
                    ],
                    [
                        -56.33868160565698,
                        77.74086301705132
                    ],
                    [
                        -56.34906373256639,
                        77.74025073896377
                    ],
                    [
                        -56.35943639449862,
                        77.73962915912156
                    ],
                    [
                        -56.369815512199,
                        77.73901512060354
                    ],
                    [
                        -56.38019086803975,
                        77.73839781851366
                    ],
                    [
                        -56.39057773483338,
                        77.73779336676262
                    ],
                    [
                        -56.40097628943744,
                        77.73720191704676
                    ],
                    [
                        -56.41139074952787,
                        77.7366278740363
                    ],
                    [
                        -56.42182337863812,
                        77.73607357139365
                    ],
                    [
                        -56.432254330525,
                        77.73551810189677
                    ],
                    [
                        -56.442657594526594,
                        77.73493416115551
                    ],
                    [
                        -56.45303742102263,
                        77.73432628272028
                    ],
                    [
                        -56.46342350842916,
                        77.73372565323552
                    ],
                    [
                        -56.473799782426234,
                        77.73311542216862
                    ],
                    [
                        -56.48418010457913,
                        77.73251011568225
                    ],
                    [
                        -56.49457704042758,
                        77.73192285419256
                    ],
                    [
                        -56.50495280735921,
                        77.73131413296987
                    ],
                    [
                        -56.51530935625404,
                        77.73068604357083
                    ],
                    [
                        -56.52562511019865,
                        77.73001614252958
                    ],
                    [
                        -56.53596411054163,
                        77.72937124290621
                    ],
                    [
                        -56.546315001794234,
                        77.72873946169874
                    ],
                    [
                        -56.55665971489599,
                        77.72810197648589
                    ],
                    [
                        -56.56696828552426,
                        77.7274276724168
                    ],
                    [
                        -56.577262033583914,
                        77.72673877399528
                    ],
                    [
                        -56.5875758683967,
                        77.72607152268564
                    ],
                    [
                        -56.5978653855558,
                        77.72537985021258
                    ],
                    [
                        -56.6081007991771,
                        77.72463298069638
                    ],
                    [
                        -56.618282926636,
                        77.7238318992492
                    ],
                    [
                        -56.628460629780314,
                        77.72302724509039
                    ],
                    [
                        -56.63867216884785,
                        77.72225853930787
                    ],
                    [
                        -56.64889572286704,
                        77.72150317470472
                    ],
                    [
                        -56.6591226335296,
                        77.72075219050117
                    ],
                    [
                        -56.6693450537658,
                        77.71999749170585
                    ],
                    [
                        -56.679591393279765,
                        77.7192683281703
                    ],
                    [
                        -56.68984926922811,
                        77.71855190050942
                    ],
                    [
                        -56.70008838050697,
                        77.71781704101099
                    ],
                    [
                        -56.71032040116672,
                        77.71707578097595
                    ],
                    [
                        -56.720523496853446,
                        77.7163057382908
                    ],
                    [
                        -56.73073690468145,
                        77.71554720056112
                    ],
                    [
                        -56.74093939593064,
                        77.71477839832724
                    ],
                    [
                        -56.7511186120911,
                        77.71398671090668
                    ],
                    [
                        -56.76126535785362,
                        77.71316279323737
                    ],
                    [
                        -56.771394066931435,
                        77.7123214692758
                    ],
                    [
                        -56.78152028796977,
                        77.71147865229455
                    ],
                    [
                        -56.791585476371814,
                        77.71057463522605
                    ],
                    [
                        -56.80161209562744,
                        77.7096324579584
                    ],
                    [
                        -56.811623112164035,
                        77.70867559783144
                    ],
                    [
                        -56.821663700809445,
                        77.70775005376451
                    ],
                    [
                        -56.83168918412285,
                        77.70681032832611
                    ],
                    [
                        -56.841716420216734,
                        77.705873580272
                    ],
                    [
                        -56.85177058470194,
                        77.70496535632662
                    ],
                    [
                        -56.8618292995624,
                        77.70406289112844
                    ],
                    [
                        -56.87187195991623,
                        77.70314528894545
                    ],
                    [
                        -56.88182867365697,
                        77.70214181106968
                    ],
                    [
                        -56.89175216626719,
                        77.70110600842877
                    ],
                    [
                        -56.90168773297952,
                        77.70008375184312
                    ],
                    [
                        -56.91160606768051,
                        77.69904540203967
                    ],
                    [
                        -56.92157406698822,
                        77.69805852722301
                    ],
                    [
                        -56.931588674534304,
                        77.6971199232892
                    ],
                    [
                        -56.94155684553025,
                        77.69613569641272
                    ],
                    [
                        -56.95143114669074,
                        77.6950581815205
                    ],
                    [
                        -56.96128195371565,
                        77.69395841579431
                    ],
                    [
                        -56.97108774740435,
                        77.69281480947913
                    ],
                    [
                        -56.980848797704496,
                        77.69162773201896
                    ],
                    [
                        -56.99060583117743,
                        77.69043817391118
                    ],
                    [
                        -57.00039539575592,
                        77.6892828109399
                    ],
                    [
                        -57.01021955725452,
                        77.68816363701491
                    ],
                    [
                        -57.02000961511064,
                        77.68701174201237
                    ],
                    [
                        -57.02972873179922,
                        77.68579031978905
                    ],
                    [
                        -57.03946562965457,
                        77.68458827984684
                    ],
                    [
                        -57.049280919669336,
                        77.68346616785534
                    ],
                    [
                        -57.059188546706004,
                        77.6824377327696
                    ],
                    [
                        -57.06914986923144,
                        77.68146419147779
                    ],
                    [
                        -57.07915315385682,
                        77.68053371437544
                    ],
                    [
                        -57.08912991645659,
                        77.67957795292389
                    ],
                    [
                        -57.09901396559225,
                        77.67853105252452
                    ],
                    [
                        -57.10878669487973,
                        77.67737470529988
                    ],
                    [
                        -57.118512414471745,
                        77.67617309908358
                    ],
                    [
                        -57.128229774951386,
                        77.67496473597457
                    ],
                    [
                        -57.13794192118003,
                        77.67375275255601
                    ],
                    [
                        -57.14767863772494,
                        77.67256670709855
                    ],
                    [
                        -57.1574714297406,
                        77.67143777709589
                    ],
                    [
                        -57.167327532463354,
                        77.6703730030311
                    ],
                    [
                        -57.17727173878003,
                        77.66939678319797
                    ],
                    [
                        -57.187253599227894,
                        77.6684590118748
                    ],
                    [
                        -57.19727382441503,
                        77.66756030223121
                    ],
                    [
                        -57.20735118577041,
                        77.66671910206993
                    ],
                    [
                        -57.21742978995357,
                        77.66588011792778
                    ],
                    [
                        -57.227531018708106,
                        77.66506442805088
                    ],
                    [
                        -57.2376641413681,
                        77.66428111003215
                    ],
                    [
                        -57.24787793897889,
                        77.66357811164497
                    ],
                    [
                        -57.25816060449077,
                        77.66294362441421
                    ],
                    [
                        -57.26849976176052,
                        77.66236531636406
                    ],
                    [
                        -57.27889640976492,
                        77.66184402958632
                    ],
                    [
                        -57.28948174187167,
                        77.6615083528507
                    ],
                    [
                        -57.30018306250948,
                        77.66128653908692
                    ],
                    [
                        -57.3109615549746,
                        77.66114026741488
                    ],
                    [
                        -57.32179789738192,
                        77.66105042715502
                    ],
                    [
                        -57.33260291524731,
                        77.6609296777855
                    ],
                    [
                        -57.34343223602995,
                        77.66083244177628
                    ],
                    [
                        -57.354206524484816,
                        77.66068122596245
                    ],
                    [
                        -57.36512451408549,
                        77.66066996103692
                    ],
                    [
                        -57.37603590663016,
                        77.66065184440501
                    ],
                    [
                        -57.38710957177721,
                        77.66079125764965
                    ],
                    [
                        -57.3982746414953,
                        77.66101884927498
                    ],
                    [
                        -57.40955689350921,
                        77.66135940994761
                    ],
                    [
                        -57.42090586707107,
                        77.66176364056965
                    ],
                    [
                        -57.432359628567404,
                        77.66226826108245
                    ],
                    [
                        -57.44383789295165,
                        77.66279521153376
                    ],
                    [
                        -57.45541208442582,
                        77.66341353447041
                    ],
                    [
                        -57.466895901004996,
                        77.6639428704087
                    ],
                    [
                        -57.478440784546116,
                        77.66452972684742
                    ],
                    [
                        -57.49010828146846,
                        77.66523330293914
                    ],
                    [
                        -57.50202805669497,
                        77.66617819423176
                    ],
                    [
                        -57.513927685220295,
                        77.66710139241754
                    ],
                    [
                        -57.52561887867525,
                        77.66782189936461
                    ],
                    [
                        -57.53762903596165,
                        77.66884698787554
                    ],
                    [
                        -57.54961208607921,
                        77.66984359832236
                    ],
                    [
                        -57.5618327083044,
                        77.67106553211443
                    ],
                    [
                        -57.573890428464956,
                        77.67212859667997
                    ],
                    [
                        -57.585938340169925,
                        77.67317973610008
                    ],
                    [
                        -57.5979587922889,
                        77.67420212233795
                    ],
                    [
                        -57.609909061337696,
                        77.67515506846593
                    ],
                    [
                        -57.622009782768366,
                        77.67624915641704
                    ],
                    [
                        -57.63404163145369,
                        77.67727504476032
                    ],
                    [
                        -57.64638069229047,
                        77.67859074946377
                    ],
                    [
                        -57.65837748131606,
                        77.67957809997817
                    ],
                    [
                        -57.67038893220935,
                        77.68057699644633
                    ],
                    [
                        -57.682394538735416,
                        77.68156795419335
                    ],
                    [
                        -57.69414027493876,
                        77.68231034508233
                    ],
                    [
                        -57.7058884680447,
                        77.6830531987604
                    ],
                    [
                        -57.71770593859169,
                        77.6838596879599
                    ],
                    [
                        -57.729561128655554,
                        77.68469981088032
                    ],
                    [
                        -57.74120699882103,
                        77.68534037923524
                    ],
                    [
                        -57.75284810986745,
                        77.68597480728577
                    ],
                    [
                        -57.76452812657848,
                        77.68664422933834
                    ],
                    [
                        -57.77612378136913,
                        77.68723258088055
                    ],
                    [
                        -57.78767002367629,
                        77.68777294603254
                    ],
                    [
                        -57.79924698051547,
                        77.6883406943528
                    ],
                    [
                        -57.810774619923066,
                        77.68886067794631
                    ],
                    [
                        -57.82232402683582,
                        77.6893996457167
                    ],
                    [
                        -57.83394362383375,
                        77.69000287131533
                    ],
                    [
                        -57.84529159892166,
                        77.69035049455367
                    ],
                    [
                        -57.85666720205947,
                        77.69072285040893
                    ],
                    [
                        -57.86811984628133,
                        77.6911659939056
                    ],
                    [
                        -57.8792666805264,
                        77.69132267704735
                    ],
                    [
                        -57.8903320687117,
                        77.69140274186671
                    ],
                    [
                        -57.901318042341025,
                        77.69140828457176
                    ],
                    [
                        -57.91222657343463,
                        77.69134133589947
                    ],
                    [
                        -57.92303495645281,
                        77.69118098252352
                    ],
                    [
                        -57.93381018396033,
                        77.69098967083775
                    ],
                    [
                        -57.9445306732499,
                        77.6907474546471
                    ],
                    [
                        -57.955243375408756,
                        77.69049798632643
                    ],
                    [
                        -57.966062008360886,
                        77.6903466140675
                    ],
                    [
                        -57.97675948676055,
                        77.69008293152126
                    ],
                    [
                        -57.98739821040963,
                        77.68976491999413
                    ],
                    [
                        -57.997984651672674,
                        77.68939869320225
                    ],
                    [
                        -58.00867053644692,
                        77.68912444107148
                    ],
                    [
                        -58.01932037444525,
                        77.68881695641572
                    ],
                    [
                        -58.029859552772216,
                        77.68840755169319
                    ],
                    [
                        -58.04023314224811,
                        77.68784588469428
                    ],
                    [
                        -58.050456867839394,
                        77.68714678171686
                    ],
                    [
                        -58.060530960754846,
                        77.68631076614275
                    ],
                    [
                        -58.07057163163923,
                        77.68544492818492
                    ],
                    [
                        -58.08063186971548,
                        77.6845979903666
                    ],
                    [
                        -58.090568495002884,
                        77.68363852933156
                    ],
                    [
                        -58.10046097131649,
                        77.68263964976333
                    ],
                    [
                        -58.110278118960366,
                        77.6815728633166
                    ],
                    [
                        -58.12007568597127,
                        77.68048935874977
                    ],
                    [
                        -58.1299201947096,
                        77.67945004260498
                    ],
                    [
                        -58.13975939553365,
                        77.67840704391762
                    ],
                    [
                        -58.14957131093061,
                        77.67734028672784
                    ],
                    [
                        -58.159417587663256,
                        77.67630611376889
                    ],
                    [
                        -58.16918304413042,
                        77.67519934887022
                    ],
                    [
                        -58.17900725232044,
                        77.67414741949241
                    ],
                    [
                        -58.188626220432994,
                        77.67290963510962
                    ],
                    [
                        -58.198276854505245,
                        77.6717021200189
                    ],
                    [
                        -58.207915849589234,
                        77.6704854010675
                    ],
                    [
                        -58.217488907784066,
                        77.66921011052688
                    ],
                    [
                        -58.227019501881706,
                        77.6678976972116
                    ],
                    [
                        -58.23648496556542,
                        77.66652764253331
                    ],
                    [
                        -58.24589403350727,
                        77.66510798437437
                    ],
                    [
                        -58.255280935383276,
                        77.66366986936885
                    ],
                    [
                        -58.26471402760872,
                        77.66227530842639
                    ],
                    [
                        -58.274118303917405,
                        77.66085625543822
                    ],
                    [
                        -58.28345251666664,
                        77.65937540325658
                    ],
                    [
                        -58.292796184422656,
                        77.65790482934379
                    ],
                    [
                        -58.302122425989545,
                        77.65642020134187
                    ],
                    [
                        -58.311453999215594,
                        77.65494211506554
                    ],
                    [
                        -58.320769346471586,
                        77.6534510836441
                    ],
                    [
                        -58.330067605825114,
                        77.65194635168277
                    ],
                    [
                        -58.339383440555196,
                        77.65045921869238
                    ],
                    [
                        -58.34865910969513,
                        77.64893758583061
                    ],
                    [
                        -58.35792411353035,
                        77.64740809956008
                    ],
                    [
                        -58.36721902692147,
                        77.6459073166952
                    ],
                    [
                        -58.37649630446442,
                        77.64439238909873
                    ],
                    [
                        -58.38570821080003,
                        77.64282040010035
                    ],
                    [
                        -58.39493055076099,
                        77.64125960172669
                    ],
                    [
                        -58.40414246109076,
                        77.63969122748884
                    ],
                    [
                        -58.413360787629735,
                        77.63813041725956
                    ],
                    [
                        -58.42261207840599,
                        77.6366009825109
                    ],
                    [
                        -58.43185789508879,
                        77.63506839062393
                    ],
                    [
                        -58.441110324211245,
                        77.63354348066495
                    ],
                    [
                        -58.450334367983054,
                        77.63199488511906
                    ],
                    [
                        -58.45952412899504,
                        77.63041736479917
                    ],
                    [
                        -58.468714441378175,
                        77.62884213971559
                    ],
                    [
                        -58.47786302502346,
                        77.62723139399888
                    ],
                    [
                        -58.48699850829207,
                        77.62561077593774
                    ],
                    [
                        -58.49613283711324,
                        77.62399097270034
                    ],
                    [
                        -58.50525913042153,
                        77.62236583887984
                    ],
                    [
                        -58.514388626088454,
                        77.62074540981705
                    ],
                    [
                        -58.523499179509926,
                        77.61910992928397
                    ],
                    [
                        -58.532611122852366,
                        77.6174775429482
                    ],
                    [
                        -58.54169355499563,
                        77.6158207200505
                    ],
                    [
                        -58.55077334200582,
                        77.61416341818445
                    ],
                    [
                        -58.559827415611245,
                        77.6124851127127
                    ],
                    [
                        -58.568896218530256,
                        77.61082180116549
                    ],
                    [
                        -58.57797842170115,
                        77.60917227624151
                    ],
                    [
                        -58.58708606503824,
                        77.6075472080044
                    ],
                    [
                        -58.59617580740899,
                        77.60590807903604
                    ],
                    [
                        -58.605232754879076,
                        77.60424169792215
                    ],
                    [
                        -58.614264152336695,
                        77.60255453380996
                    ],
                    [
                        -58.623277187026865,
                        77.6008529901059
                    ],
                    [
                        -58.63225135143759,
                        77.59911892490554
                    ],
                    [
                        -58.64121490059179,
                        77.5973774043083
                    ],
                    [
                        -58.650151349824846,
                        77.59561385386667
                    ],
                    [
                        -58.65908862045237,
                        77.5938529999627
                    ],
                    [
                        -58.6680184725789,
                        77.59208755446555
                    ],
                    [
                        -58.676983549044046,
                        77.59035519340675
                    ],
                    [
                        -58.68594015153687,
                        77.58861728120537
                    ],
                    [
                        -58.6948957039837,
                        77.58688037695299
                    ],
                    [
                        -58.703885710954175,
                        77.58517579077082
                    ],
                    [
                        -58.712847829564545,
                        77.5834485167571
                    ],
                    [
                        -58.7217619594253,
                        77.5816808828623
                    ],
                    [
                        -58.73067884824066,
                        77.57991763691916
                    ],
                    [
                        -58.739565554778956,
                        77.5781297813471
                    ],
                    [
                        -58.74839608942037,
                        77.57629449437066
                    ],
                    [
                        -58.75723074576431,
                        77.57446485502437
                    ],
                    [
                        -58.766047963607384,
                        77.57262190929028
                    ],
                    [
                        -58.774907956962124,
                        77.57081855736816
                    ],
                    [
                        -58.783761607359544,
                        77.56901162261649
                    ],
                    [
                        -58.79261827707485,
                        77.56720932309138
                    ],
                    [
                        -58.80146255220448,
                        77.56539813528474
                    ],
                    [
                        -58.81029086492044,
                        77.56357494545226
                    ],
                    [
                        -58.819142826240736,
                        77.56177446710895
                    ],
                    [
                        -58.82797901472872,
                        77.55996215215868
                    ],
                    [
                        -58.836794255799376,
                        77.5581334903908
                    ],
                    [
                        -58.84562706538465,
                        77.55632219020204
                    ],
                    [
                        -58.854442767169594,
                        77.55449791337085
                    ],
                    [
                        -58.86322930356617,
                        77.55265014505963
                    ],
                    [
                        -58.87201793761491,
                        77.5508062192199
                    ],
                    [
                        -58.88078892235786,
                        77.54894889485773
                    ],
                    [
                        -58.889532686759296,
                        77.54706984262582
                    ],
                    [
                        -58.89830019367899,
                        77.54521352729225
                    ],
                    [
                        -58.90706855180419,
                        77.54335996526478
                    ],
                    [
                        -58.915787820250024,
                        77.54146565397113
                    ],
                    [
                        -58.924509021980434,
                        77.539575071634
                    ],
                    [
                        -58.93322021442044,
                        77.53767782032364
                    ],
                    [
                        -58.94193349521602,
                        77.53578443003795
                    ],
                    [
                        -58.950661140640165,
                        77.53390556494983
                    ],
                    [
                        -58.95937631892761,
                        77.53201789080627
                    ],
                    [
                        -58.968071285789314,
                        77.53011469495911
                    ],
                    [
                        -58.976725751387846,
                        77.52817838922685
                    ],
                    [
                        -58.98539891039549,
                        77.52626037364863
                    ],
                    [
                        -58.99405749188812,
                        77.52433177147724
                    ],
                    [
                        -59.002749311056284,
                        77.52243403667711
                    ],
                    [
                        -59.01141611790835,
                        77.5205166647952
                    ],
                    [
                        -59.02005545504268,
                        77.51857755620459
                    ],
                    [
                        -59.02867894596716,
                        77.51662680051834
                    ],
                    [
                        -59.03728807881135,
                        77.51466570085944
                    ],
                    [
                        -59.045877658706345,
                        77.51268977998333
                    ],
                    [
                        -59.05448208539171,
                        77.51072878415575
                    ],
                    [
                        -59.063052565599016,
                        77.50874054726276
                    ],
                    [
                        -59.07163133753493,
                        77.50676157180563
                    ],
                    [
                        -59.08016641618979,
                        77.5047469859388
                    ],
                    [
                        -59.088721407415704,
                        77.50275169844564
                    ],
                    [
                        -59.09727297293108,
                        77.5007555614087
                    ],
                    [
                        -59.10582290586444,
                        77.49876012005619
                    ],
                    [
                        -59.11431462923932,
                        77.49671664468187
                    ],
                    [
                        -59.12280627586648,
                        77.49467524601036
                    ],
                    [
                        -59.13129994950046,
                        77.49263773025162
                    ],
                    [
                        -59.139777251091495,
                        77.49058826651799
                    ],
                    [
                        -59.14823743187422,
                        77.48852622661728
                    ],
                    [
                        -59.15664911874876,
                        77.48642466861531
                    ],
                    [
                        -59.16505645130669,
                        77.48432155631872
                    ],
                    [
                        -59.17344626724259,
                        77.48220559082353
                    ],
                    [
                        -59.18179880482633,
                        77.48005983039923
                    ],
                    [
                        -59.19012068686759,
                        77.47788999430105
                    ],
                    [
                        -59.19840290298083,
                        77.47568838790782
                    ],
                    [
                        -59.20670013473312,
                        77.4735019134696
                    ],
                    [
                        -59.21500619555801,
                        77.4713252504179
                    ],
                    [
                        -59.223294214935436,
                        77.46913537689888
                    ],
                    [
                        -59.231552486404055,
                        77.46692228965067
                    ],
                    [
                        -59.239761261975914,
                        77.46466912276529
                    ],
                    [
                        -59.24798359654489,
                        77.4624298476409
                    ],
                    [
                        -59.25619126423713,
                        77.46018031817576
                    ],
                    [
                        -59.26439843722176,
                        77.4579326552344
                    ],
                    [
                        -59.27256767617079,
                        77.45565487947887
                    ],
                    [
                        -59.280692441655475,
                        77.45334144455178
                    ],
                    [
                        -59.288801048136925,
                        77.45101655589012
                    ],
                    [
                        -59.29686974832363,
                        77.44865996925483
                    ],
                    [
                        -59.30490206106172,
                        77.4462747221375
                    ],
                    [
                        -59.31287023667664,
                        77.44383719497027
                    ],
                    [
                        -59.32085818303229,
                        77.44141893881454
                    ],
                    [
                        -59.328797462465374,
                        77.43896164224319
                    ],
                    [
                        -59.336772266528534,
                        77.43653702644067
                    ],
                    [
                        -59.3447267487453,
                        77.43409752506298
                    ],
                    [
                        -59.35263967766361,
                        77.4316250923559
                    ],
                    [
                        -59.36053566792412,
                        77.42914069639174
                    ],
                    [
                        -59.368386043746966,
                        77.42661997313132
                    ],
                    [
                        -59.376240964765984,
                        77.4241055847951
                    ],
                    [
                        -59.38406574930782,
                        77.42156806313888
                    ],
                    [
                        -59.39180844341421,
                        77.41896331680898
                    ],
                    [
                        -59.39959365537883,
                        77.41639718730794
                    ],
                    [
                        -59.407355297774544,
                        77.4138135551281
                    ],
                    [
                        -59.415082860257115,
                        77.41120352262743
                    ],
                    [
                        -59.42276130689118,
                        77.40855436715631
                    ],
                    [
                        -59.43044376098835,
                        77.40591115664908
                    ],
                    [
                        -59.43811511838568,
                        77.40326108514064
                    ],
                    [
                        -59.4457778516702,
                        77.40060625255401
                    ],
                    [
                        -59.45341502012806,
                        77.39793231781347
                    ],
                    [
                        -59.46100824698227,
                        77.39522374377643
                    ],
                    [
                        -59.468572876441684,
                        77.39249354769775
                    ],
                    [
                        -59.47609284860753,
                        77.38972816441637
                    ],
                    [
                        -59.4835957168607,
                        77.386950926608
                    ],
                    [
                        -59.49100532515026,
                        77.38417670174944
                    ],
                    [
                        -59.49837322650375,
                        77.38140445316856
                    ],
                    [
                        -59.50569180518969,
                        77.3786346166626
                    ],
                    [
                        -59.512985531529345,
                        77.37586581343893
                    ],
                    [
                        -59.520072106276956,
                        77.37310837088584
                    ],
                    [
                        -59.526975892316536,
                        77.37036093360429
                    ],
                    [
                        -59.53383156714305,
                        77.3676158854165
                    ],
                    [
                        -59.54058341076639,
                        77.3648763943077
                    ],
                    [
                        -59.5471582220351,
                        77.36214662980564
                    ],
                    [
                        -59.553566476996515,
                        77.35942601706749
                    ],
                    [
                        -59.55982975643068,
                        77.35671334777913
                    ],
                    [
                        -59.56615320007614,
                        77.35399696448157
                    ],
                    [
                        -59.57243529362481,
                        77.35128264089644
                    ],
                    [
                        -59.57859325664111,
                        77.34857509852999
                    ],
                    [
                        -59.58466723958476,
                        77.34587206180818
                    ],
                    [
                        -59.59065290431531,
                        77.34317378740505
                    ],
                    [
                        -59.596371131351866,
                        77.34049051081706
                    ],
                    [
                        -59.60212723676482,
                        77.33780481922454
                    ],
                    [
                        -59.607836387516834,
                        77.33512155761399
                    ],
                    [
                        -59.61338596379003,
                        77.33244717217622
                    ],
                    [
                        -59.618903423006145,
                        77.32977438509731
                    ],
                    [
                        -59.6243329193926,
                        77.32710639754296
                    ],
                    [
                        -59.62968573615345,
                        77.32444257192753
                    ],
                    [
                        -59.63483140598933,
                        77.32179039567784
                    ],
                    [
                        -59.63990962187297,
                        77.31914187602186
                    ],
                    [
                        -59.64499195954618,
                        77.31649291138315
                    ],
                    [
                        -59.64993233121906,
                        77.31385189076119
                    ],
                    [
                        -59.654765044823755,
                        77.31121685642772
                    ],
                    [
                        -59.65950989312657,
                        77.30858668062196
                    ],
                    [
                        -59.66428988018362,
                        77.30595429617598
                    ],
                    [
                        -59.66898935733162,
                        77.30332635560404
                    ],
                    [
                        -59.673644781747385,
                        77.30070076701716
                    ],
                    [
                        -59.67825633911574,
                        77.29807752373141
                    ],
                    [
                        -59.68277025089275,
                        77.29545972973519
                    ],
                    [
                        -59.68719017744592,
                        77.29284718271687
                    ],
                    [
                        -59.69153166748329,
                        77.29023899381946
                    ],
                    [
                        -59.69584400537767,
                        77.28763232462018
                    ],
                    [
                        -59.700128682163,
                        77.28502709151326
                    ],
                    [
                        -59.70431180278287,
                        77.28242756733223
                    ],
                    [
                        -59.708450879495906,
                        77.27983043549965
                    ],
                    [
                        -59.71260472985933,
                        77.27723229728564
                    ],
                    [
                        -59.716705360377304,
                        77.27463708660488
                    ],
                    [
                        -59.72062516266109,
                        77.27205219704656
                    ],
                    [
                        -59.7245272722858,
                        77.26946819292371
                    ],
                    [
                        -59.72831523917176,
                        77.26689066582102
                    ],
                    [
                        -59.73196466833688,
                        77.26432103954541
                    ],
                    [
                        -59.73550599624126,
                        77.26175755942806
                    ],
                    [
                        -59.73903702814921,
                        77.25919455754061
                    ],
                    [
                        -59.74255605182213,
                        77.25663213407482
                    ],
                    [
                        -59.74607656075524,
                        77.25406950610703
                    ],
                    [
                        -59.749586212340375,
                        77.25150739078694
                    ],
                    [
                        -59.753157162440445,
                        77.2489415936825
                    ],
                    [
                        -59.75679128126971,
                        77.24637200115292
                    ],
                    [
                        -59.76048317211831,
                        77.24379892220304
                    ],
                    [
                        -59.76410189759211,
                        77.24122997554886
                    ],
                    [
                        -59.76767886519198,
                        77.23866333755451
                    ],
                    [
                        -59.771169977591775,
                        77.23610158119193
                    ],
                    [
                        -59.774649157623415,
                        77.23354040345981
                    ],
                    [
                        -59.77816735741645,
                        77.23097683345482
                    ],
                    [
                        -59.78161880976551,
                        77.22841703976555
                    ],
                    [
                        -59.78495909704001,
                        77.22586362046869
                    ],
                    [
                        -59.788286845830086,
                        77.22331082402745
                    ],
                    [
                        -59.7916498927173,
                        77.2207558564175
                    ],
                    [
                        -59.79499809294815,
                        77.21820164601014
                    ],
                    [
                        -59.79837017352189,
                        77.21564592923849
                    ],
                    [
                        -59.801687063836404,
                        77.21309333013689
                    ],
                    [
                        -59.804910506542384,
                        77.21054609197442
                    ],
                    [
                        -59.80809331705952,
                        77.20800112921118
                    ],
                    [
                        -59.811213527331574,
                        77.20545973164438
                    ],
                    [
                        -59.81442379939878,
                        77.20291295764122
                    ],
                    [
                        -59.81759927563456,
                        77.20036812044793
                    ],
                    [
                        -59.820687353585406,
                        77.1978283077707
                    ],
                    [
                        -59.82378565963292,
                        77.19528779776377
                    ],
                    [
                        -59.826953166587565,
                        77.19274312800597
                    ],
                    [
                        -59.83014166007595,
                        77.19019712471264
                    ],
                    [
                        -59.83326192702397,
                        77.18765502744449
                    ],
                    [
                        -59.836327565752434,
                        77.1851160419644
                    ],
                    [
                        -59.83935851504396,
                        77.18257899987933
                    ],
                    [
                        -59.84232478071998,
                        77.1800456679341
                    ],
                    [
                        -59.84531992579873,
                        77.17751054509876
                    ],
                    [
                        -59.848337527186295,
                        77.17497400740021
                    ],
                    [
                        -59.85133514883448,
                        77.17243855234946
                    ],
                    [
                        -59.854257006493505,
                        77.16990746792347
                    ],
                    [
                        -59.85707496045782,
                        77.16738241797492
                    ],
                    [
                        -59.85985098047647,
                        77.16485975586241
                    ],
                    [
                        -59.862755632937414,
                        77.16232942364695
                    ],
                    [
                        -59.8657189796983,
                        77.15979553922018
                    ],
                    [
                        -59.86862729650307,
                        77.15726481181665
                    ],
                    [
                        -59.87151456662777,
                        77.15473523839385
                    ],
                    [
                        -59.87438599796319,
                        77.1522065127347
                    ],
                    [
                        -59.877262626584056,
                        77.14967739264591
                    ],
                    [
                        -59.88013684596122,
                        77.14714832748714
                    ],
                    [
                        -59.88301521382998,
                        77.14461892952268
                    ],
                    [
                        -59.8858857767814,
                        77.14208990575862
                    ],
                    [
                        -59.888737784778606,
                        77.13956189308398
                    ],
                    [
                        -59.89159191061017,
                        77.13703366854863
                    ],
                    [
                        -59.89436310684318,
                        77.13451027041275
                    ],
                    [
                        -59.89723012814402,
                        77.13198111041217
                    ],
                    [
                        -59.900005932584264,
                        77.12945727136315
                    ],
                    [
                        -59.902739435481,
                        77.12693585830203
                    ],
                    [
                        -59.9054741672109,
                        77.12441429126295
                    ],
                    [
                        -59.908186599667914,
                        77.12189396670671
                    ],
                    [
                        -59.91088886240042,
                        77.11937416588741
                    ],
                    [
                        -59.91358357143251,
                        77.11685473408266
                    ],
                    [
                        -59.916282910350596,
                        77.11433494777862
                    ],
                    [
                        -59.91896288714724,
                        77.11181623291611
                    ],
                    [
                        -59.921664026278684,
                        77.10929618078785
                    ],
                    [
                        -59.924365633199734,
                        77.10677602112114
                    ],
                    [
                        -59.92697986663086,
                        77.10426098180186
                    ],
                    [
                        -59.92959436960151,
                        77.10174585060894
                    ],
                    [
                        -59.93214479344517,
                        77.099234460117
                    ],
                    [
                        -59.93468539978789,
                        77.09672358154745
                    ],
                    [
                        -59.937197731406485,
                        77.09421431565558
                    ],
                    [
                        -59.939661133392406,
                        77.091707895844
                    ],
                    [
                        -59.94209766969241,
                        77.08920300923418
                    ],
                    [
                        -59.94449780462368,
                        77.0867002265308
                    ],
                    [
                        -59.94683725985326,
                        77.08420099922367
                    ],
                    [
                        -59.94913568062028,
                        77.08170415812288
                    ],
                    [
                        -59.95139676876077,
                        77.07920948468225
                    ],
                    [
                        -59.95365986841663,
                        77.07671463032752
                    ],
                    [
                        -59.95596798263558,
                        77.0742170244988
                    ],
                    [
                        -59.95829092236802,
                        77.07171846948026
                    ],
                    [
                        -59.96063869338587,
                        77.06921836582336
                    ],
                    [
                        -59.96306182021816,
                        77.06671368870735
                    ],
                    [
                        -59.96542478964927,
                        77.06421254487645
                    ],
                    [
                        -59.9677543284149,
                        77.06171333777968
                    ],
                    [
                        -59.97007145748039,
                        77.0592148103603
                    ],
                    [
                        -59.97243495341917,
                        77.05671344140349
                    ],
                    [
                        -59.97471807978914,
                        77.05421682489674
                    ],
                    [
                        -59.976896924734724,
                        77.05172639970968
                    ],
                    [
                        -59.979073658309865,
                        77.04923604372894
                    ],
                    [
                        -59.981250433048665,
                        77.0467456279137
                    ],
                    [
                        -59.98338431113189,
                        77.04425772957337
                    ],
                    [
                        -59.985459719756626,
                        77.04177328637033
                    ],
                    [
                        -59.98744719699622,
                        77.0392940714148
                    ],
                    [
                        -59.98938366930915,
                        77.0368178712124
                    ],
                    [
                        -59.99133523396941,
                        77.03434071609351
                    ],
                    [
                        -59.99335878117043,
                        77.03185918477878
                    ],
                    [
                        -59.99535765682049,
                        77.02937908602135
                    ],
                    [
                        -59.99736334041544,
                        77.02689852739745
                    ],
                    [
                        -59.99933864707012,
                        77.0244197463541
                    ],
                    [
                        -60.001256920022946,
                        77.02194434944093
                    ],
                    [
                        -60.003065974946026,
                        77.01947548251182
                    ],
                    [
                        -60.004889996085836,
                        77.01700567104331
                    ],
                    [
                        -60.00683330799025,
                        77.01452862776583
                    ],
                    [
                        -60.008792785056094,
                        77.01205056193393
                    ],
                    [
                        -60.01069406290959,
                        77.0095759565767
                    ],
                    [
                        -60.01257820683134,
                        77.00710233814442
                    ],
                    [
                        -60.01444921520884,
                        77.0046294663731
                    ],
                    [
                        -60.01631266304841,
                        77.00215700553308
                    ],
                    [
                        -60.018190617234545,
                        76.99968362378632
                    ],
                    [
                        -60.020120392496665,
                        76.9972070667279
                    ],
                    [
                        -60.0219794566512,
                        76.99473473384985
                    ],
                    [
                        -60.023884900098444,
                        76.99225955323466
                    ],
                    [
                        -60.02577846896083,
                        76.98978504371068
                    ],
                    [
                        -60.02761650980314,
                        76.98731384569682
                    ],
                    [
                        -60.02934140158309,
                        76.98484944779287
                    ],
                    [
                        -60.03112097140956,
                        76.9823817015381
                    ],
                    [
                        -60.033011653502605,
                        76.97990718806763
                    ],
                    [
                        -60.03494770697339,
                        76.97742988132693
                    ],
                    [
                        -60.03685111401501,
                        76.97495450387194
                    ],
                    [
                        -60.03871634945555,
                        76.97248139233281
                    ],
                    [
                        -60.04059461236002,
                        76.97000744603167
                    ],
                    [
                        -60.042564885835475,
                        76.96752787597046
                    ],
                    [
                        -60.04454627895859,
                        76.96504758223742
                    ],
                    [
                        -60.04644423558225,
                        76.96257230023029
                    ],
                    [
                        -60.04831535510427,
                        76.96009860022347
                    ],
                    [
                        -60.05033827216993,
                        76.95761564035843
                    ],
                    [
                        -60.0523833802671,
                        76.95513128156074
                    ],
                    [
                        -60.05432491894983,
                        76.95265316140544
                    ],
                    [
                        -60.05613067270665,
                        76.95018324339098
                    ],
                    [
                        -60.057946064887716,
                        76.94771269652492
                    ],
                    [
                        -60.05988892706231,
                        76.94523435624141
                    ],
                    [
                        -60.06189708829324,
                        76.94275199622635
                    ],
                    [
                        -60.063965946021035,
                        76.94026589259619
                    ],
                    [
                        -60.06598712437492,
                        76.93778263734204
                    ],
                    [
                        -60.067959007688444,
                        76.93530233166621
                    ],
                    [
                        -60.06999841977777,
                        76.93281786409253
                    ],
                    [
                        -60.0720148158365,
                        76.9303347464373
                    ],
                    [
                        -60.07411401345391,
                        76.92784653168836
                    ],
                    [
                        -60.07616571283756,
                        76.92536115777378
                    ],
                    [
                        -60.07822875114438,
                        76.92287503971832
                    ],
                    [
                        -60.08025015075996,
                        76.9203914084192
                    ],
                    [
                        -60.08216751132187,
                        76.91791407394881
                    ],
                    [
                        -60.084015257894855,
                        76.91544094115802
                    ],
                    [
                        -60.08586275420334,
                        76.91296777892289
                    ],
                    [
                        -60.087638389853886,
                        76.91049896092161
                    ],
                    [
                        -60.0892634635101,
                        76.90803929940145
                    ],
                    [
                        -60.09084264961361,
                        76.90558240573976
                    ],
                    [
                        -60.09242354664149,
                        76.90312537272281
                    ],
                    [
                        -60.09406235841483,
                        76.90066476350293
                    ],
                    [
                        -60.09591045227601,
                        76.89819131622095
                    ],
                    [
                        -60.097774502005244,
                        76.89571684787644
                    ],
                    [
                        -60.09958022843676,
                        76.8932459038552
                    ],
                    [
                        -60.10127771460159,
                        76.89078154360743
                    ],
                    [
                        -60.1029677108388,
                        76.88831760295052
                    ],
                    [
                        -60.10461003152267,
                        76.88585654410734
                    ],
                    [
                        -60.10617426592174,
                        76.883400233225
                    ],
                    [
                        -60.107693939417764,
                        76.88094661951146
                    ],
                    [
                        -60.1091735952989,
                        76.87849542676591
                    ],
                    [
                        -60.11064550053033,
                        76.8760446781086
                    ],
                    [
                        -60.112141585037904,
                        76.87359241506817
                    ],
                    [
                        -60.113685155193785,
                        76.87113720611856
                    ],
                    [
                        -60.11519870048858,
                        76.86868380669783
                    ],
                    [
                        -60.11663136118566,
                        76.86623534130388
                    ],
                    [
                        -60.11813945068897,
                        76.86378221344712
                    ],
                    [
                        -60.11960168416534,
                        76.86133187057617
                    ],
                    [
                        -60.12111310440346,
                        76.85887847425064
                    ],
                    [
                        -60.12265291764102,
                        76.856423300108
                    ],
                    [
                        -60.12425031128731,
                        76.8539645518618
                    ],
                    [
                        -60.12593129337046,
                        76.85150062663887
                    ],
                    [
                        -60.127679020252536,
                        76.8490325561589
                    ],
                    [
                        -60.12948660346538,
                        76.84656076061982
                    ],
                    [
                        -60.131429842318525,
                        76.8440805698583
                    ],
                    [
                        -60.13349671018985,
                        76.84159271654052
                    ],
                    [
                        -60.13560044848019,
                        76.83910253816836
                    ],
                    [
                        -60.13773588988899,
                        76.83661035092562
                    ],
                    [
                        -60.139907761271196,
                        76.83411586143926
                    ],
                    [
                        -60.142087409216664,
                        76.83162083448784
                    ],
                    [
                        -60.14440096463256,
                        76.82911748842888
                    ],
                    [
                        -60.14670287964326,
                        76.82661479685233
                    ],
                    [
                        -60.149195880848765,
                        76.82410024527665
                    ],
                    [
                        -60.15177316421419,
                        76.82158041692558
                    ],
                    [
                        -60.154325201907945,
                        76.81906207272712
                    ],
                    [
                        -60.15684639008888,
                        76.81654556070247
                    ],
                    [
                        -60.1594538396003,
                        76.8140236425406
                    ],
                    [
                        -60.16211613459148,
                        76.81149825535056
                    ],
                    [
                        -60.16495355887751,
                        76.80896195315786
                    ],
                    [
                        -60.16806922268344,
                        76.80640834122309
                    ],
                    [
                        -60.17155203808564,
                        76.80383189280472
                    ],
                    [
                        -60.17539622796535,
                        76.80123293627828
                    ],
                    [
                        -60.179443411545236,
                        76.79862125754504
                    ],
                    [
                        -60.183627860284865,
                        76.79600091462491
                    ],
                    [
                        -60.18799058024117,
                        76.79336935099734
                    ],
                    [
                        -60.19263061356759,
                        76.79072040213535
                    ],
                    [
                        -60.19747913944946,
                        76.78805831558529
                    ],
                    [
                        -60.20228826669255,
                        76.7853984748579
                    ],
                    [
                        -60.20716612484505,
                        76.7827341609731
                    ],
                    [
                        -60.21197556031203,
                        76.78007389894391
                    ],
                    [
                        -60.216695597789325,
                        76.77741900095502
                    ],
                    [
                        -60.22142572361861,
                        76.77476328048814
                    ],
                    [
                        -60.22624643914082,
                        76.77210172088363
                    ],
                    [
                        -60.23128208479014,
                        76.76942656189883
                    ],
                    [
                        -60.23639864935477,
                        76.76674614030202
                    ],
                    [
                        -60.24127715348968,
                        76.76408035431689
                    ],
                    [
                        -60.24591981227424,
                        76.76142908935276
                    ],
                    [
                        -60.25059024942805,
                        76.75877589943144
                    ],
                    [
                        -60.25538355544411,
                        76.75611483827166
                    ],
                    [
                        -60.26002885878946,
                        76.75346283316154
                    ],
                    [
                        -60.26426044853578,
                        76.75083652320194
                    ],
                    [
                        -60.26832797666465,
                        76.74822031888128
                    ],
                    [
                        -60.27240499582539,
                        76.74560336589057
                    ],
                    [
                        -60.276648246703814,
                        76.74297584257057
                    ],
                    [
                        -60.280996661878376,
                        76.74034156185618
                    ],
                    [
                        -60.28536517947914,
                        76.73770584890505
                    ],
                    [
                        -60.28959171530023,
                        76.73507887246562
                    ],
                    [
                        -60.293612604056555,
                        76.73246464225662
                    ],
                    [
                        -60.29745889306939,
                        76.72986122642752
                    ],
                    [
                        -60.30111500659827,
                        76.72726961866023
                    ],
                    [
                        -60.30472869219771,
                        76.7246805470547
                    ],
                    [
                        -60.30848919159532,
                        76.72208211361178
                    ],
                    [
                        -60.3123356535231,
                        76.7194781345709
                    ],
                    [
                        -60.316225454080666,
                        76.71687128560308
                    ],
                    [
                        -60.31996578808448,
                        76.71427370522053
                    ],
                    [
                        -60.32350153522808,
                        76.71168887885003
                    ],
                    [
                        -60.32695223487588,
                        76.70910928857764
                    ],
                    [
                        -60.330380389858654,
                        76.70653099996613
                    ],
                    [
                        -60.33372694521242,
                        76.70395774023778
                    ],
                    [
                        -60.337021854392574,
                        76.70138762546823
                    ],
                    [
                        -60.34021337755721,
                        76.69882392634807
                    ],
                    [
                        -60.34337940420336,
                        76.69626173121809
                    ],
                    [
                        -60.34647019040373,
                        76.69370418518857
                    ],
                    [
                        -60.349609843532065,
                        76.6911434488435
                    ],
                    [
                        -60.35282840968937,
                        76.68857761835346
                    ],
                    [
                        -60.35605185687532,
                        76.68601137115988
                    ],
                    [
                        -60.35918275857086,
                        76.68345087298465
                    ],
                    [
                        -60.36217166320326,
                        76.6808992618972
                    ],
                    [
                        -60.36511834146965,
                        76.67835022907755
                    ],
                    [
                        -60.368033284792965,
                        76.67580311285248
                    ],
                    [
                        -60.37096105767797,
                        76.67325509066833
                    ],
                    [
                        -60.37393864274945,
                        76.67070381637535
                    ],
                    [
                        -60.37698442287391,
                        76.66814812006653
                    ],
                    [
                        -60.380074481991876,
                        76.66558951438004
                    ],
                    [
                        -60.3832105356884,
                        76.6630278870049
                    ],
                    [
                        -60.3866284924008,
                        76.66044825052658
                    ],
                    [
                        -60.39048072804212,
                        76.6578408995078
                    ],
                    [
                        -60.39469932530852,
                        76.65521011416067
                    ],
                    [
                        -60.39920556491606,
                        76.65256086796288
                    ],
                    [
                        -60.403876694155315,
                        76.64990094534913
                    ],
                    [
                        -60.408580823321635,
                        76.64723872795227
                    ],
                    [
                        -60.413118995776806,
                        76.64458688713776
                    ],
                    [
                        -60.41738778380748,
                        76.6419520309505
                    ],
                    [
                        -60.4213891767351,
                        76.63933405744501
                    ],
                    [
                        -60.42515063245245,
                        76.63673123870377
                    ],
                    [
                        -60.42868476460374,
                        76.63414279020789
                    ],
                    [
                        -60.43213912123776,
                        76.63155930993508
                    ],
                    [
                        -60.43574251800415,
                        76.62896618846108
                    ],
                    [
                        -60.43943488450712,
                        76.62636725212056
                    ],
                    [
                        -60.44291249265522,
                        76.62378191158633
                    ],
                    [
                        -60.445792861054315,
                        76.62123464700524
                    ],
                    [
                        -60.44809435051326,
                        76.61872432753187
                    ],
                    [
                        -60.450267075123996,
                        76.61622218428089
                    ],
                    [
                        -60.452651137106926,
                        76.6137064516882
                    ],
                    [
                        -60.455325398986886,
                        76.61117206489484
                    ],
                    [
                        -60.45818984847439,
                        76.60862541119121
                    ],
                    [
                        -60.4612291933521,
                        76.60606745677408
                    ],
                    [
                        -60.46452817396729,
                        76.6034927546932
                    ],
                    [
                        -60.468231681737976,
                        76.60089198956196
                    ],
                    [
                        -60.472362111756055,
                        76.59826368960216
                    ],
                    [
                        -60.47689426715441,
                        76.59560943384707
                    ],
                    [
                        -60.48167644477581,
                        76.5929389297714
                    ],
                    [
                        -60.48661627408807,
                        76.59025808986792
                    ],
                    [
                        -60.491637504221806,
                        76.5875718019838
                    ],
                    [
                        -60.49661398598922,
                        76.58488817523676
                    ],
                    [
                        -60.50136803833574,
                        76.58221865378012
                    ],
                    [
                        -60.50565531242983,
                        76.57957899930852
                    ],
                    [
                        -60.50934932585955,
                        76.57697740620951
                    ],
                    [
                        -60.51279089808288,
                        76.57439195289565
                    ],
                    [
                        -60.5162622396647,
                        76.57180445852894
                    ],
                    [
                        -60.519842430150774,
                        76.56920981808724
                    ],
                    [
                        -60.523492677070976,
                        76.5666105265942
                    ],
                    [
                        -60.52715387017694,
                        76.56401039548865
                    ],
                    [
                        -60.53079531833345,
                        76.56141140673724
                    ],
                    [
                        -60.5345542504001,
                        76.55880469184133
                    ],
                    [
                        -60.53861739920567,
                        76.55617816507154
                    ],
                    [
                        -60.54280568366927,
                        76.55354338525065
                    ],
                    [
                        -60.54701133782759,
                        76.55090731646229
                    ],
                    [
                        -60.55107665749783,
                        76.54828017001162
                    ],
                    [
                        -60.555047479810625,
                        76.54565898880762
                    ],
                    [
                        -60.55897550060356,
                        76.54304043037259
                    ],
                    [
                        -60.562956975484056,
                        76.5404182564006
                    ],
                    [
                        -60.56714422769084,
                        76.53778257940598
                    ],
                    [
                        -60.57159730541055,
                        76.53512948248367
                    ],
                    [
                        -60.57620938383333,
                        76.53246587774586
                    ],
                    [
                        -60.581021204898335,
                        76.52978910213001
                    ],
                    [
                        -60.58605852656709,
                        76.52709746072586
                    ],
                    [
                        -60.59106264965832,
                        76.52440775793482
                    ],
                    [
                        -60.59609926137208,
                        76.5217157220373
                    ],
                    [
                        -60.601464304437044,
                        76.51900207817629
                    ],
                    [
                        -60.60674752823826,
                        76.51629352082402
                    ],
                    [
                        -60.61239933506625,
                        76.5135606960775
                    ],
                    [
                        -60.618536900162084,
                        76.51079591838219
                    ],
                    [
                        -60.62511145378676,
                        76.5080023126938
                    ],
                    [
                        -60.63185104213045,
                        76.50519758736955
                    ],
                    [
                        -60.63866806016722,
                        76.50243495789866
                    ],
                    [
                        -60.645568275829966,
                        76.49974387794207
                    ],
                    [
                        -60.65252112262858,
                        76.49709880734206
                    ],
                    [
                        -60.659479678840896,
                        76.4944606020441
                    ],
                    [
                        -60.66651988940514,
                        76.49189253066717
                    ],
                    [
                        -60.67350659482496,
                        76.48928195320943
                    ],
                    [
                        -60.68050240007189,
                        76.48668103580684
                    ],
                    [
                        -60.68735959177778,
                        76.483966800802
                    ],
                    [
                        -60.69434398771585,
                        76.48136056817384
                    ],
                    [
                        -60.70143745285027,
                        76.47884715789326
                    ],
                    [
                        -60.7085639383213,
                        76.47636323291677
                    ],
                    [
                        -60.715699376188915,
                        76.47388875303345
                    ],
                    [
                        -60.72284943940137,
                        76.47142842445764
                    ],
                    [
                        -60.72990433580341,
                        76.46889099363658
                    ],
                    [
                        -60.7367454412455,
                        76.46617797237984
                    ],
                    [
                        -60.74355002348295,
                        76.46343673676635
                    ],
                    [
                        -60.750312084450975,
                        76.46066232644722
                    ],
                    [
                        -60.75739533760433,
                        76.45815670844868
                    ],
                    [
                        -60.76471814025563,
                        76.45585189336431
                    ],
                    [
                        -60.772248377820006,
                        76.45372104449952
                    ],
                    [
                        -60.77985267267212,
                        76.45165337074751
                    ],
                    [
                        -60.78756046119195,
                        76.44967320610665
                    ],
                    [
                        -60.79538220910709,
                        76.44778912527968
                    ],
                    [
                        -60.80318493682473,
                        76.44589086346426
                    ],
                    [
                        -60.81101467908995,
                        76.44401655468923
                    ],
                    [
                        -60.81886781651038,
                        76.44216317475566
                    ],
                    [
                        -60.826626888475026,
                        76.44023351224165
                    ],
                    [
                        -60.83425714073081,
                        76.43819890722787
                    ],
                    [
                        -60.84200364613326,
                        76.43626210009612
                    ],
                    [
                        -60.8498164813353,
                        76.43438171987285
                    ],
                    [
                        -60.85743307296649,
                        76.43234077146933
                    ],
                    [
                        -60.86503272456217,
                        76.43028751270847
                    ],
                    [
                        -60.872661617990914,
                        76.42826008335705
                    ],
                    [
                        -60.88021923461912,
                        76.42617549718823
                    ],
                    [
                        -60.88778430723061,
                        76.42409876920898
                    ],
                    [
                        -60.89535575925538,
                        76.42202900247136
                    ],
                    [
                        -60.90282695074794,
                        76.41987827109436
                    ],
                    [
                        -60.910272695994685,
                        76.41770831614653
                    ],
                    [
                        -60.91788015410097,
                        76.41567335274594
                    ],
                    [
                        -60.92568156691336,
                        76.41379978889016
                    ],
                    [
                        -60.93351061510762,
                        76.4119505203423
                    ],
                    [
                        -60.941389866265325,
                        76.41014408977564
                    ],
                    [
                        -60.94938777970598,
                        76.4084367603141
                    ],
                    [
                        -60.9574192914871,
                        76.40675846763256
                    ],
                    [
                        -60.965434107316824,
                        76.40506783805833
                    ],
                    [
                        -60.97336336128632,
                        76.4033083068387
                    ],
                    [
                        -60.981089737014926,
                        76.4013836057716
                    ],
                    [
                        -60.98870004452272,
                        76.39936518844019
                    ],
                    [
                        -60.99628374477976,
                        76.39732657540695
                    ],
                    [
                        -61.003995428522394,
                        76.39539461478839
                    ],
                    [
                        -61.01169012104937,
                        76.39345029536673
                    ],
                    [
                        -61.019196686860205,
                        76.39135333138812
                    ],
                    [
                        -61.026524948609925,
                        76.38911192915008
                    ],
                    [
                        -61.03388818544434,
                        76.38690096637511
                    ],
                    [
                        -61.041356432568556,
                        76.38477777258525
                    ],
                    [
                        -61.04878896845797,
                        76.38262704466271
                    ],
                    [
                        -61.05623358477605,
                        76.38048792529072
                    ],
                    [
                        -61.06374896708857,
                        76.37840841785048
                    ],
                    [
                        -61.07121325368006,
                        76.3762887890367
                    ],
                    [
                        -61.07872790441095,
                        76.37421203564152
                    ],
                    [
                        -61.08644903160197,
                        76.37230570887046
                    ],
                    [
                        -61.09428562719929,
                        76.37049526507185
                    ],
                    [
                        -61.10218481354642,
                        76.36873740868161
                    ],
                    [
                        -61.11019796476627,
                        76.36707401760658
                    ],
                    [
                        -61.11833269978415,
                        76.36551119382014
                    ],
                    [
                        -61.126602734471994,
                        76.36405999778312
                    ],
                    [
                        -61.13501311211078,
                        76.36272439470176
                    ],
                    [
                        -61.14355752504676,
                        76.36149908671537
                    ],
                    [
                        -61.15220346234049,
                        76.36035743723833
                    ],
                    [
                        -61.160880532975874,
                        76.35924201819891
                    ],
                    [
                        -61.16950147020397,
                        76.35808177959609
                    ],
                    [
                        -61.17803302823566,
                        76.35684974499361
                    ],
                    [
                        -61.18646625997511,
                        76.35553874091865
                    ],
                    [
                        -61.19480486037326,
                        76.35415187742841
                    ],
                    [
                        -61.203051419271645,
                        76.3526913586614
                    ],
                    [
                        -61.21115894142025,
                        76.3511191227221
                    ],
                    [
                        -61.21907707677442,
                        76.34939444333156
                    ],
                    [
                        -61.22675505077865,
                        76.34747630441909
                    ],
                    [
                        -61.23431387137286,
                        76.34546305813016
                    ],
                    [
                        -61.241846374236104,
                        76.34343007070134
                    ],
                    [
                        -61.24949256207827,
                        76.3414908309904
                    ],
                    [
                        -61.25724314377585,
                        76.33963771042664
                    ],
                    [
                        -61.265068362565316,
                        76.33784651385908
                    ],
                    [
                        -61.272839853569096,
                        76.33601325161374
                    ],
                    [
                        -61.280553244164125,
                        76.3341344314447
                    ],
                    [
                        -61.28825046207753,
                        76.33224402111415
                    ],
                    [
                        -61.295951468461254,
                        76.33035817477895
                    ],
                    [
                        -61.303683250163935,
                        76.32849870252893
                    ],
                    [
                        -61.31147843812086,
                        76.32669194309344
                    ],
                    [
                        -61.31935627278234,
                        76.32495337840923
                    ],
                    [
                        -61.327335382268856,
                        76.32329797038146
                    ],
                    [
                        -61.33535267155353,
                        76.32167469418388
                    ],
                    [
                        -61.34334964301507,
                        76.32003631486779
                    ],
                    [
                        -61.351361752506655,
                        76.3184114443586
                    ],
                    [
                        -61.35927865533517,
                        76.31671111076987
                    ],
                    [
                        -61.367036213158606,
                        76.31488371506508
                    ],
                    [
                        -61.37459569484484,
                        76.31289819633533
                    ],
                    [
                        -61.38190095794172,
                        76.31070950448954
                    ],
                    [
                        -61.388902617017706,
                        76.30827806966145
                    ],
                    [
                        -61.3956254015596,
                        76.3056239978016
                    ],
                    [
                        -61.40119239509041,
                        76.30286313138612
                    ],
                    [
                        -61.40528866932312,
                        76.30020458858091
                    ],
                    [
                        -61.407807193437435,
                        76.29765597762741
                    ],
                    [
                        -61.40896156651679,
                        76.29520250415463
                    ],
                    [
                        -61.40911263226036,
                        76.29281904996094
                    ],
                    [
                        -61.40848635066729,
                        76.2904898771653
                    ],
                    [
                        -61.40740360539219,
                        76.28819260125596
                    ],
                    [
                        -61.40605399707364,
                        76.28591399171172
                    ],
                    [
                        -61.404501778548905,
                        76.28364956579394
                    ],
                    [
                        -61.402670323512325,
                        76.2814046774619
                    ],
                    [
                        -61.400591028702095,
                        76.2791771365111
                    ],
                    [
                        -61.398564494498835,
                        76.27694595044156
                    ],
                    [
                        -61.396984932660224,
                        76.27468358577113
                    ],
                    [
                        -61.396041658234445,
                        76.27237681296657
                    ],
                    [
                        -61.3956099776384,
                        76.27003432946404
                    ],
                    [
                        -61.39552479803906,
                        76.26766765588684
                    ],
                    [
                        -61.3955967202081,
                        76.26529001663549
                    ],
                    [
                        -61.395759794940126,
                        76.26290601567919
                    ],
                    [
                        -61.39604694212504,
                        76.26051334810118
                    ],
                    [
                        -61.396433294215775,
                        76.25811374783342
                    ],
                    [
                        -61.39685388620367,
                        76.25571175437027
                    ],
                    [
                        -61.397301150785964,
                        76.25330789563984
                    ],
                    [
                        -61.398052226499495,
                        76.25088277982238
                    ],
                    [
                        -61.39922520147721,
                        76.24842812833928
                    ],
                    [
                        -61.39922520147721,
                        76.24842812833928
                    ],
                    [
                        -61.40039775389367,
                        76.24597348333302
                    ],
                    [
                        -61.401848617705525,
                        76.24349932744602
                    ],
                    [
                        -61.403392756000684,
                        76.24101860525013
                    ],
                    [
                        -61.40535399214146,
                        76.23850862355505
                    ],
                    [
                        -61.40779082950811,
                        76.23596525528642
                    ],
                    [
                        -61.42187905447646,
                        76.21806947946276
                    ],
                    [
                        -61.43593039951495,
                        76.20017352937128
                    ],
                    [
                        -61.44994500756623,
                        76.18227740913682
                    ],
                    [
                        -61.46392302084404,
                        76.16438112286698
                    ],
                    [
                        -61.47786458083789,
                        76.14648467465247
                    ],
                    [
                        -61.491769828317466,
                        76.12858806856698
                    ],
                    [
                        -61.50563890333724,
                        76.11069130866747
                    ],
                    [
                        -61.519471945240966,
                        76.09279439899417
                    ],
                    [
                        -61.53326909266598,
                        76.07489734357073
                    ],
                    [
                        -61.54703048354784,
                        76.05700014640429
                    ],
                    [
                        -61.56075625512453,
                        76.0391028114856
                    ],
                    [
                        -61.57444654394084,
                        76.02120534278916
                    ],
                    [
                        -61.58810148585274,
                        76.00330774427326
                    ],
                    [
                        -61.60172121603164,
                        75.98541001988013
                    ],
                    [
                        -61.615305868968626,
                        75.967512173536
                    ],
                    [
                        -61.6288555784787,
                        75.94961420915119
                    ],
                    [
                        -61.64237047770495,
                        75.93171613062034
                    ],
                    [
                        -61.655850699122745,
                        75.91381794182232
                    ],
                    [
                        -61.66929637454383,
                        75.89591964662043
                    ],
                    [
                        -61.68270763512046,
                        75.87802124886248
                    ]
                ]
            }
        }
    ]
}
