{
    "type": "FeatureCollection",
    "features": [
        {
            "type": "Feature",
            "properties": {
                "name": "Greenland Glacier 0048",
                "object": "transect",
                "component": "landice",
                "author": "Matthew Hoffman, converted from Felikson et al. (2020) Zenodo dataset",
                "tags": "Greenland_Ice_Sheet;flowline;zenodo_4284759;glacier_0048;nordenski\u00f6ld_gletsjer",
                "citation": "Felikson, Denis, Catania, Ginny, Bartholomaus, Timothy, Morlighem, Mathieu, & No\u00ebl, Brice. (2020). Inland limits to diffusion of thinning along Greenland Ice Sheet outlet glaciers (v1.0) [Data set]. Zenodo. https://doi.org/10.5281/zenodo.4284759",
                "license": "CC-BY-4.0",
                "officialName": "Nordenski\u00f6ld Gletsjer",
                "foreignName": "Nordenski\u00f6ld Gletsjer"
            },
            "geometry": {
                "type": "LineString",
                "coordinates": [
                    [
                        -35.81987558299074,
                        73.00524465904643
                    ],
                    [
                        -35.82265380336968,
                        73.00308725889352
                    ],
                    [
                        -35.828465192027224,
                        73.00565043057738
                    ],
                    [
                        -35.833770710766245,
                        73.00361224715678
                    ],
                    [
                        -35.83894630678654,
                        73.00156786258759
                    ],
                    [
                        -35.84437035843758,
                        72.99953512614763
                    ],
                    [
                        -35.84950736667617,
                        72.9974887841641
                    ],
                    [
                        -35.85555436458903,
                        72.9954852418393
                    ],
                    [
                        -35.86437340896423,
                        72.99366827216542
                    ],
                    [
                        -35.87304008333404,
                        72.99212501192265
                    ],
                    [
                        -35.88175791859413,
                        72.9904851651039
                    ],
                    [
                        -35.88948455353547,
                        72.99065117644946
                    ],
                    [
                        -35.89751666117628,
                        72.9902591127667
                    ],
                    [
                        -35.905479744229176,
                        72.98999224900777
                    ],
                    [
                        -35.91334994676754,
                        72.98989458665334
                    ],
                    [
                        -35.9217926902758,
                        72.98874759518063
                    ],
                    [
                        -35.93032153561765,
                        72.98744022312844
                    ],
                    [
                        -35.9386577798578,
                        72.98648361388345
                    ],
                    [
                        -35.9468459666876,
                        72.98579696298339
                    ],
                    [
                        -35.954552406604314,
                        72.98599474618615
                    ],
                    [
                        -35.962333853602146,
                        72.98605449843522
                    ],
                    [
                        -35.970378368238045,
                        72.9856293871395
                    ],
                    [
                        -35.978625993695836,
                        72.98482862999049
                    ],
                    [
                        -35.987021395881825,
                        72.98375327667337
                    ],
                    [
                        -35.995480261084644,
                        72.98255830312651
                    ],
                    [
                        -36.003936597043975,
                        72.98136541709097
                    ],
                    [
                        -36.0123158046421,
                        72.98031276078247
                    ],
                    [
                        -36.02068799513624,
                        72.9792708061195
                    ],
                    [
                        -36.02894865231612,
                        72.97843350466549
                    ],
                    [
                        -36.0371566483616,
                        72.97769212653625
                    ],
                    [
                        -36.04544378894738,
                        72.97680192734266
                    ],
                    [
                        -36.05370083356044,
                        72.97596574719405
                    ],
                    [
                        -36.06214944029255,
                        72.97477086005749
                    ],
                    [
                        -36.07069447067436,
                        72.9733935670694
                    ],
                    [
                        -36.079319887791755,
                        72.97186322995462
                    ],
                    [
                        -36.08801444717814,
                        72.97020037131473
                    ],
                    [
                        -36.09649091803545,
                        72.96894189666874
                    ],
                    [
                        -36.10486070917784,
                        72.9678804488011
                    ],
                    [
                        -36.113229052005295,
                        72.96681937667155
                    ],
                    [
                        -36.12158101565502,
                        72.96578669858721
                    ],
                    [
                        -36.12998028909284,
                        72.96466287422497
                    ],
                    [
                        -36.13839348125215,
                        72.9635104076844
                    ],
                    [
                        -36.146989704936864,
                        72.96201090024498
                    ],
                    [
                        -36.15566900068609,
                        72.96035159454854
                    ],
                    [
                        -36.164325255209896,
                        72.95873214064896
                    ],
                    [
                        -36.173041391402435,
                        72.95699607508256
                    ],
                    [
                        -36.181742352222294,
                        72.95528491285629
                    ],
                    [
                        -36.19022171117978,
                        72.95338444472938
                    ],
                    [
                        -36.19872631277633,
                        72.951484851311
                    ],
                    [
                        -36.207485219758915,
                        72.94965228699378
                    ],
                    [
                        -36.21613907104031,
                        72.94775890076045
                    ],
                    [
                        -36.224750828017356,
                        72.94586332164333
                    ],
                    [
                        -36.23303992547119,
                        72.94395285661874
                    ],
                    [
                        -36.24129803506518,
                        72.94204073279836
                    ],
                    [
                        -36.24924588138172,
                        72.94011433499773
                    ],
                    [
                        -36.25673683739147,
                        72.93816707714903
                    ],
                    [
                        -36.26393319389338,
                        72.93620632834215
                    ],
                    [
                        -36.270770497179754,
                        72.93422921142096
                    ],
                    [
                        -36.27737661590846,
                        72.93224152088891
                    ],
                    [
                        -36.283910904733546,
                        72.93025045262465
                    ],
                    [
                        -36.29054256906917,
                        72.92826362683644
                    ],
                    [
                        -36.2973827308956,
                        72.92628603165406
                    ],
                    [
                        -36.30425074822449,
                        72.92430953043335
                    ],
                    [
                        -36.311112633237066,
                        72.92233259427884
                    ],
                    [
                        -36.31809742663711,
                        72.92036101425568
                    ],
                    [
                        -36.32509448453394,
                        72.91838981716833
                    ],
                    [
                        -36.33192509503687,
                        72.91641099357311
                    ],
                    [
                        -36.33868253825367,
                        72.91442873595287
                    ],
                    [
                        -36.34545481552221,
                        72.91244698901008
                    ],
                    [
                        -36.35220038385523,
                        72.91046389352131
                    ],
                    [
                        -36.358890775634016,
                        72.90847817963754
                    ],
                    [
                        -36.36544465117834,
                        72.9064862196216
                    ],
                    [
                        -36.3719888908491,
                        72.90449368827637
                    ],
                    [
                        -36.37850405522541,
                        72.90249971934443
                    ],
                    [
                        -36.3850051413159,
                        72.90050498375903
                    ],
                    [
                        -36.39134712637948,
                        72.89850302276047
                    ],
                    [
                        -36.39781926618674,
                        72.89650672638734
                    ],
                    [
                        -36.40432966522981,
                        72.89451199518344
                    ],
                    [
                        -36.41069860728179,
                        72.89251083598661
                    ],
                    [
                        -36.417036356536535,
                        72.89050815983398
                    ],
                    [
                        -36.423304409163336,
                        72.88850225966266
                    ],
                    [
                        -36.42945866965644,
                        72.88649118452014
                    ],
                    [
                        -36.43564408612051,
                        72.88448137175133
                    ],
                    [
                        -36.441694428534696,
                        72.882465451411
                    ],
                    [
                        -36.447538642306355,
                        72.88044028693263
                    ],
                    [
                        -36.453403948777165,
                        72.87841595312466
                    ],
                    [
                        -36.459241683418504,
                        72.87639029521853
                    ],
                    [
                        -36.4650559188029,
                        72.87436349535564
                    ],
                    [
                        -36.47078380489076,
                        72.87233277775762
                    ],
                    [
                        -36.47658605710334,
                        72.8703052473224
                    ],
                    [
                        -36.48242806024669,
                        72.86827937034266
                    ],
                    [
                        -36.48848243041497,
                        72.8662627587504
                    ],
                    [
                        -36.494528064536226,
                        72.86424564748233
                    ],
                    [
                        -36.500570157261826,
                        72.86222826606284
                    ],
                    [
                        -36.50676209857293,
                        72.8602173691515
                    ],
                    [
                        -36.513093834687666,
                        72.85821250187257
                    ],
                    [
                        -36.519516782872294,
                        72.85621151577448
                    ],
                    [
                        -36.526058889758104,
                        72.85421563108939
                    ],
                    [
                        -36.53295712887061,
                        72.85223524430498
                    ],
                    [
                        -36.53991866459489,
                        72.85025747116184
                    ],
                    [
                        -36.5471998082668,
                        72.84829354520768
                    ],
                    [
                        -36.55426985709276,
                        72.84632018041971
                    ],
                    [
                        -36.56145322370672,
                        72.84435160207258
                    ],
                    [
                        -36.56848352701751,
                        72.84237614397455
                    ],
                    [
                        -36.575390982712634,
                        72.84039514188777
                    ],
                    [
                        -36.582095627720626,
                        72.83840511362999
                    ],
                    [
                        -36.588669351223636,
                        72.83640921644927
                    ],
                    [
                        -36.59567979603799,
                        72.83443222901091
                    ],
                    [
                        -36.602882763772875,
                        72.83246346314135
                    ],
                    [
                        -36.610331251427446,
                        72.83050520833733
                    ],
                    [
                        -36.61820128615333,
                        72.82856510096696
                    ],
                    [
                        -36.62647676402719,
                        72.82664239423946
                    ],
                    [
                        -36.635012986621525,
                        72.8247307541758
                    ],
                    [
                        -36.64306340234638,
                        72.82279774363771
                    ],
                    [
                        -36.65147672488354,
                        72.82088022749942
                    ],
                    [
                        -36.66007718469381,
                        72.81911201087608
                    ],
                    [
                        -36.668612861237754,
                        72.8174705587099
                    ],
                    [
                        -36.677128889974284,
                        72.81586509719658
                    ],
                    [
                        -36.68566277488013,
                        72.81421987861653
                    ],
                    [
                        -36.69417163343343,
                        72.8126216200741
                    ],
                    [
                        -36.70266439285435,
                        72.81105238160805
                    ],
                    [
                        -36.71113521092437,
                        72.80952412185954
                    ],
                    [
                        -36.71955898433098,
                        72.80808799377519
                    ],
                    [
                        -36.7280019729696,
                        72.80660950832173
                    ],
                    [
                        -36.73631068672721,
                        72.80540113067325
                    ],
                    [
                        -36.74460863907117,
                        72.80421192523536
                    ],
                    [
                        -36.7528849638928,
                        72.80306413372375
                    ],
                    [
                        -36.76111373239453,
                        72.80201087024582
                    ],
                    [
                        -36.769273839897274,
                        72.80109560734405
                    ],
                    [
                        -36.777397105300665,
                        72.80025363391799
                    ],
                    [
                        -36.785495406314716,
                        72.79946083627055
                    ],
                    [
                        -36.79361799602786,
                        72.79861631129089
                    ],
                    [
                        -36.8017294612173,
                        72.79779263460156
                    ],
                    [
                        -36.80978221678942,
                        72.79708771311974
                    ],
                    [
                        -36.81782458848668,
                        72.79640245203856
                    ],
                    [
                        -36.82592572647292,
                        72.79559443756986
                    ],
                    [
                        -36.83408176073905,
                        72.79467126542866
                    ],
                    [
                        -36.84228671669767,
                        72.79364490459699
                    ],
                    [
                        -36.85045354136563,
                        72.79269496411607
                    ],
                    [
                        -36.858650432753805,
                        72.79168057282426
                    ],
                    [
                        -36.866881158325754,
                        72.79059371866154
                    ],
                    [
                        -36.87509666054371,
                        72.78953589932162
                    ],
                    [
                        -36.88324595169843,
                        72.78861305946938
                    ],
                    [
                        -36.89144038389012,
                        72.78759422383177
                    ],
                    [
                        -36.89964942149862,
                        72.7865426099317
                    ],
                    [
                        -36.90783277665152,
                        72.7855420202808
                    ],
                    [
                        -36.91601585076777,
                        72.78453966039996
                    ],
                    [
                        -36.924175620521005,
                        72.78358358018946
                    ],
                    [
                        -36.93230304694285,
                        72.78269281678295
                    ],
                    [
                        -36.940450583557535,
                        72.78175786452613
                    ],
                    [
                        -36.94853782723615,
                        72.78094694127472
                    ],
                    [
                        -36.956677965796096,
                        72.78002318459592
                    ],
                    [
                        -36.96478439627919,
                        72.77916796213779
                    ],
                    [
                        -36.97292426548632,
                        72.77824044119807
                    ],
                    [
                        -36.9810644005339,
                        72.77731014980242
                    ],
                    [
                        -36.989186875943716,
                        72.77641481710954
                    ],
                    [
                        -36.99728891802382,
                        72.77556040256795
                    ],
                    [
                        -37.00543936214851,
                        72.77460181235485
                    ],
                    [
                        -37.01366540055073,
                        72.77348127417629
                    ],
                    [
                        -37.02195209268169,
                        72.77222984240277
                    ],
                    [
                        -37.030185317668746,
                        72.77108865563416
                    ],
                    [
                        -37.0383498649679,
                        72.77009031626945
                    ],
                    [
                        -37.04639834934278,
                        72.76933581954283
                    ],
                    [
                        -37.054466400862566,
                        72.76853791553792
                    ],
                    [
                        -37.0625074610544,
                        72.76779544725154
                    ],
                    [
                        -37.07041509213896,
                        72.76733511359534
                    ],
                    [
                        -37.078327586226706,
                        72.76686318346663
                    ],
                    [
                        -37.08624860670184,
                        72.76637180865953
                    ],
                    [
                        -37.09412644785573,
                        72.76597131073741
                    ],
                    [
                        -37.101978507882095,
                        72.76562479207678
                    ],
                    [
                        -37.10983556574966,
                        72.76526657777647
                    ],
                    [
                        -37.11764026227419,
                        72.7650194597516
                    ],
                    [
                        -37.125422432409806,
                        72.76481982573233
                    ],
                    [
                        -37.13325272974096,
                        72.76451621849189
                    ],
                    [
                        -37.141070079045996,
                        72.76423950409821
                    ],
                    [
                        -37.148869024604295,
                        72.7640014959614
                    ],
                    [
                        -37.156658478934645,
                        72.76378313055403
                    ],
                    [
                        -37.16443180718219,
                        72.76359876299205
                    ],
                    [
                        -37.17220098867051,
                        72.76342266184302
                    ],
                    [
                        -37.17994141661556,
                        72.76330797507468
                    ],
                    [
                        -37.18772174967697,
                        72.76310651573037
                    ],
                    [
                        -37.19551113211069,
                        72.76288476764351
                    ],
                    [
                        -37.203299694150594,
                        72.76266404159112
                    ],
                    [
                        -37.211086274257156,
                        72.76244685894596
                    ],
                    [
                        -37.21886186298735,
                        72.76225278066354
                    ],
                    [
                        -37.226635990396204,
                        72.76206117758241
                    ],
                    [
                        -37.2344349017397,
                        72.76181499103998
                    ],
                    [
                        -37.242211694040265,
                        72.76161614201742
                    ],
                    [
                        -37.2499823056768,
                        72.76143004978843
                    ],
                    [
                        -37.25773777739381,
                        72.76127629468324
                    ],
                    [
                        -37.2654816160637,
                        72.76114731987059
                    ],
                    [
                        -37.27321512730074,
                        72.76104034822596
                    ],
                    [
                        -37.28093640120825,
                        72.76095962577739
                    ],
                    [
                        -37.288680388521755,
                        72.76082869221867
                    ],
                    [
                        -37.29644326892176,
                        72.76065576852467
                    ],
                    [
                        -37.30420439336591,
                        72.76048603936806
                    ],
                    [
                        -37.31197871100045,
                        72.76028667541227
                    ],
                    [
                        -37.319715501378425,
                        72.76016912049657
                    ],
                    [
                        -37.327420648122384,
                        72.76012067574597
                    ],
                    [
                        -37.33507909440816,
                        72.76017473034236
                    ],
                    [
                        -37.34271443794268,
                        72.76027954603258
                    ],
                    [
                        -37.35036688573022,
                        72.76034650319508
                    ],
                    [
                        -37.358003863600054,
                        72.76044748082988
                    ],
                    [
                        -37.36565026612312,
                        72.76052750647936
                    ],
                    [
                        -37.37328732223868,
                        72.76062808720226
                    ],
                    [
                        -37.38097157717404,
                        72.76062393430152
                    ],
                    [
                        -37.38866314802742,
                        72.76060323229215
                    ],
                    [
                        -37.39632709494331,
                        72.76064354548232
                    ],
                    [
                        -37.403969547638496,
                        72.76073143046594
                    ],
                    [
                        -37.411602659845,
                        72.76083997964075
                    ],
                    [
                        -37.41921218734289,
                        72.76100099391383
                    ],
                    [
                        -37.426805687687846,
                        72.76119777619422
                    ],
                    [
                        -37.43440280812051,
                        72.7613865703862
                    ],
                    [
                        -37.44199806044686,
                        72.76157961791608
                    ],
                    [
                        -37.44956058279327,
                        72.76184597236889
                    ],
                    [
                        -37.4571169878629,
                        72.76212626016111
                    ],
                    [
                        -37.464661466402084,
                        72.76243354497514
                    ],
                    [
                        -37.47218957790379,
                        72.76277787124567
                    ],
                    [
                        -37.47971076219093,
                        72.76313814803684
                    ],
                    [
                        -37.487214910022956,
                        72.76353715075523
                    ],
                    [
                        -37.494720254226046,
                        72.7639339631513
                    ],
                    [
                        -37.50223857222447,
                        72.76430204857053
                    ],
                    [
                        -37.509744364647936,
                        72.7646988201056
                    ],
                    [
                        -37.51727740467476,
                        72.76503459013344
                    ],
                    [
                        -37.52481739394873,
                        72.76535503825292
                    ],
                    [
                        -37.532346502661866,
                        72.76570044383521
                    ],
                    [
                        -37.5398589788035,
                        72.76608390427046
                    ],
                    [
                        -37.54736974114762,
                        72.7664717252551
                    ],
                    [
                        -37.5548924714778,
                        72.76683288380316
                    ],
                    [
                        -37.56241424538147,
                        72.76719664784163
                    ],
                    [
                        -37.56993331644582,
                        72.76756699512559
                    ],
                    [
                        -37.57744366521016,
                        72.76795764173028
                    ],
                    [
                        -37.58495447633458,
                        72.76834773046737
                    ],
                    [
                        -37.59245809863906,
                        72.76875470343168
                    ],
                    [
                        -37.599945041470576,
                        72.76920027047393
                    ],
                    [
                        -37.60743108419498,
                        72.7696485014334
                    ],
                    [
                        -37.61491108549507,
                        72.7701111611354
                    ],
                    [
                        -37.62241689849832,
                        72.77051538260147
                    ],
                    [
                        -37.62992604922771,
                        72.7709124838919
                    ],
                    [
                        -37.63740029270899,
                        72.77139016165717
                    ],
                    [
                        -37.64489196502951,
                        72.77182850192426
                    ],
                    [
                        -37.65241285828634,
                        72.77220028572374
                    ],
                    [
                        -37.65992421380658,
                        72.77259447656897
                    ],
                    [
                        -37.667452965471,
                        72.77294911792193
                    ],
                    [
                        -37.674959492171766,
                        72.77335542435267
                    ],
                    [
                        -37.68245902040551,
                        72.77377841776061
                    ],
                    [
                        -37.68995452993895,
                        72.7742112663266
                    ],
                    [
                        -37.69742424369579,
                        72.77470435335424
                    ],
                    [
                        -37.70489734652849,
                        72.77519031235052
                    ],
                    [
                        -37.7123837083048,
                        72.77564625489804
                    ],
                    [
                        -37.719853427116355,
                        72.776141439109
                    ],
                    [
                        -37.727314058413924,
                        72.77665844394896
                    ],
                    [
                        -37.734763676683656,
                        72.77720181047368
                    ],
                    [
                        -37.74220192485908,
                        72.77777244927707
                    ],
                    [
                        -37.74963092560594,
                        72.77836550020417
                    ],
                    [
                        -37.75705071381479,
                        72.77898094975133
                    ],
                    [
                        -37.7644502762224,
                        72.77964456176271
                    ],
                    [
                        -37.77184961739125,
                        72.78030975969851
                    ],
                    [
                        -37.779249895158266,
                        72.78097384184407
                    ],
                    [
                        -37.786656078312554,
                        72.78162517731519
                    ],
                    [
                        -37.79407615008032,
                        72.7822450271069
                    ],
                    [
                        -37.801475064058934,
                        72.78291547699646
                    ],
                    [
                        -37.80885553340061,
                        72.7836303110754
                    ],
                    [
                        -37.816245593264156,
                        72.78432379203295
                    ],
                    [
                        -37.82365719353323,
                        72.78496775068007
                    ],
                    [
                        -37.83105768463991,
                        72.78563890517358
                    ],
                    [
                        -37.8384357256316,
                        72.78636406488405
                    ],
                    [
                        -37.84580223203794,
                        72.7871176425404
                    ],
                    [
                        -37.853116301223636,
                        72.78799630928789
                    ],
                    [
                        -37.86039645347034,
                        72.78895666016516
                    ],
                    [
                        -37.86767305037408,
                        72.78992710135799
                    ],
                    [
                        -37.87494621615731,
                        72.79090736877852
                    ],
                    [
                        -37.88218659541977,
                        72.79196708058097
                    ],
                    [
                        -37.889434322602966,
                        72.79301123558623
                    ],
                    [
                        -37.896689429885996,
                        72.79403971257969
                    ],
                    [
                        -37.90390547600762,
                        72.79516287899443
                    ],
                    [
                        -37.911113722769464,
                        72.79630661478542
                    ],
                    [
                        -37.91831274941249,
                        72.7974743643429
                    ],
                    [
                        -37.9254856546342,
                        72.79870649557212
                    ],
                    [
                        -37.93263973197288,
                        72.79998578720999
                    ],
                    [
                        -37.939781286610376,
                        72.80129731255931
                    ],
                    [
                        -37.946912715863164,
                        72.80263543190753
                    ],
                    [
                        -37.95404701385935,
                        72.80396912202283
                    ],
                    [
                        -37.96116385799876,
                        72.80534705635239
                    ],
                    [
                        -37.96823997789465,
                        72.80682516014241
                    ],
                    [
                        -37.97528533225256,
                        72.80837981336002
                    ],
                    [
                        -37.982318030818874,
                        72.80996772500782
                    ],
                    [
                        -37.989336822751575,
                        72.8115919958459
                    ],
                    [
                        -37.99632665288028,
                        72.81328896040874
                    ],
                    [
                        -38.00331446427487,
                        72.81499391650186
                    ],
                    [
                        -38.010272695769174,
                        72.8167733390137
                    ],
                    [
                        -38.017236752046045,
                        72.8185419916171
                    ],
                    [
                        -38.02417107959661,
                        72.82038572318696
                    ],
                    [
                        -38.03106732660433,
                        72.82232492890732
                    ],
                    [
                        -38.037943068034714,
                        72.82431733905518
                    ],
                    [
                        -38.044797935075955,
                        72.8263639895951
                    ],
                    [
                        -38.05170473697684,
                        72.82828853733342
                    ],
                    [
                        -38.0586333239657,
                        72.83016380483622
                    ],
                    [
                        -38.06556617402746,
                        72.83203221018826
                    ],
                    [
                        -38.07250360657285,
                        72.83389295971305
                    ],
                    [
                        -38.079456473899384,
                        72.83571963250242
                    ],
                    [
                        -38.08641601341347,
                        72.83753347369098
                    ],
                    [
                        -38.09336915237395,
                        72.83936631079519
                    ],
                    [
                        -38.100314080170385,
                        72.84122261406387
                    ],
                    [
                        -38.107280486420954,
                        72.84302995612333
                    ],
                    [
                        -38.11420795730178,
                        72.84493585094557
                    ],
                    [
                        -38.1211363753183,
                        72.84684301092669
                    ],
                    [
                        -38.12808093987626,
                        72.84871422710152
                    ],
                    [
                        -38.13503005118489,
                        72.8505778288323
                    ],
                    [
                        -38.14199147902175,
                        72.8524147382014
                    ],
                    [
                        -38.14893804715839,
                        72.85429160402141
                    ],
                    [
                        -38.155865692979255,
                        72.85621852102275
                    ],
                    [
                        -38.162770288969405,
                        72.85820577978382
                    ],
                    [
                        -38.169655934119625,
                        72.8602434551323
                    ],
                    [
                        -38.17650538545972,
                        72.86237417215192
                    ],
                    [
                        -38.18333289340099,
                        72.86456303759296
                    ],
                    [
                        -38.19016226732314,
                        72.86675143747546
                    ],
                    [
                        -38.19697237064807,
                        72.86899159179795
                    ],
                    [
                        -38.20372672399481,
                        72.87137384314089
                    ],
                    [
                        -38.21045194438571,
                        72.87383269124854
                    ],
                    [
                        -38.21708253118252,
                        72.87633975371465
                    ],
                    [
                        -38.22382253076856,
                        72.87877126070447
                    ],
                    [
                        -38.23054637768263,
                        72.88124744643149
                    ],
                    [
                        -38.23722038209797,
                        72.88375518063913
                    ],
                    [
                        -38.243776333849404,
                        72.88625851466064
                    ],
                    [
                        -38.25012981633579,
                        72.88875452107452
                    ],
                    [
                        -38.25637752442874,
                        72.89124658870087
                    ],
                    [
                        -38.26238252046317,
                        72.89372996822729
                    ],
                    [
                        -38.26837603291409,
                        72.89621271772224
                    ],
                    [
                        -38.2738673913913,
                        72.89867781259846
                    ],
                    [
                        -38.27889536525355,
                        72.90112664744336
                    ],
                    [
                        -38.28369753456396,
                        72.90356749527916
                    ],
                    [
                        -38.28833635288261,
                        72.90600253792562
                    ],
                    [
                        -38.29307985494412,
                        72.90844105880464
                    ],
                    [
                        -38.29783673268206,
                        72.91087989386904
                    ],
                    [
                        -38.302436820222816,
                        72.91331316740275
                    ],
                    [
                        -38.30706538611586,
                        72.91574728374744
                    ],
                    [
                        -38.31179155774129,
                        72.91818462296577
                    ],
                    [
                        -38.316717953421495,
                        72.92062871014853
                    ],
                    [
                        -38.321638940225164,
                        72.92307245257389
                    ],
                    [
                        -38.32692073402141,
                        72.92552843866677
                    ],
                    [
                        -38.3325657398268,
                        72.92799671615337
                    ],
                    [
                        -38.338290694675294,
                        72.93046753128252
                    ],
                    [
                        -38.34402376012192,
                        72.932938414051
                    ],
                    [
                        -38.34986937211968,
                        72.93541293891067
                    ],
                    [
                        -38.355711338625454,
                        72.93788712053635
                    ],
                    [
                        -38.36175820807164,
                        72.94036808392461
                    ],
                    [
                        -38.36801150824841,
                        72.94285585902313
                    ],
                    [
                        -38.37385725619397,
                        72.94532949344276
                    ],
                    [
                        -38.37958903533254,
                        72.94779902843436
                    ],
                    [
                        -38.385238943069396,
                        72.9502655678659
                    ],
                    [
                        -38.39095916829576,
                        72.95273429259552
                    ],
                    [
                        -38.39701170021154,
                        72.95521409018706
                    ],
                    [
                        -38.40298541051433,
                        72.9576909819078
                    ],
                    [
                        -38.409044161662685,
                        72.96017052773237
                    ],
                    [
                        -38.41495452126858,
                        72.96264481865053
                    ],
                    [
                        -38.42091054624036,
                        72.96512043111352
                    ],
                    [
                        -38.4267456433497,
                        72.96759173418617
                    ],
                    [
                        -38.43273672158542,
                        72.97006808272776
                    ],
                    [
                        -38.439029625786915,
                        72.97255437492414
                    ],
                    [
                        -38.44557148962434,
                        72.9750487975242
                    ],
                    [
                        -38.45217099530735,
                        72.97754488948874
                    ],
                    [
                        -38.45878285672628,
                        72.98004112337608
                    ],
                    [
                        -38.465598383608864,
                        72.98246770573554
                    ],
                    [
                        -38.472327154616934,
                        72.98496730137545
                    ],
                    [
                        -38.47877504787132,
                        72.98745721492968
                    ],
                    [
                        -38.485111737585854,
                        72.98994315039721
                    ],
                    [
                        -38.491648068520426,
                        72.99243549924664
                    ],
                    [
                        -38.498469537280556,
                        72.99487090247757
                    ],
                    [
                        -38.505090583762374,
                        72.99736552768894
                    ],
                    [
                        -38.511898603445786,
                        72.99984527338884
                    ],
                    [
                        -38.51840517300631,
                        73.00233553962143
                    ],
                    [
                        -38.5247599745452,
                        73.00482050336716
                    ],
                    [
                        -38.530947749108165,
                        73.00729967588843
                    ],
                    [
                        -38.53692403655611,
                        73.00977160308642
                    ],
                    [
                        -38.54266331248636,
                        73.01223546308972
                    ],
                    [
                        -38.548378796466444,
                        73.01469832799141
                    ],
                    [
                        -38.55425152522914,
                        73.0171661778161
                    ],
                    [
                        -38.560359455196654,
                        73.01964156726609
                    ],
                    [
                        -38.566254879015446,
                        73.0221097210344
                    ],
                    [
                        -38.572196351632186,
                        73.02457917107739
                    ],
                    [
                        -38.57792397334685,
                        73.02704136807841
                    ],
                    [
                        -38.58371262206639,
                        73.029505361894
                    ],
                    [
                        -38.58945576352934,
                        73.03196765112344
                    ],
                    [
                        -38.59514781379492,
                        73.03442805751045
                    ],
                    [
                        -38.60086464387129,
                        73.03688907036836
                    ],
                    [
                        -38.60652174439976,
                        73.03934792327335
                    ],
                    [
                        -38.61221948481484,
                        73.04180790166824
                    ],
                    [
                        -38.61781984402085,
                        73.0442644966986
                    ],
                    [
                        -38.62341584821046,
                        73.04672075138154
                    ],
                    [
                        -38.62889341900479,
                        73.04917295044497
                    ],
                    [
                        -38.63427085836491,
                        73.05162170116579
                    ],
                    [
                        -38.639736089033605,
                        73.05407312228381
                    ],
                    [
                        -38.64497433271988,
                        73.056516982799
                    ],
                    [
                        -38.65009715376023,
                        73.05895692398408
                    ],
                    [
                        -38.65518260684318,
                        73.06139548670554
                    ],
                    [
                        -38.66025153060844,
                        73.06383334929573
                    ],
                    [
                        -38.6653797606935,
                        73.06627296682751
                    ],
                    [
                        -38.67056652841475,
                        73.06871430900863
                    ],
                    [
                        -38.67549791217366,
                        73.07114723366998
                    ],
                    [
                        -38.680557893000035,
                        73.07358415174336
                    ],
                    [
                        -38.68574266641957,
                        73.07602492887762
                    ],
                    [
                        -38.691005898834874,
                        73.07846806160055
                    ],
                    [
                        -38.696193534370686,
                        73.08090858709076
                    ],
                    [
                        -38.70137061871635,
                        73.08334860278917
                    ],
                    [
                        -38.70654770898654,
                        73.08578844867293
                    ],
                    [
                        -38.71182445682635,
                        73.08823132095645
                    ],
                    [
                        -38.71693066391576,
                        73.09066855265844
                    ],
                    [
                        -38.72204211443463,
                        73.09310578676522
                    ],
                    [
                        -38.72713196385234,
                        73.09554216433976
                    ],
                    [
                        -38.732075890630576,
                        73.09797371526543
                    ],
                    [
                        -38.73699491335097,
                        73.10040431577887
                    ],
                    [
                        -38.74195294007861,
                        73.1028360062787
                    ],
                    [
                        -38.74686697590223,
                        73.10526613897919
                    ],
                    [
                        -38.75164904221499,
                        73.1076919172804
                    ],
                    [
                        -38.75644075232549,
                        73.11011785657855
                    ],
                    [
                        -38.76115419151451,
                        73.11254116261586
                    ],
                    [
                        -38.76592583519961,
                        73.11496617476486
                    ],
                    [
                        -38.77072844713569,
                        73.11739202417465
                    ],
                    [
                        -38.775431762146454,
                        73.1198145803424
                    ],
                    [
                        -38.78009195067889,
                        73.12223563019106
                    ],
                    [
                        -38.78478900292107,
                        73.12465770766298
                    ],
                    [
                        -38.789620557489336,
                        73.12708389528798
                    ],
                    [
                        -38.79432207644222,
                        73.12950582903588
                    ],
                    [
                        -38.799047716818706,
                        73.13192838305648
                    ],
                    [
                        -38.803676402681376,
                        73.13434773940337
                    ],
                    [
                        -38.808432902454015,
                        73.13677098400933
                    ],
                    [
                        -38.81310055451074,
                        73.13919128983702
                    ],
                    [
                        -38.81793044545765,
                        73.14161655650562
                    ],
                    [
                        -38.822823246255034,
                        73.14404365083644
                    ],
                    [
                        -38.82780547681126,
                        73.14647339928997
                    ],
                    [
                        -38.83283322817209,
                        73.1489044177337
                    ],
                    [
                        -38.837872955915614,
                        73.15133565179534
                    ],
                    [
                        -38.842874374887785,
                        73.15376552747607
                    ],
                    [
                        -38.847778056758216,
                        73.15619219105473
                    ],
                    [
                        -38.85267978578739,
                        73.15861864184286
                    ],
                    [
                        -38.85758020043991,
                        73.16104489998034
                    ],
                    [
                        -38.86233804890428,
                        73.1634665637146
                    ],
                    [
                        -38.86702823058279,
                        73.16588597742785
                    ],
                    [
                        -38.87152630002909,
                        73.16829927567426
                    ],
                    [
                        -38.876078998334314,
                        73.17071414329767
                    ],
                    [
                        -38.880542640026256,
                        73.17312611392721
                    ],
                    [
                        -38.88516609188405,
                        73.17554291625068
                    ],
                    [
                        -38.88986577518119,
                        73.17796194621386
                    ],
                    [
                        -38.894556444360134,
                        73.18038055743644
                    ],
                    [
                        -38.89912289306135,
                        73.18279518613836
                    ],
                    [
                        -38.903812615448324,
                        73.1852134936027
                    ],
                    [
                        -38.908487090592985,
                        73.18763119128127
                    ],
                    [
                        -38.91310504869857,
                        73.19004700705945
                    ],
                    [
                        -38.91793276528058,
                        73.19246915460191
                    ],
                    [
                        -38.922693839800225,
                        73.19488910299488
                    ],
                    [
                        -38.92750326350153,
                        73.19731039636726
                    ],
                    [
                        -38.93248306502379,
                        73.19973678185697
                    ],
                    [
                        -38.93755923527748,
                        73.20216597148189
                    ],
                    [
                        -38.94247121515872,
                        73.2045899625127
                    ],
                    [
                        -38.94763812425873,
                        73.20702161608341
                    ],
                    [
                        -38.95269460185859,
                        73.20944972169808
                    ],
                    [
                        -38.95790065097466,
                        73.21188224288926
                    ],
                    [
                        -38.963092010808246,
                        73.2143141463563
                    ],
                    [
                        -38.96831783236114,
                        73.21674693398465
                    ],
                    [
                        -38.97362051808514,
                        73.21918189575625
                    ],
                    [
                        -38.97891682296163,
                        73.22161648846391
                    ],
                    [
                        -38.98430396488916,
                        73.22405367144829
                    ],
                    [
                        -38.989502034663,
                        73.22648492638939
                    ],
                    [
                        -38.99467670464283,
                        73.22891530264447
                    ],
                    [
                        -38.99982074686282,
                        73.23134458311701
                    ],
                    [
                        -39.004932420864584,
                        73.23377271790997
                    ],
                    [
                        -39.009941318487186,
                        73.2361975779875
                    ],
                    [
                        -39.01499753578912,
                        73.23862371323521
                    ],
                    [
                        -39.02023126392177,
                        73.24105505391435
                    ],
                    [
                        -39.02569733492452,
                        73.24349323891485
                    ],
                    [
                        -39.03119157522839,
                        73.245932088975
                    ],
                    [
                        -39.036660564674136,
                        73.24836999221951
                    ],
                    [
                        -39.042019538903475,
                        73.25080440040036
                    ],
                    [
                        -39.04748549457119,
                        73.25324184709794
                    ],
                    [
                        -39.05301417837384,
                        73.25568099325601
                    ],
                    [
                        -39.058576186533934,
                        73.25812095087237
                    ],
                    [
                        -39.064183068330735,
                        73.26056206280961
                    ],
                    [
                        -39.069725143296495,
                        73.26300104199363
                    ],
                    [
                        -39.075256506096494,
                        73.26543951211875
                    ],
                    [
                        -39.08101462421995,
                        73.26788456625803
                    ],
                    [
                        -39.086536267750645,
                        73.27032236311771
                    ],
                    [
                        -39.092316528308196,
                        73.27276767928521
                    ],
                    [
                        -39.098154322333045,
                        73.27521450369264
                    ],
                    [
                        -39.1041002948409,
                        73.27766433625763
                    ],
                    [
                        -39.11019672197767,
                        73.28011842127665
                    ],
                    [
                        -39.11633855519594,
                        73.28257362728071
                    ],
                    [
                        -39.1226682916657,
                        73.2850341708004
                    ],
                    [
                        -39.129236781152755,
                        73.2875015358481
                    ],
                    [
                        -39.135968545095274,
                        73.28997346543474
                    ],
                    [
                        -39.14284445443008,
                        73.29244937638693
                    ],
                    [
                        -39.14953107889153,
                        73.29491942602199
                    ],
                    [
                        -39.156103319646434,
                        73.29738584063965
                    ],
                    [
                        -39.162538031960295,
                        73.29984795287838
                    ],
                    [
                        -39.168887864313106,
                        73.30230732375142
                    ],
                    [
                        -39.17535453725533,
                        73.30476987758719
                    ],
                    [
                        -39.181876599452046,
                        73.30723380193277
                    ],
                    [
                        -39.18880119156057,
                        73.30970924329976
                    ],
                    [
                        -39.19585154963844,
                        73.31213713919355
                    ],
                    [
                        -39.20289872745107,
                        73.31457968429808
                    ],
                    [
                        -39.209955420255724,
                        73.31700096736152
                    ],
                    [
                        -39.216996799879475,
                        73.31947132830196
                    ],
                    [
                        -39.22404728661996,
                        73.32192160469842
                    ],
                    [
                        -39.231097742960365,
                        73.32437770177835
                    ],
                    [
                        -39.2381571306421,
                        73.32681414506683
                    ],
                    [
                        -39.245240851781574,
                        73.32918700556276
                    ],
                    [
                        -39.25232108542152,
                        73.33157540124952
                    ],
                    [
                        -39.2594108304215,
                        73.33394228188368
                    ],
                    [
                        -39.26650850497193,
                        73.33629209880112
                    ],
                    [
                        -39.27358524464337,
                        73.33870737185082
                    ],
                    [
                        -39.28066247937128,
                        73.34112694750682
                    ],
                    [
                        -39.28775487446793,
                        73.34350879616113
                    ],
                    [
                        -39.294833672496516,
                        73.34593533624327
                    ],
                    [
                        -39.30192695784566,
                        73.34832602028888
                    ],
                    [
                        -39.30903753490265,
                        73.35067266375401
                    ],
                    [
                        -39.31612833385486,
                        73.35308187827678
                    ],
                    [
                        -39.3231615104865,
                        73.35555489438008
                    ],
                    [
                        -39.330178541566525,
                        73.35802715839952
                    ],
                    [
                        -39.33697263097768,
                        73.36049279728621
                    ],
                    [
                        -39.34371496723678,
                        73.36295669393475
                    ],
                    [
                        -39.35035261927085,
                        73.36541735458403
                    ],
                    [
                        -39.35707110525414,
                        73.367880040798
                    ],
                    [
                        -39.36385479403938,
                        73.3703443017535
                    ],
                    [
                        -39.37085420173137,
                        73.37281437754666
                    ],
                    [
                        -39.37786312529348,
                        73.37528443216758
                    ],
                    [
                        -39.38470262261824,
                        73.37774942905547
                    ],
                    [
                        -39.391644469127,
                        73.38021702554481
                    ],
                    [
                        -39.398712913516015,
                        73.38268789022403
                    ],
                    [
                        -39.40570514431432,
                        73.38515632484186
                    ],
                    [
                        -39.412495869418464,
                        73.38761883226734
                    ],
                    [
                        -39.419330398508386,
                        73.3900822913821
                    ],
                    [
                        -39.426256177489236,
                        73.39254802132922
                    ],
                    [
                        -39.433310193194146,
                        73.39501704230285
                    ],
                    [
                        -39.44030568495631,
                        73.39748414201105
                    ],
                    [
                        -39.44693547643331,
                        73.39994079092851
                    ],
                    [
                        -39.45346244524673,
                        73.40239432632454
                    ],
                    [
                        -39.460122799393396,
                        73.40485130671597
                    ],
                    [
                        -39.467056976733794,
                        73.40731560424639
                    ],
                    [
                        -39.47378999444023,
                        73.40977405914383
                    ],
                    [
                        -39.480570933432446,
                        73.4122335696115
                    ],
                    [
                        -39.48746734052699,
                        73.41469599208779
                    ],
                    [
                        -39.49446528164133,
                        73.41716092975923
                    ],
                    [
                        -39.50116305141573,
                        73.41961732981711
                    ],
                    [
                        -39.50767591326529,
                        73.42206839023652
                    ],
                    [
                        -39.51395521181899,
                        73.42451279763647
                    ],
                    [
                        -39.520159817352194,
                        73.42695492675247
                    ],
                    [
                        -39.526443840009335,
                        73.42939899950238
                    ],
                    [
                        -39.532641499035215,
                        73.43184048037794
                    ],
                    [
                        -39.538592681864934,
                        73.4342750116116
                    ],
                    [
                        -39.54460900050618,
                        73.43671110697584
                    ],
                    [
                        -39.55070199251622,
                        73.43914907377211
                    ],
                    [
                        -39.55667192764602,
                        73.44158347716156
                    ],
                    [
                        -39.56257591943756,
                        73.44401587971375
                    ],
                    [
                        -39.56839040300529,
                        73.44644564940211
                    ],
                    [
                        -39.57439570088181,
                        73.4488803841168
                    ],
                    [
                        -39.58065612324342,
                        73.45132180317046
                    ],
                    [
                        -39.586758276336724,
                        73.45375871774581
                    ],
                    [
                        -39.592793919931204,
                        73.45619361885642
                    ],
                    [
                        -39.598819187006924,
                        73.45862802525689
                    ],
                    [
                        -39.60494997386539,
                        73.46106505559436
                    ],
                    [
                        -39.610987925718696,
                        73.46349937035757
                    ],
                    [
                        -39.61697905582287,
                        73.46593221370975
                    ],
                    [
                        -39.622907228760155,
                        73.46836315810529
                    ],
                    [
                        -39.62892129904741,
                        73.4707961938463
                    ],
                    [
                        -39.63503416455037,
                        73.47323165699999
                    ],
                    [
                        -39.64120141241015,
                        73.47566835187776
                    ],
                    [
                        -39.647356935908064,
                        73.47810451054326
                    ],
                    [
                        -39.65354727972955,
                        73.48054137353576
                    ],
                    [
                        -39.65958292237277,
                        73.48297389791976
                    ],
                    [
                        -39.66539729869201,
                        73.48540033177613
                    ],
                    [
                        -39.671038372302895,
                        73.48782196929542
                    ],
                    [
                        -39.67668856375963,
                        73.49024366024058
                    ],
                    [
                        -39.682324824990374,
                        73.49266479391852
                    ],
                    [
                        -39.688102070933496,
                        73.49508946601179
                    ],
                    [
                        -39.69381753553027,
                        73.49751231056915
                    ],
                    [
                        -39.69946937511776,
                        73.49993328505444
                    ],
                    [
                        -39.70527770955814,
                        73.50235819187583
                    ],
                    [
                        -39.711043154751074,
                        73.50478177220113
                    ],
                    [
                        -39.71692187616361,
                        73.5072081321708
                    ],
                    [
                        -39.72285340171775,
                        73.50963567427371
                    ],
                    [
                        -39.72890562731196,
                        73.51206617206743
                    ],
                    [
                        -39.73508614945475,
                        73.51449981206864
                    ],
                    [
                        -39.741372804067694,
                        73.51693600191032
                    ],
                    [
                        -39.74762208567021,
                        73.51937098596044
                    ],
                    [
                        -39.75396565200513,
                        73.52180819902513
                    ],
                    [
                        -39.76049740608724,
                        73.52425007471119
                    ],
                    [
                        -39.76692785544186,
                        73.52668907006503
                    ],
                    [
                        -39.773212742841174,
                        73.52912404757191
                    ],
                    [
                        -39.77956623771941,
                        73.53156057303936
                    ],
                    [
                        -39.78588163878891,
                        73.53399587785111
                    ],
                    [
                        -39.79206797359029,
                        73.53642761491736
                    ],
                    [
                        -39.79853564514562,
                        73.53886639042982
                    ],
                    [
                        -39.80476219207719,
                        73.54129870849503
                    ],
                    [
                        -39.810836212468956,
                        73.54372687495027
                    ],
                    [
                        -39.81682309726611,
                        73.54615258645917
                    ],
                    [
                        -39.82265882764406,
                        73.5485742082365
                    ],
                    [
                        -39.82854253449035,
                        73.55099686130966
                    ],
                    [
                        -39.834523925991995,
                        73.55342181392982
                    ],
                    [
                        -39.840564783403984,
                        73.55584807895337
                    ],
                    [
                        -39.84671305818977,
                        73.55827687510876
                    ],
                    [
                        -39.8527724658245,
                        73.5607031851
                    ],
                    [
                        -39.85879477363658,
                        73.56312833667137
                    ],
                    [
                        -39.86482770948792,
                        73.56555354778213
                    ],
                    [
                        -39.87082835177855,
                        73.56797772701745
                    ],
                    [
                        -39.8767497519788,
                        73.57039968653696
                    ],
                    [
                        -39.882689700577224,
                        73.5728219121984
                    ],
                    [
                        -39.88857535171668,
                        73.57524255882441
                    ],
                    [
                        -39.894414301343595,
                        73.57766182382717
                    ],
                    [
                        -39.900221253955735,
                        73.58008008301026
                    ],
                    [
                        -39.9061940169922,
                        73.58250232584071
                    ],
                    [
                        -39.91217869239963,
                        73.58492466166919
                    ],
                    [
                        -39.91830982736895,
                        73.58735047190359
                    ],
                    [
                        -39.92428647322552,
                        73.58977218613147
                    ],
                    [
                        -39.93027663193594,
                        73.59219403226099
                    ],
                    [
                        -39.93624414185162,
                        73.5946151035421
                    ],
                    [
                        -39.94236322918068,
                        73.59703975903956
                    ],
                    [
                        -39.94838150367663,
                        73.59946168078334
                    ],
                    [
                        -39.954353134168535,
                        73.6018822299056
                    ],
                    [
                        -39.96025497895787,
                        73.60430083477047
                    ],
                    [
                        -39.96623814597088,
                        73.60672126086986
                    ],
                    [
                        -39.97227959474886,
                        73.6091429278535
                    ],
                    [
                        -39.978204284508976,
                        73.61156148790992
                    ],
                    [
                        -39.98399041235876,
                        73.61397641252756
                    ],
                    [
                        -39.98953450431676,
                        73.61638515498393
                    ],
                    [
                        -39.99515647528717,
                        73.61879564370392
                    ],
                    [
                        -40.00078087131698,
                        73.62120600922269
                    ],
                    [
                        -40.006361164330244,
                        73.62361510452652
                    ],
                    [
                        -40.01202122787537,
                        73.62602598326241
                    ],
                    [
                        -40.01778898703071,
                        73.62843932447467
                    ],
                    [
                        -40.023508387970544,
                        73.63085128630672
                    ],
                    [
                        -40.029270719631924,
                        73.63326411197298
                    ],
                    [
                        -40.03513881935581,
                        73.63567933620735
                    ],
                    [
                        -40.04094543620485,
                        73.63809285850024
                    ],
                    [
                        -40.046738233536985,
                        73.64050584901145
                    ],
                    [
                        -40.052435503297176,
                        73.64291631613068
                    ],
                    [
                        -40.05814045330429,
                        73.64532678323091
                    ],
                    [
                        -40.06377701573132,
                        73.64773539901257
                    ],
                    [
                        -40.069503875113995,
                        73.65014602562877
                    ],
                    [
                        -40.07563645913576,
                        73.652566308071
                    ],
                    [
                        -40.0816509426653,
                        73.6549835136076
                    ],
                    [
                        -40.087724993111436,
                        73.6574019530996
                    ],
                    [
                        -40.0939208791166,
                        73.65982312519183
                    ],
                    [
                        -40.100048077569404,
                        73.66224242054382
                    ],
                    [
                        -40.106440373407466,
                        73.6646678884786
                    ],
                    [
                        -40.11312740830966,
                        73.66710021424505
                    ],
                    [
                        -40.11965994458661,
                        73.66952857497323
                    ],
                    [
                        -40.126172054925966,
                        73.67195620316586
                    ],
                    [
                        -40.13229595980387,
                        73.6743742925422
                    ],
                    [
                        -40.13832611961924,
                        73.67678992568565
                    ],
                    [
                        -40.14442040710027,
                        73.67920688284003
                    ],
                    [
                        -40.15078217905513,
                        73.68163000775857
                    ],
                    [
                        -40.15716305829285,
                        73.68405335761378
                    ],
                    [
                        -40.16333848608769,
                        73.68647159040171
                    ],
                    [
                        -40.169100426258765,
                        73.68887978657574
                    ],
                    [
                        -40.17503675676933,
                        73.69129192890448
                    ],
                    [
                        -40.18105401742062,
                        73.69370578692427
                    ],
                    [
                        -40.18702638166062,
                        73.69611837687654
                    ],
                    [
                        -40.193376197492775,
                        73.69853967767546
                    ],
                    [
                        -40.199836912235774,
                        73.7009633648531
                    ],
                    [
                        -40.206133405147256,
                        73.7033829490261
                    ],
                    [
                        -40.21200291975927,
                        73.70579226914907
                    ],
                    [
                        -40.21783926018278,
                        73.70820061411091
                    ],
                    [
                        -40.22367590392451,
                        73.71060877220496
                    ],
                    [
                        -40.229609795808635,
                        73.71301901359593
                    ],
                    [
                        -40.23579565046721,
                        73.7154349465112
                    ],
                    [
                        -40.24202432722792,
                        73.71785166242695
                    ],
                    [
                        -40.24835808546026,
                        73.7202706085617
                    ],
                    [
                        -40.25497236290063,
                        73.72269585798341
                    ],
                    [
                        -40.26172284772231,
                        73.72512402658167
                    ],
                    [
                        -40.268671062928235,
                        73.7275565270459
                    ],
                    [
                        -40.275391525149956,
                        73.72998348040171
                    ],
                    [
                        -40.2819552853786,
                        73.73240655519253
                    ],
                    [
                        -40.28845507280854,
                        73.73482790998935
                    ],
                    [
                        -40.294723607641004,
                        73.73724369395812
                    ],
                    [
                        -40.30074652767536,
                        73.73965360016868
                    ],
                    [
                        -40.30674969356928,
                        73.74206284701754
                    ],
                    [
                        -40.31275894194736,
                        73.74447202982135
                    ],
                    [
                        -40.31896972949992,
                        73.74688562982459
                    ],
                    [
                        -40.32504521020098,
                        73.74929591446966
                    ],
                    [
                        -40.33106611108435,
                        73.7517047430003
                    ],
                    [
                        -40.33731786539805,
                        73.75411863725931
                    ],
                    [
                        -40.34368682758436,
                        73.75653498329284
                    ],
                    [
                        -40.35018478617104,
                        73.75895403731208
                    ],
                    [
                        -40.35640476661597,
                        73.76136653755152
                    ],
                    [
                        -40.36271471176785,
                        73.76378086166895
                    ],
                    [
                        -40.3692152761262,
                        73.76619928092377
                    ],
                    [
                        -40.37537696455252,
                        73.76860979759168
                    ],
                    [
                        -40.38197120727171,
                        73.7710298712808
                    ],
                    [
                        -40.38847884008179,
                        73.77344774862097
                    ],
                    [
                        -40.395086765708186,
                        73.77586764717132
                    ],
                    [
                        -40.40126454845201,
                        73.77827763172048
                    ],
                    [
                        -40.407191415132885,
                        73.7806817693561
                    ],
                    [
                        -40.41273461280843,
                        73.78307710832493
                    ],
                    [
                        -40.41798785179526,
                        73.78546578194228
                    ],
                    [
                        -40.42333188005772,
                        73.7878563296705
                    ],
                    [
                        -40.42875916881804,
                        73.79024857542767
                    ],
                    [
                        -40.43422810296844,
                        73.79264158377235
                    ],
                    [
                        -40.43952171465904,
                        73.79503051887977
                    ],
                    [
                        -40.44478671608703,
                        73.79741865948067
                    ],
                    [
                        -40.450224974000854,
                        73.79981049226296
                    ],
                    [
                        -40.45578419018722,
                        73.80220484167431
                    ],
                    [
                        -40.461561906464816,
                        73.80460385739296
                    ],
                    [
                        -40.46737071736129,
                        73.80700337365127
                    ],
                    [
                        -40.47345832919551,
                        73.80940885861104
                    ],
                    [
                        -40.47958876907483,
                        73.81181508096039
                    ],
                    [
                        -40.4856371225726,
                        73.81421928591394
                    ],
                    [
                        -40.491628713152,
                        73.81662203843615
                    ],
                    [
                        -40.497546372019244,
                        73.81902296719491
                    ],
                    [
                        -40.50327728112747,
                        73.82141960597711
                    ],
                    [
                        -40.50881267786653,
                        73.82381178049845
                    ],
                    [
                        -40.51426737130082,
                        73.8262020188038
                    ],
                    [
                        -40.51971005995789,
                        73.82859182818319
                    ],
                    [
                        -40.524941076204314,
                        73.83097685599014
                    ],
                    [
                        -40.53008821761523,
                        73.83335990365647
                    ],
                    [
                        -40.535344968756,
                        73.83574518644943
                    ],
                    [
                        -40.54072503218321,
                        73.83813299255006
                    ],
                    [
                        -40.54608285062984,
                        73.84052015408395
                    ],
                    [
                        -40.551440787868955,
                        73.84290715747818
                    ],
                    [
                        -40.55669059568791,
                        73.84529166122638
                    ],
                    [
                        -40.56193141599384,
                        73.84767581649851
                    ],
                    [
                        -40.56729643737642,
                        73.85006249752503
                    ],
                    [
                        -40.57284926869144,
                        73.85245306379686
                    ],
                    [
                        -40.5783814927701,
                        73.85484301472552
                    ],
                    [
                        -40.583842489191845,
                        73.85723126474434
                    ],
                    [
                        -40.58927981381617,
                        73.8596188405372
                    ],
                    [
                        -40.5949203966849,
                        73.86201060595451
                    ],
                    [
                        -40.60048241087603,
                        73.86440051347994
                    ],
                    [
                        -40.60590881717553,
                        73.8667873517678
                    ],
                    [
                        -40.61109626449784,
                        73.86916892794636
                    ],
                    [
                        -40.616357186638815,
                        73.87155191944134
                    ],
                    [
                        -40.621771812939784,
                        73.87393802700831
                    ],
                    [
                        -40.626863092932005,
                        73.87631710090898
                    ],
                    [
                        -40.63187495675063,
                        73.87869434492254
                    ],
                    [
                        -40.63684916295143,
                        73.88107065068839
                    ],
                    [
                        -40.64175398058382,
                        73.88344534969407
                    ],
                    [
                        -40.64669170949271,
                        73.8858206102408
                    ],
                    [
                        -40.65150845867433,
                        73.88819318059134
                    ],
                    [
                        -40.65640667794221,
                        73.89056733948246
                    ],
                    [
                        -40.66125973382735,
                        73.8929404135438
                    ],
                    [
                        -40.66624273255244,
                        73.8953160894464
                    ],
                    [
                        -40.67119956008543,
                        73.89769107742077
                    ],
                    [
                        -40.67612554426463,
                        73.90006528163667
                    ],
                    [
                        -40.68104707179016,
                        73.90243925748393
                    ],
                    [
                        -40.685906263255255,
                        73.90481179427017
                    ],
                    [
                        -40.690701502267764,
                        73.90718286325139
                    ],
                    [
                        -40.695442874151695,
                        73.90955268003438
                    ],
                    [
                        -40.70025385591546,
                        73.91192382290714
                    ],
                    [
                        -40.70508413513178,
                        73.9142952389335
                    ],
                    [
                        -40.70988787690442,
                        73.91666597358567
                    ],
                    [
                        -40.714694233558056,
                        73.91903663440912
                    ],
                    [
                        -40.719340521126455,
                        73.9214038470639
                    ],
                    [
                        -40.72390393137274,
                        73.9237692229911
                    ],
                    [
                        -40.728477529357946,
                        73.92613469409581
                    ],
                    [
                        -40.73308639906863,
                        73.92850077802179
                    ],
                    [
                        -40.73762257471102,
                        73.93086524370428
                    ],
                    [
                        -40.74203882633439,
                        73.93322712295574
                    ],
                    [
                        -40.74636726511324,
                        73.93558708583527
                    ],
                    [
                        -40.75076981138831,
                        73.93794846907785
                    ],
                    [
                        -40.755376672187786,
                        73.94031394210309
                    ],
                    [
                        -40.76002523450499,
                        73.94268015320205
                    ],
                    [
                        -40.764570803773246,
                        73.94504413423327
                    ],
                    [
                        -40.76918852110343,
                        73.94740947754782
                    ],
                    [
                        -40.77388144613441,
                        73.94977624024104
                    ],
                    [
                        -40.778422518456175,
                        73.95213978108754
                    ],
                    [
                        -40.782865210952345,
                        73.95450120188984
                    ],
                    [
                        -40.787262047936835,
                        73.95686157968157
                    ],
                    [
                        -40.79176811509161,
                        73.95922407267427
                    ],
                    [
                        -40.796522065214255,
                        73.96159148972806
                    ],
                    [
                        -40.801305666381936,
                        73.9639593837464
                    ],
                    [
                        -40.80607182030236,
                        73.96632679805784
                    ],
                    [
                        -40.81077752671843,
                        73.96869286382494
                    ],
                    [
                        -40.8154099604221,
                        73.97105732652476
                    ],
                    [
                        -40.82008425875757,
                        73.97342251612763
                    ],
                    [
                        -40.82473414415536,
                        73.97578709319589
                    ],
                    [
                        -40.8294595933885,
                        73.97815307280528
                    ],
                    [
                        -40.83414343675047,
                        73.98051809284225
                    ],
                    [
                        -40.838652471096914,
                        73.98287948109743
                    ],
                    [
                        -40.843209440952876,
                        73.98524171914512
                    ],
                    [
                        -40.847830415406044,
                        73.98760512539289
                    ],
                    [
                        -40.852591490677035,
                        73.98997121770611
                    ],
                    [
                        -40.85732134583828,
                        73.99233656164739
                    ],
                    [
                        -40.8618970935317,
                        73.99469870702445
                    ],
                    [
                        -40.86639099347969,
                        73.99705910590254
                    ],
                    [
                        -40.87100944152906,
                        73.99942187360787
                    ],
                    [
                        -40.87573625426031,
                        74.00178667898376
                    ],
                    [
                        -40.880449074557866,
                        74.00415108402574
                    ],
                    [
                        -40.88527533191465,
                        74.0065176170024
                    ],
                    [
                        -40.890176569160474,
                        74.0088855074092
                    ],
                    [
                        -40.89495921995884,
                        74.01125092088903
                    ],
                    [
                        -40.89993928322406,
                        74.01362010856428
                    ],
                    [
                        -40.90489124581673,
                        74.01598860638006
                    ],
                    [
                        -40.909883513123894,
                        74.01835776411795
                    ],
                    [
                        -40.914863933326345,
                        74.0207265526823
                    ],
                    [
                        -40.91979072017651,
                        74.02309415221019
                    ],
                    [
                        -40.92455612730268,
                        74.02545845321566
                    ],
                    [
                        -40.92926111149954,
                        74.0278214463546
                    ],
                    [
                        -40.933886542345,
                        74.03018276195988
                    ],
                    [
                        -40.938486888498474,
                        74.03254347056951
                    ],
                    [
                        -40.94330940261739,
                        74.03490839987063
                    ],
                    [
                        -40.94837650317909,
                        74.03727796944399
                    ],
                    [
                        -40.953417379739754,
                        74.03964688885526
                    ],
                    [
                        -40.95846524610994,
                        74.04201580581667
                    ],
                    [
                        -40.96354783869721,
                        74.04438525812128
                    ],
                    [
                        -40.96852090727257,
                        74.04675244728296
                    ],
                    [
                        -40.97343452183574,
                        74.04911835125277
                    ],
                    [
                        -40.97849164720873,
                        74.0514868977125
                    ],
                    [
                        -40.9836860690895,
                        74.05385795507634
                    ],
                    [
                        -40.988941670013915,
                        74.0562300450451
                    ],
                    [
                        -40.99439922055229,
                        74.05860587132926
                    ],
                    [
                        -40.9999209953749,
                        74.0609827702844
                    ],
                    [
                        -41.0056946505276,
                        74.06336433608935
                    ],
                    [
                        -41.0114350346966,
                        74.06574508466836
                    ],
                    [
                        -41.01696297793083,
                        74.06812159302086
                    ],
                    [
                        -41.02240637138465,
                        74.07049632189207
                    ],
                    [
                        -41.02786607418862,
                        74.07287120155115
                    ],
                    [
                        -41.03326936456623,
                        74.07524484634054
                    ],
                    [
                        -41.03857887672005,
                        74.07761655096957
                    ],
                    [
                        -41.04394344733797,
                        74.07998914826167
                    ],
                    [
                        -41.04903400266142,
                        74.08235639735611
                    ],
                    [
                        -41.05423280068091,
                        74.084725554832
                    ],
                    [
                        -41.05945640820454,
                        74.08709503519967
                    ],
                    [
                        -41.06473685922564,
                        74.08946544085403
                    ],
                    [
                        -41.0700037644296,
                        74.09183544095158
                    ],
                    [
                        -41.07521111223437,
                        74.09420417112871
                    ],
                    [
                        -41.08048955409369,
                        74.09657409058016
                    ],
                    [
                        -41.08578447675928,
                        74.09894416906904
                    ],
                    [
                        -41.091006167034244,
                        74.10131272514629
                    ],
                    [
                        -41.09612456730397,
                        74.1036792028896
                    ],
                    [
                        -41.1012782710733,
                        74.10604619882551
                    ],
                    [
                        -41.10681944073369,
                        74.10842027600995
                    ],
                    [
                        -41.112439763556,
                        74.11079566170359
                    ],
                    [
                        -41.117771703869295,
                        74.1131655183424
                    ],
                    [
                        -41.122990339038274,
                        74.11553311962601
                    ],
                    [
                        -41.12824662989405,
                        74.11790127240425
                    ],
                    [
                        -41.13360574609211,
                        74.12027117933064
                    ],
                    [
                        -41.139039830428224,
                        74.12264231709969
                    ],
                    [
                        -41.14432876540947,
                        74.1250106194098
                    ],
                    [
                        -41.14940154491575,
                        74.1273747907815
                    ],
                    [
                        -41.15457026081579,
                        74.12974058846866
                    ],
                    [
                        -41.15990906411457,
                        74.13210936619198
                    ],
                    [
                        -41.1651928746285,
                        74.13447698309102
                    ],
                    [
                        -41.170335761498585,
                        74.13684187075773
                    ],
                    [
                        -41.1752838316689,
                        74.13920305562638
                    ],
                    [
                        -41.18034343917336,
                        74.14156614537703
                    ],
                    [
                        -41.18526094178976,
                        74.14392650804312
                    ],
                    [
                        -41.1902125671976,
                        74.1462873624033
                    ],
                    [
                        -41.19525239057116,
                        74.14864968857604
                    ],
                    [
                        -41.20032884801879,
                        74.1510125438012
                    ],
                    [
                        -41.20561488454812,
                        74.15337905884114
                    ],
                    [
                        -41.21076331380763,
                        74.15574293525107
                    ],
                    [
                        -41.215733887695094,
                        74.15810345725994
                    ],
                    [
                        -41.22068148059899,
                        74.16046343286031
                    ],
                    [
                        -41.22546441875477,
                        74.16282031192168
                    ],
                    [
                        -41.23017481667902,
                        74.16517576410192
                    ],
                    [
                        -41.234763146101564,
                        74.16752890521043
                    ],
                    [
                        -41.23914793851683,
                        74.1698782827372
                    ],
                    [
                        -41.24363317425737,
                        74.17222935750344
                    ],
                    [
                        -41.248172126316156,
                        74.1745812862739
                    ],
                    [
                        -41.25272058111977,
                        74.17693327519139
                    ],
                    [
                        -41.257181329105364,
                        74.17928358905722
                    ],
                    [
                        -41.26146433545338,
                        74.18163062975364
                    ],
                    [
                        -41.26565937716676,
                        74.18397600747547
                    ],
                    [
                        -41.2699680343725,
                        74.18632331136479
                    ],
                    [
                        -41.27421487996878,
                        74.18866941947321
                    ],
                    [
                        -41.278304414323784,
                        74.19101264291022
                    ],
                    [
                        -41.28236823967826,
                        74.19335532257041
                    ],
                    [
                        -41.28634085972276,
                        74.19569630180541
                    ],
                    [
                        -41.29008737287789,
                        74.19803320343121
                    ],
                    [
                        -41.29373576585205,
                        74.20036829981832
                    ],
                    [
                        -41.29754905728011,
                        74.20270623277274
                    ],
                    [
                        -41.301345624313335,
                        74.2050437947643
                    ],
                    [
                        -41.305199101149256,
                        74.20738228162037
                    ],
                    [
                        -41.309307756143504,
                        74.20972517175692
                    ],
                    [
                        -41.313242080045455,
                        74.21206491506994
                    ],
                    [
                        -41.317106612436355,
                        74.21440335420031
                    ],
                    [
                        -41.32103241613729,
                        74.2167427869263
                    ],
                    [
                        -41.32492612200911,
                        74.21908157760294
                    ],
                    [
                        -41.328785361915315,
                        74.22141968695392
                    ],
                    [
                        -41.3327401378653,
                        74.22375938372608
                    ],
                    [
                        -41.33664868456972,
                        74.22609819327045
                    ],
                    [
                        -41.34048716958825,
                        74.22843570404666
                    ],
                    [
                        -41.34435691857348,
                        74.23077368066417
                    ],
                    [
                        -41.3480905206632,
                        74.23310921646926
                    ],
                    [
                        -41.351800882598766,
                        74.23544427660285
                    ],
                    [
                        -41.355485176093374,
                        74.23777881353854
                    ],
                    [
                        -41.359217276238546,
                        74.2401141062381
                    ],
                    [
                        -41.36302295422034,
                        74.24245059689385
                    ],
                    [
                        -41.36674373646097,
                        74.24478554738984
                    ],
                    [
                        -41.370389381015194,
                        74.24711913103238
                    ],
                    [
                        -41.37392046379959,
                        74.24945067380624
                    ],
                    [
                        -41.37745927338101,
                        74.25178228471778
                    ],
                    [
                        -41.381029176392964,
                        74.25411436459574
                    ],
                    [
                        -41.38453704822523,
                        74.25644531432194
                    ],
                    [
                        -41.38793404247293,
                        74.2587743005504
                    ],
                    [
                        -41.39113763539456,
                        74.26109991700301
                    ],
                    [
                        -41.39429100388909,
                        74.26342462220238
                    ],
                    [
                        -41.39749733189607,
                        74.26575018133867
                    ],
                    [
                        -41.40053112734493,
                        74.26807274384967
                    ],
                    [
                        -41.40354573788296,
                        74.27039493275971
                    ],
                    [
                        -41.40654444815022,
                        74.27271680499236
                    ],
                    [
                        -41.40942818385941,
                        74.27503667565853
                    ],
                    [
                        -41.412323893719496,
                        74.27735670832917
                    ],
                    [
                        -41.415171609802,
                        74.2796758840354
                    ],
                    [
                        -41.41796992951775,
                        74.28199418129446
                    ],
                    [
                        -41.42072877323186,
                        74.28431177061567
                    ],
                    [
                        -41.42351629244175,
                        74.28662980805403
                    ],
                    [
                        -41.426409893937596,
                        74.28894960197147
                    ],
                    [
                        -41.42932066216428,
                        74.29126964429581
                    ],
                    [
                        -41.432151464486985,
                        74.29358829391568
                    ],
                    [
                        -41.435010390300704,
                        74.29590737829434
                    ],
                    [
                        -41.4378743564574,
                        74.2982265070243
                    ],
                    [
                        -41.44076390033348,
                        74.30054602571245
                    ],
                    [
                        -41.44365463044739,
                        74.30286552279817
                    ],
                    [
                        -41.44648840816778,
                        74.30518402110022
                    ],
                    [
                        -41.44936590215385,
                        74.30750321370822
                    ],
                    [
                        -41.45235912784506,
                        74.30982430656698
                    ],
                    [
                        -41.455463996592144,
                        74.31214722541038
                    ],
                    [
                        -41.45862027892319,
                        74.31447095628343
                    ],
                    [
                        -41.46172296826215,
                        74.31679374053851
                    ],
                    [
                        -41.464732339061406,
                        74.3191149172871
                    ],
                    [
                        -41.46776984201244,
                        74.32143651818822
                    ],
                    [
                        -41.47074158055475,
                        74.32375697633256
                    ],
                    [
                        -41.473583104465135,
                        74.32607522144804
                    ],
                    [
                        -41.47631475503043,
                        74.32839159826095
                    ],
                    [
                        -41.47895223643665,
                        74.33070637295147
                    ],
                    [
                        -41.48153819241546,
                        74.33302025814764
                    ],
                    [
                        -41.48406311597441,
                        74.33533309832842
                    ],
                    [
                        -41.48649155589445,
                        74.33764430821216
                    ],
                    [
                        -41.48874602667297,
                        74.33995260783522
                    ],
                    [
                        -41.490930949639925,
                        74.34225973307352
                    ],
                    [
                        -41.49312457220754,
                        74.34456698124163
                    ],
                    [
                        -41.49535473190446,
                        74.34687481224103
                    ],
                    [
                        -41.49760323830135,
                        74.34918292416698
                    ],
                    [
                        -41.499914231337755,
                        74.35149204489947
                    ],
                    [
                        -41.502257012927195,
                        74.35380166565992
                    ],
                    [
                        -41.50460950766862,
                        74.35611142138991
                    ],
                    [
                        -41.5070170321282,
                        74.35842205787081
                    ],
                    [
                        -41.50952726482875,
                        74.36073435721991
                    ],
                    [
                        -41.51209277283951,
                        74.36304753542287
                    ],
                    [
                        -41.514668679315605,
                        74.36536085311457
                    ],
                    [
                        -41.517188109899706,
                        74.36767321259187
                    ],
                    [
                        -41.51980787138708,
                        74.36998718691065
                    ],
                    [
                        -41.52248982828294,
                        74.3723021470593
                    ],
                    [
                        -41.52518641126768,
                        74.37461731187027
                    ],
                    [
                        -41.52782580448244,
                        74.37693150664147
                    ],
                    [
                        -41.53044598924253,
                        74.37924535430145
                    ],
                    [
                        -41.53300379822818,
                        74.38155815126343
                    ],
                    [
                        -41.53561422817401,
                        74.38387177522752
                    ],
                    [
                        -41.53817600266261,
                        74.38618457412119
                    ],
                    [
                        -41.540737597167066,
                        74.3884973390351
                    ],
                    [
                        -41.543253346441965,
                        74.39080932741545
                    ],
                    [
                        -41.54573389909349,
                        74.3931207142401
                    ],
                    [
                        -41.548279702160215,
                        74.39543313157814
                    ],
                    [
                        -41.550790346844444,
                        74.39774494814914
                    ],
                    [
                        -41.553308136906615,
                        74.40005685097779
                    ],
                    [
                        -41.55590453813643,
                        74.4023699968119
                    ],
                    [
                        -41.55852436573785,
                        74.40468348960252
                    ],
                    [
                        -41.56107408501245,
                        74.40699581674254
                    ],
                    [
                        -41.56358927849377,
                        74.40930755580733
                    ],
                    [
                        -41.566018907074906,
                        74.41161788487122
                    ],
                    [
                        -41.5685869991379,
                        74.41393041861045
                    ],
                    [
                        -41.571158237800375,
                        74.41624297192985
                    ],
                    [
                        -41.57374390393306,
                        74.41855572620989
                    ],
                    [
                        -41.576327317437055,
                        74.4208684127011
                    ],
                    [
                        -41.57885249867415,
                        74.42318013243757
                    ],
                    [
                        -41.581326138457364,
                        74.42549099528051
                    ],
                    [
                        -41.5837602055675,
                        74.42780119529765
                    ],
                    [
                        -41.58609403373584,
                        74.43010976227829
                    ],
                    [
                        -41.588487985107776,
                        74.43241926709285
                    ],
                    [
                        -41.590954235558634,
                        74.4347299020236
                    ],
                    [
                        -41.59341161113911,
                        74.43704036704104
                    ],
                    [
                        -41.595821209170715,
                        74.43935004145318
                    ],
                    [
                        -41.59824032969497,
                        74.44165984123585
                    ],
                    [
                        -41.60063216717733,
                        74.4439691794191
                    ],
                    [
                        -41.60304077735967,
                        74.44627875866979
                    ],
                    [
                        -41.60551430012319,
                        74.44858934422611
                    ],
                    [
                        -41.607910968170096,
                        74.45089867983059
                    ],
                    [
                        -41.61023166322093,
                        74.45320678262532
                    ],
                    [
                        -41.61253345976046,
                        74.45551456141885
                    ],
                    [
                        -41.61481776482293,
                        74.45782203927513
                    ],
                    [
                        -41.6170598348139,
                        74.46012882484236
                    ],
                    [
                        -41.61927098988746,
                        74.4624350989709
                    ],
                    [
                        -41.62149494951518,
                        74.46474155444406
                    ],
                    [
                        -41.623652740403664,
                        74.46704694250379
                    ],
                    [
                        -41.62571763772714,
                        74.46935084351833
                    ],
                    [
                        -41.627679549661735,
                        74.47165310155296
                    ],
                    [
                        -41.629617640072766,
                        74.47395496872434
                    ],
                    [
                        -41.63150939089806,
                        74.47625609095624
                    ],
                    [
                        -41.633428551064426,
                        74.47855763130661
                    ],
                    [
                        -41.635388725787436,
                        74.48085980296976
                    ],
                    [
                        -41.637298692075866,
                        74.4831611699388
                    ],
                    [
                        -41.639180173088455,
                        74.48546207530116
                    ],
                    [
                        -41.64103700725749,
                        74.48776258029099
                    ],
                    [
                        -41.64289790973075,
                        74.49006313636734
                    ],
                    [
                        -41.64468756680283,
                        74.4923625622841
                    ],
                    [
                        -41.64643676803377,
                        74.49466134287049
                    ],
                    [
                        -41.64806256792941,
                        74.49695818028604
                    ],
                    [
                        -41.64965146147854,
                        74.49925443209534
                    ],
                    [
                        -41.651248726535194,
                        74.50155080766342
                    ],
                    [
                        -41.652837455115936,
                        74.50384704242185
                    ],
                    [
                        -41.65445129173428,
                        74.5061436622702
                    ],
                    [
                        -41.65606129974283,
                        74.50844021466631
                    ],
                    [
                        -41.657634391999764,
                        74.51073618343419
                    ],
                    [
                        -41.65913068139787,
                        74.5130309476137
                    ],
                    [
                        -41.6605922730097,
                        74.5153251655834
                    ],
                    [
                        -41.662046761144836,
                        74.51761926812183
                    ],
                    [
                        -41.66355197048749,
                        74.51991415561146
                    ],
                    [
                        -41.66515254272875,
                        74.52221052116523
                    ],
                    [
                        -41.66680900267876,
                        74.52450774825782
                    ],
                    [
                        -41.668454905860834,
                        74.52680480283271
                    ],
                    [
                        -41.67011942741062,
                        74.52910213823249
                    ],
                    [
                        -41.671732364740514,
                        74.53139866451696
                    ],
                    [
                        -41.67336279282926,
                        74.53369545443113
                    ],
                    [
                        -41.67503211775367,
                        74.53599283921253
                    ],
                    [
                        -41.676698842503974,
                        74.53829017499385
                    ],
                    [
                        -41.67844196226115,
                        74.54058868452297
                    ],
                    [
                        -41.6802776464894,
                        74.54288861551255
                    ],
                    [
                        -41.682183844954025,
                        74.54518962416508
                    ],
                    [
                        -41.68411506892943,
                        74.54749100559083
                    ],
                    [
                        -41.68600434400827,
                        74.54979172532808
                    ],
                    [
                        -41.6877902663159,
                        74.55209083777191
                    ],
                    [
                        -41.689585655498036,
                        74.55439008501837
                    ],
                    [
                        -41.69142892415446,
                        74.55669005837464
                    ],
                    [
                        -41.693260665405894,
                        74.55898984199986
                    ],
                    [
                        -41.69502810047689,
                        74.56128862454402
                    ],
                    [
                        -41.69672183544257,
                        74.56358626365103
                    ],
                    [
                        -41.69846505770596,
                        74.56588465369147
                    ],
                    [
                        -41.70028649776667,
                        74.56818423410962
                    ],
                    [
                        -41.70207186560126,
                        74.57048324942474
                    ],
                    [
                        -41.70375291642189,
                        74.57278065473172
                    ],
                    [
                        -41.70535812104966,
                        74.5750768893135
                    ],
                    [
                        -41.70689926423958,
                        74.57737213579551
                    ],
                    [
                        -41.70834629877699,
                        74.5796659362677
                    ],
                    [
                        -41.70979699933456,
                        74.58195978836248
                    ],
                    [
                        -41.71124185686614,
                        74.58425354666576
                    ],
                    [
                        -41.71262572584961,
                        74.58654636908284
                    ],
                    [
                        -41.71396904346223,
                        74.58883856917458
                    ],
                    [
                        -41.71528271906323,
                        74.59113031441392
                    ],
                    [
                        -41.71664945809417,
                        74.59342286665581
                    ],
                    [
                        -41.718135396882445,
                        74.5957172323927
                    ],
                    [
                        -41.71969012845493,
                        74.59801264069635
                    ],
                    [
                        -41.721216653397036,
                        74.60030761329632
                    ],
                    [
                        -41.722769584610596,
                        74.60260298169173
                    ],
                    [
                        -41.724370243759395,
                        74.60489906925058
                    ],
                    [
                        -41.72591204035162,
                        74.6071942553331
                    ],
                    [
                        -41.72746249951837,
                        74.60948956679266
                    ],
                    [
                        -41.72904625935812,
                        74.61178537721457
                    ],
                    [
                        -41.730722246075544,
                        74.61408257913189
                    ],
                    [
                        -41.73249830002161,
                        74.6163812885798
                    ],
                    [
                        -41.73432233061903,
                        74.61868071369732
                    ],
                    [
                        -41.736234867211465,
                        74.62098146618058
                    ],
                    [
                        -41.73824982073478,
                        74.62328375340627
                    ],
                    [
                        -41.74034888753008,
                        74.62558729531496
                    ],
                    [
                        -41.74246801378888,
                        74.62789112202414
                    ],
                    [
                        -41.74452109518117,
                        74.63019393411457
                    ],
                    [
                        -41.74655398924889,
                        74.63249642506348
                    ],
                    [
                        -41.748547384720645,
                        74.6347983047563
                    ],
                    [
                        -41.75069835845492,
                        74.63710254021876
                    ],
                    [
                        -41.752892798430004,
                        74.63940741000667
                    ],
                    [
                        -41.755274597671516,
                        74.64171507414274
                    ],
                    [
                        -41.75776392478341,
                        74.64402432705936
                    ],
                    [
                        -41.76038463681524,
                        74.6463355220452
                    ],
                    [
                        -41.763125232874806,
                        74.6486484811789
                    ],
                    [
                        -41.76581033782426,
                        74.65096057478719
                    ],
                    [
                        -41.76842772856451,
                        74.65327162258622
                    ],
                    [
                        -41.77106015125533,
                        74.65558286338988
                    ],
                    [
                        -41.77373981798829,
                        74.65789477720358
                    ],
                    [
                        -41.776329427209916,
                        74.66020531527077
                    ],
                    [
                        -41.778946666495834,
                        74.66251623414337
                    ],
                    [
                        -41.78173765388845,
                        74.66482970656207
                    ],
                    [
                        -41.784514535554614,
                        74.66714293277947
                    ],
                    [
                        -41.787196008478354,
                        74.66945470629108
                    ],
                    [
                        -41.78987566693299,
                        74.67176641961443
                    ],
                    [
                        -41.79256277194827,
                        74.6740782100775
                    ],
                    [
                        -41.79511069441315,
                        74.67638790663072
                    ],
                    [
                        -41.79767516311248,
                        74.6786978184927
                    ],
                    [
                        -41.80030889211171,
                        74.68100872389707
                    ],
                    [
                        -41.80301006059721,
                        74.68332059299313
                    ],
                    [
                        -41.80565433268091,
                        74.68563158926678
                    ],
                    [
                        -41.80831955859951,
                        74.68794286214036
                    ],
                    [
                        -41.811082339129904,
                        74.69025553811191
                    ],
                    [
                        -41.81372237673716,
                        74.69256637383835
                    ],
                    [
                        -41.81636114056402,
                        74.69487715890904
                    ],
                    [
                        -41.81890856926551,
                        74.69718657176371
                    ],
                    [
                        -41.82156881305276,
                        74.69949760927433
                    ],
                    [
                        -41.82417271133504,
                        74.70180778904873
                    ],
                    [
                        -41.826749036965296,
                        74.70411753451184
                    ],
                    [
                        -41.82944247569719,
                        74.70642896185075
                    ],
                    [
                        -41.8322021166404,
                        74.70874132251595
                    ],
                    [
                        -41.835111205652545,
                        74.71105582789514
                    ],
                    [
                        -41.83798448012948,
                        74.71336977149923
                    ],
                    [
                        -41.84092585832529,
                        74.71568466765684
                    ],
                    [
                        -41.843767776851635,
                        74.71799807674523
                    ],
                    [
                        -41.8465956271653,
                        74.72031124370623
                    ],
                    [
                        -41.84964356369205,
                        74.72262756673463
                    ],
                    [
                        -41.852836952518075,
                        74.72494595352914
                    ],
                    [
                        -41.855998008079126,
                        74.72726382325057
                    ],
                    [
                        -41.859368970121565,
                        74.72958467996918
                    ],
                    [
                        -41.86304448800439,
                        74.73190987921079
                    ],
                    [
                        -41.866587368561426,
                        74.73423309950157
                    ],
                    [
                        -41.87036490730413,
                        74.73655963788535
                    ],
                    [
                        -41.874138106313424,
                        74.73888604365577
                    ],
                    [
                        -41.877902110663875,
                        74.74121224736977
                    ],
                    [
                        -41.881646790698994,
                        74.74353810430955
                    ],
                    [
                        -41.88543974288616,
                        74.74586458380614
                    ],
                    [
                        -41.88907155449893,
                        74.74818868772891
                    ],
                    [
                        -41.89261100534963,
                        74.75051140778594
                    ],
                    [
                        -41.89620458185834,
                        74.75283483905002
                    ],
                    [
                        -41.8997926317771,
                        74.7551581285876
                    ],
                    [
                        -41.90316560631523,
                        74.75747829485027
                    ],
                    [
                        -41.906656118487476,
                        74.75980007670286
                    ],
                    [
                        -41.910265014865224,
                        74.7621234797719
                    ],
                    [
                        -41.913764070865675,
                        74.76444526238403
                    ],
                    [
                        -41.91712888120054,
                        74.76676508504225
                    ],
                    [
                        -41.92035152642449,
                        74.76908284286559
                    ],
                    [
                        -41.923706895792776,
                        74.77140242561437
                    ],
                    [
                        -41.92713500812371,
                        74.77372298027423
                    ],
                    [
                        -41.93064403746907,
                        74.77604461811772
                    ],
                    [
                        -41.93443060477001,
                        74.77837010083235
                    ],
                    [
                        -41.93827587805814,
                        74.78069633817864
                    ],
                    [
                        -41.942412019146474,
                        74.78302658331307
                    ],
                    [
                        -41.94666574275022,
                        74.78535839102979
                    ],
                    [
                        -41.95089440038776,
                        74.78768975903301
                    ],
                    [
                        -41.95534668842376,
                        74.79002416118664
                    ],
                    [
                        -41.95966906779077,
                        74.79235665466464
                    ],
                    [
                        -41.96411742002856,
                        74.7946908092097
                    ],
                    [
                        -41.96856986296092,
                        74.79702492294547
                    ],
                    [
                        -41.97324202439181,
                        74.79936198661416
                    ],
                    [
                        -41.97809155541957,
                        74.8017013983781
                    ],
                    [
                        -41.98276612659537,
                        74.80403827548952
                    ],
                    [
                        -41.98747983722875,
                        74.80637558479445
                    ],
                    [
                        -41.992144564654986,
                        74.80871210964149
                    ],
                    [
                        -41.99681882403785,
                        74.81104865822977
                    ],
                    [
                        -42.001574977728865,
                        74.81338622333782
                    ],
                    [
                        -42.00631082715238,
                        74.81572339860988
                    ],
                    [
                        -42.01139418299547,
                        74.81806521709775
                    ],
                    [
                        -42.01642123763496,
                        74.82040613926908
                    ],
                    [
                        -42.02148779143545,
                        74.82274747505376
                    ],
                    [
                        -42.02642579876586,
                        74.82508693550936
                    ],
                    [
                        -42.03144191654042,
                        74.82742733645391
                    ],
                    [
                        -42.03655019924565,
                        74.82976886255743
                    ],
                    [
                        -42.04144126496275,
                        74.8321073214616
                    ],
                    [
                        -42.046382371137206,
                        74.83444633841349
                    ],
                    [
                        -42.051191855737834,
                        74.8367834610017
                    ],
                    [
                        -42.0556568974782,
                        74.83911583479453
                    ],
                    [
                        -42.06025153055078,
                        74.84144985204136
                    ],
                    [
                        -42.06489499183567,
                        74.84378442069209
                    ],
                    [
                        -42.06926179893761,
                        74.8461151796254
                    ],
                    [
                        -42.07339996609975,
                        74.84844278901868
                    ],
                    [
                        -42.07744918022069,
                        74.85076912784092
                    ],
                    [
                        -42.08141131015095,
                        74.85309422651126
                    ],
                    [
                        -42.0854068695447,
                        74.85541969408416
                    ],
                    [
                        -42.0894315269253,
                        74.85774547100517
                    ],
                    [
                        -42.09339457117319,
                        74.86007035208384
                    ],
                    [
                        -42.09749912405509,
                        74.86239703175454
                    ],
                    [
                        -42.10178620350517,
                        74.8647260436887
                    ],
                    [
                        -42.10611898580793,
                        74.86705556968617
                    ],
                    [
                        -42.110393953391075,
                        74.86938424232518
                    ],
                    [
                        -42.1148398716065,
                        74.87171507581813
                    ],
                    [
                        -42.11923008721741,
                        74.87404508135131
                    ],
                    [
                        -42.12360453005505,
                        74.87637478632931
                    ],
                    [
                        -42.12805778084104,
                        74.87870543016659
                    ],
                    [
                        -42.132410520369994,
                        74.88103466384653
                    ],
                    [
                        -42.13708269849299,
                        74.88336797371507
                    ],
                    [
                        -42.141579392633396,
                        74.8856988916505
                    ],
                    [
                        -42.14611730572667,
                        74.88803024729685
                    ],
                    [
                        -42.15077923521528,
                        74.89036311254813
                    ],
                    [
                        -42.15545769003978,
                        74.89269608619225
                    ],
                    [
                        -42.160160476627574,
                        74.89502926807431
                    ],
                    [
                        -42.165022752614966,
                        74.8973644012291
                    ],
                    [
                        -42.16988081985288,
                        74.89969936509915
                    ],
                    [
                        -42.17477156086575,
                        74.90203463434753
                    ],
                    [
                        -42.17973368728114,
                        74.90437070352866
                    ],
                    [
                        -42.184600447308654,
                        74.906705431192
                    ],
                    [
                        -42.18942240827274,
                        74.90903947091556
                    ],
                    [
                        -42.194237412924956,
                        74.91137330896886
                    ],
                    [
                        -42.19917943252836,
                        74.9137086526042
                    ],
                    [
                        -42.204250794605066,
                        74.91604552214854
                    ],
                    [
                        -42.20961455520187,
                        74.91838597680324
                    ],
                    [
                        -42.21469903628379,
                        74.92072275532945
                    ],
                    [
                        -42.21961498153343,
                        74.92305727842654
                    ],
                    [
                        -42.224639901633914,
                        74.92539305898632
                    ],
                    [
                        -42.22987979052841,
                        74.92773142320655
                    ],
                    [
                        -42.23512355908042,
                        74.93006970293567
                    ],
                    [
                        -42.240155446445236,
                        74.93240519300441
                    ],
                    [
                        -42.2452550495009,
                        74.93474140774222
                    ],
                    [
                        -42.25011762461767,
                        74.93707453665654
                    ],
                    [
                        -42.254888950312754,
                        74.93940641397049
                    ],
                    [
                        -42.259636627325044,
                        74.94173788721866
                    ],
                    [
                        -42.264563063223804,
                        74.94407147144365
                    ],
                    [
                        -42.26937361926422,
                        74.94640350242008
                    ],
                    [
                        -42.27426836043362,
                        74.94873646311534
                    ],
                    [
                        -42.27896644517592,
                        74.95106688049856
                    ],
                    [
                        -42.28364699408276,
                        74.95339697559973
                    ],
                    [
                        -42.28831408491789,
                        74.95572679983414
                    ],
                    [
                        -42.293034180003865,
                        74.95805717008707
                    ],
                    [
                        -42.2977869318547,
                        74.96038783338783
                    ],
                    [
                        -42.30256042158092,
                        74.96271864172755
                    ],
                    [
                        -42.307246407094944,
                        74.96504827250831
                    ],
                    [
                        -42.31206428320326,
                        74.96737940469116
                    ],
                    [
                        -42.316675669539364,
                        74.96970791464793
                    ],
                    [
                        -42.32112506630607,
                        74.9720343566545
                    ],
                    [
                        -42.3255596254547,
                        74.97436052433325
                    ],
                    [
                        -42.330082581282596,
                        74.97668766715864
                    ],
                    [
                        -42.334541253525444,
                        74.97901393627025
                    ],
                    [
                        -42.33895567434479,
                        74.9813395773352
                    ],
                    [
                        -42.34344691903931,
                        74.98366604951308
                    ],
                    [
                        -42.34786894419379,
                        74.98599159449054
                    ],
                    [
                        -42.35230952328319,
                        74.9883172686817
                    ],
                    [
                        -42.3566835072614,
                        74.99064205239578
                    ],
                    [
                        -42.361225137724816,
                        74.99296874679453
                    ],
                    [
                        -42.365632377513414,
                        74.9952937413348
                    ],
                    [
                        -42.369868231644915,
                        74.99761660472606
                    ],
                    [
                        -42.37388892628711,
                        74.99993682792044
                    ],
                    [
                        -42.37783227105945,
                        75.00225605789666
                    ],
                    [
                        -42.38187589830223,
                        75.00457640190751
                    ],
                    [
                        -42.38604376620606,
                        75.00689813703146
                    ],
                    [
                        -42.39029195417384,
                        75.00922073756026
                    ],
                    [
                        -42.394362876531915,
                        75.01154116557753
                    ],
                    [
                        -42.39851501622648,
                        75.01386247030024
                    ],
                    [
                        -42.40268916388579,
                        75.01618395201717
                    ],
                    [
                        -42.406898791426315,
                        75.018505767193
                    ],
                    [
                        -42.41110121942035,
                        75.02082741464143
                    ],
                    [
                        -42.415326941508845,
                        75.02314925074448
                    ],
                    [
                        -42.419516894158846,
                        75.02547058596971
                    ],
                    [
                        -42.42361463251866,
                        75.02779076611897
                    ],
                    [
                        -42.42769886259905,
                        75.03011071062386
                    ],
                    [
                        -42.431783766841576,
                        75.03243058470773
                    ],
                    [
                        -42.43593734515199,
                        75.03475117507725
                    ],
                    [
                        -42.440162423019025,
                        75.03707251016787
                    ],
                    [
                        -42.4442397448677,
                        75.03939205803393
                    ],
                    [
                        -42.44830129882243,
                        75.0417113466191
                    ],
                    [
                        -42.45233170541482,
                        75.04403020022504
                    ],
                    [
                        -42.45638167626817,
                        75.0463492023204
                    ],
                    [
                        -42.46037141290553,
                        75.04866743821314
                    ],
                    [
                        -42.46435077038414,
                        75.05098548128639
                    ],
                    [
                        -42.46821907377625,
                        75.05330218355698
                    ],
                    [
                        -42.47198527951722,
                        75.05561765346773
                    ],
                    [
                        -42.475752690359535,
                        75.05793307156908
                    ],
                    [
                        -42.47943514707741,
                        75.06024745960958
                    ],
                    [
                        -42.483190155229714,
                        75.06256260768023
                    ],
                    [
                        -42.48698084131405,
                        75.06487809448113
                    ],
                    [
                        -42.4907789215995,
                        75.06719359849552
                    ],
                    [
                        -42.49445900745125,
                        75.06950770509543
                    ],
                    [
                        -42.498173315606095,
                        75.07182213490016
                    ],
                    [
                        -42.5019488473872,
                        75.07413718959148
                    ],
                    [
                        -42.50565835552156,
                        75.07645143763115
                    ],
                    [
                        -42.50929105021208,
                        75.07876476178937
                    ],
                    [
                        -42.512813174538735,
                        75.08107678858799
                    ],
                    [
                        -42.51616721794628,
                        75.08338688142707
                    ],
                    [
                        -42.51956398550023,
                        75.08569740024413
                    ],
                    [
                        -42.52298606019001,
                        75.08800814891097
                    ],
                    [
                        -42.52632122851349,
                        75.09031787832964
                    ],
                    [
                        -42.5295666207497,
                        75.09262656100965
                    ],
                    [
                        -42.53285839082117,
                        75.09493571101243
                    ],
                    [
                        -42.53606200319173,
                        75.09724383660091
                    ],
                    [
                        -42.53923048757131,
                        75.09955152832788
                    ],
                    [
                        -42.54234776020921,
                        75.10185861032976
                    ],
                    [
                        -42.545563032831225,
                        75.10416672995053
                    ],
                    [
                        -42.54885427802101,
                        75.1064756400074
                    ],
                    [
                        -42.55225732645465,
                        75.10878573055841
                    ],
                    [
                        -42.555708415573555,
                        75.11109629627212
                    ],
                    [
                        -42.559089720191956,
                        75.11340604380844
                    ],
                    [
                        -42.56255714447754,
                        75.11571668220502
                    ],
                    [
                        -42.5659886164231,
                        75.11802687380577
                    ],
                    [
                        -42.56933371291061,
                        75.12033607060614
                    ],
                    [
                        -42.5727814334004,
                        75.12264633487025
                    ],
                    [
                        -42.57625866703851,
                        75.12495686658215
                    ],
                    [
                        -42.57966037180217,
                        75.12726652414774
                    ],
                    [
                        -42.58301937627122,
                        75.12957566719454
                    ],
                    [
                        -42.58648066558341,
                        75.13188586666843
                    ],
                    [
                        -42.589972984692324,
                        75.13419634758789
                    ],
                    [
                        -42.59342982497054,
                        75.13650639104569
                    ],
                    [
                        -42.596876342851985,
                        75.13881626978622
                    ],
                    [
                        -42.60041545693419,
                        75.1411270908512
                    ],
                    [
                        -42.60408913819974,
                        75.14343929986855
                    ],
                    [
                        -42.60775654800183,
                        75.14575138055456
                    ],
                    [
                        -42.61125043064483,
                        75.14806154413814
                    ],
                    [
                        -42.614642806168916,
                        75.15037056887215
                    ],
                    [
                        -42.61801949136832,
                        75.15267937505462
                    ],
                    [
                        -42.621417277490615,
                        75.15498835521387
                    ],
                    [
                        -42.62476750235461,
                        75.15729677841487
                    ],
                    [
                        -42.62813548881117,
                        75.1596053403731
                    ],
                    [
                        -42.63149810227135,
                        75.16191379506537
                    ],
                    [
                        -42.63490995133384,
                        75.16422272055011
                    ],
                    [
                        -42.638594416469495,
                        75.16653447379562
                    ],
                    [
                        -42.64241249057571,
                        75.16884757447576
                    ],
                    [
                        -42.6462521739004,
                        75.17116083641585
                    ],
                    [
                        -42.65019257396368,
                        75.17347508947935
                    ],
                    [
                        -42.65396473806811,
                        75.17578750761727
                    ],
                    [
                        -42.65755187780688,
                        75.1780979244279
                    ],
                    [
                        -42.66104986908705,
                        75.18040735182991
                    ],
                    [
                        -42.66446962152363,
                        75.1827159083
                    ],
                    [
                        -42.66786103323865,
                        75.18502411767702
                    ],
                    [
                        -42.67130308884114,
                        75.18733280295507
                    ],
                    [
                        -42.67475235246192,
                        75.18964151053552
                    ],
                    [
                        -42.67826869498583,
                        75.19195086075533
                    ],
                    [
                        -42.68196194569452,
                        75.19426198678288
                    ],
                    [
                        -42.685680911240475,
                        75.19657331717941
                    ],
                    [
                        -42.68946119135135,
                        75.19888521767912
                    ],
                    [
                        -42.69322379117669,
                        75.2011968717747
                    ],
                    [
                        -42.69702002283239,
                        75.20350880771697
                    ],
                    [
                        -42.70071792223534,
                        75.20581967013221
                    ],
                    [
                        -42.70437559820772,
                        75.20813005937823
                    ],
                    [
                        -42.70800999618379,
                        75.21044015084796
                    ],
                    [
                        -42.71169463934083,
                        75.21275069600907
                    ],
                    [
                        -42.715368883984375,
                        75.21506107449737
                    ],
                    [
                        -42.719069001101055,
                        75.21737165568346
                    ],
                    [
                        -42.72296570219829,
                        75.21968417071363
                    ],
                    [
                        -42.72686743972868,
                        75.22199666824939
                    ],
                    [
                        -42.73077406194878,
                        75.22430914649973
                    ],
                    [
                        -42.734838928725836,
                        75.22662315279865
                    ],
                    [
                        -42.73909697312101,
                        75.22893902962673
                    ],
                    [
                        -42.74343743795663,
                        75.2312556521031
                    ],
                    [
                        -42.74764807567512,
                        75.23357088654694
                    ],
                    [
                        -42.75155335935504,
                        75.23588298392
                    ],
                    [
                        -42.75515604283497,
                        75.23819198912133
                    ],
                    [
                        -42.75863513705192,
                        75.24049970394303
                    ],
                    [
                        -42.762163922350275,
                        75.24280786036648
                    ],
                    [
                        -42.76573489994818,
                        75.24511638130045
                    ],
                    [
                        -42.76935507498414,
                        75.24742533407698
                    ],
                    [
                        -42.77329549522225,
                        75.2497374007816
                    ],
                    [
                        -42.77746889176192,
                        75.25205170057293
                    ],
                    [
                        -42.78196521697776,
                        75.25436910661301
                    ],
                    [
                        -42.78674004737956,
                        75.25668916096919
                    ],
                    [
                        -42.79158883341747,
                        75.25900983676219
                    ],
                    [
                        -42.79651833615622,
                        75.26133119512882
                    ],
                    [
                        -42.801265120306645,
                        75.26365065667402
                    ],
                    [
                        -42.80608552807517,
                        75.26597073272636
                    ],
                    [
                        -42.810971744413465,
                        75.26829134226804
                    ],
                    [
                        -42.81602728492393,
                        75.27061348493271
                    ],
                    [
                        -42.820885054771345,
                        75.27293359638237
                    ],
                    [
                        -42.825520087920516,
                        75.27525144931116
                    ],
                    [
                        -42.83017381650091,
                        75.27756938439393
                    ],
                    [
                        -42.83519728548696,
                        75.279890774
                    ],
                    [
                        -42.84045118841055,
                        75.28221425663779
                    ],
                    [
                        -42.84566013443952,
                        75.28453718267413
                    ],
                    [
                        -42.850602976156864,
                        75.28685744663612
                    ],
                    [
                        -42.85529356157321,
                        75.28917519902664
                    ],
                    [
                        -42.860056720591615,
                        75.29149354012709
                    ],
                    [
                        -42.86467262527666,
                        75.29381038349187
                    ],
                    [
                        -42.8695891682738,
                        75.29612997022741
                    ],
                    [
                        -42.87476331703301,
                        75.2984518739411
                    ],
                    [
                        -42.880078105001516,
                        75.30077497673108
                    ],
                    [
                        -42.885470958497606,
                        75.30309868169343
                    ],
                    [
                        -42.89070711038787,
                        75.30542078875065
                    ],
                    [
                        -42.89586106650654,
                        75.30774200414808
                    ],
                    [
                        -42.90111901271925,
                        75.31006406511247
                    ],
                    [
                        -42.90608405211169,
                        75.31238328339633
                    ],
                    [
                        -42.91104293929723,
                        75.31470233256199
                    ],
                    [
                        -42.91610853350137,
                        75.31702225446897
                    ],
                    [
                        -42.92102523778034,
                        75.3193406892145
                    ],
                    [
                        -42.92584812931413,
                        75.32165815288431
                    ],
                    [
                        -42.93062893494522,
                        75.32397512567874
                    ],
                    [
                        -42.93515497822916,
                        75.32628966738802
                    ],
                    [
                        -42.93954971767068,
                        75.32860291994187
                    ],
                    [
                        -42.943373789472155,
                        75.33091089481898
                    ],
                    [
                        -42.946883217304205,
                        75.33321594847804
                    ],
                    [
                        -42.950213580697294,
                        75.33551932594942
                    ],
                    [
                        -42.95355284129394,
                        75.33782273676741
                    ],
                    [
                        -42.956806949047476,
                        75.34012533101638
                    ],
                    [
                        -42.96006134527555,
                        75.34242788318201
                    ],
                    [
                        -42.963352840156354,
                        75.34473072460038
                    ],
                    [
                        -42.96673201345237,
                        75.34703430796323
                    ],
                    [
                        -42.970200641935264,
                        75.34933864493095
                    ],
                    [
                        -42.97371561978599,
                        75.35164334520384
                    ],
                    [
                        -42.977165961160345,
                        75.35394741489309
                    ],
                    [
                        -42.98046817496118,
                        75.35625011265593
                    ],
                    [
                        -42.98378978565418,
                        75.35855293703047
                    ],
                    [
                        -42.98699336798588,
                        75.36085466587349
                    ],
                    [
                        -42.99037500258015,
                        75.36315793127851
                    ],
                    [
                        -42.99389210473312,
                        75.36546234753256
                    ],
                    [
                        -42.99720989064475,
                        75.36776494935864
                    ],
                    [
                        -43.00046829435548,
                        75.37006698087247
                    ],
                    [
                        -43.00366616042976,
                        75.37236843472449
                    ],
                    [
                        -43.006907016961144,
                        75.37467022385225
                    ],
                    [
                        -43.01023718386894,
                        75.37697275270102
                    ],
                    [
                        -43.01382919603385,
                        75.37927752802004
                    ],
                    [
                        -43.01748331537109,
                        75.38158279070385
                    ],
                    [
                        -43.0210108092188,
                        75.38388689127589
                    ],
                    [
                        -43.024506523313484,
                        75.38619066195787
                    ],
                    [
                        -43.028110159483504,
                        75.38849531829115
                    ],
                    [
                        -43.03205091873151,
                        75.3908028420854
                    ],
                    [
                        -43.03635916153958,
                        75.393113477059
                    ],
                    [
                        -43.0409454930013,
                        75.3954264295085
                    ],
                    [
                        -43.04605585840913,
                        75.3977437978807
                    ],
                    [
                        -43.051235852238705,
                        75.4000616461809
                    ],
                    [
                        -43.05634724725722,
                        75.40237878670798
                    ],
                    [
                        -43.06177372771401,
                        75.40469849808422
                    ],
                    [
                        -43.06708687384374,
                        75.40701711252431
                    ],
                    [
                        -43.07229100461947,
                        75.40933467512777
                    ],
                    [
                        -43.07756052163375,
                        75.41165266900455
                    ],
                    [
                        -43.08290055816581,
                        75.4139711326898
                    ],
                    [
                        -43.08816573048814,
                        75.41628883857227
                    ],
                    [
                        -43.09337926548217,
                        75.41860598694915
                    ],
                    [
                        -43.09849296973123,
                        75.42092217871715
                    ],
                    [
                        -43.10366893201657,
                        75.42323877235344
                    ],
                    [
                        -43.10880061504127,
                        75.42555487784595
                    ],
                    [
                        -43.113863440584105,
                        75.42787029469133
                    ],
                    [
                        -43.11930452882892,
                        75.43018872314124
                    ],
                    [
                        -43.125189481754234,
                        75.43251067498653
                    ],
                    [
                        -43.13127200376713,
                        75.43483409252646
                    ],
                    [
                        -43.137763016227176,
                        75.43716068440011
                    ],
                    [
                        -43.14416662917709,
                        75.43948637352365
                    ],
                    [
                        -43.15054760466296,
                        75.44181169357367
                    ],
                    [
                        -43.15699137277429,
                        75.44413733780848
                    ],
                    [
                        -43.16318602288672,
                        75.44646078633674
                    ],
                    [
                        -43.16938806410473,
                        75.44878412132329
                    ],
                    [
                        -43.17551020480265,
                        75.45110664343129
                    ],
                    [
                        -43.18146593046242,
                        75.45342766928881
                    ],
                    [
                        -43.1873013516878,
                        75.45574757928001
                    ],
                    [
                        -43.19327584430994,
                        75.45806843851497
                    ],
                    [
                        -43.19973291705176,
                        75.46039294754709
                    ],
                    [
                        -43.20643859349561,
                        75.46271922391655
                    ],
                    [
                        -43.213235484765974,
                        75.46504601218045
                    ],
                    [
                        -43.220168458581924,
                        75.46737365394326
                    ],
                    [
                        -43.22760782234041,
                        75.469705012823
                    ],
                    [
                        -43.235416570421066,
                        75.47203897830823
                    ],
                    [
                        -43.24394131262657,
                        75.47437817790913
                    ],
                    [
                        -43.25266507895273,
                        75.47671857290791
                    ],
                    [
                        -43.26144201522674,
                        75.47905902946444
                    ],
                    [
                        -43.2702333503901,
                        75.48131846458331
                    ],
                    [
                        -43.27903901863962,
                        75.48348102193222
                    ],
                    [
                        -43.28785529167222,
                        75.48557653332644
                    ],
                    [
                        -43.2966731647317,
                        75.48767990957937
                    ],
                    [
                        -43.30549004130011,
                        75.48981328123517
                    ],
                    [
                        -43.314320156987975,
                        75.49185588552987
                    ],
                    [
                        -43.323123060227736,
                        75.49415259266337
                    ],
                    [
                        -43.331591931927456,
                        75.49648801697965
                    ],
                    [
                        -43.33955096909496,
                        75.49881941747013
                    ],
                    [
                        -43.347056912050185,
                        75.50114725940624
                    ],
                    [
                        -43.35412779199975,
                        75.50347171884252
                    ],
                    [
                        -43.361016301510595,
                        75.50579464827968
                    ],
                    [
                        -43.3676293915887,
                        75.50811540108471
                    ],
                    [
                        -43.37428072514101,
                        75.51043623071503
                    ],
                    [
                        -43.38077606653818,
                        75.51275575971779
                    ],
                    [
                        -43.38739027656765,
                        75.51507593846299
                    ],
                    [
                        -43.393954799528125,
                        75.51739557399588
                    ],
                    [
                        -43.40058489352728,
                        75.5197154759325
                    ],
                    [
                        -43.407349358106714,
                        75.52203611690221
                    ],
                    [
                        -43.41420279586753,
                        75.52435717035529
                    ],
                    [
                        -43.42127397627434,
                        75.52667951551622
                    ],
                    [
                        -43.42863826001612,
                        75.52900364843593
                    ],
                    [
                        -43.435832813840875,
                        75.53132638141811
                    ],
                    [
                        -43.443130145339644,
                        75.53364958228927
                    ],
                    [
                        -43.450226594995506,
                        75.53597118832111
                    ],
                    [
                        -43.457448837325174,
                        75.53829341699486
                    ],
                    [
                        -43.46474451804592,
                        75.54061590561614
                    ],
                    [
                        -43.471800748432926,
                        75.54293656242585
                    ],
                    [
                        -43.4789822254388,
                        75.54525782892262
                    ],
                    [
                        -43.486114345324886,
                        75.54757854096309
                    ],
                    [
                        -43.49331242644314,
                        75.54989946064936
                    ],
                    [
                        -43.500483672701414,
                        75.55221997536509
                    ],
                    [
                        -43.5077542868054,
                        75.55454090832393
                    ],
                    [
                        -43.51498636233044,
                        75.55686135784754
                    ],
                    [
                        -43.52216147768106,
                        75.55918120923694
                    ],
                    [
                        -43.52941253100374,
                        75.56150131920722
                    ],
                    [
                        -43.53650502004048,
                        75.563820186331
                    ],
                    [
                        -43.543521220768255,
                        75.56613834755981
                    ],
                    [
                        -43.55031478489887,
                        75.56845488683886
                    ],
                    [
                        -43.55693355264994,
                        75.57077012512609
                    ],
                    [
                        -43.56362399797637,
                        75.57308561870062
                    ],
                    [
                        -43.57042118025999,
                        75.57540157922605
                    ],
                    [
                        -43.577141558301165,
                        75.57771686113331
                    ],
                    [
                        -43.58362322874104,
                        75.58003047422714
                    ],
                    [
                        -43.59015468057314,
                        75.58234420825177
                    ],
                    [
                        -43.59663688909904,
                        75.5846574547423
                    ],
                    [
                        -43.60293855420499,
                        75.58696942074413
                    ],
                    [
                        -43.609181572537146,
                        75.58928085858471
                    ],
                    [
                        -43.61549288678804,
                        75.59159253707355
                    ],
                    [
                        -43.621689595430105,
                        75.59390335521859
                    ],
                    [
                        -43.62778697476435,
                        75.59621341374853
                    ],
                    [
                        -43.63374153454249,
                        75.59852246283155
                    ],
                    [
                        -43.639542003294494,
                        75.60083044743176
                    ],
                    [
                        -43.645326275312826,
                        75.60313819085928
                    ],
                    [
                        -43.65103327650468,
                        75.60544533677593
                    ],
                    [
                        -43.65662154967727,
                        75.60775164946136
                    ],
                    [
                        -43.66221328830837,
                        75.61005784744978
                    ],
                    [
                        -43.66770477581614,
                        75.61236333094277
                    ],
                    [
                        -43.673144706008756,
                        75.61466838777186
                    ],
                    [
                        -43.67859542500736,
                        75.6169733791825
                    ],
                    [
                        -43.68416717618785,
                        75.6192789336473
                    ],
                    [
                        -43.6898308831114,
                        75.62158487692089
                    ],
                    [
                        -43.69544047903767,
                        75.62389037585977
                    ],
                    [
                        -43.701136514545816,
                        75.62619622609425
                    ],
                    [
                        -43.70680550632266,
                        75.62850178495515
                    ],
                    [
                        -43.71252687205655,
                        75.63080749771942
                    ],
                    [
                        -43.71841571944333,
                        75.63311399968124
                    ],
                    [
                        -43.72425745057045,
                        75.63542009162313
                    ],
                    [
                        -43.7300907615633,
                        75.63772599018763
                    ],
                    [
                        -43.73604253344752,
                        75.64003239073337
                    ],
                    [
                        -43.74202909188278,
                        75.64233882805216
                    ],
                    [
                        -43.747969511964826,
                        75.64464486074031
                    ],
                    [
                        -43.75388070778077,
                        75.64695058379327
                    ],
                    [
                        -43.759810378499665,
                        75.64925625565557
                    ],
                    [
                        -43.76576285083804,
                        75.65156189803879
                    ],
                    [
                        -43.77169124803104,
                        75.65386726005268
                    ],
                    [
                        -43.777587667295336,
                        75.65617230188785
                    ],
                    [
                        -43.78348543256306,
                        75.65847720150217
                    ],
                    [
                        -43.7893726850571,
                        75.66078189676804
                    ],
                    [
                        -43.79531744464812,
                        75.66308674293495
                    ],
                    [
                        -43.80127732025402,
                        75.66539151579609
                    ],
                    [
                        -43.807239978535335,
                        75.66769615062437
                    ],
                    [
                        -43.813367302787874,
                        75.67000147760365
                    ],
                    [
                        -43.819547228484986,
                        75.6723069116691
                    ],
                    [
                        -43.825636433793285,
                        75.67461172135224
                    ],
                    [
                        -43.83186335868176,
                        75.6769170670472
                    ],
                    [
                        -43.83808851585612,
                        75.6792222373645
                    ],
                    [
                        -43.84423615200909,
                        75.68152685442107
                    ],
                    [
                        -43.85040358862584,
                        75.68383140778212
                    ],
                    [
                        -43.85667438356375,
                        75.68613630836694
                    ],
                    [
                        -43.86294787554716,
                        75.68844105355964
                    ],
                    [
                        -43.8691969128515,
                        75.69074551070004
                    ],
                    [
                        -43.87533271228839,
                        75.69304925102783
                    ],
                    [
                        -43.88148520047603,
                        75.69535291093847
                    ],
                    [
                        -43.88764546632812,
                        75.69765644637947
                    ],
                    [
                        -43.89369931585641,
                        75.69995931190994
                    ],
                    [
                        -43.899718414589906,
                        75.70226185625135
                    ],
                    [
                        -43.905685095137876,
                        75.70456399889771
                    ],
                    [
                        -43.911695248330055,
                        75.70686619401582
                    ],
                    [
                        -43.91768998460702,
                        75.70916816346981
                    ],
                    [
                        -43.92356389630321,
                        75.71146941957166
                    ],
                    [
                        -43.92937441503368,
                        75.7137702368029
                    ],
                    [
                        -43.93529826938085,
                        75.71607143089524
                    ],
                    [
                        -43.94138639114964,
                        75.7183732252601
                    ],
                    [
                        -43.947574879533676,
                        75.72067531704094
                    ],
                    [
                        -43.95366572370367,
                        75.72297680592993
                    ],
                    [
                        -43.95975221812527,
                        75.7252781177828
                    ],
                    [
                        -43.965798273311485,
                        75.7275790923478
                    ],
                    [
                        -43.9719581559948,
                        75.72988041563195
                    ],
                    [
                        -43.97809216358398,
                        75.73218146405257
                    ],
                    [
                        -43.98417993163634,
                        75.73448215077607
                    ],
                    [
                        -43.99012054503664,
                        75.73678204117412
                    ],
                    [
                        -43.99606659918199,
                        75.73908180594529
                    ],
                    [
                        -44.00191699658199,
                        75.74138101077473
                    ],
                    [
                        -44.0077481080099,
                        75.7436799890295
                    ],
                    [
                        -44.01355545862478,
                        75.74597872328906
                    ],
                    [
                        -44.0193122968759,
                        75.7482771026702
                    ],
                    [
                        -44.02499471035692,
                        75.75057503088198
                    ],
                    [
                        -44.03070228816762,
                        75.7528729284574
                    ],
                    [
                        -44.0364197433186,
                        75.75517073026685
                    ],
                    [
                        -44.04219507469935,
                        75.75746863314153
                    ],
                    [
                        -44.04786933138695,
                        75.75976598269797
                    ],
                    [
                        -44.05368431268023,
                        75.7620637694367
                    ],
                    [
                        -44.05947901045578,
                        75.7643613324036
                    ],
                    [
                        -44.06538202920735,
                        75.76665918930416
                    ],
                    [
                        -44.07140972515499,
                        75.76895739696242
                    ],
                    [
                        -44.077447376849314,
                        75.77125549130866
                    ],
                    [
                        -44.0833704261719,
                        75.77355298169793
                    ],
                    [
                        -44.08917282474269,
                        75.77584985351896
                    ],
                    [
                        -44.09496465071724,
                        75.77814654349032
                    ],
                    [
                        -44.10078390864104,
                        75.78044319907353
                    ],
                    [
                        -44.10658116699849,
                        75.7827396288384
                    ],
                    [
                        -44.11236333333582,
                        75.78503586082456
                    ],
                    [
                        -44.118171637326064,
                        75.787332052126
                    ],
                    [
                        -44.123991744812585,
                        75.78962814698475
                    ],
                    [
                        -44.129805902689164,
                        75.79192407835342
                    ],
                    [
                        -44.13577268549301,
                        75.7942204340706
                    ],
                    [
                        -44.14169382794841,
                        75.79651647320743
                    ],
                    [
                        -44.14754797010503,
                        75.79881212138817
                    ],
                    [
                        -44.15342462393175,
                        75.80110770842761
                    ],
                    [
                        -44.159358424081454,
                        75.80340335734333
                    ],
                    [
                        -44.16518773710562,
                        75.80569848605066
                    ],
                    [
                        -44.17095158370198,
                        75.80799324111818
                    ],
                    [
                        -44.176634423702204,
                        75.81028757280198
                    ],
                    [
                        -44.18234021411692,
                        75.81258185102173
                    ],
                    [
                        -44.18802452402896,
                        75.8148759197522
                    ],
                    [
                        -44.19377134349411,
                        75.81717007038642
                    ],
                    [
                        -44.19951854546402,
                        75.81946408554815
                    ],
                    [
                        -44.20523165460469,
                        75.82175784808759
                    ],
                    [
                        -44.21085118252224,
                        75.82405115987982
                    ],
                    [
                        -44.21635124443889,
                        75.82634394115843
                    ],
                    [
                        -44.221780627034605,
                        75.82863636291567
                    ],
                    [
                        -44.22721868853292,
                        75.83092869238463
                    ],
                    [
                        -44.232600711795136,
                        75.83322071677085
                    ],
                    [
                        -44.23790842544888,
                        75.83551238058982
                    ],
                    [
                        -44.2431881015327,
                        75.83780383868451
                    ],
                    [
                        -44.24843390068252,
                        75.84009507430471
                    ],
                    [
                        -44.25378935300337,
                        75.84238654730409
                    ],
                    [
                        -44.25923553503358,
                        75.84467819018906
                    ],
                    [
                        -44.2646357345013,
                        75.84696956736259
                    ],
                    [
                        -44.26992807146028,
                        75.84926048928905
                    ],
                    [
                        -44.2751960574678,
                        75.85155122185985
                    ],
                    [
                        -44.28048056580791,
                        75.85384189231463
                    ],
                    [
                        -44.285805299752205,
                        75.85613257179888
                    ],
                    [
                        -44.29124030982687,
                        75.85842346938591
                    ],
                    [
                        -44.296659090525,
                        75.86071419781493
                    ],
                    [
                        -44.3021331443187,
                        75.86300497111088
                    ],
                    [
                        -44.30765873371323,
                        75.865295774349
                    ],
                    [
                        -44.31331192205276,
                        75.86758682656976
                    ],
                    [
                        -44.318995613683384,
                        75.86987783658998
                    ],
                    [
                        -44.32460338509769,
                        75.87216849589281
                    ],
                    [
                        -44.33028986690975,
                        75.87445925143466
                    ],
                    [
                        -44.3360534442459,
                        75.87675009288108
                    ],
                    [
                        -44.34185760658439,
                        75.87904091215263
                    ],
                    [
                        -44.34760936595722,
                        75.88133144788159
                    ],
                    [
                        -44.353196025877125,
                        75.88362139366177
                    ],
                    [
                        -44.358674147880656,
                        75.88591091601944
                    ],
                    [
                        -44.36426617831578,
                        75.88820062490386
                    ],
                    [
                        -44.36999427905739,
                        75.89049057152442
                    ],
                    [
                        -44.375785267286076,
                        75.8927805514115
                    ],
                    [
                        -44.38154755459705,
                        75.89507031889103
                    ],
                    [
                        -44.38722511800175,
                        75.89735973012775
                    ],
                    [
                        -44.39289816708408,
                        75.8996489985887
                    ],
                    [
                        -44.39849368675799,
                        75.90193793788657
                    ],
                    [
                        -44.40397227632273,
                        75.90422645385308
                    ],
                    [
                        -44.40938132006333,
                        75.90651467385983
                    ],
                    [
                        -44.41478320018446,
                        75.90880275805223
                    ],
                    [
                        -44.42014540969986,
                        75.91109062687435
                    ],
                    [
                        -44.42550168379059,
                        75.91337836550927
                    ],
                    [
                        -44.43077074020815,
                        75.9156657778422
                    ],
                    [
                        -44.435927240730955,
                        75.91795280916867
                    ],
                    [
                        -44.44104691780558,
                        75.92023964689139
                    ],
                    [
                        -44.446225361929926,
                        75.92252651834643
                    ],
                    [
                        -44.451371161064024,
                        75.92481320669899
                    ],
                    [
                        -44.45648761781877,
                        75.92709972179917
                    ],
                    [
                        -44.461539069808545,
                        75.92938598413001
                    ],
                    [
                        -44.46662099186353,
                        75.93167221415466
                    ],
                    [
                        -44.47164835882237,
                        75.93395821929556
                    ],
                    [
                        -44.47674797136902,
                        75.93624428470385
                    ],
                    [
                        -44.48181340072635,
                        75.93853017172455
                    ],
                    [
                        -44.48683795158062,
                        75.9408158680751
                    ],
                    [
                        -44.49193712304193,
                        75.94310162535234
                    ],
                    [
                        -44.49697933275836,
                        75.94538715806763
                    ],
                    [
                        -44.50206082543515,
                        75.9476726731812
                    ],
                    [
                        -44.50728298892805,
                        75.94995837994358
                    ],
                    [
                        -44.51255692741585,
                        75.95224408529134
                    ],
                    [
                        -44.51798634344648,
                        75.95452999759696
                    ],
                    [
                        -44.52338928433216,
                        75.95681573867883
                    ],
                    [
                        -44.52859552733824,
                        75.95910097057187
                    ],
                    [
                        -44.533778606044,
                        75.96138604927332
                    ],
                    [
                        -44.53909164115189,
                        75.96367127530571
                    ],
                    [
                        -44.54431548337687,
                        75.9659562170954
                    ],
                    [
                        -44.54942920883363,
                        75.9682408407872
                    ],
                    [
                        -44.55458632877981,
                        75.97052544315866
                    ],
                    [
                        -44.55985338010832,
                        75.972810145332
                    ],
                    [
                        -44.56503567774446,
                        75.97509458166752
                    ],
                    [
                        -44.57017700205472,
                        75.97737883748748
                    ],
                    [
                        -44.575204695707846,
                        75.97966278500533
                    ],
                    [
                        -44.58021369719829,
                        75.98194660019776
                    ],
                    [
                        -44.58524123274076,
                        75.98423034961242
                    ],
                    [
                        -44.590237659611034,
                        75.98651394610022
                    ],
                    [
                        -44.59518243232245,
                        75.98879735654897
                    ],
                    [
                        -44.600175054043106,
                        75.99108075246448
                    ],
                    [
                        -44.60520079173175,
                        75.99336410624656
                    ],
                    [
                        -44.61019990490196,
                        75.99564731742025
                    ],
                    [
                        -44.61520028616227,
                        75.99793043308856
                    ],
                    [
                        -44.620242062364575,
                        76.00021351758994
                    ],
                    [
                        -44.62535948478909,
                        76.00249662249307
                    ],
                    [
                        -44.63056157865349,
                        76.00477975696593
                    ],
                    [
                        -44.63577461761695,
                        76.00706280205655
                    ],
                    [
                        -44.64088656930952,
                        76.00934558728173
                    ],
                    [
                        -44.64592510293513,
                        76.0116281606626
                    ],
                    [
                        -44.65091986061035,
                        76.01391057065393
                    ],
                    [
                        -44.655914077528756,
                        76.01619288287651
                    ],
                    [
                        -44.66102119240184,
                        76.01847525965943
                    ],
                    [
                        -44.66605481940133,
                        76.02075743121772
                    ],
                    [
                        -44.67101512006358,
                        76.02303940255659
                    ],
                    [
                        -44.675976257878695,
                        76.02532127971409
                    ],
                    [
                        -44.680863349172505,
                        76.02760296194573
                    ],
                    [
                        -44.68567915493929,
                        76.02988445758196
                    ],
                    [
                        -44.69053398953763,
                        76.03216591495875
                    ],
                    [
                        -44.69538382140126,
                        76.03444727518662
                    ],
                    [
                        -44.70028186584593,
                        76.03672860582574
                    ],
                    [
                        -44.705242725932614,
                        76.03900992204107
                    ],
                    [
                        -44.71027862381129,
                        76.04129123481896
                    ],
                    [
                        -44.71523417386987,
                        76.04357235310383
                    ],
                    [
                        -44.72023556263846,
                        76.04585343069462
                    ],
                    [
                        -44.72525561991687,
                        76.04813443329422
                    ],
                    [
                        -44.73018163583242,
                        76.05041523178052
                    ],
                    [
                        -44.73516135017257,
                        76.05269599681328
                    ],
                    [
                        -44.74028179232672,
                        76.05497682016006
                    ],
                    [
                        -44.74543236640038,
                        76.05725757427956
                    ],
                    [
                        -44.75057738035325,
                        76.05953821980485
                    ],
                    [
                        -44.755659888274785,
                        76.06181869863936
                    ],
                    [
                        -44.76078778326195,
                        76.06409912342791
                    ],
                    [
                        -44.76592140442278,
                        76.06637945223447
                    ],
                    [
                        -44.771058753662146,
                        76.06865968281423
                    ],
                    [
                        -44.776197139214254,
                        76.07093981244378
                    ],
                    [
                        -44.78136761121992,
                        76.0732198696373
                    ],
                    [
                        -44.786469615720634,
                        76.07549976214692
                    ],
                    [
                        -44.79153525026331,
                        76.07777952256924
                    ],
                    [
                        -44.79661060336366,
                        76.08005919267018
                    ],
                    [
                        -44.801660275930914,
                        76.08233874239134
                    ],
                    [
                        -44.806645279612354,
                        76.08461814177603
                    ],
                    [
                        -44.81160263981921,
                        76.08689742424794
                    ],
                    [
                        -44.81664957146614,
                        76.08917668183352
                    ],
                    [
                        -44.82181848256806,
                        76.09145593309331
                    ],
                    [
                        -44.827044939451426,
                        76.09373512334088
                    ],
                    [
                        -44.83232436268977,
                        76.09601424560132
                    ],
                    [
                        -44.837582208189815,
                        76.09829324561382
                    ],
                    [
                        -44.842859658616455,
                        76.10057215201422
                    ],
                    [
                        -44.84813809588398,
                        76.1028509516929
                    ],
                    [
                        -44.85342643720511,
                        76.10512965011914
                    ],
                    [
                        -44.858674725341615,
                        76.10740821709334
                    ],
                    [
                        -44.863905116788885,
                        76.10968666796539
                    ],
                    [
                        -44.86914877316305,
                        76.11196502106166
                    ],
                    [
                        -44.874412030240634,
                        76.11424327889222
                    ],
                    [
                        -44.879696292893755,
                        76.11652144091752
                    ],
                    [
                        -44.88503825020605,
                        76.11879952346271
                    ],
                    [
                        -44.890441329611285,
                        76.12107752426951
                    ],
                    [
                        -44.8957552417192,
                        76.12335537367412
                    ],
                    [
                        -44.9011405017663,
                        76.12563314419648
                    ],
                    [
                        -44.90657280827141,
                        76.1279108215495
                    ],
                    [
                        -44.91211555777543,
                        76.13018842590027
                    ],
                    [
                        -44.917641738503285,
                        76.1324659058608
                    ],
                    [
                        -44.923114605407505,
                        76.13474325082574
                    ],
                    [
                        -44.92863353244943,
                        76.13702049421494
                    ],
                    [
                        -44.93410902985501,
                        76.13929760824364
                    ],
                    [
                        -44.93953193568194,
                        76.1415745936444
                    ],
                    [
                        -44.94482102961485,
                        76.14385143533437
                    ],
                    [
                        -44.94997189987021,
                        76.14612814134028
                    ],
                    [
                        -44.95509668617098,
                        76.14840474173413
                    ],
                    [
                        -44.96023034338953,
                        76.15068124405882
                    ],
                    [
                        -44.965335296040834,
                        76.1529576423542
                    ],
                    [
                        -44.97041218487432,
                        76.15523393858982
                    ],
                    [
                        -44.975471226571656,
                        76.15751013565104
                    ],
                    [
                        -44.98049087200417,
                        76.1597862329656
                    ],
                    [
                        -44.985453400254194,
                        76.1620622319868
                    ],
                    [
                        -44.99043869764656,
                        76.16433813951859
                    ],
                    [
                        -44.99541683069197,
                        76.1666139536162
                    ],
                    [
                        -45.00040840752691,
                        76.16888967474065
                    ],
                    [
                        -45.00542137681517,
                        76.17116530192054
                    ],
                    [
                        -45.01052142368207,
                        76.17344083098763
                    ],
                    [
                        -45.01565081475232,
                        76.17571626021123
                    ],
                    [
                        -45.020765990814674,
                        76.17799159153677
                    ],
                    [
                        -45.02578406226398,
                        76.18026683485283
                    ],
                    [
                        -45.03073119047141,
                        76.1825419929503
                    ],
                    [
                        -45.03566475882554,
                        76.18481706173799
                    ],
                    [
                        -45.04055195365555,
                        76.18709204764855
                    ],
                    [
                        -45.04541581739034,
                        76.18936694919896
                    ],
                    [
                        -45.05024025523389,
                        76.19164177122258
                    ],
                    [
                        -45.054986138518,
                        76.19391652510687
                    ],
                    [
                        -45.059723754397936,
                        76.19619119807034
                    ],
                    [
                        -45.06448982586248,
                        76.19846578078366
                    ],
                    [
                        -45.06929893536092,
                        76.2007402673918
                    ],
                    [
                        -45.07412164017797,
                        76.20301466444838
                    ],
                    [
                        -45.0789181815101,
                        76.20528898424782
                    ],
                    [
                        -45.08369034072607,
                        76.20756322777785
                    ],
                    [
                        -45.088524982737326,
                        76.20983736454399
                    ],
                    [
                        -45.09338789423552,
                        76.2121114041286
                    ],
                    [
                        -45.09824318617077,
                        76.21438535953881
                    ],
                    [
                        -45.103088915996345,
                        76.21665923211397
                    ],
                    [
                        -45.10793439618814,
                        76.2189330182958
                    ],
                    [
                        -45.11287922309262,
                        76.22120667141422
                    ],
                    [
                        -45.11793213929505,
                        76.22348018112326
                    ],
                    [
                        -45.123009589188555,
                        76.22575358342733
                    ],
                    [
                        -45.12813408712043,
                        76.22802686483928
                    ],
                    [
                        -45.13319380375127,
                        76.23030008434267
                    ],
                    [
                        -45.13831765752121,
                        76.23257317199842
                    ],
                    [
                        -45.14344212960936,
                        76.23484616163961
                    ],
                    [
                        -45.14851514230877,
                        76.23711908541081
                    ],
                    [
                        -45.15363702546564,
                        76.23939188260343
                    ],
                    [
                        -45.1587515274469,
                        76.24166458725291
                    ],
                    [
                        -45.16384108640606,
                        76.24393721182518
                    ],
                    [
                        -45.168953343114865,
                        76.24620972453619
                    ],
                    [
                        -45.17414393400125,
                        76.24848208379328
                    ],
                    [
                        -45.17946638256485,
                        76.2507542447578
                    ],
                    [
                        -45.184776189970705,
                        76.25302630961858
                    ],
                    [
                        -45.1900404556689,
                        76.25529830520178
                    ],
                    [
                        -45.19528366614904,
                        76.25757021469583
                    ],
                    [
                        -45.20064085156054,
                        76.2598419272029
                    ],
                    [
                        -45.20598611934357,
                        76.26211354278573
                    ],
                    [
                        -45.21131690892768,
                        76.26438506453111
                    ],
                    [
                        -45.21651095612065,
                        76.26665660320589
                    ],
                    [
                        -45.221650929409186,
                        76.26892809171078
                    ],
                    [
                        -45.226869193220196,
                        76.27119940913225
                    ],
                    [
                        -45.23216309301346,
                        76.27347055303322
                    ],
                    [
                        -45.237484290579374,
                        76.27574156608394
                    ],
                    [
                        -45.242761191401755,
                        76.27801251854252
                    ],
                    [
                        -45.247990291979214,
                        76.28028341694453
                    ],
                    [
                        -45.25322343805695,
                        76.28255421007378
                    ],
                    [
                        -45.258474428185416,
                        76.2848248829588
                    ],
                    [
                        -45.26368342683611,
                        76.28709549981033
                    ],
                    [
                        -45.268878347321866,
                        76.28936603231772
                    ],
                    [
                        -45.27407479904552,
                        76.29163646373311
                    ],
                    [
                        -45.27929733411269,
                        76.29390676564375
                    ],
                    [
                        -45.2845814716376,
                        76.29617689461894
                    ],
                    [
                        -45.28990815073845,
                        76.29844686956262
                    ],
                    [
                        -45.29535154427837,
                        76.30071659716907
                    ],
                    [
                        -45.30087664787118,
                        76.30298611322847
                    ],
                    [
                        -45.306549409698114,
                        76.30525532869146
                    ],
                    [
                        -45.3122548113184,
                        76.30752438178678
                    ],
                    [
                        -45.317950083289624,
                        76.30979332648667
                    ],
                    [
                        -45.32371315876809,
                        76.31206205934325
                    ],
                    [
                        -45.32954406911832,
                        76.31433057557904
                    ],
                    [
                        -45.33541287584601,
                        76.31659891188042
                    ],
                    [
                        -45.34122780127364,
                        76.31886719492967
                    ],
                    [
                        -45.34705993313653,
                        76.32113532678054
                    ],
                    [
                        -45.35279528462538,
                        76.32340347231036
                    ],
                    [
                        -45.3585414259325,
                        76.3256714792191
                    ],
                    [
                        -45.36425594790151,
                        76.32793941056731
                    ],
                    [
                        -45.36991701800042,
                        76.33020730195912
                    ],
                    [
                        -45.37553309008452,
                        76.33247514406655
                    ],
                    [
                        -45.38126837404969,
                        76.33474268184726
                    ],
                    [
                        -45.38702319549427,
                        76.33701006611437
                    ],
                    [
                        -45.3929315147692,
                        76.33927707853907
                    ],
                    [
                        -45.3988492624025,
                        76.34154394504435
                    ],
                    [
                        -45.40459308641815,
                        76.34381097088664
                    ],
                    [
                        -45.41029049412424,
                        76.34607795275811
                    ],
                    [
                        -45.416037065239756,
                        76.34834473010645
                    ],
                    [
                        -45.42191491793903,
                        76.3506111568044
                    ],
                    [
                        -45.42773850189631,
                        76.35287755052073
                    ],
                    [
                        -45.43361344546272,
                        76.35514372655115
                    ],
                    [
                        -45.43940345728105,
                        76.35740992794574
                    ],
                    [
                        -45.445188113993346,
                        76.3596760149135
                    ],
                    [
                        -45.451032603218,
                        76.36194186686278
                    ],
                    [
                        -45.45694847490718,
                        76.36420745787106
                    ],
                    [
                        -45.46291410371619,
                        76.36647282405744
                    ],
                    [
                        -45.4688631256699,
                        76.36873808991898
                    ],
                    [
                        -45.47486229412423,
                        76.37100312632316
                    ],
                    [
                        -45.48083791736484,
                        76.37326807544459
                    ],
                    [
                        -45.48680303551016,
                        76.37553291295903
                    ],
                    [
                        -45.49275111228449,
                        76.37779765294395
                    ],
                    [
                        -45.49868470936945,
                        76.38006229145023
                    ],
                    [
                        -45.504660117159574,
                        76.38232671281904
                    ],
                    [
                        -45.51051515631901,
                        76.38459125444
                    ],
                    [
                        -45.516304016023135,
                        76.38685580997756
                    ],
                    [
                        -45.5221284057226,
                        76.38912016597075
                    ],
                    [
                        -45.52803386220535,
                        76.39138422119464
                    ],
                    [
                        -45.53390148346692,
                        76.39364823068564
                    ],
                    [
                        -45.5398500098167,
                        76.39591193397757
                    ],
                    [
                        -45.54579651851168,
                        76.39817551115328
                    ],
                    [
                        -45.55184701867729,
                        76.40043872227388
                    ],
                    [
                        -45.55789954304129,
                        76.40270179331203
                    ],
                    [
                        -45.563943716810606,
                        76.404964748204
                    ],
                    [
                        -45.57012486832266,
                        76.40722724767794
                    ],
                    [
                        -45.57633585653643,
                        76.40948953491242
                    ],
                    [
                        -45.58251957020791,
                        76.41175174421633
                    ],
                    [
                        -45.588640123026615,
                        76.41401396435258
                    ],
                    [
                        -45.59472787014618,
                        76.41627612604651
                    ],
                    [
                        -45.60072537126262,
                        76.4185383732764
                    ],
                    [
                        -45.60665820534046,
                        76.42080064904918
                    ],
                    [
                        -45.61263915266157,
                        76.42306267489593
                    ],
                    [
                        -45.61873776696521,
                        76.42532427104899
                    ],
                    [
                        -45.62482791024079,
                        76.4275857518797
                    ],
                    [
                        -45.63093732002791,
                        76.42984704638843
                    ],
                    [
                        -45.637076738678566,
                        76.43210812519294
                    ],
                    [
                        -45.64320899265924,
                        76.43436908406909
                    ],
                    [
                        -45.649328418856925,
                        76.43662993867899
                    ],
                    [
                        -45.655392878971696,
                        76.43889080311716
                    ],
                    [
                        -45.66136310121759,
                        76.44115178780217
                    ],
                    [
                        -45.66737504010934,
                        76.44341252827226
                    ],
                    [
                        -45.67336356772975,
                        76.4456732010444
                    ],
                    [
                        -45.67928946834833,
                        76.44793391687504
                    ],
                    [
                        -45.685310386918154,
                        76.45019423839689
                    ],
                    [
                        -45.69134453196321,
                        76.45245439008649
                    ],
                    [
                        -45.69732116086276,
                        76.45471457280128
                    ],
                    [
                        -45.70327112114136,
                        76.45697470204675
                    ],
                    [
                        -45.709308968473195,
                        76.45923444764149
                    ],
                    [
                        -45.71537312576709,
                        76.46149398333752
                    ],
                    [
                        -45.72140449880518,
                        76.46375348152065
                    ],
                    [
                        -45.72761452250894,
                        76.46601231609961
                    ],
                    [
                        -45.73385999001146,
                        76.468270903212
                    ],
                    [
                        -45.74005729160489,
                        76.47052949304107
                    ],
                    [
                        -45.746347378754656,
                        76.47278765963864
                    ],
                    [
                        -45.75260004786883,
                        76.47504579625225
                    ],
                    [
                        -45.75906565637226,
                        76.47730313000028
                    ],
                    [
                        -45.76543666854637,
                        76.479560605558
                    ],
                    [
                        -45.77170153076547,
                        76.48181826663327
                    ],
                    [
                        -45.777971156553185,
                        76.48407576918139
                    ],
                    [
                        -45.78416003797384,
                        76.48633338652074
                    ],
                    [
                        -45.7903987865239,
                        76.4885907036017
                    ],
                    [
                        -45.796522434606985,
                        76.4908482527907
                    ],
                    [
                        -45.802669046006066,
                        76.49310559069922
                    ],
                    [
                        -45.808799435690915,
                        76.49536284494245
                    ],
                    [
                        -45.81497033946852,
                        76.49761982828477
                    ],
                    [
                        -45.82118192054762,
                        76.49987653726198
                    ],
                    [
                        -45.827483437485775,
                        76.50213280280933
                    ],
                    [
                        -45.833768686739475,
                        76.50438897907226
                    ],
                    [
                        -45.84011898204046,
                        76.50664478904237
                    ],
                    [
                        -45.84657456688021,
                        76.50890008907928
                    ],
                    [
                        -45.85308701961058,
                        76.51115503938121
                    ],
                    [
                        -45.859578925412976,
                        76.51340990659627
                    ],
                    [
                        -45.86616192004168,
                        76.51566429872973
                    ],
                    [
                        -45.87270853407895,
                        76.51791866159154
                    ],
                    [
                        -45.8793391105055,
                        76.52017256742054
                    ],
                    [
                        -45.88591128754643,
                        76.52242652294461
                    ],
                    [
                        -45.89255256011659,
                        76.52468006984107
                    ],
                    [
                        -45.89927364493435,
                        76.52693316351026
                    ],
                    [
                        -45.90590859464724,
                        76.5291864091821
                    ],
                    [
                        -45.912626525450754,
                        76.53143918613446
                    ],
                    [
                        -45.91948852567273,
                        76.53369125941032
                    ],
                    [
                        -45.92625240538132,
                        76.5359435294508
                    ],
                    [
                        -45.93303055941771,
                        76.53819557800718
                    ],
                    [
                        -45.93995392759114,
                        76.54044690383252
                    ],
                    [
                        -45.94707343040191,
                        76.54269729906818
                    ],
                    [
                        -45.95409836272284,
                        76.54494787422855
                    ],
                    [
                        -45.96120560420956,
                        76.54719794673554
                    ],
                    [
                        -45.96847295512444,
                        76.54944720369507
                    ],
                    [
                        -45.97573044952702,
                        76.55169630486819
                    ],
                    [
                        -45.98282860602124,
                        76.55394584777123
                    ],
                    [
                        -45.99025573413403,
                        76.55619388341766
                    ],
                    [
                        -45.997917668979284,
                        76.5584407642338
                    ],
                    [
                        -46.00571416992147,
                        76.56068687804006
                    ],
                    [
                        -46.01360572284204,
                        76.56293237496692
                    ],
                    [
                        -46.02158371727189,
                        76.56517728188106
                    ],
                    [
                        -46.02996093297312,
                        76.56742028413514
                    ],
                    [
                        -46.03838243134908,
                        76.56966283699626
                    ],
                    [
                        -46.046929725941844,
                        76.5719045901186
                    ],
                    [
                        -46.05539205007028,
                        76.57414643276961
                    ],
                    [
                        -46.063758084631125,
                        76.57638842246948
                    ],
                    [
                        -46.07212922212836,
                        76.57863012838258
                    ],
                    [
                        -46.080266329104774,
                        76.58087259709615
                    ],
                    [
                        -46.08827352708614,
                        76.58311539230564
                    ],
                    [
                        -46.09630159653705,
                        76.58535785690454
                    ],
                    [
                        -46.1044280741273,
                        76.58759964218808
                    ],
                    [
                        -46.112476294646925,
                        76.58984153476499
                    ],
                    [
                        -46.12051759101251,
                        76.59208321861036
                    ],
                    [
                        -46.128786943588835,
                        76.59432362080514
                    ],
                    [
                        -46.13683886950637,
                        76.5965647694498
                    ],
                    [
                        -46.14498581520587,
                        76.59880523779948
                    ],
                    [
                        -46.153316874436015,
                        76.60104460102613
                    ],
                    [
                        -46.1614303616002,
                        76.60328472887693
                    ],
                    [
                        -46.16952107947833,
                        76.60552472089803
                    ],
                    [
                        -46.1777146770446,
                        76.60776398093377
                    ],
                    [
                        -46.186079118733154,
                        76.6100021731547
                    ],
                    [
                        -46.19450126308667,
                        76.61223982720948
                    ],
                    [
                        -46.203107252140306,
                        76.61447632400471
                    ],
                    [
                        -46.21175379744111,
                        76.61671234676172
                    ],
                    [
                        -46.220305068033305,
                        76.61894856136
                    ],
                    [
                        -46.228946883282724,
                        76.62118405495073
                    ],
                    [
                        -46.23795949568625,
                        76.62341741695893
                    ],
                    [
                        -46.24715811709668,
                        76.62564953889014
                    ],
                    [
                        -46.256269128724774,
                        76.6278817890024
                    ],
                    [
                        -46.26548396588047,
                        76.63011319876087
                    ],
                    [
                        -46.27489444417137,
                        76.63234328442634
                    ],
                    [
                        -46.28448814357515,
                        76.63457208875458
                    ],
                    [
                        -46.293879321817734,
                        76.63680160577637
                    ],
                    [
                        -46.30327415010638,
                        76.63903077398113
                    ],
                    [
                        -46.31324879587232,
                        76.64125654094786
                    ],
                    [
                        -46.32332785976779,
                        76.64347049526882
                    ],
                    [
                        -46.33340535581102,
                        76.6456350248446
                    ],
                    [
                        -46.34347917870975,
                        76.647730507818
                    ],
                    [
                        -46.35355882289559,
                        76.6498513148058
                    ],
                    [
                        -46.3636330857602,
                        76.6518881674961
                    ],
                    [
                        -46.373699390215485,
                        76.65381811757226
                    ],
                    [
                        -46.38376924228803,
                        76.65575350391792
                    ],
                    [
                        -46.3938318891401,
                        76.65759217187318
                    ],
                    [
                        -46.4039012973852,
                        76.65946776990006
                    ],
                    [
                        -46.41396689984559,
                        76.66128067671418
                    ],
                    [
                        -46.424031387835,
                        76.66305721586777
                    ],
                    [
                        -46.434100436696504,
                        76.66485045993669
                    ],
                    [
                        -46.44417230609174,
                        76.66664411426926
                    ],
                    [
                        -46.45424518127007,
                        76.66842166794505
                    ],
                    [
                        -46.46431340979011,
                        76.67013244761164
                    ],
                    [
                        -46.474384990732254,
                        76.67184950445635
                    ],
                    [
                        -46.48445133430207,
                        76.67349626590423
                    ],
                    [
                        -46.494520577909825,
                        76.67514607600305
                    ],
                    [
                        -46.50460107415194,
                        76.67687216787802
                    ],
                    [
                        -46.514680174046674,
                        76.67856271777158
                    ],
                    [
                        -46.52476053326249,
                        76.68024142578155
                    ],
                    [
                        -46.53484259337352,
                        76.68191231600862
                    ],
                    [
                        -46.54492931011198,
                        76.68360078418317
                    ],
                    [
                        -46.55501800670486,
                        76.68528375395866
                    ],
                    [
                        -46.56511291840552,
                        76.68699702874129
                    ],
                    [
                        -46.57520956975728,
                        76.68870251860564
                    ],
                    [
                        -46.58530857832793,
                        76.69040550287919
                    ],
                    [
                        -46.59541003696147,
                        76.6921067865221
                    ],
                    [
                        -46.6055173416259,
                        76.69383428662717
                    ],
                    [
                        -46.61562164098913,
                        76.6955152469935
                    ],
                    [
                        -46.62572803633093,
                        76.69719191399564
                    ],
                    [
                        -46.635833058010455,
                        76.6988363964961
                    ],
                    [
                        -46.64594228522023,
                        76.70049396974264
                    ],
                    [
                        -46.656051651964,
                        76.70213201929703
                    ],
                    [
                        -46.66616084814209,
                        76.70374844490424
                    ],
                    [
                        -46.67626837160987,
                        76.70533182788034
                    ],
                    [
                        -46.686374993326105,
                        76.70688878781877
                    ],
                    [
                        -46.69648736718456,
                        76.70847146563486
                    ],
                    [
                        -46.70659481283297,
                        76.70999695239742
                    ],
                    [
                        -46.71670838583334,
                        76.71155108652795
                    ],
                    [
                        -46.72682011624672,
                        76.7130725665787
                    ],
                    [
                        -46.73693690630967,
                        76.71461428971162
                    ],
                    [
                        -46.74705459749046,
                        76.71614454984703
                    ],
                    [
                        -46.757170499174414,
                        76.71764338287532
                    ],
                    [
                        -46.76728344607338,
                        76.71910265155093
                    ],
                    [
                        -46.77740329339786,
                        76.72059601229388
                    ],
                    [
                        -46.78751730228441,
                        76.72202908244033
                    ],
                    [
                        -46.797632120497006,
                        76.72345155223529
                    ],
                    [
                        -46.807748286358986,
                        76.72486751334087
                    ],
                    [
                        -46.81787133455274,
                        76.72631712229769
                    ],
                    [
                        -46.82799058018426,
                        76.72772291391503
                    ],
                    [
                        -46.83810309522556,
                        76.7290646665947
                    ],
                    [
                        -46.84821624914869,
                        76.7303958834226
                    ],
                    [
                        -46.85834159978872,
                        76.73179851875992
                    ],
                    [
                        -46.86846777080212,
                        76.73319132566883
                    ],
                    [
                        -46.878598979243506,
                        76.73460397162597
                    ],
                    [
                        -46.888728672151615,
                        76.73599051458814
                    ],
                    [
                        -46.89886749395929,
                        76.73742505653449
                    ],
                    [
                        -46.90901786327563,
                        76.73892346083763
                    ],
                    [
                        -46.91917279733467,
                        76.74043687138769
                    ],
                    [
                        -46.92933147944988,
                        76.74195947614812
                    ],
                    [
                        -46.939482113473424,
                        76.74341121163562
                    ],
                    [
                        -46.94963465736728,
                        76.74486029868329
                    ],
                    [
                        -46.959786518732095,
                        76.74628939662612
                    ],
                    [
                        -46.96994462435253,
                        76.74774499581173
                    ],
                    [
                        -46.98010411824881,
                        76.74919446663813
                    ],
                    [
                        -46.99027038130099,
                        76.75067339851884
                    ],
                    [
                        -47.00043472612453,
                        76.75212430731119
                    ],
                    [
                        -47.010598561457876,
                        76.75355681833213
                    ],
                    [
                        -47.02077982469265,
                        76.75508772584725
                    ],
                    [
                        -47.0309611927289,
                        76.75660355992171
                    ],
                    [
                        -47.0411423603284,
                        76.7581025812761
                    ],
                    [
                        -47.051322522160525,
                        76.75957988706395
                    ],
                    [
                        -47.06150603153939,
                        76.76106350576215
                    ],
                    [
                        -47.07169366315493,
                        76.7625582406311
                    ],
                    [
                        -47.081883048476435,
                        76.76404899397227
                    ],
                    [
                        -47.09208012183175,
                        76.76557302225193
                    ],
                    [
                        -47.102277291990625,
                        76.76708246722781
                    ],
                    [
                        -47.11248846653831,
                        76.76866386619088
                    ],
                    [
                        -47.12272619817431,
                        76.77039367913093
                    ],
                    [
                        -47.13295907659829,
                        76.77207665512395
                    ],
                    [
                        -47.143194237036475,
                        76.7737571131475
                    ],
                    [
                        -47.153434761024286,
                        76.7754538360638
                    ],
                    [
                        -47.1636827054686,
                        76.77717903567091
                    ],
                    [
                        -47.173929504885756,
                        76.77888066484185
                    ],
                    [
                        -47.184183079127585,
                        76.78060655930537
                    ],
                    [
                        -47.19444318582232,
                        76.78235491405634
                    ],
                    [
                        -47.20471419037564,
                        76.78415133063073
                    ],
                    [
                        -47.214989979426655,
                        76.78595896888204
                    ],
                    [
                        -47.2252665772381,
                        76.78775426639436
                    ],
                    [
                        -47.23554543801207,
                        76.7895459054431
                    ],
                    [
                        -47.24582411896595,
                        76.79131969097928
                    ],
                    [
                        -47.2561019401321,
                        76.79307192086092
                    ],
                    [
                        -47.26637984743877,
                        76.79480835033047
                    ],
                    [
                        -47.276656540658585,
                        76.79652171844924
                    ],
                    [
                        -47.286925833898394,
                        76.79817694900036
                    ],
                    [
                        -47.29717932701563,
                        76.79972700113511
                    ],
                    [
                        -47.30743736404301,
                        76.80128862944198
                    ],
                    [
                        -47.31770222840574,
                        76.80287455381732
                    ],
                    [
                        -47.327962002685325,
                        76.8044174946422
                    ],
                    [
                        -47.33821910279877,
                        76.8059315356923
                    ],
                    [
                        -47.34850000146355,
                        76.80756442686528
                    ],
                    [
                        -47.358777143823566,
                        76.80916186105132
                    ],
                    [
                        -47.369046656272474,
                        76.81070293454127
                    ],
                    [
                        -47.379325491277534,
                        76.81228150390668
                    ],
                    [
                        -47.38960706744807,
                        76.813861075893
                    ],
                    [
                        -47.39987483589969,
                        76.8153515345628
                    ],
                    [
                        -47.41014914045943,
                        76.8168643158866
                    ],
                    [
                        -47.42042351346095,
                        76.81836421692525
                    ],
                    [
                        -47.430712896139156,
                        76.81993168283617
                    ],
                    [
                        -47.44101151965114,
                        76.82153496520012
                    ],
                    [
                        -47.45131798171108,
                        76.82316612274933
                    ],
                    [
                        -47.46163674685527,
                        76.82484846653203
                    ],
                    [
                        -47.47194976462013,
                        76.82648600555383
                    ],
                    [
                        -47.482262360514234,
                        76.82810731141393
                    ],
                    [
                        -47.492572502026135,
                        76.82970194257454
                    ],
                    [
                        -47.502876246939046,
                        76.83124967798587
                    ],
                    [
                        -47.51319925912665,
                        76.83288434456855
                    ],
                    [
                        -47.523517208432885,
                        76.83447905474658
                    ],
                    [
                        -47.533837151752984,
                        76.83607063439207
                    ],
                    [
                        -47.5441562227639,
                        76.83764442158699
                    ],
                    [
                        -47.55448071909443,
                        76.83923278289323
                    ],
                    [
                        -47.56480794611661,
                        76.84082183069553
                    ],
                    [
                        -47.575136233992545,
                        76.84240309541912
                    ],
                    [
                        -47.585461471690785,
                        76.84395593799684
                    ],
                    [
                        -47.59579685419644,
                        76.84554696055535
                    ],
                    [
                        -47.606130650655224,
                        76.84711702267288
                    ],
                    [
                        -47.61646474261671,
                        76.84867574522276
                    ],
                    [
                        -47.626805341696695,
                        76.85025407202522
                    ],
                    [
                        -47.63713266304127,
                        76.85175401453986
                    ],
                    [
                        -47.64746659128336,
                        76.85327435508583
                    ],
                    [
                        -47.65780445863677,
                        76.8548017682118
                    ],
                    [
                        -47.66814257317558,
                        76.8563181420218
                    ],
                    [
                        -47.67847968092377,
                        76.85781750566109
                    ],
                    [
                        -47.68882463654384,
                        76.85934293455837
                    ],
                    [
                        -47.699172148481125,
                        76.86086859057812
                    ],
                    [
                        -47.709504810863045,
                        76.86231083989286
                    ],
                    [
                        -47.71983508027929,
                        76.86373026910098
                    ],
                    [
                        -47.730158221327066,
                        76.86510456556645
                    ],
                    [
                        -47.74048492520498,
                        76.86648501691988
                    ],
                    [
                        -47.75082165338459,
                        76.867902110882
                    ],
                    [
                        -47.76116067991323,
                        76.86931901417276
                    ],
                    [
                        -47.77149936473636,
                        76.8707233316691
                    ],
                    [
                        -47.781839685263385,
                        76.87212444882556
                    ],
                    [
                        -47.79217821717073,
                        76.87350644634651
                    ],
                    [
                        -47.80253006375253,
                        76.87493962187824
                    ],
                    [
                        -47.81288382466422,
                        76.87637068726087
                    ],
                    [
                        -47.82325227911224,
                        76.87785851254496
                    ],
                    [
                        -47.833625507298976,
                        76.87935693922402
                    ],
                    [
                        -47.84399319334163,
                        76.88081869268356
                    ],
                    [
                        -47.85435310042107,
                        76.88223399445123
                    ],
                    [
                        -47.86470886753041,
                        76.88361986717685
                    ],
                    [
                        -47.875060180724326,
                        76.8849752145662
                    ],
                    [
                        -47.88541465180609,
                        76.8863346460474
                    ],
                    [
                        -47.89576114516909,
                        76.88764815277409
                    ],
                    [
                        -47.90610263959696,
                        76.88892955013847
                    ],
                    [
                        -47.916440732596314,
                        76.89018629988341
                    ],
                    [
                        -47.92678046610968,
                        76.89144104008938
                    ],
                    [
                        -47.9371254792059,
                        76.89270987832307
                    ],
                    [
                        -47.94747281722491,
                        76.8939796408716
                    ],
                    [
                        -47.95781895185646,
                        76.89523482545613
                    ],
                    [
                        -47.9681592449001,
                        76.8964552975476
                    ],
                    [
                        -47.97850037292096,
                        76.89767052327757
                    ],
                    [
                        -47.988837941452076,
                        76.89886147023346
                    ],
                    [
                        -47.99917096902098,
                        76.90002414516161
                    ],
                    [
                        -48.00950145446144,
                        76.90116746270354
                    ],
                    [
                        -48.01982740226126,
                        76.90228304825135
                    ],
                    [
                        -48.03015019696616,
                        76.90337711783182
                    ],
                    [
                        -48.04046988798853,
                        76.9044501035904
                    ],
                    [
                        -48.05078718299476,
                        76.90550523075403
                    ],
                    [
                        -48.061103405180305,
                        76.90654828834927
                    ],
                    [
                        -48.0714094094584,
                        76.90754077723852
                    ],
                    [
                        -48.081711378747464,
                        76.90850923559864
                    ],
                    [
                        -48.092013255207036,
                        76.90947044086252
                    ],
                    [
                        -48.10230839128028,
                        76.91039667686562
                    ],
                    [
                        -48.11260087483917,
                        76.91130532542256
                    ],
                    [
                        -48.12289065737915,
                        76.91219636014108
                    ],
                    [
                        -48.1331843910398,
                        76.91309748191439
                    ],
                    [
                        -48.143473426499995,
                        76.9139729160497
                    ],
                    [
                        -48.15375416390489,
                        76.91480812005905
                    ],
                    [
                        -48.164034931520035,
                        76.91563761062518
                    ],
                    [
                        -48.174321270092065,
                        76.91648406576908
                    ],
                    [
                        -48.18461171008547,
                        76.9173413344297
                    ],
                    [
                        -48.194897283185306,
                        76.91817292907369
                    ],
                    [
                        -48.20517796336889,
                        76.91897899440954
                    ],
                    [
                        -48.215455622533185,
                        76.91976732140911
                    ],
                    [
                        -48.22572905648076,
                        76.92053324375193
                    ],
                    [
                        -48.23600608079176,
                        76.92130826830832
                    ],
                    [
                        -48.24627665462581,
                        76.92205223354928
                    ],
                    [
                        -48.25654456934679,
                        76.9227805188636
                    ],
                    [
                        -48.266810323951226,
                        76.92349525139171
                    ],
                    [
                        -48.27707723115648,
                        76.92420965255062
                    ],
                    [
                        -48.28734363173354,
                        76.92491718597003
                    ],
                    [
                        -48.2976028462396,
                        76.92559168130082
                    ],
                    [
                        -48.3078584548153,
                        76.92624746621544
                    ],
                    [
                        -48.31811213567566,
                        76.9268912650508
                    ],
                    [
                        -48.32836438186777,
                        76.92752510679256
                    ],
                    [
                        -48.33861045655004,
                        76.92813071134847
                    ],
                    [
                        -48.3488555242686,
                        76.92872830842762
                    ],
                    [
                        -48.359104312312226,
                        76.92933619134926
                    ],
                    [
                        -48.36934545573157,
                        76.92991059360261
                    ],
                    [
                        -48.3795886719499,
                        76.93048904651646
                    ],
                    [
                        -48.3898306117854,
                        76.93105872092065
                    ],
                    [
                        -48.40007381544176,
                        76.93162936658572
                    ],
                    [
                        -48.410310990732974,
                        76.93217329505883
                    ],
                    [
                        -48.420549372348866,
                        76.93271812440071
                    ],
                    [
                        -48.43079136025031,
                        76.93327289856686
                    ],
                    [
                        -48.44102822101837,
                        76.93380467820134
                    ],
                    [
                        -48.451260757851664,
                        76.9343166812516
                    ],
                    [
                        -48.461488698962256,
                        76.93480806801242
                    ],
                    [
                        -48.4717098737527,
                        76.93527093110374
                    ],
                    [
                        -48.481917091832145,
                        76.93567880194996
                    ],
                    [
                        -48.49212619340692,
                        76.93609086064885
                    ],
                    [
                        -48.502340988628994,
                        76.9365211446761
                    ],
                    [
                        -48.512549100913404,
                        76.93692390253425
                    ],
                    [
                        -48.522764490559,
                        76.9373506467176
                    ],
                    [
                        -48.53298001364039,
                        76.93777500456706
                    ],
                    [
                        -48.543196771633895,
                        76.93820101718838
                    ],
                    [
                        -48.553407568672654,
                        76.9386024716363
                    ],
                    [
                        -48.5636223422053,
                        76.93901565320698
                    ],
                    [
                        -48.573834631636366,
                        76.93941707455717
                    ],
                    [
                        -48.584047170722144,
                        76.93981670227957
                    ],
                    [
                        -48.59425859471368,
                        76.9402096391546
                    ],
                    [
                        -48.604462285236416,
                        76.94057219244739
                    ],
                    [
                        -48.61467404501392,
                        76.94096116458931
                    ],
                    [
                        -48.62487940655749,
                        76.94132471012504
                    ],
                    [
                        -48.63508532506867,
                        76.94168778917786
                    ],
                    [
                        -48.645297827559226,
                        76.94207178594236
                    ],
                    [
                        -48.65550512671974,
                        76.94243482278164
                    ],
                    [
                        -48.665721061006266,
                        76.94282589240669
                    ],
                    [
                        -48.675936078142485,
                        76.94321115484853
                    ],
                    [
                        -48.68615242936298,
                        76.94359855448556
                    ],
                    [
                        -48.696367059484665,
                        76.9439773849952
                    ],
                    [
                        -48.706582103051836,
                        76.94435516249224
                    ],
                    [
                        -48.716790046499625,
                        76.94470575839804
                    ],
                    [
                        -48.72699461640075,
                        76.94504232448132
                    ],
                    [
                        -48.73719857556899,
                        76.94537453308952
                    ],
                    [
                        -48.74739675318117,
                        76.94568458079772
                    ],
                    [
                        -48.75759154426253,
                        76.94598088841089
                    ],
                    [
                        -48.76777766180091,
                        76.94624542817644
                    ],
                    [
                        -48.77795575464322,
                        76.94648067850129
                    ],
                    [
                        -48.7881322350554,
                        76.94670875709426
                    ],
                    [
                        -48.798312415684826,
                        76.94694780024109
                    ],
                    [
                        -48.80849429106606,
                        76.94719091164613
                    ],
                    [
                        -48.8186723550077,
                        76.94741942017711
                    ],
                    [
                        -48.82884853255329,
                        76.94763994049154
                    ],
                    [
                        -48.83902215167415,
                        76.94785027301891
                    ],
                    [
                        -48.84919421792285,
                        76.94805387439087
                    ],
                    [
                        -48.859361195928706,
                        76.94823895805484
                    ],
                    [
                        -48.869528616271595,
                        76.94842414151545
                    ],
                    [
                        -48.87969918670541,
                        76.94861844248902
                    ],
                    [
                        -48.88986472298286,
                        76.94879459744331
                    ],
                    [
                        -48.90002327288897,
                        76.94894627951238
                    ],
                    [
                        -48.910179796924666,
                        76.94909007363292
                    ],
                    [
                        -48.92033618608376,
                        76.94923227364868
                    ],
                    [
                        -48.93050070520716,
                        76.94940006300152
                    ],
                    [
                        -48.94066835326837,
                        76.94957684204722
                    ],
                    [
                        -48.95083736965261,
                        76.94975678140258
                    ],
                    [
                        -48.96100396464114,
                        76.94992749280799
                    ],
                    [
                        -48.97117421672918,
                        76.950108824313
                    ],
                    [
                        -48.98134913040973,
                        76.95030395261946
                    ],
                    [
                        -48.99152581469456,
                        76.95050341208945
                    ],
                    [
                        -49.001696724548125,
                        76.95068280779903
                    ],
                    [
                        -49.011858762460406,
                        76.95083231720166
                    ],
                    [
                        -49.022018592405026,
                        76.95097357379746
                    ],
                    [
                        -49.03216999637475,
                        76.95108671626235
                    ],
                    [
                        -49.04232233043878,
                        76.95120185879372
                    ],
                    [
                        -49.05247959133588,
                        76.95133172652527
                    ],
                    [
                        -49.062636972431044,
                        76.9514609225319
                    ],
                    [
                        -49.07278886195306,
                        76.9515716507264
                    ],
                    [
                        -49.082927432375755,
                        76.95163928245717
                    ],
                    [
                        -49.09307515999549,
                        76.95173507671032
                    ],
                    [
                        -49.10322265198937,
                        76.95182925124357
                    ],
                    [
                        -49.11336954784416,
                        76.95192068490627
                    ],
                    [
                        -49.123517953486235,
                        76.95201599417895
                    ],
                    [
                        -49.13366586777311,
                        76.95210889588309
                    ],
                    [
                        -49.14381542993369,
                        76.95220607523385
                    ],
                    [
                        -49.153962749216376,
                        76.9522954011333
                    ],
                    [
                        -49.16411047582251,
                        76.95238515107432
                    ],
                    [
                        -49.174250401892564,
                        76.95244992293271
                    ],
                    [
                        -49.18439380731168,
                        76.95252471724538
                    ],
                    [
                        -49.194538982189236,
                        76.9526041945985
                    ],
                    [
                        -49.20468059043241,
                        76.95267192832657
                    ],
                    [
                        -49.21482597862496,
                        76.9527505155194
                    ],
                    [
                        -49.224964669335506,
                        76.95280784710542
                    ],
                    [
                        -49.23510565534461,
                        76.95287150033359
                    ],
                    [
                        -49.2452441512087,
                        76.95292686984295
                    ],
                    [
                        -49.255384102954004,
                        76.95298599046349
                    ],
                    [
                        -49.26552045321208,
                        76.95303352175084
                    ],
                    [
                        -49.275655201118845,
                        76.95307558408712
                    ],
                    [
                        -49.28578731751505,
                        76.95310911423053
                    ],
                    [
                        -49.29591325171605,
                        76.95312349761514
                    ],
                    [
                        -49.30604272902443,
                        76.95314803661557
                    ],
                    [
                        -49.316157998857264,
                        76.95312954716444
                    ],
                    [
                        -49.32628302516332,
                        76.95313986546282
                    ],
                    [
                        -49.33640812075078,
                        76.95314993887813
                    ],
                    [
                        -49.34653665087042,
                        76.9531697666667
                    ],
                    [
                        -49.35667311410992,
                        76.95321261403016
                    ],
                    [
                        -49.366812410663826,
                        76.95326323759339
                    ],
                    [
                        -49.376953249522366,
                        76.953317773139
                    ],
                    [
                        -49.38708717558352,
                        76.95335130497148
                    ],
                    [
                        -49.39722019591211,
                        76.95338161888195
                    ],
                    [
                        -49.40735691562322,
                        76.95342222868291
                    ],
                    [
                        -49.41749485228944,
                        76.95346580573617
                    ],
                    [
                        -49.42763215405233,
                        76.95350692785087
                    ],
                    [
                        -49.43776288981097,
                        76.95352835325897
                    ],
                    [
                        -49.44789609011149,
                        76.95355643235831
                    ],
                    [
                        -49.458038341731665,
                        76.95361019658662
                    ],
                    [
                        -49.46817622529142,
                        76.95365068995498
                    ],
                    [
                        -49.47830895060187,
                        76.95367572384384
                    ],
                    [
                        -49.4884419777201,
                        76.95370110939618
                    ],
                    [
                        -49.49857852507805,
                        76.95373608073066
                    ],
                    [
                        -49.5087054960006,
                        76.95374306720296
                    ],
                    [
                        -49.51883495859779,
                        76.95375673845682
                    ],
                    [
                        -49.5289693684595,
                        76.9537840489484
                    ],
                    [
                        -49.53910780536564,
                        76.95382228844771
                    ],
                    [
                        -49.549258711138286,
                        76.95389534070011
                    ],
                    [
                        -49.55941443448124,
                        76.95398130488803
                    ],
                    [
                        -49.56956751331244,
                        76.95405901061103
                    ],
                    [
                        -49.579712339722775,
                        76.95411270341098
                    ],
                    [
                        -49.58985321574822,
                        76.95415464317078
                    ],
                    [
                        -49.59999596215892,
                        76.9542012432956
                    ],
                    [
                        -49.610142346975906,
                        76.95425742293305
                    ],
                    [
                        -49.62029757875628,
                        76.954337670957
                    ],
                    [
                        -49.63045443070718,
                        76.95442167915391
                    ],
                    [
                        -49.640608579737396,
                        76.95449739578993
                    ],
                    [
                        -49.65076003291014,
                        76.95456489423535
                    ],
                    [
                        -49.66090882925697,
                        76.95462433573213
                    ],
                    [
                        -49.6710528432341,
                        76.95466989818432
                    ],
                    [
                        -49.681196124987984,
                        76.95471283983923
                    ],
                    [
                        -49.691340208757325,
                        76.9547573983931
                    ],
                    [
                        -49.70148398653079,
                        76.95480052031279
                    ],
                    [
                        -49.711629546691654,
                        76.95484793538127
                    ],
                    [
                        -49.72176641403252,
                        76.9548709789298
                    ],
                    [
                        -49.73190570349381,
                        76.9549001269561
                    ],
                    [
                        -49.742053664092154,
                        76.95495234858481
                    ],
                    [
                        -49.75219962469063,
                        76.95499851057113
                    ],
                    [
                        -49.76235142255972,
                        76.95505989199314
                    ],
                    [
                        -49.77249702279393,
                        76.95510384642122
                    ],
                    [
                        -49.78264473561127,
                        76.95515291120174
                    ],
                    [
                        -49.79278922211112,
                        76.95519267550327
                    ],
                    [
                        -49.802936657312145,
                        76.95523979130044
                    ],
                    [
                        -49.81307961986648,
                        76.95527431053594
                    ],
                    [
                        -49.823221121531546,
                        76.95530437125456
                    ],
                    [
                        -49.83336936880372,
                        76.95535191370084
                    ],
                    [
                        -49.84351283038722,
                        76.95538610066907
                    ],
                    [
                        -49.853659209540545,
                        76.95542749815785
                    ],
                    [
                        -49.863794471165896,
                        76.9554388194968
                    ],
                    [
                        -49.873938563739465,
                        76.95547307276918
                    ],
                    [
                        -49.88409023917526,
                        76.95552681555777
                    ],
                    [
                        -49.89422989796229,
                        76.9555482454699
                    ],
                    [
                        -49.90436470476941,
                        76.95555641564641
                    ],
                    [
                        -49.914493079650995,
                        76.95554725898343
                    ],
                    [
                        -49.92462986775841,
                        76.95555978271565
                    ],
                    [
                        -49.93476261614165,
                        76.95556128709971
                    ],
                    [
                        -49.944897376286946,
                        76.95556763151299
                    ],
                    [
                        -49.955037431967895,
                        76.95558733705214
                    ],
                    [
                        -49.96517760434755,
                        76.95560686123771
                    ],
                    [
                        -49.975323983204774,
                        76.95564199865034
                    ],
                    [
                        -49.98546445151539,
                        76.95566129047607
                    ],
                    [
                        -49.99560140764849,
                        76.95567102788172
                    ],
                    [
                        -50.00573045938601,
                        76.95565994641676
                    ],
                    [
                        -50.01586451413671,
                        76.95566137637975
                    ],
                    [
                        -50.025998123598846,
                        76.95566125351996
                    ],
                    [
                        -50.036132539149925,
                        76.95566279257707
                    ],
                    [
                        -50.04627436828759,
                        76.9556828774907
                    ],
                    [
                        -50.05641485575938,
                        76.955699053927
                    ],
                    [
                        -50.06655693702585,
                        76.95571882016377
                    ],
                    [
                        -50.07669927141498,
                        76.95573874640874
                    ],
                    [
                        -50.0868409964619,
                        76.95575664331089
                    ],
                    [
                        -50.09697857018521,
                        76.95576355630587
                    ],
                    [
                        -50.10711194082594,
                        76.95575941958435
                    ],
                    [
                        -50.11725388387586,
                        76.95577650854894
                    ],
                    [
                        -50.127385859513346,
                        76.95576804521727
                    ],
                    [
                        -50.13752474852482,
                        76.95577657264214
                    ],
                    [
                        -50.14766532013291,
                        76.95578887931909
                    ],
                    [
                        -50.157798497948065,
                        76.95578223909722
                    ],
                    [
                        -50.16793517180134,
                        76.95578394847799
                    ],
                    [
                        -50.17805864791678,
                        76.9557523651807
                    ],
                    [
                        -50.1881918774328,
                        76.95574475452882
                    ],
                    [
                        -50.19832493368428,
                        76.9557363396272
                    ],
                    [
                        -50.20846108881708,
                        76.955735229062
                    ],
                    [
                        -50.218597209541514,
                        76.95573363365843
                    ],
                    [
                        -50.228731948897895,
                        76.95572823221609
                    ],
                    [
                        -50.23886669861588,
                        76.95572247315627
                    ],
                    [
                        -50.249003378162726,
                        76.95572107510809
                    ],
                    [
                        -50.259141507686074,
                        76.95572283490377
                    ],
                    [
                        -50.26927379266146,
                        76.95570987552593
                    ],
                    [
                        -50.279411386294306,
                        76.95570953314599
                    ],
                    [
                        -50.28955359773423,
                        76.95572004925229
                    ],
                    [
                        -50.29968426682157,
                        76.95570202662219
                    ],
                    [
                        -50.30981827289856,
                        76.95569177556126
                    ],
                    [
                        -50.31995660899243,
                        76.95569165840148
                    ],
                    [
                        -50.330094616371724,
                        76.95569034191153
                    ],
                    [
                        -50.34022710495912,
                        76.95567529597218
                    ],
                    [
                        -50.350362766915424,
                        76.95566755346631
                    ],
                    [
                        -50.360497340979784,
                        76.95565681836457
                    ],
                    [
                        -50.37062808923062,
                        76.95563653132814
                    ],
                    [
                        -50.38076054679122,
                        76.95562001421796
                    ],
                    [
                        -50.39088880162148,
                        76.95559309974367
                    ],
                    [
                        -50.40101401112125,
                        76.95555860989215
                    ],
                    [
                        -50.41112498216481,
                        76.9554899065063
                    ],
                    [
                        -50.42123926244487,
                        76.95542892972578
                    ],
                    [
                        -50.43135478224989,
                        76.95537072050956
                    ],
                    [
                        -50.441467993184574,
                        76.95530685191645
                    ],
                    [
                        -50.45158820715788,
                        76.95525938553527
                    ],
                    [
                        -50.461703390960814,
                        76.95519981310552
                    ],
                    [
                        -50.471825743414215,
                        76.95515695489374
                    ],
                    [
                        -50.4819474048677,
                        76.95511222571986
                    ],
                    [
                        -50.492067908556805,
                        76.95506453908888
                    ],
                    [
                        -50.50218113763928,
                        76.95499957263421
                    ],
                    [
                        -50.51229208625584,
                        76.95492910589307
                    ],
                    [
                        -50.522408447723464,
                        76.95487113547618
                    ],
                    [
                        -50.532518924610386,
                        76.95479925615629
                    ],
                    [
                        -50.5426450632422,
                        76.9547636787146
                    ],
                    [
                        -50.55277657433764,
                        76.95474030524326
                    ],
                    [
                        -50.5629054923729,
                        76.95471060129513
                    ],
                    [
                        -50.57303756272214,
                        76.9546878961365
                    ],
                    [
                        -50.58316424794649,
                        76.95465243035142
                    ],
                    [
                        -50.593290178349385,
                        76.95461494880205
                    ],
                    [
                        -50.603410957429226,
                        76.95456534324025
                    ],
                    [
                        -50.613541015706815,
                        76.95453683028757
                    ],
                    [
                        -50.62367233832036,
                        76.95451091535533
                    ],
                    [
                        -50.63380353869886,
                        76.95448440974215
                    ],
                    [
                        -50.6439364831052,
                        76.9544615800817
                    ],
                    [
                        -50.65406771827568,
                        76.95443452970905
                    ],
                    [
                        -50.66419900582481,
                        76.95440729124728
                    ],
                    [
                        -50.67432058654788,
                        76.95435768646657
                    ],
                    [
                        -50.68444456572925,
                        76.95431329566563
                    ],
                    [
                        -50.6945665611184,
                        76.95426416675139
                    ],
                    [
                        -50.704684744134106,
                        76.95420619095754
                    ],
                    [
                        -50.71479495048851,
                        76.95413001839293
                    ],
                    [
                        -50.72489825859018,
                        76.95403817410217
                    ],
                    [
                        -50.73501448168016,
                        76.95397528930266
                    ],
                    [
                        -50.745127674217514,
                        76.95390542066103
                    ],
                    [
                        -50.75524341404615,
                        76.95384110157677
                    ],
                    [
                        -50.76535830345385,
                        76.95377470284683
                    ],
                    [
                        -50.775468952902266,
                        76.95369866716568
                    ],
                    [
                        -50.785572893296596,
                        76.95360754161912
                    ],
                    [
                        -50.795674105465984,
                        76.95351026127379
                    ],
                    [
                        -50.80578947262026,
                        76.95344435410975
                    ],
                    [
                        -50.81589627068804,
                        76.95335927474491
                    ],
                    [
                        -50.82600671209144,
                        76.9532821510795
                    ],
                    [
                        -50.83611633014548,
                        76.95320307246489
                    ],
                    [
                        -50.84621875715925,
                        76.95310800433154
                    ],
                    [
                        -50.85631890281746,
                        76.95300783863969
                    ],
                    [
                        -50.86641565378958,
                        76.95290015409094
                    ],
                    [
                        -50.876516857325036,
                        76.95280220664246
                    ],
                    [
                        -50.88661157391144,
                        76.95268998404819
                    ],
                    [
                        -50.896711622778625,
                        76.95258940288858
                    ],
                    [
                        -50.9068141167077,
                        76.95249410027317
                    ],
                    [
                        -50.91691261707411,
                        76.9523900179996
                    ],
                    [
                        -50.92701147504343,
                        76.95228666579854
                    ],
                    [
                        -50.93710334784334,
                        76.95216809316537
                    ],
                    [
                        -50.947197804046354,
                        76.95205512153366
                    ],
                    [
                        -50.957282342407765,
                        76.9519206652451
                    ],
                    [
                        -50.967371740741605,
                        76.9517967622596
                    ],
                    [
                        -50.97746131796358,
                        76.9516732613409
                    ],
                    [
                        -50.98753405614112,
                        76.95151351421451
                    ],
                    [
                        -50.99759995327846,
                        76.95133919602647
                    ],
                    [
                        -51.00766000377458,
                        76.95115251342982
                    ],
                    [
                        -51.01772983558828,
                        76.95098701155484
                    ],
                    [
                        -51.027797496542675,
                        76.95081701818154
                    ],
                    [
                        -51.037862793009765,
                        76.95064214161918
                    ],
                    [
                        -51.047924273284806,
                        76.9504593107243
                    ],
                    [
                        -51.05798685883531,
                        76.95027903891949
                    ],
                    [
                        -51.0680449589471,
                        76.95008943365865
                    ],
                    [
                        -51.078092275667316,
                        76.94987718073742
                    ],
                    [
                        -51.08814129072521,
                        76.94966882526609
                    ],
                    [
                        -51.09819427116066,
                        76.94946914058696
                    ],
                    [
                        -51.10823477393128,
                        76.94924337456732
                    ],
                    [
                        -51.118274764628154,
                        76.9490168708867
                    ],
                    [
                        -51.12832130736331,
                        76.94880449504171
                    ],
                    [
                        -51.13836350005464,
                        76.94858327718984
                    ],
                    [
                        -51.148399004043476,
                        76.94834835548868
                    ],
                    [
                        -51.15843315944049,
                        76.94811097661461
                    ],
                    [
                        -51.16845809281749,
                        76.94785469402338
                    ],
                    [
                        -51.17848258327567,
                        76.94759792004929
                    ],
                    [
                        -51.188505540840346,
                        76.94733838537941
                    ],
                    [
                        -51.19852239035613,
                        76.94706658541178
                    ],
                    [
                        -51.20854182966422,
                        76.94680064285389
                    ],
                    [
                        -51.218549482622564,
                        76.94651071936212
                    ],
                    [
                        -51.228568676375055,
                        76.9462452217996
                    ],
                    [
                        -51.238593499882995,
                        76.94599181477831
                    ],
                    [
                        -51.24860693820698,
                        76.94571532749563
                    ],
                    [
                        -51.25862106328895,
                        76.94544074173915
                    ],
                    [
                        -51.26862513976716,
                        76.94514596453531
                    ],
                    [
                        -51.27863493708533,
                        76.94486347850975
                    ],
                    [
                        -51.288632054226255,
                        76.94455549244633
                    ],
                    [
                        -51.29863063084345,
                        76.94425107477724
                    ],
                    [
                        -51.30863255198681,
                        76.94395406120599
                    ],
                    [
                        -51.3186323676117,
                        76.94365329325865
                    ],
                    [
                        -51.32862733015813,
                        76.94334318933277
                    ],
                    [
                        -51.33861869633747,
                        76.94302634941015
                    ],
                    [
                        -51.348615530848534,
                        76.94272121760099
                    ],
                    [
                        -51.358600068491015,
                        76.94239170820471
                    ],
                    [
                        -51.36858609584358,
                        76.94206585198341
                    ],
                    [
                        -51.37857756977689,
                        76.9417516313809
                    ],
                    [
                        -51.38856104029432,
                        76.94142184013812
                    ],
                    [
                        -51.398542768843555,
                        76.94108917033765
                    ],
                    [
                        -51.408522493145966,
                        76.94075310685191
                    ],
                    [
                        -51.41849964308259,
                        76.9404125191661
                    ],
                    [
                        -51.42846348795902,
                        76.94004589891318
                    ],
                    [
                        -51.43842823657681,
                        76.93968182818188
                    ],
                    [
                        -51.44839696319463,
                        76.9393264435037
                    ],
                    [
                        -51.458365267335694,
                        76.9389709163413
                    ],
                    [
                        -51.46832971608242,
                        76.93860840141733
                    ],
                    [
                        -51.47828512054967,
                        76.93822859907219
                    ],
                    [
                        -51.48824410607488,
                        76.93785668606658
                    ],
                    [
                        -51.498181442401105,
                        76.93744254523955
                    ],
                    [
                        -51.50812421952774,
                        76.93704005835933
                    ],
                    [
                        -51.518053547228874,
                        76.93661178896868
                    ],
                    [
                        -51.52799251650133,
                        76.93620348034136
                    ],
                    [
                        -51.53793114135768,
                        76.93579533929643
                    ],
                    [
                        -51.54786774337774,
                        76.93538405783481
                    ],
                    [
                        -51.55780202187318,
                        76.93496905792455
                    ],
                    [
                        -51.56772251528472,
                        76.93452784305317
                    ],
                    [
                        -51.5776381995283,
                        76.93407813374242
                    ],
                    [
                        -51.58755035531386,
                        76.9336224752452
                    ],
                    [
                        -51.597458295666506,
                        76.93315954999463
                    ],
                    [
                        -51.607375018856146,
                        76.93271476943823
                    ],
                    [
                        -51.61727769066436,
                        76.93224353325007
                    ],
                    [
                        -51.62719028248261,
                        76.9317926252858
                    ],
                    [
                        -51.637104824906864,
                        76.9313464630991
                    ],
                    [
                        -51.64701195275656,
                        76.93088684659539
                    ],
                    [
                        -51.6569191093773,
                        76.93042826124359
                    ],
                    [
                        -51.66681612995841,
                        76.9299510289842
                    ],
                    [
                        -51.676704971810935,
                        76.92945901347267
                    ],
                    [
                        -51.686587751211654,
                        76.92895636250455
                    ],
                    [
                        -51.69648203530495,
                        76.9284769728987
                    ],
                    [
                        -51.70637588401371,
                        76.92799776808793
                    ],
                    [
                        -51.716270202362885,
                        76.92752048549109
                    ],
                    [
                        -51.72616744007098,
                        76.92704981607369
                    ],
                    [
                        -51.73606268243115,
                        76.92657631486713
                    ],
                    [
                        -51.745956796961245,
                        76.92610165308466
                    ],
                    [
                        -51.755837054082576,
                        76.925601518058
                    ],
                    [
                        -51.76571134530596,
                        76.92509107229917
                    ],
                    [
                        -51.7755781856389,
                        76.92456753082936
                    ],
                    [
                        -51.785451921180815,
                        76.92405823669316
                    ],
                    [
                        -51.795311489023845,
                        76.92352312187208
                    ],
                    [
                        -51.80517755613676,
                        76.9230014944686
                    ],
                    [
                        -51.81505132863472,
                        76.92249558061646
                    ],
                    [
                        -51.82492403149843,
                        76.921988716629
                    ],
                    [
                        -51.83479083848939,
                        76.92147179109938
                    ],
                    [
                        -51.84464915357004,
                        76.9209399502008
                    ],
                    [
                        -51.854502855160796,
                        76.92040056054525
                    ],
                    [
                        -51.864352040472994,
                        76.91985383618851
                    ],
                    [
                        -51.8741979625182,
                        76.9193021605101
                    ],
                    [
                        -51.88404622180149,
                        76.91875605650542
                    ],
                    [
                        -51.89387828389675,
                        76.91818079047954
                    ],
                    [
                        -51.90372164216978,
                        76.91762789924009
                    ],
                    [
                        -51.91357196606625,
                        76.9170892011744
                    ],
                    [
                        -51.92340740177407,
                        76.91652388151653
                    ],
                    [
                        -51.9332431261647,
                        76.91596031440702
                    ],
                    [
                        -51.94306211827835,
                        76.91536683786066
                    ],
                    [
                        -51.95289484928388,
                        76.91480016451752
                    ],
                    [
                        -51.962726634709476,
                        76.9142329491744
                    ],
                    [
                        -51.9725620236693,
                        76.91367361838716
                    ],
                    [
                        -51.98238784877785,
                        76.91309778645619
                    ],
                    [
                        -51.99221602048724,
                        76.9125275183345
                    ],
                    [
                        -52.00205438104705,
                        76.91197725434908
                    ],
                    [
                        -52.011885606034966,
                        76.91141500279439
                    ],
                    [
                        -52.02172730794037,
                        76.91087320695493
                    ],
                    [
                        -52.03155536204456,
                        76.91030747041442
                    ],
                    [
                        -52.04138725723566,
                        76.90974996997765
                    ],
                    [
                        -52.05122756987405,
                        76.90920905396858
                    ],
                    [
                        -52.061055779484576,
                        76.90864711674037
                    ],
                    [
                        -52.07087668434045,
                        76.90807300884704
                    ],
                    [
                        -52.08068628155158,
                        76.90747947680536
                    ],
                    [
                        -52.090496763574514,
                        76.90688881127882
                    ],
                    [
                        -52.100299709023666,
                        76.90628567847462
                    ],
                    [
                        -52.11010562065372,
                        76.90568921067461
                    ],
                    [
                        -52.11991900338297,
                        76.90510755425959
                    ],
                    [
                        -52.12973218590927,
                        76.90452674825286
                    ],
                    [
                        -52.13954529779045,
                        76.9039470230128
                    ],
                    [
                        -52.149348385722774,
                        76.90335038648033
                    ],
                    [
                        -52.159154816136414,
                        76.90276102870044
                    ],
                    [
                        -52.1689656065286,
                        76.90218075364221
                    ],
                    [
                        -52.17876540837484,
                        76.90158189842366
                    ],
                    [
                        -52.18856593644544,
                        76.90098559404774
                    ],
                    [
                        -52.19836082798854,
                        76.90038040782528
                    ],
                    [
                        -52.20814029681094,
                        76.89974883044196
                    ],
                    [
                        -52.21791317731396,
                        76.89910678276047
                    ],
                    [
                        -52.227703979087565,
                        76.89849812881876
                    ],
                    [
                        -52.237501956813006,
                        76.89790354838027
                    ],
                    [
                        -52.247305912898234,
                        76.8973208493539
                    ],
                    [
                        -52.257103611475365,
                        76.89672819296977
                    ],
                    [
                        -52.26689336274775,
                        76.89612261254436
                    ],
                    [
                        -52.27668476722553,
                        76.89552121115585
                    ],
                    [
                        -52.286454153637436,
                        76.89488198111928
                    ],
                    [
                        -52.29623662542656,
                        76.89426725906799
                    ],
                    [
                        -52.306024560513144,
                        76.89366346272232
                    ],
                    [
                        -52.31580050627738,
                        76.89303971055938
                    ],
                    [
                        -52.325573370019555,
                        76.89241179828515
                    ],
                    [
                        -52.335345992263754,
                        76.89178474751704
                    ],
                    [
                        -52.34512530400738,
                        76.89117075333922
                    ],
                    [
                        -52.35489874706544,
                        76.89054768959171
                    ],
                    [
                        -52.36466974724119,
                        76.88992160492657
                    ],
                    [
                        -52.37443109567884,
                        76.88927987147831
                    ],
                    [
                        -52.3841880624825,
                        76.88863177702227
                    ],
                    [
                        -52.393940644671204,
                        76.88797734022515
                    ],
                    [
                        -52.403692302270166,
                        76.88732262778437
                    ],
                    [
                        -52.41346144000315,
                        76.88669974273782
                    ],
                    [
                        -52.42321729856296,
                        76.88605497863267
                    ],
                    [
                        -52.432971915261376,
                        76.88540936126029
                    ],
                    [
                        -52.442726862592195,
                        76.88476562556085
                    ],
                    [
                        -52.45248516283794,
                        76.88412900841662
                    ],
                    [
                        -52.46225090614433,
                        76.88350657074683
                    ],
                    [
                        -52.471996649922,
                        76.88285075643869
                    ],
                    [
                        -52.48174090447387,
                        76.88219369147062
                    ],
                    [
                        -52.49148423563759,
                        76.88153635689099
                    ],
                    [
                        -52.501234054849554,
                        76.88089153311583
                    ],
                    [
                        -52.5109734407719,
                        76.88023003033396
                    ],
                    [
                        -52.52070714073541,
                        76.87956007648444
                    ],
                    [
                        -52.530439032747594,
                        76.87888836466956
                    ],
                    [
                        -52.5401615786396,
                        76.87820196757993
                    ],
                    [
                        -52.549891751476174,
                        76.87753002405628
                    ],
                    [
                        -52.559606224626236,
                        76.8768325576664
                    ],
                    [
                        -52.56933330521619,
                        76.87615804813967
                    ],
                    [
                        -52.579061744448396,
                        76.87548720556364
                    ],
                    [
                        -52.58877035315992,
                        76.87478388760998
                    ],
                    [
                        -52.598469516335,
                        76.87406589921453
                    ],
                    [
                        -52.60815897939582,
                        76.87333286112614
                    ],
                    [
                        -52.61784981827937,
                        76.87260364321502
                    ],
                    [
                        -52.62754175958951,
                        76.87187776684428
                    ],
                    [
                        -52.63723970954287,
                        76.8711635327767
                    ],
                    [
                        -52.64693902621907,
                        76.87045304116735
                    ],
                    [
                        -52.656632276134445,
                        76.86973371220276
                    ],
                    [
                        -52.66632370432217,
                        76.86901274461995
                    ],
                    [
                        -52.67600438144978,
                        76.86827508678402
                    ],
                    [
                        -52.68568195524397,
                        76.8675336792922
                    ],
                    [
                        -52.695359203086866,
                        76.86679320709659
                    ],
                    [
                        -52.705021436729744,
                        76.8660289884916
                    ],
                    [
                        -52.714681291888944,
                        76.86526231259595
                    ],
                    [
                        -52.72433755704048,
                        76.86449115707399
                    ],
                    [
                        -52.73399609194342,
                        76.86372534677056
                    ],
                    [
                        -52.74364327474079,
                        76.86294208596048
                    ],
                    [
                        -52.75328937821072,
                        76.86215859231497
                    ],
                    [
                        -52.76292530254136,
                        76.86135968756625
                    ],
                    [
                        -52.772562330921325,
                        76.8605642240931
                    ],
                    [
                        -52.7822111301375,
                        76.8597899384732
                    ],
                    [
                        -52.79186130485141,
                        76.85901947686743
                    ],
                    [
                        -52.80151440577098,
                        76.85825539910437
                    ],
                    [
                        -52.81115463556979,
                        76.85747148893778
                    ],
                    [
                        -52.820784338950354,
                        76.85667169947729
                    ],
                    [
                        -52.83040185354337,
                        76.8558533367406
                    ],
                    [
                        -52.84002421016772,
                        76.85504460365944
                    ],
                    [
                        -52.849639790883174,
                        76.85422629329831
                    ],
                    [
                        -52.85925606782465,
                        76.85341075494173
                    ],
                    [
                        -52.86888079556343,
                        76.85261074471416
                    ],
                    [
                        -52.87850381425921,
                        76.85180950031301
                    ],
                    [
                        -52.888128572943025,
                        76.85101269029948
                    ],
                    [
                        -52.89774043477846,
                        76.85019628615106
                    ],
                    [
                        -52.90734852418885,
                        76.84937530741517
                    ],
                    [
                        -52.91696276890404,
                        76.8485660181667
                    ],
                    [
                        -52.926577212167736,
                        76.84775863871788
                    ],
                    [
                        -52.9361881720938,
                        76.84694714961002
                    ],
                    [
                        -52.94577671107696,
                        76.84610067754349
                    ],
                    [
                        -52.95537643101102,
                        76.84527408428832
                    ],
                    [
                        -52.96497355338946,
                        76.84444487953671
                    ],
                    [
                        -52.97457185206392,
                        76.8436192053988
                    ],
                    [
                        -52.98417135451828,
                        76.84279709355167
                    ],
                    [
                        -52.99375721247977,
                        76.84195445340622
                    ],
                    [
                        -53.00335580875907,
                        76.84113408761934
                    ],
                    [
                        -53.01294287754534,
                        76.84029666035086
                    ],
                    [
                        -53.02252681567449,
                        76.83945579886283
                    ],
                    [
                        -53.03210329427461,
                        76.83860452688171
                    ],
                    [
                        -53.04167558195093,
                        76.83774814935728
                    ],
                    [
                        -53.051248474572965,
                        76.83689440658415
                    ],
                    [
                        -53.060817447083494,
                        76.83603600976208
                    ],
                    [
                        -53.070401300259704,
                        76.8352031829061
                    ],
                    [
                        -53.07996849534107,
                        76.83434521970025
                    ],
                    [
                        -53.08954550979143,
                        76.83350465203223
                    ],
                    [
                        -53.099111381901544,
                        76.83264785369707
                    ],
                    [
                        -53.10867678396073,
                        76.83179194949791
                    ],
                    [
                        -53.118226395772744,
                        76.83091245863856
                    ],
                    [
                        -53.1277763111028,
                        76.8300351441917
                    ],
                    [
                        -53.13734403094242,
                        76.82918789655056
                    ],
                    [
                        -53.14691283561091,
                        76.82834399055878
                    ],
                    [
                        -53.156480493766736,
                        76.82749986526335
                    ],
                    [
                        -53.16603770912304,
                        76.82664075146917
                    ],
                    [
                        -53.17558769877803,
                        76.82577180426422
                    ],
                    [
                        -53.185148604292756,
                        76.82492181346596
                    ],
                    [
                        -53.19470061380982,
                        76.82405934471625
                    ],
                    [
                        -53.20426075113664,
                        76.82321136450568
                    ],
                    [
                        -53.213826516274345,
                        76.82237387395848
                    ],
                    [
                        -53.223374059450016,
                        76.82150919997285
                    ],
                    [
                        -53.23291767435286,
                        76.82063996438991
                    ],
                    [
                        -53.24246338690231,
                        76.81977567011953
                    ],
                    [
                        -53.2520148436881,
                        76.81892203558998
                    ],
                    [
                        -53.2615550107284,
                        76.81805226241036
                    ],
                    [
                        -53.27109891497064,
                        76.81718998635004
                    ],
                    [
                        -53.28063519023744,
                        76.8163173637775
                    ],
                    [
                        -53.29017505585218,
                        76.81545199674247
                    ],
                    [
                        -53.29971118202765,
                        76.81458239539658
                    ],
                    [
                        -53.30923568068045,
                        76.81369624807131
                    ],
                    [
                        -53.31877355257264,
                        76.8128326287889
                    ],
                    [
                        -53.328297027563146,
                        76.81194816769143
                    ],
                    [
                        -53.33782586895064,
                        76.81107371083165
                    ],
                    [
                        -53.3473595677669,
                        76.81020843295315
                    ],
                    [
                        -53.35687700728276,
                        76.80931948900509
                    ],
                    [
                        -53.366386597997355,
                        76.80842001085189
                    ],
                    [
                        -53.37588478117709,
                        76.80750451396703
                    ],
                    [
                        -53.38539630204606,
                        76.80661137764552
                    ],
                    [
                        -53.394893981265554,
                        76.80569847598993
                    ],
                    [
                        -53.404394625528006,
                        76.8047918480601
                    ],
                    [
                        -53.413900200540894,
                        76.80389450770686
                    ],
                    [
                        -53.42340461675944,
                        76.80299703273995
                    ],
                    [
                        -53.43289977742994,
                        76.80208694929752
                    ],
                    [
                        -53.4423805945155,
                        76.80115646720279
                    ],
                    [
                        -53.45187447975666,
                        76.80024779059771
                    ],
                    [
                        -53.461363010007105,
                        76.79933255770399
                    ],
                    [
                        -53.47086135077541,
                        76.7984340525122
                    ],
                    [
                        -53.48036655009244,
                        76.7975476972351
                    ],
                    [
                        -53.489846841698025,
                        76.79662482749882
                    ],
                    [
                        -53.49932463910611,
                        76.79569983126018
                    ],
                    [
                        -53.50879781793955,
                        76.79476946969459
                    ],
                    [
                        -53.518278470511774,
                        76.79385221009258
                    ],
                    [
                        -53.527760335021235,
                        76.79293846573486
                    ],
                    [
                        -53.537258065129286,
                        76.79205053645553
                    ],
                    [
                        -53.54675860406073,
                        76.79116848025573
                    ],
                    [
                        -53.556255610643916,
                        76.79028264319902
                    ],
                    [
                        -53.56575788253746,
                        76.78940638935097
                    ],
                    [
                        -53.575255336285146,
                        76.78852439957507
                    ],
                    [
                        -53.584751391142035,
                        76.78764187002865
                    ],
                    [
                        -53.594229120780575,
                        76.7867331930687
                    ],
                    [
                        -53.603722745153384,
                        76.78585016924039
                    ],
                    [
                        -53.613223370283876,
                        76.784979289027
                    ],
                    [
                        -53.622711964598196,
                        76.78409181048039
                    ],
                    [
                        -53.63219869203421,
                        76.78320309816311
                    ],
                    [
                        -53.641677067943654,
                        76.78230339580526
                    ],
                    [
                        -53.65115561895703,
                        76.78140555652038
                    ],
                    [
                        -53.66061756765553,
                        76.7804843762363
                    ],
                    [
                        -53.67008573451708,
                        76.77957416503334
                    ],
                    [
                        -53.67956871738351,
                        76.77868777401494
                    ],
                    [
                        -53.68905097932908,
                        76.7778018664169
                    ],
                    [
                        -53.69851043795186,
                        76.7768834129749
                    ],
                    [
                        -53.70795051345519,
                        76.77593762417867
                    ],
                    [
                        -53.7174055294704,
                        76.77501581366283
                    ],
                    [
                        -53.726857888616806,
                        76.77409166871438
                    ],
                    [
                        -53.736311935642746,
                        76.77317166726046
                    ],
                    [
                        -53.74576114821805,
                        76.77224609100179
                    ],
                    [
                        -53.755209532554325,
                        76.77132091133248
                    ],
                    [
                        -53.76465927910486,
                        76.77039937893198
                    ],
                    [
                        -53.7740823972836,
                        76.76943996161963
                    ],
                    [
                        -53.78350732952636,
                        76.7684849223012
                    ],
                    [
                        -53.79293261895469,
                        76.76753209022714
                    ],
                    [
                        -53.802368954539205,
                        76.76659726528169
                    ],
                    [
                        -53.81181334088475,
                        76.76567596657254
                    ],
                    [
                        -53.82125597640895,
                        76.76475368665301
                    ],
                    [
                        -53.83070339625646,
                        76.76384006277168
                    ],
                    [
                        -53.840128375616636,
                        76.76289497048393
                    ],
                    [
                        -53.84955308793039,
                        76.76195112936344
                    ],
                    [
                        -53.85897915197559,
                        76.76101091430198
                    ],
                    [
                        -53.86841231135527,
                        76.76008274733238
                    ],
                    [
                        -53.877829490315605,
                        76.7591327419138
                    ],
                    [
                        -53.88725526327385,
                        76.75819697484636
                    ],
                    [
                        -53.89668230743507,
                        76.75726468240799
                    ],
                    [
                        -53.90608760830612,
                        76.75630219574937
                    ],
                    [
                        -53.915497623369525,
                        76.75534825921363
                    ],
                    [
                        -53.924904450507235,
                        76.75439131305704
                    ],
                    [
                        -53.934318265457584,
                        76.75344620261099
                    ],
                    [
                        -53.94373689224559,
                        76.75250972215451
                    ],
                    [
                        -53.95315676873418,
                        76.75157666167563
                    ],
                    [
                        -53.96257017130476,
                        76.75063578241922
                    ],
                    [
                        -53.9719489841718,
                        76.74964627563621
                    ],
                    [
                        -53.98135338854826,
                        76.74869559764939
                    ],
                    [
                        -53.99076359711701,
                        76.74775495284686
                    ],
                    [
                        -54.00018744184508,
                        76.74683565086804
                    ],
                    [
                        -54.009610870931006,
                        76.74591730151418
                    ],
                    [
                        -54.01903937829275,
                        76.74500784031885
                    ],
                    [
                        -54.02847240107211,
                        76.7441064275783
                    ],
                    [
                        -54.03788824858647,
                        76.74318175673073
                    ],
                    [
                        -54.047299905198194,
                        76.74225260356806
                    ],
                    [
                        -54.05668848641298,
                        76.7412917995158
                    ],
                    [
                        -54.066083526092335,
                        76.7403419048526
                    ],
                    [
                        -54.07548519795596,
                        76.73940313632002
                    ],
                    [
                        -54.08486831051384,
                        76.73843930808277
                    ],
                    [
                        -54.09426307703524,
                        76.73749380989683
                    ],
                    [
                        -54.10362730058089,
                        76.73650614865443
                    ],
                    [
                        -54.11300706373295,
                        76.73554238687164
                    ],
                    [
                        -54.122386444946244,
                        76.73457969400205
                    ],
                    [
                        -54.13176022276144,
                        76.73361060938461
                    ],
                    [
                        -54.141123506578886,
                        76.73262817338083
                    ],
                    [
                        -54.15049767753423,
                        76.73166289986345
                    ],
                    [
                        -54.15986991761188,
                        76.73069648577405
                    ],
                    [
                        -54.169230617522324,
                        76.7297152636373
                    ],
                    [
                        -54.17860171647794,
                        76.72875045620134
                    ],
                    [
                        -54.187970992802285,
                        76.72778466232522
                    ],
                    [
                        -54.197342643838816,
                        76.726823838051
                    ],
                    [
                        -54.20671274831826,
                        76.72586241148328
                    ],
                    [
                        -54.216060423149166,
                        76.724870818526
                    ],
                    [
                        -54.22543040951392,
                        76.7239124268884
                    ],
                    [
                        -54.23479804741432,
                        76.7229522949521
                    ],
                    [
                        -54.24415820855068,
                        76.72198318760161
                    ],
                    [
                        -54.253505338206935,
                        76.72099729602002
                    ],
                    [
                        -54.26286173493836,
                        76.720026085829
                    ],
                    [
                        -54.27221474671552,
                        76.7190517049229
                    ],
                    [
                        -54.281562626527304,
                        76.71807170491529
                    ],
                    [
                        -54.290919980102395,
                        76.71710662155849
                    ],
                    [
                        -54.30026426876997,
                        76.7161247760084
                    ],
                    [
                        -54.309595676738056,
                        76.71512647365353
                    ],
                    [
                        -54.31891712105008,
                        76.71411584718933
                    ],
                    [
                        -54.328239995423374,
                        76.71310887796162
                    ],
                    [
                        -54.3375710380136,
                        76.71211497709493
                    ],
                    [
                        -54.346877516166366,
                        76.71108837922446
                    ],
                    [
                        -54.35620151722463,
                        76.71008791704139
                    ],
                    [
                        -54.365516682360635,
                        76.70907676185816
                    ],
                    [
                        -54.374831240903085,
                        76.70806640721165
                    ],
                    [
                        -54.38413568917009,
                        76.7070436231567
                    ],
                    [
                        -54.393430487400714,
                        76.70600908377088
                    ],
                    [
                        -54.402744856466256,
                        76.70500341454719
                    ],
                    [
                        -54.41204776545244,
                        76.70398346653211
                    ],
                    [
                        -54.421347275397544,
                        76.7029604563772
                    ],
                    [
                        -54.43062740349816,
                        76.70191225067333
                    ],
                    [
                        -54.43991110835264,
                        76.700870694262
                    ],
                    [
                        -54.44920794336246,
                        76.69984897809499
                    ],
                    [
                        -54.45850250976737,
                        76.69882577339438
                    ],
                    [
                        -54.46780818716467,
                        76.69781955014845
                    ],
                    [
                        -54.477083842532764,
                        76.6967735412681
                    ],
                    [
                        -54.48636227619346,
                        76.69573304362638
                    ],
                    [
                        -54.495642125694175,
                        76.69469616609308
                    ],
                    [
                        -54.50489717513323,
                        76.69362684762457
                    ],
                    [
                        -54.514143209668475,
                        76.69254686335921
                    ],
                    [
                        -54.523382205956466,
                        76.69145895493926
                    ],
                    [
                        -54.53263891370929,
                        76.69039708481361
                    ],
                    [
                        -54.54187431732349,
                        76.68930772430144
                    ],
                    [
                        -54.55110618220527,
                        76.6882152665915
                    ],
                    [
                        -54.56034004787907,
                        76.68712729563302
                    ],
                    [
                        -54.56958210599975,
                        76.68605225907265
                    ],
                    [
                        -54.57882197233154,
                        76.6849759446123
                    ],
                    [
                        -54.58804368442253,
                        76.68387658271696
                    ],
                    [
                        -54.59729098359489,
                        76.68281384311838
                    ],
                    [
                        -54.606511834241665,
                        76.68171677895668
                    ],
                    [
                        -54.6157388307064,
                        76.68062981992821
                    ],
                    [
                        -54.62496594993648,
                        76.67954475237839
                    ],
                    [
                        -54.634178777869444,
                        76.67844199826638
                    ],
                    [
                        -54.64339631921871,
                        76.67734738700968
                    ],
                    [
                        -54.65262593649757,
                        76.67627087551921
                    ],
                    [
                        -54.66184861048913,
                        76.67518665833552
                    ],
                    [
                        -54.67104525236981,
                        76.67406892784643
                    ],
                    [
                        -54.680230212220756,
                        76.67293717128841
                    ],
                    [
                        -54.689378204666106,
                        76.67175727366899
                    ],
                    [
                        -54.69852458639783,
                        76.67057707326087
                    ],
                    [
                        -54.70768933341408,
                        76.66942350337246
                    ],
                    [
                        -54.7168442118823,
                        76.6682584595865
                    ],
                    [
                        -54.72599964820002,
                        76.6670960043808
                    ],
                    [
                        -54.7351401834511,
                        76.66591534189696
                    ],
                    [
                        -54.74427502042628,
                        76.66472888360934
                    ],
                    [
                        -54.75341849560292,
                        76.6635558893801
                    ],
                    [
                        -54.762543761035076,
                        76.66236031359742
                    ],
                    [
                        -54.77166844426269,
                        76.66116583666485
                    ],
                    [
                        -54.78078884663198,
                        76.65996750272357
                    ],
                    [
                        -54.789910199615825,
                        76.65877231958032
                    ],
                    [
                        -54.79901088937079,
                        76.65755138855323
                    ],
                    [
                        -54.8081150533342,
                        76.6563370104465
                    ],
                    [
                        -54.81720851142337,
                        76.65511024649996
                    ],
                    [
                        -54.82631892681568,
                        76.65390800849163
                    ],
                    [
                        -54.83547890452737,
                        76.65277366435645
                    ],
                    [
                        -54.84462134052176,
                        76.65161772874075
                    ],
                    [
                        -54.853792987706534,
                        76.65050242662603
                    ],
                    [
                        -54.862942739389695,
                        76.64935975159939
                    ],
                    [
                        -54.872087338343334,
                        76.64821199907857
                    ],
                    [
                        -54.88120364020348,
                        76.64702848458562
                    ],
                    [
                        -54.89036098514673,
                        76.64590118793933
                    ],
                    [
                        -54.89955204694843,
                        76.64482026311082
                    ],
                    [
                        -54.90870391952285,
                        76.64368914247912
                    ],
                    [
                        -54.917859478036846,
                        76.64256462545896
                    ],
                    [
                        -54.92702230850084,
                        76.64145143012625
                    ],
                    [
                        -54.93619467648239,
                        76.64035251600683
                    ],
                    [
                        -54.94537106610707,
                        76.63926057373901
                    ],
                    [
                        -54.95455344670027,
                        76.63817817868691
                    ],
                    [
                        -54.963755515687446,
                        76.63712333236982
                    ],
                    [
                        -54.97293437846605,
                        76.63603955909554
                    ],
                    [
                        -54.98212743840311,
                        76.63497607377586
                    ],
                    [
                        -54.99132157455435,
                        76.63391559983846
                    ],
                    [
                        -55.00049637539781,
                        76.63283135815689
                    ],
                    [
                        -55.009675644744526,
                        76.63175460237544
                    ],
                    [
                        -55.018842334909934,
                        76.63066299196733
                    ],
                    [
                        -55.02801220176976,
                        76.62957717603413
                    ],
                    [
                        -55.03717290113456,
                        76.6284810042998
                    ],
                    [
                        -55.0463307504425,
                        76.62738275290725
                    ],
                    [
                        -55.05547242314823,
                        76.62626503721276
                    ],
                    [
                        -55.06460981252975,
                        76.62514341191958
                    ],
                    [
                        -55.07374962483942,
                        76.624026622232
                    ],
                    [
                        -55.08289159148489,
                        76.62291430566239
                    ],
                    [
                        -55.092051184571645,
                        76.62182657109757
                    ],
                    [
                        -55.101184318015406,
                        76.62070607184113
                    ],
                    [
                        -55.11033188886484,
                        76.61960598541981
                    ],
                    [
                        -55.11947563609837,
                        76.61850257187243
                    ],
                    [
                        -55.12863259589913,
                        76.61741791927768
                    ],
                    [
                        -55.137788447457375,
                        76.61633343427931
                    ],
                    [
                        -55.146954384445294,
                        76.61526359929574
                    ],
                    [
                        -55.15612988190516,
                        76.61420769797263
                    ],
                    [
                        -55.16526943959571,
                        76.61310692104604
                    ],
                    [
                        -55.17440385383743,
                        76.6120011276485
                    ],
                    [
                        -55.183532039836294,
                        76.61088893079194
                    ],
                    [
                        -55.19267766036782,
                        76.60980083505785
                    ],
                    [
                        -55.201859724576636,
                        76.60876125177819
                    ],
                    [
                        -55.211022030836524,
                        76.6076977648751
                    ],
                    [
                        -55.22018440594478,
                        76.60663591610228
                    ],
                    [
                        -55.22933608771872,
                        76.60556188028949
                    ],
                    [
                        -55.23846214061512,
                        76.60445652351159
                    ],
                    [
                        -55.2475700597023,
                        76.60332953203172
                    ],
                    [
                        -55.256726297920856,
                        76.60226608381474
                    ],
                    [
                        -55.26589088652723,
                        76.60121486337538
                    ],
                    [
                        -55.27502308810941,
                        76.60012374286958
                    ],
                    [
                        -55.28416373087257,
                        76.59904499058322
                    ],
                    [
                        -55.293297316682605,
                        76.59795878828973
                    ],
                    [
                        -55.302446654315226,
                        76.59689425034493
                    ],
                    [
                        -55.31159663693857,
                        76.59583206696355
                    ],
                    [
                        -55.32075473851664,
                        76.59478175018837
                    ],
                    [
                        -55.329942964626774,
                        76.593771271837
                    ],
                    [
                        -55.33910886040271,
                        76.59273383907146
                    ],
                    [
                        -55.348284439585086,
                        76.59171018800733
                    ],
                    [
                        -55.357454879800784,
                        76.59068146937392
                    ],
                    [
                        -55.366626123444135,
                        76.58965523175773
                    ],
                    [
                        -55.37578194278985,
                        76.58861090429276
                    ],
                    [
                        -55.384928915687134,
                        76.58755685990162
                    ],
                    [
                        -55.39407951306366,
                        76.5865088994267
                    ],
                    [
                        -55.403219131248534,
                        76.58544854679545
                    ],
                    [
                        -55.412354733167966,
                        76.58438462651893
                    ],
                    [
                        -55.4214856692634,
                        76.58331632699596
                    ],
                    [
                        -55.43061812109378,
                        76.5822514533102
                    ],
                    [
                        -55.43975163236548,
                        76.58118942155598
                    ],
                    [
                        -55.44888088651314,
                        76.58012353093305
                    ],
                    [
                        -55.45802564848929,
                        76.579078652918
                    ],
                    [
                        -55.46715860158911,
                        76.57802040146906
                    ],
                    [
                        -55.476304694726764,
                        76.57698014112033
                    ],
                    [
                        -55.485464145854564,
                        76.57595810074272
                    ],
                    [
                        -55.494611958406324,
                        76.57492289418991
                    ],
                    [
                        -55.50376185000488,
                        76.57389173837052
                    ],
                    [
                        -55.51287893369601,
                        76.57282095235996
                    ],
                    [
                        -55.522009952437976,
                        76.57176909609231
                    ],
                    [
                        -55.53114460350213,
                        76.57072324720781
                    ],
                    [
                        -55.54028541912947,
                        76.56968655261848
                    ],
                    [
                        -55.54941583699492,
                        76.56863832435084
                    ],
                    [
                        -55.558549496248816,
                        76.56759559390935
                    ],
                    [
                        -55.56768593169536,
                        76.56655776789576
                    ],
                    [
                        -55.57680657667347,
                        76.56550172394019
                    ],
                    [
                        -55.58595373108616,
                        76.5644801137743
                    ],
                    [
                        -55.59507601517396,
                        76.56342900428214
                    ],
                    [
                        -55.6041776307594,
                        76.56235368340128
                    ],
                    [
                        -55.613244354021006,
                        76.56123656087716
                    ],
                    [
                        -55.622306584869115,
                        76.56011542333593
                    ],
                    [
                        -55.63137129610598,
                        76.55899891727826
                    ],
                    [
                        -55.640448805162016,
                        76.55789980175196
                    ],
                    [
                        -55.64954297214394,
                        76.55682280896515
                    ],
                    [
                        -55.65862251514189,
                        76.55572922726618
                    ],
                    [
                        -55.667703206615556,
                        76.55463857177678
                    ],
                    [
                        -55.67677713611633,
                        76.55354107462452
                    ],
                    [
                        -55.685827643730605,
                        76.55241621166192
                    ],
                    [
                        -55.69487466382728,
                        76.55128860425866
                    ],
                    [
                        -55.70390298812259,
                        76.55013953748725
                    ],
                    [
                        -55.71294192733769,
                        76.54900511311833
                    ],
                    [
                        -55.721974138358455,
                        76.54786398090711
                    ],
                    [
                        -55.73099843318337,
                        76.54671469693609
                    ],
                    [
                        -55.740005111578604,
                        76.54554537608028
                    ],
                    [
                        -55.74901436131945,
                        76.54438081818576
                    ],
                    [
                        -55.758028616847014,
                        76.54322399435651
                    ],
                    [
                        -55.76704364885092,
                        76.54206970813033
                    ],
                    [
                        -55.776107503363306,
                        76.54097672962966
                    ],
                    [
                        -55.78515752646031,
                        76.53986832804473
                    ],
                    [
                        -55.794195319199275,
                        76.53874649435888
                    ],
                    [
                        -55.80321917055438,
                        76.53760917091257
                    ],
                    [
                        -55.812279207363176,
                        76.53651752494619
                    ],
                    [
                        -55.82145040852141,
                        76.5355628166827
                    ],
                    [
                        -55.830588958655866,
                        76.53456961034983
                    ],
                    [
                        -55.839729069640846,
                        76.53357962039446
                    ],
                    [
                        -55.84881600282784,
                        76.53252629389496
                    ],
                    [
                        -55.857911130646016,
                        76.53148433038028
                    ],
                    [
                        -55.86696686355474,
                        76.53039593890468
                    ],
                    [
                        -55.876008087106555,
                        76.52929140942882
                    ],
                    [
                        -55.88508212074885,
                        76.52822812623461
                    ],
                    [
                        -55.894162897853825,
                        76.5271744267496
                    ],
                    [
                        -55.9032565604419,
                        76.52613772014588
                    ],
                    [
                        -55.912349825516436,
                        76.52510190586132
                    ],
                    [
                        -55.921427637671314,
                        76.52404879203986
                    ],
                    [
                        -55.930499528328674,
                        76.52298992485379
                    ],
                    [
                        -55.939557980983196,
                        76.52191625000582
                    ],
                    [
                        -55.94859549878247,
                        76.52081876468148
                    ],
                    [
                        -55.957616901147645,
                        76.51970332772069
                    ],
                    [
                        -55.96665660951014,
                        76.51861140677444
                    ],
                    [
                        -55.97570589022021,
                        76.5175324442228
                    ],
                    [
                        -55.984733952694064,
                        76.51642940920209
                    ],
                    [
                        -55.99375582986444,
                        76.51532040729386
                    ],
                    [
                        -56.00277231277502,
                        76.51420640066691
                    ],
                    [
                        -56.0117781807278,
                        76.51308114075475
                    ],
                    [
                        -56.020771099248044,
                        76.51194185567344
                    ],
                    [
                        -56.02976963761678,
                        76.51081080671547
                    ],
                    [
                        -56.03876170084208,
                        76.50967350610217
                    ],
                    [
                        -56.047743649075656,
                        76.50852561645632
                    ],
                    [
                        -56.056732429419725,
                        76.50738740352402
                    ],
                    [
                        -56.06571621031022,
                        76.50624472330996
                    ],
                    [
                        -56.07469753668392,
                        76.50510062051472
                    ],
                    [
                        -56.08365045133774,
                        76.50392416258482
                    ],
                    [
                        -56.092603886441836,
                        76.502749876174
                    ],
                    [
                        -56.101556672702905,
                        76.50157636437467
                    ],
                    [
                        -56.11050628711254,
                        76.50040062467936
                    ],
                    [
                        -56.119428847072676,
                        76.49919428287913
                    ],
                    [
                        -56.12833277878422,
                        76.49796741095899
                    ],
                    [
                        -56.137282196159795,
                        76.4967961254194
                    ],
                    [
                        -56.14623443753087,
                        76.4956297216957
                    ],
                    [
                        -56.15515325979948,
                        76.49442524903911
                    ],
                    [
                        -56.16403403554413,
                        76.49317731201401
                    ],
                    [
                        -56.17293215024564,
                        76.49195152814546
                    ],
                    [
                        -56.1818726311343,
                        76.49077743503415
                    ],
                    [
                        -56.19078071319793,
                        76.48956659805516
                    ],
                    [
                        -56.19967385349675,
                        76.48833970414111
                    ],
                    [
                        -56.20852783107708,
                        76.4870682164589
                    ],
                    [
                        -56.21736764946629,
                        76.48578170364543
                    ],
                    [
                        -56.22618187178801,
                        76.48446672547075
                    ],
                    [
                        -56.235004200989174,
                        76.48316301331027
                    ],
                    [
                        -56.24382756234884,
                        76.48186222083018
                    ],
                    [
                        -56.25263720666574,
                        76.48054700467291
                    ],
                    [
                        -56.2614263671169,
                        76.47920944652186
                    ],
                    [
                        -56.27019170270039,
                        76.47784567125876
                    ],
                    [
                        -56.27894331336898,
                        76.47646757990819
                    ],
                    [
                        -56.287683632445166,
                        76.47507805383005
                    ],
                    [
                        -56.2964214196795,
                        76.47368737662512
                    ],
                    [
                        -56.305167993125345,
                        76.47230879791192
                    ],
                    [
                        -56.31389184411731,
                        76.47090543600845
                    ],
                    [
                        -56.322568997205174,
                        76.46944931634043
                    ],
                    [
                        -56.33121364761504,
                        76.46795712762038
                    ],
                    [
                        -56.33990654397575,
                        76.46652320245715
                    ],
                    [
                        -56.348610619818615,
                        76.4651041820132
                    ],
                    [
                        -56.357358943313855,
                        76.46373858321179
                    ],
                    [
                        -56.36612291002234,
                        76.46239297309731
                    ],
                    [
                        -56.374848756908776,
                        76.46100472371329
                    ],
                    [
                        -56.38356187823312,
                        76.45960346365636
                    ],
                    [
                        -56.39224055560286,
                        76.45816397082395
                    ],
                    [
                        -56.4009370538171,
                        76.45674704010187
                    ],
                    [
                        -56.409661640572914,
                        76.45536454486628
                    ],
                    [
                        -56.41835727825002,
                        76.45395024202064
                    ],
                    [
                        -56.42705176895647,
                        76.45253642833814
                    ],
                    [
                        -56.4357052492798,
                        76.45107691729166
                    ],
                    [
                        -56.444383240358974,
                        76.4496476607816
                    ],
                    [
                        -56.45303954423467,
                        76.44819514503119
                    ],
                    [
                        -56.46170084060415,
                        76.4467502643948
                    ],
                    [
                        -56.470348933521244,
                        76.44529197790925
                    ],
                    [
                        -56.47898006050546,
                        76.44381596716322
                    ],
                    [
                        -56.4875976735463,
                        76.44232625013292
                    ],
                    [
                        -56.49618063133636,
                        76.440798473619
                    ],
                    [
                        -56.50476950053829,
                        76.43927946175704
                    ],
                    [
                        -56.51334565349712,
                        76.43774774367127
                    ],
                    [
                        -56.52194242919593,
                        76.43624171374933
                    ],
                    [
                        -56.53054132069168,
                        76.43474003478809
                    ],
                    [
                        -56.53910538329791,
                        76.43320023321371
                    ],
                    [
                        -56.547686771867625,
                        76.43168229069752
                    ],
                    [
                        -56.556205722008535,
                        76.4300946015886
                    ],
                    [
                        -56.564830625250195,
                        76.42863047350747
                    ],
                    [
                        -56.57348639003376,
                        76.42720357720117
                    ],
                    [
                        -56.58210590842071,
                        76.42573695678674
                    ],
                    [
                        -56.590640698556555,
                        76.42417518337598
                    ],
                    [
                        -56.59913045542791,
                        76.42256385786268
                    ],
                    [
                        -56.607649149990166,
                        76.42098765562397
                    ],
                    [
                        -56.6161959150259,
                        76.41944551742633
                    ],
                    [
                        -56.62475719969559,
                        76.41792190209145
                    ],
                    [
                        -56.63333047874255,
                        76.41641389103218
                    ],
                    [
                        -56.641899303614466,
                        76.41490269387897
                    ],
                    [
                        -56.650449251890635,
                        76.41337187814331
                    ],
                    [
                        -56.65897880608606,
                        76.41181975247011
                    ],
                    [
                        -56.66751493397058,
                        76.41027705411935
                    ],
                    [
                        -56.67602273207371,
                        76.40870405934604
                    ],
                    [
                        -56.684499396340904,
                        76.4070976372884
                    ],
                    [
                        -56.692939013937725,
                        76.40545113244278
                    ],
                    [
                        -56.701364963137195,
                        76.4037911633953
                    ],
                    [
                        -56.70975401628755,
                        76.40209139709756
                    ],
                    [
                        -56.71814824291653,
                        76.40039961459354
                    ],
                    [
                        -56.72659996842503,
                        76.39877510258151
                    ],
                    [
                        -56.73504671001881,
                        76.39714696508987
                    ],
                    [
                        -56.74348550593632,
                        76.3955118555561
                    ],
                    [
                        -56.751949197217854,
                        76.39390693649253
                    ],
                    [
                        -56.760470882736286,
                        76.39236956878638
                    ],
                    [
                        -56.76900289252057,
                        76.39084576687243
                    ],
                    [
                        -56.777464303043985,
                        76.38924413610209
                    ],
                    [
                        -56.78584635652456,
                        76.38755493901773
                    ],
                    [
                        -56.79414434700615,
                        76.38577302787783
                    ],
                    [
                        -56.802447648668114,
                        76.38399929638236
                    ],
                    [
                        -56.81079339131264,
                        76.38227555068823
                    ],
                    [
                        -56.81915657273993,
                        76.38057355512038
                    ],
                    [
                        -56.827579628577595,
                        76.37894100902733
                    ],
                    [
                        -56.83601658476409,
                        76.37732609534902
                    ],
                    [
                        -56.844488572276234,
                        76.3757525232961
                    ],
                    [
                        -56.85300796430759,
                        76.37423410857795
                    ],
                    [
                        -56.861568050600965,
                        76.3727632161626
                    ],
                    [
                        -56.870142377470856,
                        76.37131008810263
                    ],
                    [
                        -56.87873039528622,
                        76.3698740736783
                    ],
                    [
                        -56.887330615162455,
                        76.36845347174794
                    ],
                    [
                        -56.89590724314742,
                        76.36700818789417
                    ],
                    [
                        -56.90450676806516,
                        76.36559027039286
                    ],
                    [
                        -56.91312556204006,
                        76.36419561046777
                    ],
                    [
                        -56.921757564172665,
                        76.36281739166058
                    ],
                    [
                        -56.930388185377836,
                        76.36143929397434
                    ],
                    [
                        -56.93903508631302,
                        76.36008102044288
                    ],
                    [
                        -56.94773654641714,
                        76.35878521215719
                    ],
                    [
                        -56.95645847431605,
                        76.35751376015664
                    ],
                    [
                        -56.96521879557281,
                        76.35628657555361
                    ],
                    [
                        -56.97400605688954,
                        76.35509082493395
                    ],
                    [
                        -56.9828029763163,
                        76.35390722727573
                    ],
                    [
                        -56.991571996880005,
                        76.35269402246946
                    ],
                    [
                        -57.000302192006224,
                        76.35143913489802
                    ],
                    [
                        -57.00901701996734,
                        76.35016868017007
                    ],
                    [
                        -57.017638808263946,
                        76.34879654381874
                    ],
                    [
                        -57.02636226296138,
                        76.34753872675748
                    ],
                    [
                        -57.035085090596375,
                        76.34628170151356
                    ],
                    [
                        -57.04385563755576,
                        76.34507898029091
                    ],
                    [
                        -57.05263142608834,
                        76.3438834676995
                    ],
                    [
                        -57.06140837827253,
                        76.3426906410317
                    ],
                    [
                        -57.07018585501251,
                        76.34149978840377
                    ],
                    [
                        -57.07893079614481,
                        76.34027440835604
                    ],
                    [
                        -57.08769272739332,
                        76.33906920697241
                    ],
                    [
                        -57.0964316564054,
                        76.33784005205484
                    ],
                    [
                        -57.10513717500229,
                        76.336575522543
                    ],
                    [
                        -57.11384857802169,
                        76.33531895346128
                    ],
                    [
                        -57.12252468736811,
                        76.3340250179853
                    ],
                    [
                        -57.1312346962243,
                        76.3327698763628
                    ],
                    [
                        -57.13994198567125,
                        76.33151321076367
                    ],
                    [
                        -57.14867406866309,
                        76.33028523887349
                    ],
                    [
                        -57.15741632810985,
                        76.32906986176862
                    ],
                    [
                        -57.16614891098398,
                        76.3278452797638
                    ],
                    [
                        -57.1748599234238,
                        76.32659847376975
                    ],
                    [
                        -57.18356791077527,
                        76.32534980034487
                    ],
                    [
                        -57.19227644464219,
                        76.32410317223241
                    ],
                    [
                        -57.20096711305191,
                        76.3228384431404
                    ],
                    [
                        -57.2096492837505,
                        76.32156588871644
                    ],
                    [
                        -57.21833552800465,
                        76.32029925816526
                    ],
                    [
                        -57.22703224440308,
                        76.31904552578486
                    ],
                    [
                        -57.23574705307587,
                        76.31781298076392
                    ],
                    [
                        -57.24447248701521,
                        76.31659343926088
                    ],
                    [
                        -57.25318508169634,
                        76.31536130556688
                    ],
                    [
                        -57.261894062580765,
                        76.3141266502745
                    ],
                    [
                        -57.27062466758503,
                        76.31291694477389
                    ],
                    [
                        -57.27933373196505,
                        76.31168519332151
                    ],
                    [
                        -57.2880227498137,
                        76.31043306185552
                    ],
                    [
                        -57.29670777963058,
                        76.30917803220586
                    ],
                    [
                        -57.30538147327046,
                        76.30791213264844
                    ],
                    [
                        -57.314058417585734,
                        76.3066512079515
                    ],
                    [
                        -57.322728941864725,
                        76.3053847634511
                    ],
                    [
                        -57.33136991479226,
                        76.30408774683454
                    ],
                    [
                        -57.33998349128648,
                        76.30276254861813
                    ],
                    [
                        -57.34859740853199,
                        76.30143923622596
                    ],
                    [
                        -57.35721365331351,
                        76.3001199541473
                    ],
                    [
                        -57.36580963854959,
                        76.29878028267692
                    ],
                    [
                        -57.374401491044,
                        76.29743767790234
                    ],
                    [
                        -57.38298434558341,
                        76.29608689298252
                    ],
                    [
                        -57.39157520754466,
                        76.29474628741623
                    ],
                    [
                        -57.400176941690106,
                        76.29341893021187
                    ],
                    [
                        -57.408787268751254,
                        76.29210234037353
                    ],
                    [
                        -57.41741081825735,
                        76.29080148213835
                    ],
                    [
                        -57.42603695370359,
                        76.28950487972783
                    ],
                    [
                        -57.43465834913759,
                        76.28820464616715
                    ],
                    [
                        -57.44326095216346,
                        76.28688568485059
                    ],
                    [
                        -57.451863207290565,
                        76.28556784099611
                    ],
                    [
                        -57.460452810945334,
                        76.28423790501314
                    ],
                    [
                        -57.46902931651393,
                        76.28289541955726
                    ],
                    [
                        -57.47758460184167,
                        76.28153169930098
                    ],
                    [
                        -57.486127770870176,
                        76.28015653700449
                    ],
                    [
                        -57.49467313404746,
                        76.27878527667033
                    ],
                    [
                        -57.50321616699335,
                        76.27741306878889
                    ],
                    [
                        -57.51176534654753,
                        76.27604898052343
                    ],
                    [
                        -57.52031474684675,
                        76.27468666258373
                    ],
                    [
                        -57.528858632766266,
                        76.27331998484614
                    ],
                    [
                        -57.5373839019674,
                        76.27193496707487
                    ],
                    [
                        -57.54588291890519,
                        76.27052349528631
                    ],
                    [
                        -57.55434386527189,
                        76.2690730145845
                    ],
                    [
                        -57.562765868072276,
                        76.26758266328497
                    ],
                    [
                        -57.571178268589605,
                        76.26608376063133
                    ],
                    [
                        -57.579578900332834,
                        76.26457401485871
                    ],
                    [
                        -57.587973484178924,
                        76.26305953012273
                    ],
                    [
                        -57.59635672609166,
                        76.26153468541864
                    ],
                    [
                        -57.60474441625376,
                        76.26001627633114
                    ],
                    [
                        -57.613133870149866,
                        76.25850144015675
                    ],
                    [
                        -57.62150681207837,
                        76.25697077313487
                    ],
                    [
                        -57.62986282859208,
                        76.25542386336122
                    ],
                    [
                        -57.63822304587651,
                        76.25388313465392
                    ],
                    [
                        -57.6466199749536,
                        76.2523830218335
                    ],
                    [
                        -57.65505461806297,
                        76.2509245150004
                    ],
                    [
                        -57.66351562024489,
                        76.24949552391018
                    ],
                    [
                        -57.67198981864833,
                        76.24808207416477
                    ],
                    [
                        -57.680458891979086,
                        76.24666477153905
                    ],
                    [
                        -57.68892557826765,
                        76.24524651470085
                    ],
                    [
                        -57.69737557773681,
                        76.2438122071969
                    ],
                    [
                        -57.705788897705375,
                        76.24234078080231
                    ],
                    [
                        -57.71417036159952,
                        76.24083738600993
                    ],
                    [
                        -57.722514148547106,
                        76.23929594215986
                    ],
                    [
                        -57.730821550383304,
                        76.23771787415889
                    ],
                    [
                        -57.73910416428532,
                        76.23611545244232
                    ],
                    [
                        -57.747367705880315,
                        76.23449473105642
                    ],
                    [
                        -57.75562363833887,
                        76.23286779467834
                    ],
                    [
                        -57.763878929765,
                        76.2312419766717
                    ],
                    [
                        -57.77213966725861,
                        76.22962366872324
                    ],
                    [
                        -57.78039789834079,
                        76.228004508481
                    ],
                    [
                        -57.78867398811463,
                        76.22640586574987
                    ],
                    [
                        -57.79696989146341,
                        76.22482975576843
                    ],
                    [
                        -57.80528941654399,
                        76.22328013155717
                    ],
                    [
                        -57.813638144600304,
                        76.22176279437785
                    ],
                    [
                        -57.82202814247398,
                        76.22029032198472
                    ],
                    [
                        -57.830428594903445,
                        76.21883039388065
                    ],
                    [
                        -57.8388388373395,
                        76.21738229294156
                    ],
                    [
                        -57.84727528224988,
                        76.21596315131376
                    ],
                    [
                        -57.85573940340579,
                        76.21457445757446
                    ],
                    [
                        -57.86421939549207,
                        76.21320383433992
                    ],
                    [
                        -57.87270301487032,
                        76.21183847562942
                    ],
                    [
                        -57.88120738385527,
                        76.21049622484963
                    ],
                    [
                        -57.889737487248425,
                        76.20918223524788
                    ],
                    [
                        -57.898268466813136,
                        76.20787056756646
                    ],
                    [
                        -57.90679294984439,
                        76.20655354336225
                    ],
                    [
                        -57.91531357833141,
                        76.2052339198311
                    ],
                    [
                        -57.92385995450941,
                        76.20394247585374
                    ],
                    [
                        -57.932424551182535,
                        76.2026713401671
                    ],
                    [
                        -57.941001768661465,
                        76.20141466147912
                    ],
                    [
                        -57.94957611648042,
                        76.20015633817457
                    ],
                    [
                        -57.95814535307668,
                        76.19889404787982
                    ],
                    [
                        -57.96670315447315,
                        76.1976212422283
                    ],
                    [
                        -57.97524832593317,
                        76.19633670175135
                    ],
                    [
                        -57.983784888592815,
                        76.19504460978023
                    ],
                    [
                        -57.99230062575337,
                        76.1937323385999
                    ],
                    [
                        -58.00077826939469,
                        76.19238206635445
                    ],
                    [
                        -58.0091988369687,
                        76.19097423995356
                    ],
                    [
                        -58.01755324046286,
                        76.18949956995043
                    ],
                    [
                        -58.02585832486524,
                        76.1879755579413
                    ],
                    [
                        -58.03409467137236,
                        76.18638224868272
                    ],
                    [
                        -58.042288566068876,
                        76.18474686139152
                    ],
                    [
                        -58.05047714335485,
                        76.1831077371617
                    ],
                    [
                        -58.05866573329788,
                        76.18147037200661
                    ],
                    [
                        -58.06684509495069,
                        76.17982524793595
                    ],
                    [
                        -58.075010413545584,
                        76.17816742193901
                    ],
                    [
                        -58.083173809659,
                        76.17650937959216
                    ],
                    [
                        -58.09132910280988,
                        76.17484476717695
                    ],
                    [
                        -58.099475918224044,
                        76.17317320929477
                    ],
                    [
                        -58.10761458517132,
                        76.17149505428226
                    ],
                    [
                        -58.11575583227645,
                        76.16982132311898
                    ],
                    [
                        -58.123902170181765,
                        76.168154583569
                    ],
                    [
                        -58.13203863637565,
                        76.1664794832142
                    ],
                    [
                        -58.140158268680864,
                        76.16478889999883
                    ],
                    [
                        -58.1482541744914,
                        76.16307579783908
                    ],
                    [
                        -58.156337996715635,
                        76.16135212955433
                    ],
                    [
                        -58.16442366205794,
                        76.15963215994464
                    ],
                    [
                        -58.17248773359451,
                        76.15789191511841
                    ],
                    [
                        -58.18051983123322,
                        76.15612081568135
                    ],
                    [
                        -58.188529269261224,
                        76.15432842319461
                    ],
                    [
                        -58.19652174374624,
                        76.15252058516118
                    ],
                    [
                        -58.204498950293754,
                        76.15069905441969
                    ],
                    [
                        -58.21246747203696,
                        76.14887056590032
                    ],
                    [
                        -58.22041956694868,
                        76.14702723550428
                    ],
                    [
                        -58.22834132595523,
                        76.14515490985451
                    ],
                    [
                        -58.236251539607935,
                        76.14327277037083
                    ],
                    [
                        -58.2441527871685,
                        76.14138345642894
                    ],
                    [
                        -58.252054390058184,
                        76.13949646307434
                    ],
                    [
                        -58.259937477125206,
                        76.13759259206553
                    ],
                    [
                        -58.26780435851089,
                        76.1356742154429
                    ],
                    [
                        -58.275657591568496,
                        76.13374395178047
                    ],
                    [
                        -58.283496967551166,
                        76.13180160516515
                    ],
                    [
                        -58.29131781878503,
                        76.12984245337599
                    ],
                    [
                        -58.29910934498622,
                        76.12785556019315
                    ],
                    [
                        -58.30686493035664,
                        76.1258342535636
                    ],
                    [
                        -58.31459581436118,
                        76.12378997439912
                    ],
                    [
                        -58.322330296221125,
                        76.12175142909288
                    ],
                    [
                        -58.33008648375188,
                        76.11973694913641
                    ],
                    [
                        -58.33783793088897,
                        76.11771972708178
                    ],
                    [
                        -58.34558907984411,
                        76.11570426087488
                    ],
                    [
                        -58.35334163454308,
                        76.11369227057203
                    ],
                    [
                        -58.36111128793922,
                        76.11169961562776
                    ],
                    [
                        -58.368913958755805,
                        76.10974235422574
                    ],
                    [
                        -58.3767840584938,
                        76.10785519227476
                    ],
                    [
                        -58.38468863456867,
                        76.10600476201303
                    ],
                    [
                        -58.392598346247944,
                        76.10416140345198
                    ],
                    [
                        -58.40051413278349,
                        76.10232605283423
                    ],
                    [
                        -58.408466277559356,
                        76.10052922545049
                    ],
                    [
                        -58.41645042645367,
                        76.09876647701617
                    ],
                    [
                        -58.42441522647644,
                        76.09698604028515
                    ],
                    [
                        -58.432323919520435,
                        76.09515094023928
                    ],
                    [
                        -58.44020031470346,
                        76.09328520963462
                    ],
                    [
                        -58.4480960997488,
                        76.09144087023917
                    ],
                    [
                        -58.456056514675076,
                        76.08966336306307
                    ],
                    [
                        -58.464079461770545,
                        76.08795048199259
                    ],
                    [
                        -58.472145510921095,
                        76.0862826195325
                    ],
                    [
                        -58.48023165959096,
                        76.08463662117711
                    ],
                    [
                        -58.48831526238484,
                        76.08298973716515
                    ],
                    [
                        -58.49634286222041,
                        76.0812883715088
                    ],
                    [
                        -58.504340078936316,
                        76.07955827899292
                    ],
                    [
                        -58.5123915339261,
                        76.077884260271
                    ],
                    [
                        -58.520467302861924,
                        76.07623627287354
                    ],
                    [
                        -58.52854898609699,
                        76.07459586595829
                    ],
                    [
                        -58.536622549954096,
                        76.07294899224132
                    ],
                    [
                        -58.54465153537378,
                        76.07125921610276
                    ],
                    [
                        -58.55263893691094,
                        76.06952959263069
                    ],
                    [
                        -58.56058813635194,
                        76.06776355684113
                    ],
                    [
                        -58.568519412491725,
                        76.06598140226781
                    ],
                    [
                        -58.57645221113583,
                        76.06420255202237
                    ],
                    [
                        -58.58438460308402,
                        76.06242507679622
                    ],
                    [
                        -58.592294298731034,
                        76.06062675746821
                    ],
                    [
                        -58.60020176842228,
                        76.05882801656887
                    ],
                    [
                        -58.60810056382452,
                        76.05702243290567
                    ],
                    [
                        -58.61595014861463,
                        76.05516966977862
                    ],
                    [
                        -58.623735573428796,
                        76.05325492040895
                    ],
                    [
                        -58.63142243799845,
                        76.05124406167445
                    ],
                    [
                        -58.63906541312056,
                        76.0491915618826
                    ],
                    [
                        -58.64674285863097,
                        76.04717532775567
                    ],
                    [
                        -58.65448934766688,
                        76.0452296440912
                    ],
                    [
                        -58.66229350933852,
                        76.04334312732497
                    ],
                    [
                        -58.670129032920485,
                        76.04148959055699
                    ],
                    [
                        -58.677946929641664,
                        76.03962040509934
                    ],
                    [
                        -58.68570500183577,
                        76.03769376364299
                    ],
                    [
                        -58.69335980234969,
                        76.03566669564827
                    ],
                    [
                        -58.7010298322299,
                        76.03365669394077
                    ],
                    [
                        -58.708708856559916,
                        76.03165756289314
                    ],
                    [
                        -58.716380610857065,
                        76.02965319348597
                    ],
                    [
                        -58.724042862524435,
                        76.02764138356119
                    ],
                    [
                        -58.73173540393842,
                        76.0256614820704
                    ],
                    [
                        -58.73950421791187,
                        76.02375888521453
                    ],
                    [
                        -58.74732701086297,
                        76.0219114670057
                    ],
                    [
                        -58.755207451426664,
                        76.02012277214078
                    ],
                    [
                        -58.7631783786408,
                        76.01842512219979
                    ],
                    [
                        -58.77118891325981,
                        76.0167682025666
                    ],
                    [
                        -58.77921291243961,
                        76.0151261808908
                    ],
                    [
                        -58.78725433106419,
                        76.01350293149837
                    ],
                    [
                        -58.79529388168713,
                        76.01187943086467
                    ],
                    [
                        -58.803349106275284,
                        76.01027294636566
                    ],
                    [
                        -58.811425113774554,
                        76.00868847870834
                    ],
                    [
                        -58.819538098420466,
                        76.00714191953331
                    ],
                    [
                        -58.82768299150797,
                        76.00562822925419
                    ],
                    [
                        -58.83585180545407,
                        76.00413951055809
                    ],
                    [
                        -58.84396501967315,
                        76.0025976450501
                    ],
                    [
                        -58.851999212566945,
                        76.00097972603686
                    ],
                    [
                        -58.85997491967324,
                        75.99930600861575
                    ],
                    [
                        -58.86791037939142,
                        75.99759445481098
                    ],
                    [
                        -58.87580977521078,
                        75.99584921771412
                    ],
                    [
                        -58.88367968559671,
                        75.99407678802564
                    ],
                    [
                        -58.891430789498344,
                        75.99218974845132
                    ],
                    [
                        -58.89910570000895,
                        75.9902299570718
                    ],
                    [
                        -58.9066925801662,
                        75.9881859287667
                    ],
                    [
                        -58.914235381931505,
                        75.98610074875371
                    ],
                    [
                        -58.92177331507488,
                        75.98401279336267
                    ],
                    [
                        -58.92924825097978,
                        75.98186527082261
                    ],
                    [
                        -58.93652816611778,
                        75.97952930976773
                    ],
                    [
                        -58.94365923484942,
                        75.97705020541446
                    ],
                    [
                        -58.95073247376534,
                        75.97451694206713
                    ],
                    [
                        -58.957733326540705,
                        75.97191537348748
                    ],
                    [
                        -58.9646037430473,
                        75.96918894966582
                    ],
                    [
                        -58.97088073781515,
                        75.96646618686535
                    ],
                    [
                        -58.97655114493454,
                        75.96377975642069
                    ],
                    [
                        -58.98179885327452,
                        75.96111861401243
                    ],
                    [
                        -58.98693923796081,
                        75.95846373686578
                    ],
                    [
                        -58.991950940605975,
                        75.9558164279818
                    ],
                    [
                        -58.99683684201935,
                        75.95317652595351
                    ],
                    [
                        -59.00151691187455,
                        75.95054888968173
                    ],
                    [
                        -59.005972678780935,
                        75.94793465813366
                    ],
                    [
                        -59.010685701770605,
                        75.9453046601519
                    ],
                    [
                        -59.01593866442367,
                        75.94264172446483
                    ],
                    [
                        -59.021524540825155,
                        75.93995835943474
                    ],
                    [
                        -59.02719873448967,
                        75.93726938284279
                    ],
                    [
                        -59.03314101896952,
                        75.93456386046562
                    ],
                    [
                        -59.03965285963658,
                        75.93182342995975
                    ],
                    [
                        -59.04656222261931,
                        75.92916751547375
                    ],
                    [
                        -59.05365106066533,
                        75.9266883855566
                    ],
                    [
                        -59.06085475364897,
                        75.92432307865928
                    ],
                    [
                        -59.06810489394555,
                        75.92200504004143
                    ],
                    [
                        -59.07536663319078,
                        75.91970038833409
                    ],
                    [
                        -59.082607402662425,
                        75.91737750489187
                    ],
                    [
                        -59.08992704722455,
                        75.91513325534616
                    ],
                    [
                        -59.097240803217375,
                        75.91288536259296
                    ],
                    [
                        -59.104498695684505,
                        75.91058539308132
                    ],
                    [
                        -59.11172996621499,
                        75.90826173562992
                    ],
                    [
                        -59.118981968391324,
                        75.9059602776935
                    ],
                    [
                        -59.12641985955148,
                        75.90384088579847
                    ],
                    [
                        -59.1339974174819,
                        75.90185861077133
                    ],
                    [
                        -59.14168960278466,
                        75.89998905872059
                    ],
                    [
                        -59.149328486657126,
                        75.89806971850095
                    ],
                    [
                        -59.15688247741073,
                        75.89607012125707
                    ],
                    [
                        -59.16436579964541,
                        75.89400410848555
                    ],
                    [
                        -59.17186539945645,
                        75.89195572251602
                    ],
                    [
                        -59.17186539945645,
                        75.89195572251602
                    ],
                    [
                        -59.179362800408285,
                        75.88990710595358
                    ],
                    [
                        -59.186319602497164,
                        75.88733874394077
                    ],
                    [
                        -59.18937322403921,
                        75.88480449953784
                    ],
                    [
                        -59.191244917034005,
                        75.88234309445251
                    ],
                    [
                        -59.19372983974761,
                        75.87984379458915
                    ],
                    [
                        -59.19663575386704,
                        75.87731843046018
                    ],
                    [
                        -59.21378144032531,
                        75.85961272256684
                    ],
                    [
                        -59.230883821743944,
                        75.84190641605358
                    ],
                    [
                        -59.24794305894393,
                        75.82419951657054
                    ],
                    [
                        -59.26495931196651,
                        75.8064920297439
                    ],
                    [
                        -59.28193274007769,
                        75.78878396117581
                    ],
                    [
                        -59.29886350177296,
                        75.77107531644481
                    ],
                    [
                        -59.315751754781765,
                        75.75336610110574
                    ],
                    [
                        -59.33259765607203,
                        75.73565632069
                    ],
                    [
                        -59.34940136185473,
                        75.71794598070565
                    ],
                    [
                        -59.366163027588264,
                        75.70023508663763
                    ],
                    [
                        -59.38288280798295,
                        75.68252364394775
                    ],
                    [
                        -59.39956085700537,
                        75.66481165807497
                    ],
                    [
                        -59.416197327882806,
                        75.64709913443545
                    ],
                    [
                        -59.432792373107524,
                        75.62938607842274
                    ],
                    [
                        -59.449346144441115,
                        75.61167249540787
                    ],
                    [
                        -59.465858792918795,
                        75.59395839073954
                    ],
                    [
                        -59.48233046885358,
                        75.5762437697442
                    ],
                    [
                        -59.49876132184063,
                        75.5585286377262
                    ],
                    [
                        -59.515151500761334,
                        75.54081299996795
                    ],
                    [
                        -59.53150115378751,
                        75.52309686173
                    ]
                ]
            }
        }
    ]
}
