{
    "type": "FeatureCollection",
    "features": [
        {
            "type": "Feature",
            "properties": {
                "name": "Greenland Glacier 0238",
                "object": "transect",
                "component": "landice",
                "author": "Matthew Hoffman, converted from Felikson et al. (2020) Zenodo dataset",
                "tags": "Greenland_Ice_Sheet;flowline;zenodo_4284759;glacier_0238",
                "citation": "Felikson, Denis, Catania, Ginny, Bartholomaus, Timothy, Morlighem, Mathieu, & No\u00ebl, Brice. (2020). Inland limits to diffusion of thinning along Greenland Ice Sheet outlet glaciers (v1.0) [Data set]. Zenodo. https://doi.org/10.5281/zenodo.4284759",
                "license": "CC-BY-4.0"
            },
            "geometry": {
                "type": "LineString",
                "coordinates": [
                    [
                        -44.09895470482816,
                        61.35846867610655
                    ],
                    [
                        -44.094894145517195,
                        61.36060999616028
                    ],
                    [
                        -44.092073591096224,
                        61.36276064165927
                    ],
                    [
                        -44.09182703065191,
                        61.3649308556675
                    ],
                    [
                        -44.09546339365991,
                        61.36713057560078
                    ],
                    [
                        -44.09997116024146,
                        61.367682639079874
                    ],
                    [
                        -44.104361530676194,
                        61.36554355142678
                    ],
                    [
                        -44.10292080981892,
                        61.36336064375301
                    ],
                    [
                        -44.09843654747417,
                        61.362111567378975
                    ],
                    [
                        -44.09516993931152,
                        61.364258929007875
                    ],
                    [
                        -44.09727064856671,
                        61.366446935923015
                    ],
                    [
                        -44.10177981143895,
                        61.3669538662633
                    ],
                    [
                        -44.10633836500576,
                        61.36594611232248
                    ],
                    [
                        -44.101924213548514,
                        61.363740890579066
                    ],
                    [
                        -44.10108031967764,
                        61.36156246488478
                    ],
                    [
                        -44.09654754782854,
                        61.361801486142475
                    ],
                    [
                        -44.09382138173425,
                        61.3639528983091
                    ],
                    [
                        -44.09492873573733,
                        61.36613339939757
                    ],
                    [
                        -44.09941857202592,
                        61.367227609379775
                    ],
                    [
                        -44.10394846455773,
                        61.367103508726586
                    ],
                    [
                        -44.10356982891129,
                        61.3649285628603
                    ],
                    [
                        -44.102295095748744,
                        61.36274689924462
                    ],
                    [
                        -44.097792991961825,
                        61.362045562403154
                    ],
                    [
                        -44.094717310960455,
                        61.3641943543582
                    ],
                    [
                        -44.0965016900373,
                        61.36637997507423
                    ],
                    [
                        -44.10100465693993,
                        61.36707567259085
                    ],
                    [
                        -44.10553794745483,
                        61.366846066205724
                    ],
                    [
                        -44.1032756308209,
                        61.36465699222318
                    ],
                    [
                        -44.10214861100701,
                        61.36247643901913
                    ],
                    [
                        -44.09764569297252,
                        61.36180137622422
                    ],
                    [
                        -44.09447679207052,
                        61.36394945483137
                    ],
                    [
                        -44.09562485890411,
                        61.366130257876385
                    ],
                    [
                        -44.10011846823933,
                        61.367109986283054
                    ],
                    [
                        -44.104650064161675,
                        61.36693285577679
                    ],
                    [
                        -44.104233706582704,
                        61.36475763105007
                    ],
                    [
                        -44.1001293762927,
                        61.3625546763383
                    ],
                    [
                        -44.100725320927154,
                        61.36038710559991
                    ],
                    [
                        -44.09617841415249,
                        61.361062015618
                    ],
                    [
                        -44.093138230174986,
                        61.363211026713174
                    ],
                    [
                        -44.093269743415476,
                        61.36538411906324
                    ],
                    [
                        -44.09773595594209,
                        61.36719258776581
                    ],
                    [
                        -44.102254583555634,
                        61.36741362944836
                    ],
                    [
                        -44.10532127070202,
                        61.36526454786533
                    ],
                    [
                        -44.10086558864625,
                        61.3631286330264
                    ],
                    [
                        -44.09925969615933,
                        61.3609444563227
                    ],
                    [
                        -44.09468312934109,
                        61.362516409795525
                    ],
                    [
                        -44.09336588465779,
                        61.36467849761083
                    ],
                    [
                        -44.09666852008555,
                        61.3668756426085
                    ],
                    [
                        -44.10117873318715,
                        61.3673522800291
                    ],
                    [
                        -44.105762577976165,
                        61.365569579238034
                    ],
                    [
                        -44.101308635000315,
                        61.36337790236094
                    ],
                    [
                        -44.099804682991774,
                        61.361194498584055
                    ],
                    [
                        -44.0952450706252,
                        61.362250828516345
                    ],
                    [
                        -44.09334187060309,
                        61.36440847021147
                    ],
                    [
                        -44.095453286474715,
                        61.36659659285057
                    ],
                    [
                        -44.099953634710666,
                        61.367372602953004
                    ],
                    [
                        -44.10453505707671,
                        61.36566687844584
                    ],
                    [
                        -44.103052965870646,
                        61.36348366098008
                    ],
                    [
                        -44.098574834410805,
                        61.36204675470776
                    ],
                    [
                        -44.095214872595164,
                        61.36419341177425
                    ],
                    [
                        -44.09712204418257,
                        61.36637995357983
                    ],
                    [
                        -44.1016292773239,
                        61.36694553243712
                    ],
                    [
                        -44.106186883672635,
                        61.36596705164037
                    ],
                    [
                        -44.10204177241594,
                        61.36376384836652
                    ],
                    [
                        -44.0998868331389,
                        61.36157554299706
                    ],
                    [
                        -44.09560372610709,
                        61.36371524022673
                    ],
                    [
                        -44.096270578237025,
                        61.36589238732757
                    ],
                    [
                        -44.10076409184687,
                        61.36687453227757
                    ],
                    [
                        -44.105313642058306,
                        61.366144266195946
                    ],
                    [
                        -44.10339416132743,
                        61.36395776980065
                    ],
                    [
                        -44.09894076308423,
                        61.36176312120974
                    ],
                    [
                        -44.0952104803025,
                        61.363906978886476
                    ],
                    [
                        -44.09632637362107,
                        61.36608753048473
                    ],
                    [
                        -44.100823647236936,
                        61.36695573197598
                    ],
                    [
                        -44.10538216421216,
                        61.36595022579851
                    ],
                    [
                        -44.10253370058885,
                        61.36375675082692
                    ],
                    [
                        -44.09912610646432,
                        61.36155900607787
                    ],
                    [
                        -44.10049131073077,
                        61.35939724974362
                    ],
                    [
                        -44.09592615971611,
                        61.360631949420764
                    ],
                    [
                        -44.0926971413144,
                        61.36277951459223
                    ],
                    [
                        -44.092322581344604,
                        61.36494875641198
                    ],
                    [
                        -44.096704051459284,
                        61.367154101699626
                    ],
                    [
                        -44.101217263867014,
                        61.367540399298555
                    ],
                    [
                        -44.104154761175636,
                        61.365390372968534
                    ],
                    [
                        -44.102821071949926,
                        61.36320826863269
                    ],
                    [
                        -44.098339085750865,
                        61.36189066281008
                    ],
                    [
                        -44.09493326430848,
                        61.36403696406576
                    ],
                    [
                        -44.096344692490746,
                        61.366219757254456
                    ],
                    [
                        -44.10084422896206,
                        61.367019439516675
                    ],
                    [
                        -44.10540775074702,
                        61.36586040076184
                    ],
                    [
                        -44.10224374225156,
                        61.36366455424293
                    ],
                    [
                        -44.0991699206075,
                        61.361469321534464
                    ],
                    [
                        -44.100629035987104,
                        61.35930827335029
                    ],
                    [
                        -44.09606543662074,
                        61.36049640688583
                    ],
                    [
                        -44.092677889984394,
                        61.36264276936034
                    ],
                    [
                        -44.092117571792414,
                        61.364810597097524
                    ],
                    [
                        -44.09532034363638,
                        61.367007021721236
                    ],
                    [
                        -44.099825960625466,
                        61.36762404303072
                    ],
                    [
                        -44.10441832623748,
                        61.3655838587812
                    ],
                    [
                        -44.10294832819885,
                        61.36340073143086
                    ],
                    [
                        -44.098463820082614,
                        61.36215891539132
                    ],
                    [
                        -44.09522909193187,
                        61.36430651988851
                    ],
                    [
                        -44.09751707441587,
                        61.36649594215677
                    ],
                    [
                        -44.10202867902082,
                        61.366928481652806
                    ],
                    [
                        -44.10658384922713,
                        61.36602443983046
                    ],
                    [
                        -44.10212763213212,
                        61.36389817773435
                    ],
                    [
                        -44.10076093912458,
                        61.36171581433744
                    ],
                    [
                        -44.096216738816615,
                        61.36230171978007
                    ],
                    [
                        -44.09405181648499,
                        61.36445739071832
                    ],
                    [
                        -44.09656248268805,
                        61.36664852314677
                    ],
                    [
                        -44.10106943783017,
                        61.3672236215993
                    ],
                    [
                        -44.10564611101499,
                        61.365660981281245
                    ],
                    [
                        -44.10156662153346,
                        61.36345825542441
                    ],
                    [
                        -44.10122362814206,
                        61.36128360271003
                    ],
                    [
                        -44.09669477844069,
                        61.36140465688851
                    ],
                    [
                        -44.09366574354194,
                        61.363553768942836
                    ],
                    [
                        -44.09418600370769,
                        61.365729814227244
                    ],
                    [
                        -44.09866376979265,
                        61.367189355170055
                    ],
                    [
                        -44.10318799986433,
                        61.36723880507831
                    ],
                    [
                        -44.10463689496775,
                        61.36507757757827
                    ],
                    [
                        -44.10069280202639,
                        61.362875841745264
                    ],
                    [
                        -44.10099112690821,
                        61.36070602397321
                    ],
                    [
                        -44.09645383724264,
                        61.36108682384295
                    ],
                    [
                        -44.093314423843466,
                        61.36323508829313
                    ],
                    [
                        -44.09343974672377,
                        61.365408133552656
                    ],
                    [
                        -44.09790722942382,
                        61.36717834052796
                    ],
                    [
                        -44.1024267279046,
                        61.36737266837587
                    ],
                    [
                        -44.10485001929156,
                        61.36521875961584
                    ],
                    [
                        -44.1009184262991,
                        61.36301712392827
                    ],
                    [
                        -44.10107508969391,
                        61.36084623749165
                    ],
                    [
                        -44.096541027669424,
                        61.36112812266515
                    ],
                    [
                        -44.093392598808066,
                        61.363276321295274
                    ],
                    [
                        -44.09356009852284,
                        61.36544968710036
                    ],
                    [
                        -44.09802900872422,
                        61.36717681538593
                    ],
                    [
                        -44.102549200945774,
                        61.36734990261632
                    ],
                    [
                        -44.10458659451962,
                        61.365193097483235
                    ],
                    [
                        -44.10104124514681,
                        61.36299436288353
                    ],
                    [
                        -44.09840490782047,
                        61.360802409958424
                    ],
                    [
                        -44.10006697151322,
                        61.35864290773198
                    ],
                    [
                        -44.095480080729864,
                        61.36054182675797
                    ],
                    [
                        -44.092377609880195,
                        61.36269034159909
                    ],
                    [
                        -44.09196004628612,
                        61.36485925463016
                    ],
                    [
                        -44.09530630445924,
                        61.3670567715323
                    ],
                    [
                        -44.0998125224254,
                        61.36765567642746
                    ],
                    [
                        -44.10440620366682,
                        61.36557529138538
                    ],
                    [
                        -44.10294165347863,
                        61.36339220490009
                    ],
                    [
                        -44.098456737536495,
                        61.36216288049538
                    ],
                    [
                        -44.095232366548096,
                        61.36431056335362
                    ],
                    [
                        -44.09754293479126,
                        61.36650015634747
                    ],
                    [
                        -44.10205478778972,
                        61.36692512235616
                    ],
                    [
                        -44.106609367876196,
                        61.36603919893726
                    ],
                    [
                        -44.102153120418244,
                        61.36391373392893
                    ],
                    [
                        -44.100789526461426,
                        61.36173139404766
                    ],
                    [
                        -44.09624105087344,
                        61.36244733263822
                    ],
                    [
                        -44.094297968608714,
                        61.36460468893335
                    ],
                    [
                        -44.09830476644091,
                        61.36680712808416
                    ],
                    [
                        -44.10282518848798,
                        61.366971351742905
                    ],
                    [
                        -44.10736530264483,
                        61.366530484499116
                    ],
                    [
                        -44.10290975488473,
                        61.36437936421876
                    ],
                    [
                        -44.101535433918464,
                        61.362196948487224
                    ],
                    [
                        -44.09700471504449,
                        61.36237040120101
                    ],
                    [
                        -44.0946586149824,
                        61.364524712573406
                    ],
                    [
                        -44.098136808297404,
                        61.366723146209
                    ],
                    [
                        -44.102655368439976,
                        61.36694397469527
                    ],
                    [
                        -44.10719760320099,
                        61.3664377478665
                    ],
                    [
                        -44.10274350693374,
                        61.36424300012405
                    ],
                    [
                        -44.10163371319564,
                        61.36206257499422
                    ],
                    [
                        -44.09711498350568,
                        61.36187155371614
                    ],
                    [
                        -44.094207155803666,
                        61.36402160076128
                    ],
                    [
                        -44.095492838209914,
                        61.36620345006872
                    ],
                    [
                        -44.09998697575089,
                        61.36716726839662
                    ],
                    [
                        -44.1045179058582,
                        61.36701090291507
                    ],
                    [
                        -44.10345363367403,
                        61.36483081215441
                    ],
                    [
                        -44.10219566258922,
                        61.3626492741993
                    ],
                    [
                        -44.09769096628482,
                        61.36202751327029
                    ],
                    [
                        -44.09464571517665,
                        61.36417653329041
                    ],
                    [
                        -44.09636807000244,
                        61.36636168544923
                    ],
                    [
                        -44.10086992488405,
                        61.36709119956065
                    ],
                    [
                        -44.10540278964661,
                        61.36687479748009
                    ],
                    [
                        -44.103272602389076,
                        61.3646867133141
                    ],
                    [
                        -44.10194852693088,
                        61.36250467727818
                    ],
                    [
                        -44.09743092160835,
                        61.36227712939084
                    ],
                    [
                        -44.09476851616971,
                        61.36442904954038
                    ],
                    [
                        -44.09750705823428,
                        61.366621889280275
                    ],
                    [
                        -44.10201986008085,
                        61.36701839771744
                    ],
                    [
                        -44.10655606525195,
                        61.36669850043682
                    ],
                    [
                        -44.103082060915895,
                        61.36450034886508
                    ],
                    [
                        -44.10189040632449,
                        61.362319308793715
                    ],
                    [
                        -44.09737828025498,
                        61.36192576270867
                    ],
                    [
                        -44.094397539188336,
                        61.36407526337507
                    ],
                    [
                        -44.09582886784667,
                        61.36625821430486
                    ],
                    [
                        -44.10032584744622,
                        61.36713579411226
                    ],
                    [
                        -44.10485745525925,
                        61.36695838005162
                    ],
                    [
                        -44.103378151363955,
                        61.364775176118194
                    ],
                    [
                        -44.10205598281123,
                        61.36259315486437
                    ],
                    [
                        -44.09754226676347,
                        61.36224662443545
                    ],
                    [
                        -44.09478587034791,
                        61.36439783392566
                    ],
                    [
                        -44.097347438747185,
                        61.3665893348763
                    ],
                    [
                        -44.10185875248308,
                        61.36703117321463
                    ],
                    [
                        -44.10639433547247,
                        61.36673054928308
                    ],
                    [
                        -44.103092065235145,
                        61.36453368319854
                    ],
                    [
                        -44.10175556778376,
                        61.36235155294664
                    ],
                    [
                        -44.09723068963511,
                        61.362346360487976
                    ],
                    [
                        -44.09475931023414,
                        61.3644997258764
                    ],
                    [
                        -44.09809008717248,
                        61.36669704258251
                    ],
                    [
                        -44.10260808983734,
                        61.36693481114746
                    ],
                    [
                        -44.107151380451505,
                        61.36639604957706
                    ],
                    [
                        -44.10269662634081,
                        61.36422178075144
                    ],
                    [
                        -44.101545566674716,
                        61.36204104471855
                    ],
                    [
                        -44.09702421311729,
                        61.36193005820631
                    ],
                    [
                        -44.094187095165495,
                        61.36408064031184
                    ],
                    [
                        -44.09560437367629,
                        61.36626348748988
                    ],
                    [
                        -44.10010016169,
                        61.36717729168929
                    ],
                    [
                        -44.10467212874475,
                        61.365760679205664
                    ],
                    [
                        -44.10313883989363,
                        61.36357707799223
                    ],
                    [
                        -44.09866360663544,
                        61.36205114693391
                    ],
                    [
                        -44.09528156809595,
                        61.36419763915846
                    ],
                    [
                        -44.097222164914136,
                        61.366384432692506
                    ],
                    [
                        -44.101730207128696,
                        61.366925327335515
                    ],
                    [
                        -44.10626889369186,
                        61.36652872984883
                    ],
                    [
                        -44.10349425490668,
                        61.36433582607078
                    ],
                    [
                        -44.09958774349013,
                        61.362134341542315
                    ],
                    [
                        -44.10071878807466,
                        61.35997081043699
                    ],
                    [
                        -44.096167410674305,
                        61.36078384037811
                    ],
                    [
                        -44.092941126984066,
                        61.36293143425384
                    ],
                    [
                        -44.092719386637576,
                        61.365101839797596
                    ],
                    [
                        -44.09717721567114,
                        61.36716315529578
                    ],
                    [
                        -44.101692753929484,
                        61.36747849336365
                    ],
                    [
                        -44.1045141869651,
                        61.365327585569574
                    ],
                    [
                        -44.10150053213107,
                        61.36313285133427
                    ],
                    [
                        -44.09843834353745,
                        61.360937691487656
                    ],
                    [
                        -44.09999353575702,
                        61.35877738157118
                    ],
                    [
                        -44.09540832089929,
                        61.360624510729465
                    ],
                    [
                        -44.09239209582406,
                        61.362773680449024
                    ],
                    [
                        -44.092085623673384,
                        61.36494343935524
                    ],
                    [
                        -44.09604327725783,
                        61.36714558479893
                    ],
                    [
                        -44.10055353099186,
                        61.36762202652418
                    ],
                    [
                        -44.104515489932965,
                        61.36547970524295
                    ],
                    [
                        -44.102012914739035,
                        61.36328881594119
                    ],
                    [
                        -44.09847363977034,
                        61.36109006539061
                    ],
                    [
                        -44.09990204607372,
                        61.35892879736997
                    ],
                    [
                        -44.09531846783157,
                        61.360725218112314
                    ],
                    [
                        -44.09240609733762,
                        61.36287517639675
                    ],
                    [
                        -44.092236265172744,
                        61.365045975512814
                    ],
                    [
                        -44.09669099642099,
                        61.367200225040094
                    ],
                    [
                        -44.10120457756057,
                        61.36757546903887
                    ],
                    [
                        -44.105540591914924,
                        61.36543593055897
                    ],
                    [
                        -44.101086826445886,
                        61.36324001972421
                    ],
                    [
                        -44.09947905986594,
                        61.36105583099184
                    ],
                    [
                        -44.09490793707547,
                        61.3624622017722
                    ],
                    [
                        -44.0934375958742,
                        61.36462312873337
                    ],
                    [
                        -44.09645739604126,
                        61.36681813072636
                    ],
                    [
                        -44.100965838596046,
                        61.36734852582745
                    ],
                    [
                        -44.10554887516802,
                        61.36559108477698
                    ],
                    [
                        -44.10144603411299,
                        61.363388180328776
                    ],
                    [
                        -44.101147977583565,
                        61.36121386628456
                    ],
                    [
                        -44.09661675789085,
                        61.36140740535532
                    ],
                    [
                        -44.09362173147069,
                        61.36355677376092
                    ],
                    [
                        -44.09415611860195,
                        61.365732926498204
                    ],
                    [
                        -44.098633790645955,
                        61.367195304361964
                    ],
                    [
                        -44.10315782521977,
                        61.367250777478425
                    ],
                    [
                        -44.10510411626732,
                        61.36509328031372
                    ],
                    [
                        -44.1006463666673,
                        61.36302194297464
                    ],
                    [
                        -44.09906684402174,
                        61.36083796320872
                    ],
                    [
                        -44.09448719819035,
                        61.36250362103779
                    ],
                    [
                        -44.093211591341245,
                        61.36466602301138
                    ],
                    [
                        -44.09632469694133,
                        61.36686173761515
                    ],
                    [
                        -44.10083297577762,
                        61.367397284591824
                    ],
                    [
                        -44.10541806446649,
                        61.36557728157776
                    ],
                    [
                        -44.10148444951585,
                        61.36337564671113
                    ],
                    [
                        -44.101302098096376,
                        61.36120220421458
                    ],
                    [
                        -44.096776269931816,
                        61.361231680697635
                    ],
                    [
                        -44.0935977923986,
                        61.3633796582538
                    ],
                    [
                        -44.093870976957916,
                        61.36555382692919
                    ],
                    [
                        -44.098343544914435,
                        61.367170512855225
                    ],
                    [
                        -44.10286562739183,
                        61.3672856833367
                    ],
                    [
                        -44.10380386687855,
                        61.36512062616122
                    ],
                    [
                        -44.102472970458,
                        61.36293854112949
                    ],
                    [
                        -44.09797503724769,
                        61.36210896562214
                    ],
                    [
                        -44.09486411733137,
                        61.36425749558174
                    ],
                    [
                        -44.09686210802792,
                        61.36644473093496
                    ],
                    [
                        -44.1013683338426,
                        61.36704130313349
                    ],
                    [
                        -44.10593414029365,
                        61.36581141087955
                    ],
                    [
                        -44.101787363027114,
                        61.3636081874384
                    ],
                    [
                        -44.10127784217601,
                        61.36143228024582
                    ],
                    [
                        -44.09675051660431,
                        61.36150619363475
                    ],
                    [
                        -44.093763843560275,
                        61.363655629735554
                    ],
                    [
                        -44.09441867529383,
                        61.36583269647939
                    ],
                    [
                        -44.09889974905866,
                        61.36719218762699
                    ],
                    [
                        -44.10342564745536,
                        61.36719049190683
                    ],
                    [
                        -44.103676786196,
                        61.36502027400336
                    ],
                    [
                        -44.10233924726673,
                        61.362838138426596
                    ],
                    [
                        -44.09783556630213,
                        61.36218439017182
                    ],
                    [
                        -44.094858720559564,
                        61.36433393412836
                    ],
                    [
                        -44.097128274574004,
                        61.366523224574046
                    ],
                    [
                        -44.10163730245852,
                        61.36703459459643
                    ],
                    [
                        -44.10620301181033,
                        61.36580727493781
                    ],
                    [
                        -44.10174745612587,
                        61.363662730847274
                    ],
                    [
                        -44.10033540507494,
                        61.36148002309084
                    ],
                    [
                        -44.095780606979545,
                        61.36238913785465
                    ],
                    [
                        -44.09390704606621,
                        61.364547014123524
                    ],
                    [
                        -44.096794852832154,
                        61.36674100465982
                    ],
                    [
                        -44.101304266988066,
                        61.36724147250955
                    ],
                    [
                        -44.10588253475046,
                        61.36562946488938
                    ],
                    [
                        -44.10142788124787,
                        61.363458947088255
                    ],
                    [
                        -44.09996987165213,
                        61.36127589062386
                    ],
                    [
                        -44.09541373224453,
                        61.36222642852632
                    ],
                    [
                        -44.09341539969281,
                        61.364383350049614
                    ],
                    [
                        -44.095463792617295,
                        61.366570993576275
                    ],
                    [
                        -44.099963799949414,
                        61.36735729880295
                    ],
                    [
                        -44.10454452218465,
                        61.36567297581195
                    ],
                    [
                        -44.10304823163666,
                        61.36348965171034
                    ],
                    [
                        -44.098568136350984,
                        61.36211263474806
                    ],
                    [
                        -44.09526574535736,
                        61.36425972868917
                    ],
                    [
                        -44.097404928375774,
                        61.36644802478794
                    ],
                    [
                        -44.10191513146137,
                        61.366923183547655
                    ],
                    [
                        -44.10646958957227,
                        61.36604114767311
                    ],
                    [
                        -44.10209197975733,
                        61.36383620497264
                    ],
                    [
                        -44.1012306653388,
                        61.36165764851015
                    ],
                    [
                        -44.09670165950854,
                        61.36178158222327
                    ],
                    [
                        -44.09390380665359,
                        61.36393245344433
                    ],
                    [
                        -44.094970356369046,
                        61.366112644168496
                    ],
                    [
                        -44.09946003497465,
                        61.36721161408845
                    ],
                    [
                        -44.10399013733079,
                        61.367080986312864
                    ],
                    [
                        -44.1043769257615,
                        61.364911786485024
                    ],
                    [
                        -44.10043750540576,
                        61.36271007851325
                    ],
                    [
                        -44.10091918188489,
                        61.360541644179115
                    ],
                    [
                        -44.096378782996375,
                        61.361017864759624
                    ],
                    [
                        -44.0932242227454,
                        61.363166011510984
                    ],
                    [
                        -44.093270230415996,
                        61.36533845380247
                    ],
                    [
                        -44.09773547796938,
                        61.36717610418152
                    ],
                    [
                        -44.10225400694796,
                        61.36740008374954
                    ],
                    [
                        -44.10484761344218,
                        61.36524745548601
                    ],
                    [
                        -44.100994785046886,
                        61.363046412766174
                    ],
                    [
                        -44.10116063063058,
                        61.3608755951537
                    ],
                    [
                        -44.096629708861684,
                        61.36106176399117
                    ],
                    [
                        -44.09339743756462,
                        61.363209327422446
                    ],
                    [
                        -44.09346537923018,
                        61.36538193652988
                    ],
                    [
                        -44.097932424840884,
                        61.367165385906226
                    ],
                    [
                        -44.10245200114467,
                        61.36735726894832
                    ],
                    [
                        -44.10389984706712,
                        61.36519604092263
                    ],
                    [
                        -44.102560291996056,
                        61.363013891234075
                    ],
                    [
                        -44.098065037283725,
                        61.362102193938306
                    ],
                    [
                        -44.09491304702435,
                        61.364250414701786
                    ],
                    [
                        -44.09690435275665,
                        61.366437598568595
                    ],
                    [
                        -44.10141077353183,
                        61.36702819577585
                    ],
                    [
                        -44.10597565895532,
                        61.3658265044956
                    ],
                    [
                        -44.1018036443201,
                        61.36362309248254
                    ],
                    [
                        -44.101264167981284,
                        61.361446959663716
                    ],
                    [
                        -44.09673638278333,
                        61.36153479177055
                    ],
                    [
                        -44.09377364494714,
                        61.363684409543445
                    ],
                    [
                        -44.09447074574476,
                        61.36586179715621
                    ],
                    [
                        -44.09895268309793,
                        61.367195156848176
                    ],
                    [
                        -44.1034789699257,
                        61.36718156092427
                    ],
                    [
                        -44.10366593049358,
                        61.36501086111154
                    ],
                    [
                        -44.10233907048219,
                        61.36282880580703
                    ],
                    [
                        -44.0978371357406,
                        61.362121874497504
                    ],
                    [
                        -44.094790078074084,
                        61.36427088541066
                    ],
                    [
                        -44.096805818680146,
                        61.366458256470125
                    ],
                    [
                        -44.10131184405586,
                        61.36706099389684
                    ],
                    [
                        -44.105845863014295,
                        61.366808821959076
                    ],
                    [
                        -44.10319080997755,
                        61.364616804213384
                    ],
                    [
                        -44.101869184267045,
                        61.36243478628617
                    ],
                    [
                        -44.09734741898471,
                        61.36233434361722
                    ],
                    [
                        -44.09481127061521,
                        61.36448722007129
                    ],
                    [
                        -44.09807590252721,
                        61.366684035437004
                    ],
                    [
                        -44.10259370012715,
                        61.36692801842726
                    ],
                    [
                        -44.10713814993493,
                        61.3663535327306
                    ],
                    [
                        -44.10268176634249,
                        61.36422944312991
                    ],
                    [
                        -44.10138936561045,
                        61.36204764279663
                    ],
                    [
                        -44.09686374832459,
                        61.36206646791719
                    ],
                    [
                        -44.09416664222014,
                        61.36421811030915
                    ],
                    [
                        -44.09590339874381,
                        61.36640337911819
                    ],
                    [
                        -44.1004031303735,
                        61.367197639799144
                    ],
                    [
                        -44.10497682638695,
                        61.36572752213046
                    ],
                    [
                        -44.10225875806398,
                        61.36353501999697
                    ],
                    [
                        -44.09883309816711,
                        61.36133713271505
                    ],
                    [
                        -44.10023778781685,
                        61.35917567940608
                    ],
                    [
                        -44.09566394319777,
                        61.36067552425571
                    ],
                    [
                        -44.09257668589594,
                        61.3628241607815
                    ],
                    [
                        -44.09229448982905,
                        61.36499410513692
                    ],
                    [
                        -44.09674830409723,
                        61.36717614904427
                    ],
                    [
                        -44.10126192205204,
                        61.367550167539264
                    ],
                    [
                        -44.10511637152838,
                        61.36540701795247
                    ],
                    [
                        -44.1012334669008,
                        61.363205756254445
                    ],
                    [
                        -44.10123127514205,
                        61.3610336716524
                    ],
                    [
                        -44.09670304369203,
                        61.361137156996584
                    ],
                    [
                        -44.09349126949614,
                        61.36328487880938
                    ],
                    [
                        -44.093648274780755,
                        61.36545816481179
                    ],
                    [
                        -44.09811777551953,
                        61.367167496750106
                    ],
                    [
                        -44.10263845252192,
                        61.367325696684915
                    ],
                    [
                        -44.10386502652107,
                        61.365162805810265
                    ],
                    [
                        -44.10261607717181,
                        61.36298133726656
                    ],
                    [
                        -44.09812733515981,
                        61.36187115813178
                    ],
                    [
                        -44.09479981664902,
                        61.364018047130386
                    ],
                    [
                        -44.09614528320298,
                        61.36620034236534
                    ],
                    [
                        -44.100643229854676,
                        61.36704836356907
                    ],
                    [
                        -44.10520849701523,
                        61.36583610427203
                    ],
                    [
                        -44.10235326763387,
                        61.363642575157705
                    ],
                    [
                        -44.09900753023492,
                        61.36144529310286
                    ],
                    [
                        -44.10040918645102,
                        61.35928381393172
                    ],
                    [
                        -44.09584041024323,
                        61.36062923833151
                    ],
                    [
                        -44.092646366588625,
                        61.36277706709421
                    ],
                    [
                        -44.09228119719496,
                        61.364946380174516
                    ],
                    [
                        -44.09654735461147,
                        61.367150854312335
                    ],
                    [
                        -44.10105982835338,
                        61.367559667676204
                    ],
                    [
                        -44.10418089380561,
                        61.365411022724295
                    ],
                    [
                        -44.10278860680751,
                        61.36322847804297
                    ],
                    [
                        -44.098297106446594,
                        61.36220098692871
                    ],
                    [
                        -44.09519727967732,
                        61.36434961011114
                    ],
                    [
                        -44.09771079473006,
                        61.36654073835028
                    ],
                    [
                        -44.10222440032711,
                        61.36691230445061
                    ],
                    [
                        -44.10677545784406,
                        61.366134580183875
                    ],
                    [
                        -44.102318990381086,
                        61.36401499328469
                    ],
                    [
                        -44.10095722546066,
                        61.361832668262586
                    ],
                    [
                        -44.0964163040527,
                        61.36231832898745
                    ],
                    [
                        -44.09420518794288,
                        61.36447365305085
                    ],
                    [
                        -44.09686569187614,
                        61.366665916043466
                    ],
                    [
                        -44.10137466655984,
                        61.367179490667695
                    ],
                    [
                        -44.10594953662248,
                        61.36567153652701
                    ],
                    [
                        -44.101494934674584,
                        61.363499072555726
                    ],
                    [
                        -44.10001292278041,
                        61.361315835596926
                    ],
                    [
                        -44.0954515159267,
                        61.36242636198736
                    ],
                    [
                        -44.09374789885467,
                        61.36458552406367
                    ],
                    [
                        -44.096755110432184,
                        61.36678042244198
                    ],
                    [
                        -44.10126474200488,
                        61.36727441584906
                    ],
                    [
                        -44.10584471997157,
                        61.365610056535104
                    ],
                    [
                        -44.10139026075461,
                        61.36343377948911
                    ],
                    [
                        -44.09991925857169,
                        61.36125062478532
                    ],
                    [
                        -44.09536204144683,
                        61.36223399665382
                    ],
                    [
                        -44.093393117473866,
                        61.36439114079267
                    ],
                    [
                        -44.09546110656922,
                        61.3665789332779
                    ],
                    [
                        -44.09996122271567,
                        61.36736195173687
                    ],
                    [
                        -44.104542159798314,
                        61.36567105999893
                    ],
                    [
                        -44.103040699849466,
                        61.36348769703631
                    ],
                    [
                        -44.098559645893374,
                        61.362139947483506
                    ],
                    [
                        -44.09528242948251,
                        61.3642872322894
                    ],
                    [
                        -44.09752451456867,
                        61.36647630634209
                    ],
                    [
                        -44.10203597066587,
                        61.36691329787145
                    ],
                    [
                        -44.10658822965619,
                        61.36609877148723
                    ],
                    [
                        -44.10217773996687,
                        61.3638935854139
                    ],
                    [
                        -44.101251290161464,
                        61.36171453862766
                    ],
                    [
                        -44.096722767964884,
                        61.361823466275254
                    ],
                    [
                        -44.09394131476628,
                        61.36397446288888
                    ],
                    [
                        -44.0950997301446,
                        61.3661553500826
                    ],
                    [
                        -44.09959087705111,
                        61.36720984831449
                    ],
                    [
                        -44.10412110912907,
                        61.36707520615616
                    ],
                    [
                        -44.103533702236035,
                        61.36489869343212
                    ],
                    [
                        -44.10226148015827,
                        61.362717048566196
                    ],
                    [
                        -44.09775842191593,
                        61.36204497771815
                    ],
                    [
                        -44.094696454907016,
                        61.36419387281297
                    ],
                    [
                        -44.0964750337256,
                        61.36637944994603
                    ],
                    [
                        -44.10097782310191,
                        61.36708055477027
                    ],
                    [
                        -44.10551099994835,
                        61.366854475171436
                    ],
                    [
                        -44.10326608709048,
                        61.36466553133849
                    ],
                    [
                        -44.10205231110348,
                        61.36248432529319
                    ],
                    [
                        -44.097544337527594,
                        61.361963350521044
                    ],
                    [
                        -44.09451933497566,
                        61.36411251984992
                    ],
                    [
                        -44.09605767264313,
                        61.36629627997475
                    ],
                    [
                        -44.10055662146793,
                        61.3671140654151
                    ],
                    [
                        -44.105088759856116,
                        61.36692018480885
                    ],
                    [
                        -44.10334386658813,
                        61.36473498940708
                    ],
                    [
                        -44.10211168802812,
                        61.36255364513205
                    ],
                    [
                        -44.09760507081189,
                        61.36199095669019
                    ],
                    [
                        -44.0945723228069,
                        61.364140069046236
                    ],
                    [
                        -44.09618774078266,
                        61.36632441234875
                    ],
                    [
                        -44.100687917531026,
                        61.36710490870862
                    ],
                    [
                        -44.10522034424375,
                        61.36690208815875
                    ],
                    [
                        -44.103308867340715,
                        61.36471564360822
                    ],
                    [
                        -44.10199962525295,
                        61.36253371933963
                    ],
                    [
                        -44.09748158147533,
                        61.36231937513496
                    ],
                    [
                        -44.09486849868831,
                        61.3644716708348
                    ],
                    [
                        -44.09804390194043,
                        61.366667810293585
                    ],
                    [
                        -44.102561318712795,
                        61.366923372153025
                    ],
                    [
                        -44.10710659837571,
                        61.36632332933714
                    ],
                    [
                        -44.1026496772607,
                        61.36421593551909
                    ],
                    [
                        -44.1012889210065,
                        61.362033620251545
                    ],
                    [
                        -44.09675194733095,
                        61.362398270108216
                    ],
                    [
                        -44.094545397861225,
                        61.364553635620766
                    ],
                    [
                        -44.09823244763775,
                        61.36675365082785
                    ],
                    [
                        -44.10275199233017,
                        61.36694448123047
                    ],
                    [
                        -44.10729472697493,
                        61.366422801283996
                    ],
                    [
                        -44.10283721288587,
                        61.36433265261942
                    ],
                    [
                        -44.10143973946402,
                        61.36215006212697
                    ],
                    [
                        -44.09691252535309,
                        61.36221700289649
                    ],
                    [
                        -44.09435380470441,
                        61.36436969793673
                    ],
                    [
                        -44.09659954523569,
                        61.36655881838061
                    ],
                    [
                        -44.10110557342574,
                        61.36716184354569
                    ],
                    [
                        -44.105678774655516,
                        61.36570557440973
                    ],
                    [
                        -44.10165929620811,
                        61.3635033009999
                    ],
                    [
                        -44.10131852031498,
                        61.36132866488737
                    ],
                    [
                        -44.09679287981715,
                        61.36135179477611
                    ],
                    [
                        -44.093688124715875,
                        61.3635003337929
                    ],
                    [
                        -44.09412242810032,
                        61.36567572617443
                    ],
                    [
                        -44.098598767675924,
                        61.36717841142241
                    ],
                    [
                        -44.10312254076755,
                        61.36724181488788
                    ],
                    [
                        -44.10374679757401,
                        61.365074399121305
                    ],
                    [
                        -44.10243381356601,
                        61.36289244854033
                    ],
                    [
                        -44.097929357854994,
                        61.362261982857916
                    ],
                    [
                        -44.09505446353968,
                        61.36441230287222
                    ],
                    [
                        -44.097896597004635,
                        61.366605918640786
                    ],
                    [
                        -44.10241230955293,
                        61.366913339166175
                    ],
                    [
                        -44.10695998863471,
                        61.3662394725922
                    ],
                    [
                        -44.10250324608716,
                        61.36412736348672
                    ],
                    [
                        -44.10113771173311,
                        61.36194501127598
                    ],
                    [
                        -44.09660104630372,
                        61.362300655888816
                    ],
                    [
                        -44.0942937644837,
                        61.36445525343161
                    ],
                    [
                        -44.096904779695194,
                        61.3666471398398
                    ],
                    [
                        -44.10141377815787,
                        61.367159913452795
                    ],
                    [
                        -44.105987558849684,
                        61.36568529794404
                    ],
                    [
                        -44.10153247439008,
                        61.36352744329477
                    ],
                    [
                        -44.100104454571735,
                        61.361344613680934
                    ],
                    [
                        -44.095551219012044,
                        61.36220665890879
                    ],
                    [
                        -44.09347472438329,
                        61.36436298885797
                    ],
                    [
                        -44.09547239768071,
                        61.36655024683217
                    ],
                    [
                        -44.09997212729422,
                        61.367344939783855
                    ],
                    [
                        -44.10455228000094,
                        61.365678026775036
                    ],
                    [
                        -44.103046680583454,
                        61.36349463277597
                    ],
                    [
                        -44.09856571863088,
                        61.36214403319525
                    ],
                    [
                        -44.09529020847637,
                        61.36429133113843
                    ],
                    [
                        -44.09755049665079,
                        61.36648054269556
                    ],
                    [
                        -44.102062205310425,
                        61.36690983330552
                    ],
                    [
                        -44.106613420968266,
                        61.366127376517476
                    ],
                    [
                        -44.10223431279044,
                        61.36392242719364
                    ],
                    [
                        -44.10132686910023,
                        61.36174352372797
                    ],
                    [
                        -44.09680033594646,
                        61.36179175541598
                    ],
                    [
                        -44.09396968811803,
                        61.36394238005929
                    ],
                    [
                        -44.09506181976552,
                        61.3661227641866
                    ],
                    [
                        -44.09955216817188,
                        61.36720143978326
                    ],
                    [
                        -44.104082415151524,
                        61.36706630506458
                    ],
                    [
                        -44.10420513943561,
                        61.364895123685336
                    ],
                    [
                        -44.100527266452666,
                        61.362695381416486
                    ],
                    [
                        -44.09796056704466,
                        61.36050394578574
                    ],
                    [
                        -44.093649718433745,
                        61.36264335324732
                    ],
                    [
                        -44.09282693222282,
                        61.364809190470034
                    ],
                    [
                        -44.09656212424305,
                        61.36700962631694
                    ],
                    [
                        -44.10107323353466,
                        61.36745947173246
                    ],
                    [
                        -44.105662093845964,
                        61.36552332603534
                    ],
                    [
                        -44.101224614293415,
                        61.36331790671576
                    ],
                    [
                        -44.09967790677107,
                        61.361134179845536
                    ],
                    [
                        -44.095115684197886,
                        61.36226998769148
                    ],
                    [
                        -44.09328540077378,
                        61.364428181512274
                    ],
                    [
                        -44.09544697464904,
                        61.36661668545237
                    ],
                    [
                        -44.09994759799729,
                        61.367384386417264
                    ],
                    [
                        -44.10452956027638,
                        61.36566215460681
                    ],
                    [
                        -44.10302874308902,
                        61.36347879638846
                    ],
                    [
                        -44.09854696067759,
                        61.3621533314454
                    ],
                    [
                        -44.0952843639318,
                        61.364300726859014
                    ],
                    [
                        -44.09757615083762,
                        61.36649017674486
                    ],
                    [
                        -44.10208816584867,
                        61.36691014582355
                    ],
                    [
                        -44.10663933315677,
                        61.366129155069885
                    ],
                    [
                        -44.10222786307753,
                        61.36392396328983
                    ],
                    [
                        -44.101285884562984,
                        61.36174479971573
                    ],
                    [
                        -44.09675823265634,
                        61.361827083686954
                    ],
                    [
                        -44.09396503411916,
                        61.36397799198642
                    ],
                    [
                        -44.09513290836531,
                        61.36615895067068
                    ],
                    [
                        -44.099624296685484,
                        61.367206132094346
                    ],
                    [
                        -44.10415458258222,
                        61.3670698129938
                    ],
                    [
                        -44.10352583120021,
                        61.36489298999535
                    ],
                    [
                        -44.10224648840685,
                        61.362711291532705
                    ],
                    [
                        -44.09774283712736,
                        61.362057335665085
                    ],
                    [
                        -44.094694750235384,
                        61.364206335770106
                    ],
                    [
                        -44.09650633763702,
                        61.36639216288398
                    ],
                    [
                        -44.10100950901373,
                        61.3670816709415
                    ],
                    [
                        -44.10554271744307,
                        61.36685461689872
                    ],
                    [
                        -44.10324361607738,
                        61.364665266580964
                    ],
                    [
                        -44.101891332419754,
                        61.36248301814397
                    ],
                    [
                        -44.09737648301293,
                        61.36217162597217
                    ],
                    [
                        -44.09456351555461,
                        61.364322401864904
                    ],
                    [
                        -44.0966840688842,
                        61.36651057054692
                    ],
                    [
                        -44.10118999109592,
                        61.367116649286416
                    ],
                    [
                        -44.10576059999104,
                        61.36573972167889
                    ],
                    [
                        -44.10170022150002,
                        61.36353714297782
                    ],
                    [
                        -44.10130583344529,
                        61.36136210301074
                    ],
                    [
                        -44.09677962423417,
                        61.361402380688666
                    ],
                    [
                        -44.09371379907684,
                        61.363551215480335
                    ],
                    [
                        -44.094219669821825,
                        61.365727151313614
                    ],
                    [
                        -44.09869755962179,
                        61.36718295808285
                    ],
                    [
                        -44.1032220151729,
                        61.36722546289304
                    ],
                    [
                        -44.10373878856564,
                        61.365057239815826
                    ],
                    [
                        -44.10253845324807,
                        61.362876136379256
                    ],
                    [
                        -44.09804882991019,
                        61.361793445834266
                    ],
                    [
                        -44.09470280277593,
                        61.363940191522936
                    ],
                    [
                        -44.09584999381142,
                        61.366120985540846
                    ],
                    [
                        -44.10034478072445,
                        61.36706491398482
                    ],
                    [
                        -44.104877184174654,
                        61.36686269635308
                    ],
                    [
                        -44.104591182275534,
                        61.36468845114537
                    ],
                    [
                        -44.10012806839388,
                        61.362784216633116
                    ],
                    [
                        -44.09864340239299,
                        61.36060094826063
                    ],
                    [
                        -44.09405301615847,
                        61.362593037003414
                    ],
                    [
                        -44.09304076601672,
                        61.36475743682379
                    ],
                    [
                        -44.09660183761623,
                        61.36695654780332
                    ],
                    [
                        -44.1011125809204,
                        61.367417340237814
                    ],
                    [
                        -44.10569950385452,
                        61.36554046172422
                    ],
                    [
                        -44.101248019990365,
                        61.36333493822572
                    ],
                    [
                        -44.099714335896195,
                        61.36115130976034
                    ],
                    [
                        -44.095152862529744,
                        61.36226430835384
                    ],
                    [
                        -44.09330142806153,
                        61.364422342000495
                    ],
                    [
                        -44.09544793752703,
                        61.366610731436324
                    ],
                    [
                        -44.09994847514294,
                        61.36738102245359
                    ],
                    [
                        -44.10453028134431,
                        61.36566356445631
                    ],
                    [
                        -44.103050105644826,
                        61.3634803613528
                    ],
                    [
                        -44.09857192347938,
                        61.36204502285934
                    ],
                    [
                        -44.09521132813858,
                        61.36419167502573
                    ],
                    [
                        -44.09711210578051,
                        61.36637816851208
                    ],
                    [
                        -44.10161924247217,
                        61.3669466845152
                    ],
                    [
                        -44.10615641299912,
                        61.36659688559337
                    ],
                    [
                        -44.103595859727676,
                        61.364405586513065
                    ],
                    [
                        -44.099672023962896,
                        61.362203974102165
                    ],
                    [
                        -44.10074796650154,
                        61.36004002640314
                    ],
                    [
                        -44.096198184076606,
                        61.360804202197784
                    ],
                    [
                        -44.092972889169026,
                        61.36295180460735
                    ],
                    [
                        -44.092772221627555,
                        61.36512237054814
                    ],
                    [
                        -44.09723071147368,
                        61.367163779591955
                    ],
                    [
                        -44.10174652021044,
                        61.367470858123724
                    ],
                    [
                        -44.10449492844739,
                        61.365319401340635
                    ],
                    [
                        -44.10149597512547,
                        61.3631247773503
                    ],
                    [
                        -44.09842284606717,
                        61.36092953480782
                    ],
                    [
                        -44.099977064503186,
                        61.3587692178194
                    ],
                    [
                        -44.09539145412602,
                        61.36062837857397
                    ],
                    [
                        -44.092384752855224,
                        61.362777620338704
                    ],
                    [
                        -44.09208552002573,
                        61.364947434332215
                    ],
                    [
                        -44.096074897659406,
                        61.367149820042236
                    ],
                    [
                        -44.10058532906643,
                        61.367620866988915
                    ],
                    [
                        -44.104645031665534,
                        61.36547927789154
                    ],
                    [
                        -44.10183527629327,
                        61.36328608025008
                    ],
                    [
                        -44.098570869766384,
                        61.361089400716345
                    ],
                    [
                        -44.10005780203382,
                        61.35892857295204
                    ],
                    [
                        -44.0954764741237,
                        61.36065688953833
                    ],
                    [
                        -44.092454218103526,
                        61.36280601540831
                    ],
                    [
                        -44.09217706931769,
                        61.36497599776432
                    ],
                    [
                        -44.096602958037344,
                        61.367181684870516
                    ],
                    [
                        -44.1011159763292,
                        61.36757401914573
                    ],
                    [
                        -44.10524383292611,
                        61.365432923693575
                    ],
                    [
                        -44.10122220093405,
                        61.363230621442646
                    ],
                    [
                        -44.10111972337464,
                        61.36105778133727
                    ],
                    [
                        -44.096587501751664,
                        61.36128259626989
                    ],
                    [
                        -44.093523127601614,
                        61.3634314360526
                    ],
                    [
                        -44.09389070495772,
                        61.36560632199796
                    ],
                    [
                        -44.09836445286814,
                        61.36718731977183
                    ],
                    [
                        -44.10288671816363,
                        61.36729697360147
                    ],
                    [
                        -44.104195047612464,
                        61.365134694184526
                    ],
                    [
                        -44.10125446045653,
                        61.36294050358073
                    ],
                    [
                        -44.09815433189029,
                        61.36074505224113
                    ],
                    [
                        -44.09973044071001,
                        61.35858490552077
                    ],
                    [
                        -44.09513788699749,
                        61.360655515392175
                    ],
                    [
                        -44.09225146484559,
                        61.362805666028365
                    ],
                    [
                        -44.09202331477062,
                        61.364976020766036
                    ],
                    [
                        -44.09617884657737,
                        61.36717966697681
                    ],
                    [
                        -44.10069003056374,
                        61.36762790468889
                    ],
                    [
                        -44.10525748129901,
                        61.36549011907743
                    ],
                    [
                        -44.101358909322364,
                        61.36328874339756
                    ],
                    [
                        -44.101272567858004,
                        61.36111602445929
                    ],
                    [
                        -44.09674581990485,
                        61.36117393541759
                    ],
                    [
                        -44.093540916853485,
                        61.36332171091138
                    ],
                    [
                        -44.093740903400885,
                        61.36549532349539
                    ],
                    [
                        -44.09821162252416,
                        61.36716786272579
                    ],
                    [
                        -44.10273287160658,
                        61.3673085466074
                    ],
                    [
                        -44.103834377027205,
                        61.36514471605865
                    ],
                    [
                        -44.102500802112665,
                        61.36296261102711
                    ],
                    [
                        -44.098003704357055,
                        61.3621074191193
                    ],
                    [
                        -44.0948801137119,
                        61.36425585371134
                    ],
                    [
                        -44.09687790552109,
                        61.366443087267925
                    ],
                    [
                        -44.10138421705684,
                        61.3670370381832
                    ],
                    [
                        -44.105949731324344,
                        61.365816088078255
                    ],
                    [
                        -44.10179105619306,
                        61.363612775614726
                    ],
                    [
                        -44.10126929300419,
                        61.361436776211285
                    ],
                    [
                        -44.09674168655976,
                        61.36151921763434
                    ],
                    [
                        -44.09376691582871,
                        61.36366874401968
                    ],
                    [
                        -44.094441283734334,
                        61.365845959074825
                    ],
                    [
                        -44.098922744824506,
                        61.36719373041929
                    ],
                    [
                        -44.10344881126745,
                        61.367186887807854
                    ],
                    [
                        -44.10369162534327,
                        61.365016607393365
                    ],
                    [
                        -44.10251043728314,
                        61.36283564780061
                    ],
                    [
                        -44.098020668872174,
                        61.36175761473004
                    ],
                    [
                        -44.09466249048098,
                        61.363904267116055
                    ],
                    [
                        -44.0957225483836,
                        61.3660844011708
                    ],
                    [
                        -44.10021592575902,
                        61.36707109143648
                    ],
                    [
                        -44.10478204537644,
                        61.36583335906461
                    ],
                    [
                        -44.10320019071953,
                        61.36364939378829
                    ],
                    [
                        -44.098731621750176,
                        61.36191965344949
                    ],
                    [
                        -44.09521366761995,
                        61.36406511602132
                    ],
                    [
                        -44.09674641745954,
                        61.36624882407322
                    ],
                    [
                        -44.10124912793627,
                        61.36695188937964
                    ],
                    [
                        -44.10580737310095,
                        61.36595422733654
                    ],
                    [
                        -44.10221460394632,
                        61.36375516660037
                    ],
                    [
                        -44.099516939376045,
                        61.36156277098593
                    ],
                    [
                        -44.09537258959928,
                        61.36370350675775
                    ],
                    [
                        -44.09600322401679,
                        61.36588038090061
                    ],
                    [
                        -44.10049469001048,
                        61.366924776165405
                    ],
                    [
                        -44.10505050683382,
                        61.36600245642086
                    ],
                    [
                        -44.10334254001777,
                        61.36381754602834
                    ],
                    [
                        -44.09887811692816,
                        61.361960178334606
                    ],
                    [
                        -44.0953507587466,
                        61.364105574276294
                    ],
                    [
                        -44.09702796053476,
                        61.36629037365099
                    ],
                    [
                        -44.10153331177741,
                        61.366913040248384
                    ],
                    [
                        -44.106086785501695,
                        61.36606162415612
                    ],
                    [
                        -44.10232582230034,
                        61.36386130625929
                    ],
                    [
                        -44.099722907207074,
                        61.36166962704507
                    ],
                    [
                        -44.095609143591396,
                        61.36381060270902
                    ],
                    [
                        -44.096515353987144,
                        61.36598956257676
                    ],
                    [
                        -44.10101231048262,
                        61.3668671484172
                    ],
                    [
                        -44.10555815365802,
                        61.36625059473391
                    ],
                    [
                        -44.10338561082355,
                        61.36406220078205
                    ],
                    [
                        -44.09912076610028,
                        61.36185801073378
                    ],
                    [
                        -44.09541932939035,
                        61.36400209351785
                    ],
                    [
                        -44.096813532550385,
                        61.36618475002372
                    ],
                    [
                        -44.10131578061366,
                        61.36690169219046
                    ],
                    [
                        -44.10585423503691,
                        61.36651231312283
                    ],
                    [
                        -44.10413635892951,
                        61.36432733578336
                    ],
                    [
                        -44.09966755244283,
                        61.36259971726467
                    ],
                    [
                        -44.09834201929432,
                        61.36041764689528
                    ],
                    [
                        -44.093749478708375,
                        61.36247536242602
                    ],
                    [
                        -44.09265428856879,
                        61.36463912827734
                    ],
                    [
                        -44.09537185282434,
                        61.36683186064451
                    ],
                    [
                        -44.09987528230408,
                        61.36751485930438
                    ],
                    [
                        -44.10446301163346,
                        61.365616359655945
                    ],
                    [
                        -44.1030056674619,
                        61.36343332768701
                    ],
                    [
                        -44.09852589552028,
                        61.3620467903614
                    ],
                    [
                        -44.09518005461181,
                        61.36419355312471
                    ],
                    [
                        -44.09707756175347,
                        61.366380022406105
                    ],
                    [
                        -44.10158446746826,
                        61.366955596279496
                    ],
                    [
                        -44.106143156792236,
                        61.36594390263128
                    ],
                    [
                        -44.102006701020464,
                        61.36374076312535
                    ],
                    [
                        -44.09986058391784,
                        61.36155252384222
                    ],
                    [
                        -44.095563271712926,
                        61.36369211226823
                    ],
                    [
                        -44.09617247929578,
                        61.36586882294633
                    ],
                    [
                        -44.10066488200886,
                        61.3668847113093
                    ],
                    [
                        -44.105216230723634,
                        61.366099313120515
                    ],
                    [
                        -44.10341292968592,
                        61.36391368825561
                    ],
                    [
                        -44.09895267599962,
                        61.361928448044665
                    ],
                    [
                        -44.09537270726789,
                        61.36407344710016
                    ],
                    [
                        -44.09696060751345,
                        61.36625757032184
                    ],
                    [
                        -44.10146500111533,
                        61.366909333291765
                    ],
                    [
                        -44.10601803238065,
                        61.36607157514371
                    ],
                    [
                        -44.10239057834755,
                        61.36387225904721
                    ],
                    [
                        -44.09965899017142,
                        61.361679610595885
                    ],
                    [
                        -44.09558120621434,
                        61.36382085683123
                    ],
                    [
                        -44.096511588123505,
                        61.36599999997689
                    ],
                    [
                        -44.1010086933309,
                        61.366873086061815
                    ],
                    [
                        -44.10555660036478,
                        61.36619311821202
                    ],
                    [
                        -44.10315396254576,
                        61.36400299607606
                    ],
                    [
                        -44.09916656546678,
                        61.36180089252487
                    ],
                    [
                        -44.09539449688387,
                        61.363944440832405
                    ],
                    [
                        -44.09662842086804,
                        61.36612588424778
                    ],
                    [
                        -44.10112841972634,
                        61.3669111936749
                    ],
                    [
                        -44.10568227378552,
                        61.36604847516419
                    ],
                    [
                        -44.102558465545634,
                        61.36385293673773
                    ],
                    [
                        -44.09935358625541,
                        61.36165672178911
                    ],
                    [
                        -44.095370248163654,
                        61.36379867338219
                    ],
                    [
                        -44.09622999717155,
                        61.365977283333045
                    ],
                    [
                        -44.10072473423574,
                        61.366922401667956
                    ],
                    [
                        -44.10528020434612,
                        61.36601047933553
                    ],
                    [
                        -44.102858601892194,
                        61.363820210529
                    ],
                    [
                        -44.09901047172738,
                        61.361619149882436
                    ],
                    [
                        -44.095116844752255,
                        61.363761769990724
                    ],
                    [
                        -44.09587462415638,
                        61.365939609276225
                    ],
                    [
                        -44.10036633859443,
                        61.36697656264629
                    ],
                    [
                        -44.104926339447445,
                        61.36592610811392
                    ],
                    [
                        -44.1032819762686,
                        61.363741674408985
                    ],
                    [
                        -44.09881456083014,
                        61.36197612074012
                    ],
                    [
                        -44.09532132455858,
                        61.364121773631695
                    ],
                    [
                        -44.09703965011575,
                        61.36630688466838
                    ],
                    [
                        -44.101545312552524,
                        61.366920117977976
                    ],
                    [
                        -44.10609980350966,
                        61.36603743514216
                    ],
                    [
                        -44.1022580251339,
                        61.36383651005713
                    ],
                    [
                        -44.0997492077349,
                        61.36164553934468
                    ],
                    [
                        -44.09559913847297,
                        61.36378624056317
                    ],
                    [
                        -44.09644256059208,
                        61.36596472502868
                    ],
                    [
                        -44.10093856803524,
                        61.36687114351039
                    ],
                    [
                        -44.105486514057816,
                        61.366190023274676
                    ],
                    [
                        -44.10324966736402,
                        61.36400114541395
                    ],
                    [
                        -44.10344344638169,
                        61.361830526888355
                    ],
                    [
                        -44.105616885775504,
                        61.3596747809009
                    ],
                    [
                        -44.109117886482814,
                        61.35752893597859
                    ],
                    [
                        -44.113702043297344,
                        61.35566955322467
                    ],
                    [
                        -44.11827876284035,
                        61.35402270399232
                    ],
                    [
                        -44.12283548863274,
                        61.352985541793366
                    ],
                    [
                        -44.1273953585416,
                        61.351838257140955
                    ],
                    [
                        -44.130654566919894,
                        61.34969010392897
                    ],
                    [
                        -44.13309433074198,
                        61.34753593337634
                    ],
                    [
                        -44.13383342105288,
                        61.34536939913386
                    ],
                    [
                        -44.13499062589037,
                        61.34320591418731
                    ],
                    [
                        -44.13825183005564,
                        61.34105765942743
                    ],
                    [
                        -44.1411751114814,
                        61.33890690614752
                    ],
                    [
                        -44.1446012775448,
                        61.33675971254072
                    ],
                    [
                        -44.14843792117619,
                        61.33461537613754
                    ],
                    [
                        -44.15070051909395,
                        61.33245973950612
                    ],
                    [
                        -44.15066939459649,
                        61.33028776560452
                    ],
                    [
                        -44.14980270635162,
                        61.328109856412205
                    ],
                    [
                        -44.14857271600982,
                        61.32592936624533
                    ],
                    [
                        -44.14692980590718,
                        61.32374592824987
                    ],
                    [
                        -44.14538704640849,
                        61.32156320436295
                    ],
                    [
                        -44.14405771402275,
                        61.31938201214699
                    ],
                    [
                        -44.142862160875985,
                        61.31720178627546
                    ],
                    [
                        -44.141851190382205,
                        61.31502289681158
                    ],
                    [
                        -44.14119882774774,
                        61.31284660302114
                    ],
                    [
                        -44.140328968101215,
                        61.31066875636454
                    ],
                    [
                        -44.13906685101584,
                        61.30848808911319
                    ],
                    [
                        -44.13761162871739,
                        61.30630602991854
                    ],
                    [
                        -44.1360005135089,
                        61.30412284129487
                    ],
                    [
                        -44.13416926062364,
                        61.30193804974219
                    ],
                    [
                        -44.13185709234913,
                        61.29974974444007
                    ],
                    [
                        -44.12887176042503,
                        61.2975564907212
                    ],
                    [
                        -44.12617576321025,
                        61.29536530263581
                    ],
                    [
                        -44.12409056959477,
                        61.293178565108285
                    ],
                    [
                        -44.122359657565426,
                        61.29099442085578
                    ],
                    [
                        -44.12051836361822,
                        61.28880945475632
                    ],
                    [
                        -44.118317670861764,
                        61.28662181779378
                    ],
                    [
                        -44.116344793532264,
                        61.28443584930192
                    ],
                    [
                        -44.114799015029796,
                        61.28225304292129
                    ],
                    [
                        -44.11364540325468,
                        61.280073155857906
                    ],
                    [
                        -44.11272609700516,
                        61.27789502351654
                    ],
                    [
                        -44.11196887483264,
                        61.27571811287074
                    ],
                    [
                        -44.11151336778157,
                        61.273543469738584
                    ],
                    [
                        -44.11149066111337,
                        61.27137207681285
                    ],
                    [
                        -44.11146930222726,
                        61.26920071426066
                    ],
                    [
                        -44.11128804654416,
                        61.26702817789777
                    ],
                    [
                        -44.1109635581638,
                        61.26485459126154
                    ],
                    [
                        -44.11047904519341,
                        61.26267982741307
                    ],
                    [
                        -44.109902430076744,
                        61.26050439236164
                    ],
                    [
                        -44.10925754608081,
                        61.25832846308876
                    ],
                    [
                        -44.10853775780117,
                        61.25615198864932
                    ],
                    [
                        -44.10770015008738,
                        61.25397464562304
                    ],
                    [
                        -44.106589705559,
                        61.25179526696126
                    ],
                    [
                        -44.10535798675419,
                        61.24961498486194
                    ],
                    [
                        -44.10438659629051,
                        61.24743667001025
                    ],
                    [
                        -44.103746833835444,
                        61.24526086662927
                    ],
                    [
                        -44.10330578527052,
                        61.243086578280156
                    ],
                    [
                        -44.10270437864139,
                        61.240911098041344
                    ],
                    [
                        -44.10175219559745,
                        61.23873298462955
                    ],
                    [
                        -44.10023361979634,
                        61.23655059724972
                    ],
                    [
                        -44.098695087001346,
                        61.23436805790698
                    ],
                    [
                        -44.09745157395471,
                        61.23218775798602
                    ],
                    [
                        -44.09650212754725,
                        61.2300096999676
                    ],
                    [
                        -44.095743404249525,
                        61.22783310507633
                    ],
                    [
                        -44.09508682702688,
                        61.225657302787916
                    ],
                    [
                        -44.094386462037626,
                        61.22348118282605
                    ],
                    [
                        -44.09365851715443,
                        61.22130486798317
                    ],
                    [
                        -44.09292576548836,
                        61.21912853157838
                    ],
                    [
                        -44.092076805776586,
                        61.2169513221901
                    ],
                    [
                        -44.09123519833939,
                        61.2147741824497
                    ],
                    [
                        -44.090510519442105,
                        61.212597951567226
                    ],
                    [
                        -44.08997172856455,
                        61.21042316024042
                    ],
                    [
                        -44.08963898779147,
                        61.20824996584182
                    ],
                    [
                        -44.08935641771553,
                        61.206077175251586
                    ],
                    [
                        -44.0891728295315,
                        61.20390516330447
                    ],
                    [
                        -44.08933202131123,
                        61.201735800620995
                    ],
                    [
                        -44.09004110001807,
                        61.19957067377997
                    ],
                    [
                        -44.09029827579036,
                        61.19740210212965
                    ],
                    [
                        -44.090202920860364,
                        61.195230849473056
                    ],
                    [
                        -44.09004155029473,
                        61.193059111001986
                    ],
                    [
                        -44.08998168001826,
                        61.19088817071276
                    ],
                    [
                        -44.0899673027042,
                        61.18871759952137
                    ],
                    [
                        -44.089734160875516,
                        61.18654537106641
                    ],
                    [
                        -44.08935423698812,
                        61.184372036077896
                    ],
                    [
                        -44.0886136739828,
                        61.18219595066394
                    ],
                    [
                        -44.08722512812106,
                        61.18001489750214
                    ],
                    [
                        -44.085696071571604,
                        61.17783276434295
                    ],
                    [
                        -44.084099704054196,
                        61.175650110630976
                    ],
                    [
                        -44.08193481004172,
                        61.17346305592333
                    ],
                    [
                        -44.081095116288516,
                        61.17128625237929
                    ],
                    [
                        -44.080406729975785,
                        61.16911063549234
                    ],
                    [
                        -44.07837782569801,
                        61.166924625838114
                    ],
                    [
                        -44.07451584494572,
                        61.16472430990508
                    ],
                    [
                        -44.0700667390517,
                        61.16342444893589
                    ],
                    [
                        -44.06560877063119,
                        61.1623993133135
                    ],
                    [
                        -44.0611498904399,
                        61.16141062877318
                    ],
                    [
                        -44.05668673731465,
                        61.16055650056325
                    ],
                    [
                        -44.052218904810914,
                        61.15984690636418
                    ],
                    [
                        -44.04774727019333,
                        61.15925432055349
                    ],
                    [
                        -44.04327335481127,
                        61.158733092999064
                    ],
                    [
                        -44.03879648706639,
                        61.15830156958049
                    ],
                    [
                        -44.0343177964131,
                        61.157926130843904
                    ],
                    [
                        -44.029835760079145,
                        61.157649448060134
                    ],
                    [
                        -44.025353420995856,
                        61.15738373970249
                    ],
                    [
                        -44.02087244099783,
                        61.15708187316289
                    ],
                    [
                        -44.01639391928591,
                        61.156713406748814
                    ],
                    [
                        -44.01191685341522,
                        61.156307326763894
                    ],
                    [
                        -44.007440657391406,
                        61.15588048288029
                    ],
                    [
                        -44.00296556462984,
                        61.15542667243134
                    ],
                    [
                        -43.99849077294361,
                        61.15496842794721
                    ],
                    [
                        -43.994016475136974,
                        61.15450050187305
                    ],
                    [
                        -43.98954098772823,
                        61.1540691433112
                    ],
                    [
                        -43.985064731223794,
                        61.15366239921443
                    ],
                    [
                        -43.98058765284655,
                        61.153281378584154
                    ],
                    [
                        -43.976110028935565,
                        61.152918272276956
                    ],
                    [
                        -43.971631519494686,
                        61.152581998947205
                    ],
                    [
                        -43.967152716529,
                        61.1522563412802
                    ],
                    [
                        -43.96267413740862,
                        61.15192735330761
                    ],
                    [
                        -43.958194349069075,
                        61.151633159661266
                    ],
                    [
                        -43.953712444760455,
                        61.15139730659859
                    ],
                    [
                        -43.9492292655347,
                        61.151196888121916
                    ],
                    [
                        -43.94474566106408,
                        61.15100916046895
                    ],
                    [
                        -43.940262060239995,
                        61.15082275718338
                    ],
                    [
                        -43.935779226683266,
                        61.15061779507715
                    ],
                    [
                        -43.931294473927856,
                        61.15046410273457
                    ],
                    [
                        -43.92680276581944,
                        61.15049095879535
                    ],
                    [
                        -43.92230667771108,
                        61.15062994367992
                    ],
                    [
                        -43.917802525740676,
                        61.150973900594735
                    ],
                    [
                        -43.913284762062574,
                        61.15166160884772
                    ],
                    [
                        -43.90875617745213,
                        61.15261797505533
                    ],
                    [
                        -43.90421959380901,
                        61.153768351715634
                    ],
                    [
                        -43.89967443109355,
                        61.15512490817891
                    ],
                    [
                        -43.89512826605301,
                        61.15649525070536
                    ],
                    [
                        -43.8905829548011,
                        61.15783289682201
                    ],
                    [
                        -43.88603459507231,
                        61.159235206274914
                    ],
                    [
                        -43.88147890694741,
                        61.16080728150023
                    ],
                    [
                        -43.87692845877805,
                        61.162237315394876
                    ],
                    [
                        -43.87238384641452,
                        61.163512421234984
                    ],
                    [
                        -43.86784330156245,
                        61.164677703927694
                    ],
                    [
                        -43.86330992143951,
                        61.165659089880236
                    ],
                    [
                        -43.85879606488877,
                        61.16615911423081
                    ],
                    [
                        -43.85427436335091,
                        61.16684449944767
                    ],
                    [
                        -43.84977856094983,
                        61.166901280988874
                    ],
                    [
                        -43.84528591447848,
                        61.166881823681244
                    ],
                    [
                        -43.84072264575168,
                        61.16854805043581
                    ],
                    [
                        -43.83995010299247,
                        61.170710939766224
                    ],
                    [
                        -43.83825086589184,
                        61.1728647737492
                    ],
                    [
                        -43.8348067523256,
                        61.17500148134105
                    ],
                    [
                        -43.830320463821714,
                        61.174800230884415
                    ],
                    [
                        -43.825862089547975,
                        61.17394265711719
                    ],
                    [
                        -43.82138653387443,
                        61.173494703421355
                    ],
                    [
                        -43.81686847344278,
                        61.174043871098505
                    ],
                    [
                        -43.81235274059976,
                        61.17453447413438
                    ],
                    [
                        -43.807846670303256,
                        61.174796973964
                    ],
                    [
                        -43.8033318071462,
                        61.17526059296582
                    ],
                    [
                        -43.79880605412838,
                        61.17597134569597
                    ],
                    [
                        -43.794305089839945,
                        61.17610787032941
                    ],
                    [
                        -43.78983373367288,
                        61.17556641722518
                    ],
                    [
                        -43.78535267498183,
                        61.17524975739282
                    ],
                    [
                        -43.780816690134685,
                        61.17618154582575
                    ],
                    [
                        -43.777850244312056,
                        61.178321586992105
                    ],
                    [
                        -43.77574432133706,
                        61.18047046042597
                    ],
                    [
                        -43.77407103172898,
                        61.18262379028644
                    ],
                    [
                        -43.77310314981291,
                        61.18478441441332
                    ],
                    [
                        -43.7728008957514,
                        61.18695193723139
                    ],
                    [
                        -43.77249531905793,
                        61.189119445737525
                    ],
                    [
                        -43.77150128111995,
                        61.19127985066261
                    ],
                    [
                        -43.76967804865244,
                        61.193431677596784
                    ],
                    [
                        -43.7670110963563,
                        61.19557473922297
                    ],
                    [
                        -43.76263502231895,
                        61.19769996383213
                    ],
                    [
                        -43.758064966586474,
                        61.199290289966086
                    ],
                    [
                        -43.75350540835106,
                        61.20063601476395
                    ],
                    [
                        -43.748959311280295,
                        61.2016743651651
                    ],
                    [
                        -43.74442741176916,
                        61.202392499320474
                    ],
                    [
                        -43.739906100627685,
                        61.20287305743435
                    ],
                    [
                        -43.735393316476994,
                        61.203163650621946
                    ],
                    [
                        -43.7308876449294,
                        61.203297112518975
                    ],
                    [
                        -43.726385458454075,
                        61.203353832263424
                    ],
                    [
                        -43.72188396923182,
                        61.20339490498448
                    ],
                    [
                        -43.71738408201469,
                        61.20340099920992
                    ],
                    [
                        -43.71288808166517,
                        61.20332341876353
                    ],
                    [
                        -43.70839523885914,
                        61.20317864283283
                    ],
                    [
                        -43.70390287501325,
                        61.20302448770887
                    ],
                    [
                        -43.699408986950985,
                        61.20290361861697
                    ],
                    [
                        -43.6949127897481,
                        61.20283231404343
                    ],
                    [
                        -43.69041398580608,
                        61.202816343760695
                    ],
                    [
                        -43.68591337104694,
                        61.202838398687376
                    ],
                    [
                        -43.68141395281481,
                        61.20283505329715
                    ],
                    [
                        -43.676916146643286,
                        61.202797886040194
                    ],
                    [
                        -43.67241740386284,
                        61.202780299587026
                    ],
                    [
                        -43.66791582016664,
                        61.20282160566124
                    ],
                    [
                        -43.6634112435135,
                        61.202924352112156
                    ],
                    [
                        -43.658905116238536,
                        61.20305819416262
                    ],
                    [
                        -43.65439815275188,
                        61.20320814484126
                    ],
                    [
                        -43.64989007323527,
                        61.20337976998971
                    ],
                    [
                        -43.64537995365371,
                        61.203591704602374
                    ],
                    [
                        -43.6408672858564,
                        61.20385387873716
                    ],
                    [
                        -43.636351187777265,
                        61.204183668190126
                    ],
                    [
                        -43.631832542650535,
                        61.20456255947098
                    ],
                    [
                        -43.62731213785322,
                        61.20497421301326
                    ],
                    [
                        -43.62279224094965,
                        61.205372802384026
                    ],
                    [
                        -43.618273295497936,
                        61.205749584271466
                    ],
                    [
                        -43.613755731619165,
                        61.20609619764455
                    ],
                    [
                        -43.60923954837743,
                        61.206412955538035
                    ],
                    [
                        -43.604723754271326,
                        61.20671978549797
                    ],
                    [
                        -43.60020855877653,
                        61.207012647947025
                    ],
                    [
                        -43.59569418318051,
                        61.20728732297882
                    ],
                    [
                        -43.59118192339164,
                        61.20751856662985
                    ],
                    [
                        -43.58667250602749,
                        61.20769258865657
                    ],
                    [
                        -43.58216601106508,
                        61.20780837690413
                    ],
                    [
                        -43.57766127503233,
                        61.20788908899273
                    ],
                    [
                        -43.57315739421367,
                        61.20795255879397
                    ],
                    [
                        -43.56865401800957,
                        61.208005717195036
                    ],
                    [
                        -43.56415148678198,
                        61.208042110538834
                    ],
                    [
                        -43.55964962601609,
                        61.208065243650935
                    ],
                    [
                        -43.55514810659778,
                        61.20808153430388
                    ],
                    [
                        -43.55064718695752,
                        61.20808611865827
                    ],
                    [
                        -43.54614678701538,
                        61.20808062699373
                    ],
                    [
                        -43.541646071644244,
                        61.20808097589819
                    ],
                    [
                        -43.537143934034724,
                        61.20810801790116
                    ],
                    [
                        -43.53264034742234,
                        61.208162010615744
                    ],
                    [
                        -43.52813671430297,
                        61.20821637587322
                    ],
                    [
                        -43.52363479713439,
                        61.208238122890144
                    ],
                    [
                        -43.51913565885404,
                        61.20820771491902
                    ],
                    [
                        -43.51463962723747,
                        61.2081195277974
                    ],
                    [
                        -43.51014603807047,
                        61.20798640305756
                    ],
                    [
                        -43.50565406713993,
                        61.20782398600569
                    ],
                    [
                        -43.50116360495499,
                        61.20763455773216
                    ],
                    [
                        -43.49667519451665,
                        61.20740837843666
                    ],
                    [
                        -43.49218929268586,
                        61.20713740247043
                    ],
                    [
                        -43.48770471104906,
                        61.20684374208714
                    ],
                    [
                        -43.483220322101516,
                        61.206548138840624
                    ],
                    [
                        -43.478735243409744,
                        61.20626663864373
                    ],
                    [
                        -43.47425008458567,
                        61.20598807584456
                    ],
                    [
                        -43.46976531895944,
                        61.205703876426426
                    ],
                    [
                        -43.46528041689198,
                        61.20542362585345
                    ],
                    [
                        -43.46079350316388,
                        61.20518095628591
                    ],
                    [
                        -43.456303094927165,
                        61.205002085480885
                    ],
                    [
                        -43.45180933076392,
                        61.20488398498091
                    ],
                    [
                        -43.447313339134666,
                        61.20480604281027
                    ],
                    [
                        -43.4428161780925,
                        61.20474913398179
                    ],
                    [
                        -43.43831773013506,
                        61.20471515557444
                    ],
                    [
                        -43.433817357126884,
                        61.20471516910862
                    ],
                    [
                        -43.42931326904561,
                        61.20478037526032
                    ],
                    [
                        -43.424803689854386,
                        61.2049413713939
                    ],
                    [
                        -43.4202893286624,
                        61.20518493025405
                    ],
                    [
                        -43.41577075522791,
                        61.20550040494349
                    ],
                    [
                        -43.411249466181744,
                        61.20586114772869
                    ],
                    [
                        -43.40672644966426,
                        61.20624963307194
                    ],
                    [
                        -43.40220135646873,
                        61.20667166288093
                    ],
                    [
                        -43.397674812964716,
                        61.2071161491033
                    ],
                    [
                        -43.393149936899114,
                        61.207529286926345
                    ],
                    [
                        -43.388628695510555,
                        61.20787760751257
                    ],
                    [
                        -43.38411354167993,
                        61.2081197133648
                    ],
                    [
                        -43.37960405487954,
                        61.20826366559021
                    ],
                    [
                        -43.375100613835954,
                        61.2083038425417
                    ],
                    [
                        -43.370604224456216,
                        61.20822404712128
                    ],
                    [
                        -43.36611292508049,
                        61.208058443076965
                    ],
                    [
                        -43.36162557671986,
                        61.207826943724285
                    ],
                    [
                        -43.3571410832692,
                        61.20754852290039
                    ],
                    [
                        -43.35266093278836,
                        61.20719860230024
                    ],
                    [
                        -43.348184720783316,
                        61.20678452761712
                    ],
                    [
                        -43.343710120139555,
                        61.20634564016608
                    ],
                    [
                        -43.339234149281815,
                        61.20593174808209
                    ],
                    [
                        -43.334752313179855,
                        61.2056172402672
                    ],
                    [
                        -43.33026324099137,
                        61.205424004989254
                    ],
                    [
                        -43.32576569710871,
                        61.205371461522965
                    ],
                    [
                        -43.32125943086371,
                        61.20546260480568
                    ],
                    [
                        -43.316746747036625,
                        61.20565844269488
                    ],
                    [
                        -43.312234711794474,
                        61.20584244401541
                    ],
                    [
                        -43.30772828668388,
                        61.20593368852212
                    ],
                    [
                        -43.30772828668388,
                        61.20593368852212
                    ],
                    [
                        -43.3032218318485,
                        61.20602476207651
                    ],
                    [
                        -43.2987252331582,
                        61.20595509925532
                    ],
                    [
                        -43.294237837089604,
                        61.20573655717559
                    ],
                    [
                        -43.28975663602307,
                        61.20541889950249
                    ],
                    [
                        -43.28527768742769,
                        61.205066434700356
                    ],
                    [
                        -43.28079804759382,
                        61.204726748384616
                    ],
                    [
                        -43.27631686855436,
                        61.204413335066704
                    ],
                    [
                        -43.27183312431155,
                        61.20414239638197
                    ],
                    [
                        -43.267345978223084,
                        61.203926946450224
                    ],
                    [
                        -43.26285396877676,
                        61.20378980486262
                    ],
                    [
                        -43.25835735148766,
                        61.203726311772265
                    ],
                    [
                        -43.25385825761365,
                        61.203702169384144
                    ],
                    [
                        -43.24935608884316,
                        61.20372651806578
                    ],
                    [
                        -43.244852552269585,
                        61.20377210682368
                    ],
                    [
                        -43.24034999315646,
                        61.20380194191128
                    ],
                    [
                        -43.23584760601722,
                        61.203828760704475
                    ],
                    [
                        -43.23134554381624,
                        61.20385019590857
                    ],
                    [
                        -43.226842927238955,
                        61.20387999162739
                    ],
                    [
                        -43.22233959861175,
                        61.20392053483187
                    ],
                    [
                        -43.18635426426362,
                        61.204157520026605
                    ],
                    [
                        -43.15036832707308,
                        61.20438360154733
                    ],
                    [
                        -43.11438181541684,
                        61.204598779094525
                    ],
                    [
                        -43.078394757674324,
                        61.204803052383134
                    ],
                    [
                        -43.042407182227535,
                        61.20499642114244
                    ],
                    [
                        -43.006419117460936,
                        61.20517888511626
                    ],
                    [
                        -42.9704305917613,
                        61.2053504440628
                    ],
                    [
                        -42.93444163351759,
                        61.20551109775475
                    ],
                    [
                        -42.89845227112081,
                        61.20566084597921
                    ],
                    [
                        -42.86246253296387,
                        61.20579968853774
                    ],
                    [
                        -42.82647244744148,
                        61.205927625246375
                    ],
                    [
                        -42.790482042949975,
                        61.20604465593554
                    ],
                    [
                        -42.75449134788722,
                        61.20615078045016
                    ],
                    [
                        -42.71850039065242,
                        61.206245998649614
                    ],
                    [
                        -42.68250919964606,
                        61.20633031040769
                    ],
                    [
                        -42.646517803269724,
                        61.20640371561264
                    ],
                    [
                        -42.61052622992595,
                        61.20646621416722
                    ],
                    [
                        -42.574534508018125,
                        61.20651780598856
                    ],
                    [
                        -42.53854266595034,
                        61.206558491008316
                    ],
                    [
                        -42.502550732127254,
                        61.20658826917256
                    ]
                ]
            }
        }
    ]
}
