{
    "type": "FeatureCollection",
    "features": [
        {
            "type": "Feature",
            "properties": {
                "name": "Greenland Glacier 0003",
                "object": "transect",
                "component": "landice",
                "author": "Matthew Hoffman, converted from Felikson et al. (2020) Zenodo dataset",
                "tags": "Greenland_Ice_Sheet;flowline;zenodo_4284759;glacier_0003;eqip_sermia",
                "citation": "Felikson, Denis, Catania, Ginny, Bartholomaus, Timothy, Morlighem, Mathieu, & No\u00ebl, Brice. (2020). Inland limits to diffusion of thinning along Greenland Ice Sheet outlet glaciers (v1.0) [Data set]. Zenodo. https://doi.org/10.5281/zenodo.4284759",
                "license": "CC-BY-4.0",
                "officialName": "Eqip Sermia"
            },
            "geometry": {
                "type": "LineString",
                "coordinates": [
                    [
                        -37.44296986966834,
                        70.97772933524153
                    ],
                    [
                        -37.442882607390594,
                        70.97545863510142
                    ],
                    [
                        -37.447848936967084,
                        70.97340660421136
                    ],
                    [
                        -37.44870455524603,
                        70.97571049045534
                    ],
                    [
                        -37.454843571216756,
                        70.9777059631885
                    ],
                    [
                        -37.462196106472575,
                        70.97671353856155
                    ],
                    [
                        -37.46632819029876,
                        70.97915864833463
                    ],
                    [
                        -37.46711073001783,
                        70.9814592207223
                    ],
                    [
                        -37.467225898771154,
                        70.98373102203605
                    ],
                    [
                        -37.46730994803626,
                        70.98600149495518
                    ],
                    [
                        -37.46727544459241,
                        70.98826687098561
                    ],
                    [
                        -37.46679628134995,
                        70.99051309517911
                    ],
                    [
                        -37.466691918659144,
                        70.99277549190305
                    ],
                    [
                        -37.469832547705316,
                        70.99517772129362
                    ],
                    [
                        -37.46968241237198,
                        70.99743816317601
                    ],
                    [
                        -37.469523091630165,
                        70.99969822524618
                    ],
                    [
                        -37.46988589007493,
                        71.00198078767647
                    ],
                    [
                        -37.47225941511719,
                        71.00434992068577
                    ],
                    [
                        -37.47881278989939,
                        71.00535202420095
                    ],
                    [
                        -37.48273627154622,
                        71.007787608989
                    ],
                    [
                        -37.48504594908861,
                        71.0101537626564
                    ],
                    [
                        -37.48623674559835,
                        71.0124718300134
                    ],
                    [
                        -37.492244726620655,
                        71.01482969694743
                    ],
                    [
                        -37.494301243803214,
                        71.01718482604694
                    ],
                    [
                        -37.49617315646093,
                        71.01953201013798
                    ],
                    [
                        -37.497217620751094,
                        71.02184370633651
                    ],
                    [
                        -37.50061973445519,
                        71.02425640902004
                    ],
                    [
                        -37.502290394651006,
                        71.02659489022791
                    ],
                    [
                        -37.502258976541334,
                        71.02886048429743
                    ],
                    [
                        -37.50192562716728,
                        71.03111316658975
                    ],
                    [
                        -37.50176947896827,
                        71.03337345193927
                    ],
                    [
                        -37.50153966847755,
                        71.03563059992999
                    ],
                    [
                        -37.50132089100179,
                        71.03788823653257
                    ],
                    [
                        -37.5010041247239,
                        71.04014169560499
                    ],
                    [
                        -37.50097450421538,
                        71.0424074601315
                    ],
                    [
                        -37.50157932530092,
                        71.04470038577035
                    ],
                    [
                        -37.502572965620445,
                        71.04700994998925
                    ],
                    [
                        -37.50305266211728,
                        71.0492975336894
                    ],
                    [
                        -37.504036374909546,
                        71.0516066765851
                    ],
                    [
                        -37.50589928122688,
                        71.05395339834102
                    ],
                    [
                        -37.50690361737495,
                        71.05626341111089
                    ],
                    [
                        -37.506821540985634,
                        71.05852700819608
                    ],
                    [
                        -37.50696530528213,
                        71.0608002684925
                    ],
                    [
                        -37.50706679814585,
                        71.06307173605235
                    ],
                    [
                        -37.507082900412186,
                        71.0653395699888
                    ],
                    [
                        -37.507275432377774,
                        71.06761495237812
                    ],
                    [
                        -37.51378278801255,
                        71.06878935565179
                    ],
                    [
                        -37.520120944312666,
                        71.07038392063338
                    ],
                    [
                        -37.52645314334553,
                        71.07199569535777
                    ],
                    [
                        -37.52755554936778,
                        71.07430973248944
                    ],
                    [
                        -37.534480987249125,
                        71.0744569062825
                    ],
                    [
                        -37.53547158499685,
                        71.07676610635195
                    ],
                    [
                        -37.53701635232531,
                        71.07909886229011
                    ],
                    [
                        -37.539015426271355,
                        71.08145090771518
                    ],
                    [
                        -37.541598656364904,
                        71.08382773479396
                    ],
                    [
                        -37.54818044579264,
                        71.08483577335669
                    ],
                    [
                        -37.55565493304672,
                        71.08362918559614
                    ],
                    [
                        -37.56339387173469,
                        71.0817625552702
                    ],
                    [
                        -37.571154819179846,
                        71.07983695832804
                    ],
                    [
                        -37.577869001144464,
                        71.0778540216426
                    ],
                    [
                        -37.58274819823791,
                        71.07579338169245
                    ],
                    [
                        -37.59011254915537,
                        71.07383758698265
                    ],
                    [
                        -37.59682096838865,
                        71.07185389646044
                    ],
                    [
                        -37.60445643879649,
                        71.07022172148042
                    ],
                    [
                        -37.612096849250726,
                        71.06857349881976
                    ],
                    [
                        -37.61965790040454,
                        71.0671204919425
                    ],
                    [
                        -37.6269411113112,
                        71.06636141663195
                    ],
                    [
                        -37.634168736393384,
                        71.06574017523498
                    ],
                    [
                        -37.64163113113033,
                        71.06452708861957
                    ],
                    [
                        -37.64904536244339,
                        71.06343248419917
                    ],
                    [
                        -37.656414977521884,
                        71.06244780661255
                    ],
                    [
                        -37.66351609490733,
                        71.0621381667716
                    ],
                    [
                        -37.67051916145409,
                        71.06207522094124
                    ],
                    [
                        -37.67755263863067,
                        71.06193501704442
                    ],
                    [
                        -37.6844886027517,
                        71.06204095880547
                    ],
                    [
                        -37.69154919673389,
                        71.06183122954354
                    ],
                    [
                        -37.698286687250345,
                        71.06243979044345
                    ],
                    [
                        -37.70489368369575,
                        71.06338025702925
                    ],
                    [
                        -37.71094910878572,
                        71.06572251633848
                    ],
                    [
                        -37.717407532002575,
                        71.06704459881999
                    ],
                    [
                        -37.72348649300081,
                        71.06933364959379
                    ],
                    [
                        -37.72970605486119,
                        71.07126855542631
                    ],
                    [
                        -37.73491302922934,
                        71.07375014993454
                    ],
                    [
                        -37.737797832489434,
                        71.07613552805545
                    ],
                    [
                        -37.74053574643947,
                        71.0785147725485
                    ],
                    [
                        -37.74655828381878,
                        71.08096375922372
                    ],
                    [
                        -37.75290823579715,
                        71.08258130971993
                    ],
                    [
                        -37.75931313442977,
                        71.08406116190461
                    ],
                    [
                        -37.76587677710032,
                        71.08513771834274
                    ],
                    [
                        -37.77238577280145,
                        71.0863557534724
                    ],
                    [
                        -37.778898745623295,
                        71.08756555571458
                    ],
                    [
                        -37.78547290305099,
                        71.08862053161502
                    ],
                    [
                        -37.79212563042611,
                        71.08947569519857
                    ],
                    [
                        -37.79906599242144,
                        71.0895938784078
                    ],
                    [
                        -37.80612576777136,
                        71.08940519025818
                    ],
                    [
                        -37.812891425914266,
                        71.08997230678033
                    ],
                    [
                        -37.819526396689554,
                        71.0908766406601
                    ],
                    [
                        -37.826182089074024,
                        71.09172900374415
                    ],
                    [
                        -37.83280907408565,
                        71.09265672125878
                    ],
                    [
                        -37.83950494002351,
                        71.09340811663881
                    ],
                    [
                        -37.84626671125863,
                        71.09399039763805
                    ],
                    [
                        -37.85304879824873,
                        71.094520983242
                    ],
                    [
                        -37.85975064014696,
                        71.09526000508295
                    ],
                    [
                        -37.8666941297506,
                        71.09537413012843
                    ],
                    [
                        -37.87380608685911,
                        71.09505131087795
                    ],
                    [
                        -37.880838549198415,
                        71.09493393424265
                    ],
                    [
                        -37.8878980777904,
                        71.09474571176897
                    ],
                    [
                        -37.89494732049316,
                        71.09458359121703
                    ],
                    [
                        -37.90199258400778,
                        71.09443123023563
                    ],
                    [
                        -37.908923440654085,
                        71.0945764855224
                    ],
                    [
                        -37.915901099005296,
                        71.09459964555403
                    ],
                    [
                        -37.92284463091981,
                        71.09471170008187
                    ],
                    [
                        -37.92980443366228,
                        71.09478116569284
                    ],
                    [
                        -37.93686150699204,
                        71.09459595438801
                    ],
                    [
                        -37.94403788307379,
                        71.09409757196343
                    ],
                    [
                        -37.95133673362278,
                        71.09327671091802
                    ],
                    [
                        -37.95872295290021,
                        71.09222448422557
                    ],
                    [
                        -37.96626377234325,
                        71.09076340885312
                    ],
                    [
                        -37.973817457416565,
                        71.08926504147135
                    ],
                    [
                        -37.98141051214314,
                        71.08765942703715
                    ],
                    [
                        -37.988963257399675,
                        71.0861563546232
                    ],
                    [
                        -37.996457673090106,
                        71.08480376932444
                    ],
                    [
                        -38.00393262884999,
                        71.08349943346995
                    ],
                    [
                        -38.01138448279741,
                        71.08225315312498
                    ],
                    [
                        -38.01883491455475,
                        71.08100768337773
                    ],
                    [
                        -38.026354631646186,
                        71.07957545688868
                    ],
                    [
                        -38.033982278234674,
                        71.0778531858834
                    ],
                    [
                        -38.04160178390474,
                        71.07614848395909
                    ],
                    [
                        -38.04920879744039,
                        71.07447299987342
                    ],
                    [
                        -38.05686921917678,
                        71.07265118286423
                    ],
                    [
                        -38.06451392463423,
                        71.07086698013454
                    ],
                    [
                        -38.072127181098956,
                        71.06916256603172
                    ],
                    [
                        -38.07966164837918,
                        71.06766486765065
                    ],
                    [
                        -38.08718318715841,
                        71.06619822984783
                    ],
                    [
                        -38.09473252131772,
                        71.06465356826816
                    ],
                    [
                        -38.10216386170511,
                        71.06342197932447
                    ],
                    [
                        -38.1095140676454,
                        71.06240548762447
                    ],
                    [
                        -38.116838630765265,
                        71.06145552412237
                    ],
                    [
                        -38.12409515524022,
                        71.06068650665095
                    ],
                    [
                        -38.13132792355926,
                        71.05997963209454
                    ],
                    [
                        -38.13857311658473,
                        71.0592374396293
                    ],
                    [
                        -38.14578582414064,
                        71.05858117741431
                    ],
                    [
                        -38.15294003729095,
                        71.05808149075082
                    ],
                    [
                        -38.16006951378466,
                        71.05764746594456
                    ],
                    [
                        -38.16716339264124,
                        71.05730876033277
                    ],
                    [
                        -38.174232259616744,
                        71.05703695006977
                    ],
                    [
                        -38.18122528675866,
                        71.05697033730752
                    ],
                    [
                        -38.18822004418524,
                        71.05689860520339
                    ],
                    [
                        -38.195245773555534,
                        71.05674212931082
                    ],
                    [
                        -38.2023108257566,
                        71.05647788362339
                    ],
                    [
                        -38.209443672228254,
                        71.05602784625715
                    ],
                    [
                        -38.216626848323585,
                        71.05543911446725
                    ],
                    [
                        -38.2238884387954,
                        71.05463443735006
                    ],
                    [
                        -38.23117145596967,
                        71.05376908982998
                    ],
                    [
                        -38.238525264170704,
                        71.05270757933512
                    ],
                    [
                        -38.24589769616826,
                        71.05159236469785
                    ],
                    [
                        -38.253217291630406,
                        71.05061955804942
                    ],
                    [
                        -38.260469999516864,
                        71.04982829039791
                    ],
                    [
                        -38.267652843532304,
                        71.04922737048166
                    ],
                    [
                        -38.2747689285541,
                        71.04880887465906
                    ],
                    [
                        -38.281819829709576,
                        71.0485690542979
                    ],
                    [
                        -38.28880180812815,
                        71.04851881114271
                    ],
                    [
                        -38.295736007643356,
                        71.04860028661587
                    ],
                    [
                        -38.30274754441454,
                        71.04846761075348
                    ],
                    [
                        -38.309875415432764,
                        71.04801204891547
                    ],
                    [
                        -38.31710730789703,
                        71.04726669092587
                    ],
                    [
                        -38.3244502767333,
                        71.04621096139648
                    ],
                    [
                        -38.33187165764491,
                        71.04493459745805
                    ],
                    [
                        -38.33931247461473,
                        71.04360098886977
                    ],
                    [
                        -38.346695742975946,
                        71.0424244927686
                    ],
                    [
                        -38.35403429615232,
                        71.04136985786887
                    ],
                    [
                        -38.36135346169767,
                        71.04036675924415
                    ],
                    [
                        -38.36859740373175,
                        71.03957153699177
                    ],
                    [
                        -38.37577272519419,
                        71.03896641779569
                    ],
                    [
                        -38.38295389320727,
                        71.03834331261669
                    ],
                    [
                        -38.390132069242874,
                        71.03772696370888
                    ],
                    [
                        -38.3973022985018,
                        71.03713131421944
                    ],
                    [
                        -38.40446019616412,
                        71.0365687669829
                    ],
                    [
                        -38.41162978412869,
                        71.03597179652641
                    ],
                    [
                        -38.41878522723773,
                        71.03541311230276
                    ],
                    [
                        -38.42599697803453,
                        71.03469402438853
                    ],
                    [
                        -38.433252455971406,
                        71.03384952687945
                    ],
                    [
                        -38.440520840994544,
                        71.0329663630395
                    ],
                    [
                        -38.44781937843867,
                        71.03199556092017
                    ],
                    [
                        -38.45512491062444,
                        71.03100247101676
                    ],
                    [
                        -38.4623835383138,
                        71.03014001339196
                    ],
                    [
                        -38.46959520332888,
                        71.02940881072146
                    ],
                    [
                        -38.47678087400554,
                        71.02874966076318
                    ],
                    [
                        -38.483950603881496,
                        71.02813417594768
                    ],
                    [
                        -38.491087836426395,
                        71.02760971859502
                    ],
                    [
                        -38.49824150221858,
                        71.02703691225344
                    ],
                    [
                        -38.50540966594331,
                        71.02642112331833
                    ],
                    [
                        -38.512584342403095,
                        71.02578505310899
                    ],
                    [
                        -38.519773998956445,
                        71.02510437615419
                    ],
                    [
                        -38.526982161389924,
                        71.0243688265534
                    ],
                    [
                        -38.534225135554856,
                        71.02353139396496
                    ],
                    [
                        -38.541443487828175,
                        71.02276257552192
                    ],
                    [
                        -38.54869752168658,
                        71.02188905523526
                    ],
                    [
                        -38.555956501186515,
                        71.02099902878702
                    ],
                    [
                        -38.56321672317622,
                        71.02010312153125
                    ],
                    [
                        -38.57047642403826,
                        71.01920640716608
                    ],
                    [
                        -38.5777327691368,
                        71.01831708055224
                    ],
                    [
                        -38.58499064134776,
                        71.0174210319775
                    ],
                    [
                        -38.592256139051,
                        71.01650056140254
                    ],
                    [
                        -38.59952704527451,
                        71.01556201606793
                    ],
                    [
                        -38.60679318991084,
                        71.01463488155592
                    ],
                    [
                        -38.61402738246676,
                        71.01379829625945
                    ],
                    [
                        -38.6212376633776,
                        71.01302916613308
                    ],
                    [
                        -38.62844418009137,
                        71.01226898416178
                    ],
                    [
                        -38.63565812526226,
                        71.01148510815986
                    ],
                    [
                        -38.64288713920084,
                        71.010655123858
                    ],
                    [
                        -38.650095676096086,
                        71.00988288258459
                    ],
                    [
                        -38.65731249174569,
                        71.00908434504365
                    ],
                    [
                        -38.664544512474784,
                        71.00823910187033
                    ],
                    [
                        -38.67179810003538,
                        71.00732830363687
                    ],
                    [
                        -38.67905095535214,
                        71.00641727945717
                    ],
                    [
                        -38.68628939713657,
                        71.0055463039964
                    ],
                    [
                        -38.69353342643462,
                        71.00465657304777
                    ],
                    [
                        -38.70080919977704,
                        71.00367083460269
                    ],
                    [
                        -38.70809427168998,
                        71.00265505450139
                    ],
                    [
                        -38.715416045898294,
                        71.00152806004377
                    ],
                    [
                        -38.7227511199882,
                        71.00035875409137
                    ],
                    [
                        -38.73007969333578,
                        70.99920569846145
                    ],
                    [
                        -38.7373884536621,
                        70.99810848021735
                    ],
                    [
                        -38.744677192947485,
                        70.99706792531963
                    ],
                    [
                        -38.751983476365595,
                        70.9959724342458
                    ],
                    [
                        -38.75927513861762,
                        70.99491766019774
                    ],
                    [
                        -38.766559563180046,
                        70.9938817241607
                    ],
                    [
                        -38.773857208352524,
                        70.99280357875207
                    ],
                    [
                        -38.78114434625743,
                        70.9917540416536
                    ],
                    [
                        -38.788448764466196,
                        70.99065000066206
                    ],
                    [
                        -38.7957506462826,
                        70.98955067533707
                    ],
                    [
                        -38.80306659923207,
                        70.98840622341206
                    ],
                    [
                        -38.810359937193866,
                        70.98732675720561
                    ],
                    [
                        -38.817652710932585,
                        70.98624615248019
                    ],
                    [
                        -38.824935600586436,
                        70.98519249147259
                    ],
                    [
                        -38.83220593235998,
                        70.98417394310155
                    ],
                    [
                        -38.83947333488484,
                        70.98316155097183
                    ],
                    [
                        -38.84673550987479,
                        70.98216229057735
                    ],
                    [
                        -38.85400277932944,
                        70.98114495153919
                    ],
                    [
                        -38.86126034771885,
                        70.98015433119387
                    ],
                    [
                        -38.86851081445247,
                        70.97918263815085
                    ],
                    [
                        -38.87577493620843,
                        70.97816684765365
                    ],
                    [
                        -38.88303181275853,
                        70.97717040746197
                    ],
                    [
                        -38.89027498336126,
                        70.97621307917944
                    ],
                    [
                        -38.89750254697162,
                        70.97530081003868
                    ],
                    [
                        -38.90473064885981,
                        70.97438444579853
                    ],
                    [
                        -38.91195347784956,
                        70.97348174682583
                    ],
                    [
                        -38.919154807000595,
                        70.97264246022378
                    ],
                    [
                        -38.926347103113585,
                        70.97182859524113
                    ],
                    [
                        -38.93353730014052,
                        70.97101895902104
                    ],
                    [
                        -38.9407346565816,
                        70.97018510837502
                    ],
                    [
                        -38.947926532189996,
                        70.96936585680474
                    ],
                    [
                        -38.95511560969875,
                        70.96855299245212
                    ],
                    [
                        -38.96230945822298,
                        70.96772318651423
                    ],
                    [
                        -38.969499664735416,
                        70.96690236580415
                    ],
                    [
                        -38.976683094869145,
                        70.96610025919215
                    ],
                    [
                        -38.98385296283589,
                        70.96533795173247
                    ],
                    [
                        -38.99101780469591,
                        70.96458912464796
                    ],
                    [
                        -38.99817442645313,
                        70.96386374458278
                    ],
                    [
                        -39.005348087391255,
                        70.96308338406938
                    ],
                    [
                        -39.01252086528761,
                        70.96230361693006
                    ],
                    [
                        -39.01969444659929,
                        70.96151919080623
                    ],
                    [
                        -39.02687167773108,
                        70.96072120799944
                    ],
                    [
                        -39.034036377464766,
                        70.95996016748529
                    ],
                    [
                        -39.04119235803088,
                        70.95922428441824
                    ],
                    [
                        -39.04833804762525,
                        70.95851857611959
                    ],
                    [
                        -39.05546594597695,
                        70.95786667402352
                    ],
                    [
                        -39.062595128156325,
                        70.95720889307505
                    ],
                    [
                        -39.06971496629301,
                        70.9565786196763
                    ],
                    [
                        -39.07683811415559,
                        70.95593613162677
                    ],
                    [
                        -39.08394588351266,
                        70.95534027475195
                    ],
                    [
                        -39.091046220690615,
                        70.95476615169972
                    ],
                    [
                        -39.09812619308267,
                        70.95425469832907
                    ],
                    [
                        -39.10519405303531,
                        70.95378004606226
                    ],
                    [
                        -39.11225692943856,
                        70.95331975575046
                    ],
                    [
                        -39.119310370474,
                        70.95288799636933
                    ],
                    [
                        -39.12636462799517,
                        70.95245232826254
                    ],
                    [
                        -39.133422101354014,
                        70.9520051110459
                    ],
                    [
                        -39.1404818155482,
                        70.95154940527156
                    ],
                    [
                        -39.14753027352274,
                        70.95112818670238
                    ],
                    [
                        -39.15456762185039,
                        70.9507411160262
                    ],
                    [
                        -39.16159977187664,
                        70.9503694378479
                    ],
                    [
                        -39.16861955510127,
                        70.95003613557817
                    ],
                    [
                        -39.17565683842092,
                        70.94964571460905
                    ],
                    [
                        -39.182698271752,
                        70.9492407648048
                    ],
                    [
                        -39.18975835465441,
                        70.94877468789988
                    ],
                    [
                        -39.196804022386885,
                        70.94835352845726
                    ],
                    [
                        -39.20385599629284,
                        70.9479107720009
                    ],
                    [
                        -39.21091730815962,
                        70.94743656932322
                    ],
                    [
                        -39.21795978866561,
                        70.94702168097565
                    ],
                    [
                        -39.22500493179037,
                        70.94659690085278
                    ],
                    [
                        -39.23204452933873,
                        70.94618873925141
                    ],
                    [
                        -39.23907683942291,
                        70.94580289964235
                    ],
                    [
                        -39.24609927897797,
                        70.94544784119076
                    ],
                    [
                        -39.25311468070577,
                        70.94511448376677
                    ],
                    [
                        -39.260133057318406,
                        70.94477036408489
                    ],
                    [
                        -39.2671477262284,
                        70.9444371902172
                    ],
                    [
                        -39.274160165175594,
                        70.94411018844372
                    ],
                    [
                        -39.28116404309898,
                        70.94381003782601
                    ],
                    [
                        -39.28815749291085,
                        70.94354293851524
                    ],
                    [
                        -39.29513502610473,
                        70.94332696578958
                    ],
                    [
                        -39.302100106716274,
                        70.94315096700394
                    ],
                    [
                        -39.309067677303254,
                        70.94296609780307
                    ],
                    [
                        -39.31604241328013,
                        70.9427569766388
                    ],
                    [
                        -39.32300921185538,
                        70.94257315572001
                    ],
                    [
                        -39.3299601511303,
                        70.94244080140533
                    ],
                    [
                        -39.33689499427679,
                        70.94236088623336
                    ],
                    [
                        -39.343831302994914,
                        70.94227566594125
                    ],
                    [
                        -39.350761412786596,
                        70.94221043920591
                    ],
                    [
                        -39.35770121709272,
                        70.94211271504764
                    ],
                    [
                        -39.36464022972245,
                        70.94201709764914
                    ],
                    [
                        -39.3715798922403,
                        70.94191881554659
                    ],
                    [
                        -39.378512622497894,
                        70.94184303007557
                    ],
                    [
                        -39.38546635033333,
                        70.9416969895478
                    ],
                    [
                        -39.39242291884307,
                        70.94154085789157
                    ],
                    [
                        -39.39938667169268,
                        70.94136012303561
                    ],
                    [
                        -39.40634611796392,
                        70.94119303167422
                    ],
                    [
                        -39.41330507091155,
                        70.9410268968943
                    ],
                    [
                        -39.42027352646847,
                        70.94082828698367
                    ],
                    [
                        -39.42724754712588,
                        70.94061026621027
                    ],
                    [
                        -39.43422494613514,
                        70.94038009405233
                    ],
                    [
                        -39.4411953327664,
                        70.94017261364503
                    ],
                    [
                        -39.4481528225732,
                        70.94000769552449
                    ],
                    [
                        -39.45510261375063,
                        70.93986800398419
                    ],
                    [
                        -39.46204389403306,
                        70.93975637325588
                    ],
                    [
                        -39.46898444090552,
                        70.93964666319553
                    ],
                    [
                        -39.47592303049289,
                        70.93954301704584
                    ],
                    [
                        -39.48285441625973,
                        70.93946320918808
                    ],
                    [
                        -39.48979496921839,
                        70.93935187153322
                    ],
                    [
                        -39.496734477419324,
                        70.93924352263934
                    ],
                    [
                        -39.50367136141425,
                        70.9391435385998
                    ],
                    [
                        -39.510600789748935,
                        70.93906838180999
                    ],
                    [
                        -39.517530367573904,
                        70.93899225239609
                    ],
                    [
                        -39.524461030785794,
                        70.93891195622906
                    ],
                    [
                        -39.531398803008855,
                        70.93880691494697
                    ],
                    [
                        -39.53833938190873,
                        70.93869173933986
                    ],
                    [
                        -39.545283515007725,
                        70.93856383231045
                    ],
                    [
                        -39.55223606005579,
                        70.93840649803842
                    ],
                    [
                        -39.559186747349685,
                        70.93825486143234
                    ],
                    [
                        -39.5661597266134,
                        70.93802597194104
                    ],
                    [
                        -39.57311993655304,
                        70.9378401483181
                    ],
                    [
                        -39.58008738837385,
                        70.93762862587648
                    ],
                    [
                        -39.587051574107015,
                        70.93742754889605
                    ],
                    [
                        -39.594015633191546,
                        70.93722611590093
                    ],
                    [
                        -39.600978686271326,
                        70.93702736693403
                    ],
                    [
                        -39.60793483984255,
                        70.93685172084088
                    ],
                    [
                        -39.614894118362734,
                        70.93666451085178
                    ],
                    [
                        -39.62185319881429,
                        70.93647722892297
                    ],
                    [
                        -39.62880410237516,
                        70.93631761281536
                    ],
                    [
                        -39.63575534982781,
                        70.93615611128561
                    ],
                    [
                        -39.642696915470374,
                        70.93602766217417
                    ],
                    [
                        -39.64963530116171,
                        70.93590970386484
                    ],
                    [
                        -39.656564224618364,
                        70.93582423248704
                    ],
                    [
                        -39.66350145285452,
                        70.9357092051476
                    ],
                    [
                        -39.670424416565545,
                        70.93564358496974
                    ],
                    [
                        -39.67734452671374,
                        70.93558753233279
                    ],
                    [
                        -39.6842607554914,
                        70.93554469598142
                    ],
                    [
                        -39.69115812010203,
                        70.9355678320634
                    ],
                    [
                        -39.69805470703279,
                        70.935593495564
                    ],
                    [
                        -39.704945947496576,
                        70.93563781000925
                    ],
                    [
                        -39.711831832965075,
                        70.93570087908107
                    ],
                    [
                        -39.718713721297476,
                        70.9357779753066
                    ],
                    [
                        -39.72559962784391,
                        70.93584077451084
                    ],
                    [
                        -39.732490253456945,
                        70.93588673606132
                    ],
                    [
                        -39.739382676511134,
                        70.9359261655949
                    ],
                    [
                        -39.74628469949588,
                        70.93593130247847
                    ],
                    [
                        -39.75317759624069,
                        70.93596866427644
                    ],
                    [
                        -39.76007576504165,
                        70.93598706278645
                    ],
                    [
                        -39.76697993545113,
                        70.93598381939368
                    ],
                    [
                        -39.773876069965794,
                        70.93600901164677
                    ],
                    [
                        -39.78077273016135,
                        70.93603211760697
                    ],
                    [
                        -39.78766618425877,
                        70.93606650035849
                    ],
                    [
                        -39.794565120998826,
                        70.9360810319308
                    ],
                    [
                        -39.8014579091202,
                        70.93611741943621
                    ],
                    [
                        -39.80835401067836,
                        70.93614171228793
                    ],
                    [
                        -39.8152521370576,
                        70.936158504185
                    ],
                    [
                        -39.82214139786273,
                        70.93620704688959
                    ],
                    [
                        -39.82903052349462,
                        70.93625593569772
                    ],
                    [
                        -39.83591953529533,
                        70.93630509517875
                    ],
                    [
                        -39.84281149367072,
                        70.93634344356244
                    ],
                    [
                        -39.8497061794646,
                        70.93637173238163
                    ],
                    [
                        -39.85659751942491,
                        70.93641197482131
                    ],
                    [
                        -39.863492597100525,
                        70.93643846285546
                    ],
                    [
                        -39.8703873730465,
                        70.93646584894564
                    ],
                    [
                        -39.87729235796859,
                        70.93645581537974
                    ],
                    [
                        -39.88419600985028,
                        70.93645034927714
                    ],
                    [
                        -39.89110155488311,
                        70.93643767504183
                    ],
                    [
                        -39.89800803031433,
                        70.93642128812286
                    ],
                    [
                        -39.904913209469804,
                        70.93640933638376
                    ],
                    [
                        -39.91181799938524,
                        70.9363985087628
                    ],
                    [
                        -39.91872645697694,
                        70.93637389751366
                    ],
                    [
                        -39.92563588078515,
                        70.93634539023026
                    ],
                    [
                        -39.93253968374305,
                        70.93633725096146
                    ],
                    [
                        -39.93945611024477,
                        70.93628222343693
                    ],
                    [
                        -39.94636451543667,
                        70.93625642013392
                    ],
                    [
                        -39.9532755653707,
                        70.93622048500517
                    ],
                    [
                        -39.96019683196684,
                        70.93614631248656
                    ],
                    [
                        -39.96711349937643,
                        70.93608873256882
                    ],
                    [
                        -39.974037228289866,
                        70.93600447643317
                    ],
                    [
                        -39.98096640108752,
                        70.9358994536112
                    ],
                    [
                        -39.9878983991455,
                        70.93578333718591
                    ],
                    [
                        -39.99482638273362,
                        70.93568160826553
                    ],
                    [
                        -40.001756297303544,
                        70.9355721070114
                    ],
                    [
                        -40.00868760000172,
                        70.9354568328712
                    ],
                    [
                        -40.01562073328188,
                        70.93533410366597
                    ],
                    [
                        -40.022569497990986,
                        70.93515209112077
                    ],
                    [
                        -40.02950421020301,
                        70.93502211150403
                    ],
                    [
                        -40.03644626242487,
                        70.93486386860141
                    ],
                    [
                        -40.043384201297904,
                        70.9347204120369
                    ],
                    [
                        -40.05032860407629,
                        70.93455188157255
                    ],
                    [
                        -40.057275936996895,
                        70.93437152783387
                    ],
                    [
                        -40.064218969798304,
                        70.93420666886612
                    ],
                    [
                        -40.07117316579939,
                        70.93399875589816
                    ],
                    [
                        -40.07813666739604,
                        70.93375465617164
                    ],
                    [
                        -40.08509953034077,
                        70.93351201742246
                    ],
                    [
                        -40.09205890284982,
                        70.93328170305922
                    ],
                    [
                        -40.0990191282382,
                        70.93304720807419
                    ],
                    [
                        -40.10598156741436,
                        70.93280331896783
                    ],
                    [
                        -40.112942484273574,
                        70.9325642803339
                    ],
                    [
                        -40.119911709656236,
                        70.93229247149247
                    ],
                    [
                        -40.126875938823375,
                        70.93203876798842
                    ],
                    [
                        -40.133852057231714,
                        70.9317384070491
                    ],
                    [
                        -40.14083003770691,
                        70.93142974692786
                    ],
                    [
                        -40.14780304734926,
                        70.93113906756005
                    ],
                    [
                        -40.15478445087719,
                        70.93081490097347
                    ],
                    [
                        -40.16176051508994,
                        70.93051014665265
                    ],
                    [
                        -40.16874423557757,
                        70.93017461978735
                    ],
                    [
                        -40.1757256538391,
                        70.92984676419483
                    ],
                    [
                        -40.18271146039673,
                        70.92950065708025
                    ],
                    [
                        -40.18970085711727,
                        70.92913931917741
                    ],
                    [
                        -40.19669211800216,
                        70.92876939953837
                    ],
                    [
                        -40.20368490876244,
                        70.92839216319658
                    ],
                    [
                        -40.21067117558381,
                        70.9280390100694
                    ],
                    [
                        -40.217660951023774,
                        70.92767083535148
                    ],
                    [
                        -40.22464903017879,
                        70.92730794635528
                    ],
                    [
                        -40.231647962149204,
                        70.92690117214559
                    ],
                    [
                        -40.23865356299194,
                        70.92646674269544
                    ],
                    [
                        -40.24566746606856,
                        70.92599811150919
                    ],
                    [
                        -40.25266847371445,
                        70.92557859948023
                    ],
                    [
                        -40.259669975296966,
                        70.92515562345066
                    ],
                    [
                        -40.266681880021096,
                        70.92469002890853
                    ],
                    [
                        -40.27369165023392,
                        70.92423121923838
                    ],
                    [
                        -40.280698613891246,
                        70.92378188833742
                    ],
                    [
                        -40.28770683340159,
                        70.92332596113494
                    ],
                    [
                        -40.29471546229909,
                        70.92286677182648
                    ],
                    [
                        -40.301728423540204,
                        70.92238869324243
                    ],
                    [
                        -40.30873294253391,
                        70.92194255822764
                    ],
                    [
                        -40.315740988886766,
                        70.92148073076724
                    ],
                    [
                        -40.322746330405494,
                        70.9210280564905
                    ],
                    [
                        -40.329763662795706,
                        70.92052573294866
                    ],
                    [
                        -40.33677257559466,
                        70.92005538595828
                    ],
                    [
                        -40.34377801558295,
                        70.9195972945146
                    ],
                    [
                        -40.350787803857486,
                        70.91912005367172
                    ],
                    [
                        -40.35779477168746,
                        70.91865245771547
                    ],
                    [
                        -40.3648080143833,
                        70.91815785110353
                    ],
                    [
                        -40.371819205158765,
                        70.91766976078466
                    ],
                    [
                        -40.378834247078956,
                        70.91716432417226
                    ],
                    [
                        -40.385859721573965,
                        70.91661478037307
                    ],
                    [
                        -40.39287221368733,
                        70.91611599451235
                    ],
                    [
                        -40.39988340182933,
                        70.91562071336203
                    ],
                    [
                        -40.40689432301893,
                        70.91512473023451
                    ],
                    [
                        -40.41391295730383,
                        70.91459548978207
                    ],
                    [
                        -40.42093067481401,
                        70.91406809505739
                    ],
                    [
                        -40.42795128017738,
                        70.91352698659968
                    ],
                    [
                        -40.43497931967075,
                        70.91295346743118
                    ],
                    [
                        -40.4420013504268,
                        70.91240256744857
                    ],
                    [
                        -40.44902572013738,
                        70.91184007333518
                    ],
                    [
                        -40.45604792494761,
                        70.91128447736534
                    ],
                    [
                        -40.46307518512304,
                        70.91070603324587
                    ],
                    [
                        -40.47010296664377,
                        70.91012336295063
                    ],
                    [
                        -40.477124138445824,
                        70.90956595229163
                    ],
                    [
                        -40.484150680371464,
                        70.9089842761814
                    ],
                    [
                        -40.491171427946355,
                        70.90842456028622
                    ],
                    [
                        -40.4981890675179,
                        70.90787574217916
                    ],
                    [
                        -40.50520984432143,
                        70.90731186952462
                    ],
                    [
                        -40.51223581285493,
                        70.90672430210218
                    ],
                    [
                        -40.519266562769744,
                        70.9061146407209
                    ],
                    [
                        -40.52629565113165,
                        70.90550973728041
                    ],
                    [
                        -40.53332776591543,
                        70.90488996894702
                    ],
                    [
                        -40.54035507204867,
                        70.9042881529165
                    ],
                    [
                        -40.54737498788909,
                        70.9037152310215
                    ],
                    [
                        -40.554394686552705,
                        70.90314113687663
                    ],
                    [
                        -40.561424431645534,
                        70.90252257392017
                    ],
                    [
                        -40.5684519436518,
                        70.90191120509361
                    ],
                    [
                        -40.575479060530185,
                        70.9012992885122
                    ],
                    [
                        -40.582511257546734,
                        70.90066361482646
                    ],
                    [
                        -40.58953481147759,
                        70.90006233040076
                    ],
                    [
                        -40.59656457953505,
                        70.89943242518167
                    ],
                    [
                        -40.60358657451963,
                        70.89883333629896
                    ],
                    [
                        -40.610616256047734,
                        70.89819925957954
                    ],
                    [
                        -40.617646226582096,
                        70.89756163582796
                    ],
                    [
                        -40.6246696961643,
                        70.89694951199137
                    ],
                    [
                        -40.631706877647076,
                        70.89627635319879
                    ],
                    [
                        -40.638739588147835,
                        70.89561994484959
                    ],
                    [
                        -40.64578183813172,
                        70.89492010264873
                    ],
                    [
                        -40.65281922253413,
                        70.89423867969131
                    ],
                    [
                        -40.65985587081995,
                        70.89355794597101
                    ],
                    [
                        -40.66690540798377,
                        70.89281900259833
                    ],
                    [
                        -40.67393511502671,
                        70.89216324469412
                    ],
                    [
                        -40.680960317744336,
                        70.8915246123497
                    ],
                    [
                        -40.68798490947213,
                        70.89088627617048
                    ],
                    [
                        -40.69501077207386,
                        70.89024004836187
                    ],
                    [
                        -40.702034548881336,
                        70.88960052295964
                    ],
                    [
                        -40.70905848375211,
                        70.88895793623045
                    ],
                    [
                        -40.716089280843335,
                        70.88828294954594
                    ],
                    [
                        -40.723119487183915,
                        70.88760805422137
                    ],
                    [
                        -40.730142910465695,
                        70.88696042798436
                    ],
                    [
                        -40.73716314126672,
                        70.88632442488088
                    ],
                    [
                        -40.74418683662577,
                        70.88567078982912
                    ],
                    [
                        -40.75120214026351,
                        70.88505173228671
                    ],
                    [
                        -40.75821766242353,
                        70.88442938445098
                    ],
                    [
                        -40.7652368590763,
                        70.88378843436075
                    ],
                    [
                        -40.772244791251616,
                        70.88319501940694
                    ],
                    [
                        -40.77925450344049,
                        70.88259145210165
                    ],
                    [
                        -40.78626066394945,
                        70.8820013995599
                    ],
                    [
                        -40.79327552255548,
                        70.88137034529885
                    ],
                    [
                        -40.80027568103776,
                        70.88080252289242
                    ],
                    [
                        -40.80727230386455,
                        70.88024833689822
                    ],
                    [
                        -40.81426564945891,
                        70.87970670032271
                    ],
                    [
                        -40.821245480472626,
                        70.8792236083552
                    ],
                    [
                        -40.828220511370304,
                        70.87876019671765
                    ],
                    [
                        -40.83519251611064,
                        70.87830858062723
                    ],
                    [
                        -40.842168627593594,
                        70.87783665530581
                    ],
                    [
                        -40.849143137607776,
                        70.87737010239097
                    ],
                    [
                        -40.856118406064816,
                        70.87689827164589
                    ],
                    [
                        -40.86308729232211,
                        70.87645350296881
                    ],
                    [
                        -40.87005199302104,
                        70.87602596250915
                    ],
                    [
                        -40.87701444373682,
                        70.87560693611884
                    ],
                    [
                        -40.88397642319182,
                        70.87518836431639
                    ],
                    [
                        -40.89093544930168,
                        70.87478157806828
                    ],
                    [
                        -40.897891822643466,
                        70.87438526472305
                    ],
                    [
                        -40.904844542534384,
                        70.87400406183092
                    ],
                    [
                        -40.911789185857096,
                        70.87365833941149
                    ],
                    [
                        -40.91873136675194,
                        70.87332248224784
                    ],
                    [
                        -40.92569335526698,
                        70.87289402428904
                    ],
                    [
                        -40.9326516380742,
                        70.87248091326568
                    ],
                    [
                        -40.939610795285965,
                        70.87206207238454
                    ],
                    [
                        -40.946569890988634,
                        70.87164180321959
                    ],
                    [
                        -40.95352773979956,
                        70.87122559383388
                    ],
                    [
                        -40.96048613611142,
                        70.87080513355224
                    ],
                    [
                        -40.96744706293287,
                        70.87037117602438
                    ],
                    [
                        -40.97441072345154,
                        70.86992270387957
                    ],
                    [
                        -40.98137356115882,
                        70.86947624362178
                    ],
                    [
                        -40.9883361288548,
                        70.86902922139146
                    ],
                    [
                        -40.995294597654016,
                        70.86859957205428
                    ],
                    [
                        -41.00224386289285,
                        70.86821134442276
                    ],
                    [
                        -41.009200699048115,
                        70.86778589756231
                    ],
                    [
                        -41.01615651704041,
                        70.8673634853588
                    ],
                    [
                        -41.023117453058575,
                        70.8669151742038
                    ],
                    [
                        -41.03007946719099,
                        70.86645992053158
                    ],
                    [
                        -41.037039889371954,
                        70.86601033011469
                    ],
                    [
                        -41.043997155978516,
                        70.86557385068828
                    ],
                    [
                        -41.05095276403958,
                        70.86514343974011
                    ],
                    [
                        -41.05790782597961,
                        70.86471383507123
                    ],
                    [
                        -41.06486524519048,
                        70.86427119587574
                    ],
                    [
                        -41.071833561757494,
                        70.86377465279149
                    ],
                    [
                        -41.07878730514395,
                        70.86334581796051
                    ],
                    [
                        -41.085734452587,
                        70.86294681036595
                    ],
                    [
                        -41.09268178171093,
                        70.86254523707404
                    ],
                    [
                        -41.099627545848726,
                        70.86214948973497
                    ],
                    [
                        -41.10657972039041,
                        70.86172115365873
                    ],
                    [
                        -41.113533214948816,
                        70.86128463581197
                    ],
                    [
                        -41.12048845696137,
                        70.86083782411673
                    ],
                    [
                        -41.12744503807443,
                        70.86038264221973
                    ],
                    [
                        -41.1344026591773,
                        70.85992049734197
                    ],
                    [
                        -41.14136195197108,
                        70.85944827874921
                    ],
                    [
                        -41.14831650817917,
                        70.8589971641551
                    ],
                    [
                        -41.155268292719526,
                        70.858557676398
                    ],
                    [
                        -41.162217349886504,
                        70.85812966360824
                    ],
                    [
                        -41.16917284581797,
                        70.8576682692919
                    ],
                    [
                        -41.17612806907368,
                        70.85720626075494
                    ],
                    [
                        -41.183087066720425,
                        70.85672372829575
                    ],
                    [
                        -41.19005090420981,
                        70.85621530774428
                    ],
                    [
                        -41.19701215620209,
                        70.85571751549092
                    ],
                    [
                        -41.20397183657643,
                        70.85522539665062
                    ],
                    [
                        -41.2109256722596,
                        70.85476015937705
                    ],
                    [
                        -41.21787698881387,
                        70.85430544405025
                    ],
                    [
                        -41.22481895266295,
                        70.8538953013854
                    ],
                    [
                        -41.231767159931586,
                        70.85345226014067
                    ],
                    [
                        -41.23871341097411,
                        70.85301707486165
                    ],
                    [
                        -41.245657134413975,
                        70.85259264856147
                    ],
                    [
                        -41.25260270851078,
                        70.8521571007997
                    ],
                    [
                        -41.25954334293373,
                        70.8517444634435
                    ],
                    [
                        -41.26648722830149,
                        70.85131366440655
                    ],
                    [
                        -41.27342311846121,
                        70.85092128130718
                    ],
                    [
                        -41.28035571708453,
                        70.85054378169532
                    ],
                    [
                        -41.28729105140931,
                        70.85015075891195
                    ],
                    [
                        -41.294226834807766,
                        70.84975371528004
                    ],
                    [
                        -41.30116685821596,
                        70.84933337725256
                    ],
                    [
                        -41.30810656753622,
                        70.84891278319438
                    ],
                    [
                        -41.31504096819838,
                        70.84851739278072
                    ],
                    [
                        -41.32196906192952,
                        70.84815244965293
                    ],
                    [
                        -41.32888951782104,
                        70.84782493936507
                    ],
                    [
                        -41.33580795852739,
                        70.84750625057727
                    ],
                    [
                        -41.34272716091285,
                        70.84718217071573
                    ],
                    [
                        -41.34965178344982,
                        70.84682869446291
                    ],
                    [
                        -41.356569154075494,
                        70.84651099535199
                    ],
                    [
                        -41.363487011898926,
                        70.84618929775613
                    ],
                    [
                        -41.37040811342978,
                        70.84584931068014
                    ],
                    [
                        -41.377327070977636,
                        70.84551887087935
                    ],
                    [
                        -41.38423874899182,
                        70.84522472036082
                    ],
                    [
                        -41.391142161626746,
                        70.84497220306432
                    ],
                    [
                        -41.398045310474714,
                        70.84471982167138
                    ],
                    [
                        -41.40495178882424,
                        70.84444879714302
                    ],
                    [
                        -41.41185607156126,
                        70.8441879546934
                    ],
                    [
                        -41.41875755798711,
                        70.84394050615336
                    ],
                    [
                        -41.425659078465706,
                        70.84369165093675
                    ],
                    [
                        -41.43256323988717,
                        70.84342764997547
                    ],
                    [
                        -41.43946779203104,
                        70.84316029086209
                    ],
                    [
                        -41.44637015391757,
                        70.84290320271738
                    ],
                    [
                        -41.45327965921449,
                        70.84260699304004
                    ],
                    [
                        -41.46020012595872,
                        70.84225116143186
                    ],
                    [
                        -41.467122785145804,
                        70.84188200030522
                    ],
                    [
                        -41.47404076402439,
                        70.8415360626297
                    ],
                    [
                        -41.48095716393706,
                        70.84119692461867
                    ],
                    [
                        -41.487879952996465,
                        70.84082198836803
                    ],
                    [
                        -41.49481446030964,
                        70.84038246539808
                    ],
                    [
                        -41.50175597200422,
                        70.8399032936197
                    ],
                    [
                        -41.50869326268274,
                        70.83944466695137
                    ],
                    [
                        -41.51560988660087,
                        70.83909542589727
                    ],
                    [
                        -41.52250630107688,
                        70.83885375933562
                    ],
                    [
                        -41.52939349338348,
                        70.83866080785054
                    ],
                    [
                        -41.536281844790956,
                        70.83846052736094
                    ],
                    [
                        -41.54318225940211,
                        70.83819358039017
                    ],
                    [
                        -41.5501053180871,
                        70.83780191070193
                    ],
                    [
                        -41.557040784904345,
                        70.837340645302
                    ],
                    [
                        -41.563974860634524,
                        70.83688485515309
                    ],
                    [
                        -41.570905223804345,
                        70.83644730175277
                    ],
                    [
                        -41.577845922221485,
                        70.83595092519276
                    ],
                    [
                        -41.58481012881877,
                        70.83532284538143
                    ],
                    [
                        -41.59179130112052,
                        70.83459833312283
                    ],
                    [
                        -41.59877158066222,
                        70.83387550690003
                    ],
                    [
                        -41.60574143685653,
                        70.8332071744015
                    ],
                    [
                        -41.61270668731442,
                        70.83256138440939
                    ],
                    [
                        -41.61965829890842,
                        70.83198852962789
                    ],
                    [
                        -41.62660231609634,
                        70.83145537465077
                    ],
                    [
                        -41.633545888551495,
                        70.83092223077782
                    ],
                    [
                        -41.64049114709555,
                        70.83037717084395
                    ],
                    [
                        -41.6474401144778,
                        70.82980877353778
                    ],
                    [
                        -41.6543928872722,
                        70.82921634904142
                    ],
                    [
                        -41.66134680258649,
                        70.82861474677921
                    ],
                    [
                        -41.66829898395996,
                        70.82802014785969
                    ],
                    [
                        -41.675244234222404,
                        70.8274620000142
                    ],
                    [
                        -41.68218892619711,
                        70.82690440679113
                    ],
                    [
                        -41.68913421076397,
                        70.82634083391122
                    ],
                    [
                        -41.696081983430325,
                        70.82576045168184
                    ],
                    [
                        -41.70303566456489,
                        70.82514363706049
                    ],
                    [
                        -41.71000160810351,
                        70.82445382360706
                    ],
                    [
                        -41.71697517562107,
                        70.82371711943689
                    ],
                    [
                        -41.72394928798292,
                        70.82297387528935
                    ],
                    [
                        -41.73091901001302,
                        70.8222524535113
                    ],
                    [
                        -41.737885344118524,
                        70.82154721586713
                    ],
                    [
                        -41.744859692290774,
                        70.82079235982289
                    ],
                    [
                        -41.751836578332814,
                        70.82001928521237
                    ],
                    [
                        -41.75880515865876,
                        70.81929083002994
                    ],
                    [
                        -41.765767664203764,
                        70.81859430829476
                    ],
                    [
                        -41.77272911463756,
                        70.81790065979432
                    ],
                    [
                        -41.77969419924713,
                        70.8171824991278
                    ],
                    [
                        -41.78664716842788,
                        70.81653191270946
                    ],
                    [
                        -41.79358379501285,
                        70.81597416211683
                    ],
                    [
                        -41.80050639901969,
                        70.8154962128383
                    ],
                    [
                        -41.807428035680324,
                        70.81502162126037
                    ],
                    [
                        -41.81435888934553,
                        70.81449023339535
                    ],
                    [
                        -41.82129826306695,
                        70.81390580047017
                    ],
                    [
                        -41.82823427662401,
                        70.81333847952362
                    ],
                    [
                        -41.83516426844338,
                        70.81280421726392
                    ],
                    [
                        -41.84209379219327,
                        70.81227012743767
                    ],
                    [
                        -41.849021369017805,
                        70.81174504783834
                    ],
                    [
                        -41.855945767222536,
                        70.81123641519847
                    ],
                    [
                        -41.862859035771,
                        70.8107920585103
                    ],
                    [
                        -41.86975672740386,
                        70.81043915900487
                    ],
                    [
                        -41.87664710265639,
                        70.81012853354304
                    ],
                    [
                        -41.88354031757928,
                        70.80979910672491
                    ],
                    [
                        -41.89043865228881,
                        70.80943694652716
                    ],
                    [
                        -41.89733331599971,
                        70.80909518251995
                    ],
                    [
                        -41.9042163543342,
                        70.80882233463717
                    ],
                    [
                        -41.91108815415863,
                        70.80861650968359
                    ],
                    [
                        -41.917956076807585,
                        70.80843318444242
                    ],
                    [
                        -41.92482325850291,
                        70.8082533069543
                    ],
                    [
                        -41.931692064627654,
                        70.80806238438929
                    ],
                    [
                        -41.93855935528413,
                        70.80787965621164
                    ],
                    [
                        -41.94543278744178,
                        70.80765797385062
                    ],
                    [
                        -41.95231680092615,
                        70.80736963893945
                    ],
                    [
                        -41.95920685487319,
                        70.80704231794527
                    ],
                    [
                        -41.96609396867761,
                        70.80673148915758
                    ],
                    [
                        -41.97297207872402,
                        70.80647499187467
                    ],
                    [
                        -41.979840326456674,
                        70.80627855455313
                    ],
                    [
                        -41.98670338887967,
                        70.80611335966348
                    ],
                    [
                        -41.99356936380713,
                        70.80592889517146
                    ],
                    [
                        -42.00044376992485,
                        70.80569037763864
                    ],
                    [
                        -42.00731935812416,
                        70.8054430541988
                    ],
                    [
                        -42.014199062636806,
                        70.80516835514176
                    ],
                    [
                        -42.02108388716412,
                        70.8048597439141
                    ],
                    [
                        -42.027982568236965,
                        70.80446161562226
                    ],
                    [
                        -42.034885882830494,
                        70.80403192873838
                    ],
                    [
                        -42.041788360999824,
                        70.80360529029953
                    ],
                    [
                        -42.048688855409985,
                        70.80318904559866
                    ],
                    [
                        -42.05559081937479,
                        70.80276117636356
                    ],
                    [
                        -42.062493994019135,
                        70.80232326069185
                    ],
                    [
                        -42.06939176808213,
                        70.8019177253424
                    ],
                    [
                        -42.07628167869301,
                        70.80156067186142
                    ],
                    [
                        -42.08316812491434,
                        70.80122403560398
                    ],
                    [
                        -42.090055040062325,
                        70.80088249882165
                    ],
                    [
                        -42.09694511269471,
                        70.80051857933837
                    ],
                    [
                        -42.103835802855066,
                        70.80014863968249
                    ],
                    [
                        -42.110725908861156,
                        70.79978047319344
                    ],
                    [
                        -42.11761816439697,
                        70.7993962244295
                    ],
                    [
                        -42.12451464636283,
                        70.79898216859641
                    ],
                    [
                        -42.13141181227007,
                        70.79856135777969
                    ],
                    [
                        -42.138308720829805,
                        70.79813994126789
                    ],
                    [
                        -42.145204652902216,
                        70.79772266211125
                    ],
                    [
                        -42.152099719279256,
                        70.79730881844293
                    ],
                    [
                        -42.15899419563218,
                        70.79689660788765
                    ],
                    [
                        -42.165890950515234,
                        70.79646696994138
                    ],
                    [
                        -42.172793105362274,
                        70.7959989705248
                    ],
                    [
                        -42.17970095865621,
                        70.79549033120428
                    ],
                    [
                        -42.18660983165492,
                        70.79497209137132
                    ],
                    [
                        -42.19352225197291,
                        70.79442720628144
                    ],
                    [
                        -42.20043287173042,
                        70.79389147992582
                    ],
                    [
                        -42.20734772152324,
                        70.79332428131929
                    ],
                    [
                        -42.21426115695301,
                        70.79276356423348
                    ],
                    [
                        -42.221173123391836,
                        70.79220974919605
                    ],
                    [
                        -42.22808253874692,
                        70.79167024791506
                    ],
                    [
                        -42.23498884904344,
                        70.7911489466555
                    ],
                    [
                        -42.24189867935845,
                        70.79060070459124
                    ],
                    [
                        -42.24880947332426,
                        70.79004283355451
                    ],
                    [
                        -42.255716903382904,
                        70.78950498915333
                    ],
                    [
                        -42.262620620456076,
                        70.78898972994764
                    ],
                    [
                        -42.26952180766488,
                        70.78848906118525
                    ],
                    [
                        -42.27642177342447,
                        70.78799403869166
                    ],
                    [
                        -42.283319682822274,
                        70.787510501307
                    ],
                    [
                        -42.290221747083955,
                        70.7869953210162
                    ],
                    [
                        -42.297118963622545,
                        70.78651105536125
                    ],
                    [
                        -42.30401907195026,
                        70.78600381507701
                    ],
                    [
                        -42.310923905851645,
                        70.78546056339704
                    ],
                    [
                        -42.317827647693996,
                        70.78492192050193
                    ],
                    [
                        -42.324734850277764,
                        70.78435583161743
                    ],
                    [
                        -42.331636116557796,
                        70.78382849369889
                    ],
                    [
                        -42.33853543487725,
                        70.78331195212687
                    ],
                    [
                        -42.34543446476657,
                        70.7827945030087
                    ],
                    [
                        -42.352329109849606,
                        70.782305319228
                    ],
                    [
                        -42.35922718483298,
                        70.78178881343848
                    ],
                    [
                        -42.36611816991473,
                        70.78132010034123
                    ],
                    [
                        -42.37301104251025,
                        70.7808351048701
                    ],
                    [
                        -42.37990306627592,
                        70.78035339680605
                    ],
                    [
                        -42.38679855895731,
                        70.77984383745405
                    ],
                    [
                        -42.39369409659591,
                        70.7793309849555
                    ],
                    [
                        -42.40058429711037,
                        70.77885387061849
                    ],
                    [
                        -42.40747747012768,
                        70.77835232005967
                    ],
                    [
                        -42.414368060495164,
                        70.77786666667103
                    ],
                    [
                        -42.42125900366536,
                        70.77737556559568
                    ],
                    [
                        -42.428145844638074,
                        70.77691165281378
                    ],
                    [
                        -42.43503527965902,
                        70.77642589767215
                    ],
                    [
                        -42.44192531425387,
                        70.7759328327345
                    ],
                    [
                        -42.44882000247036,
                        70.77540241754743
                    ],
                    [
                        -42.45571904721012,
                        70.77483654930028
                    ],
                    [
                        -42.46261306102771,
                        70.77430474310695
                    ],
                    [
                        -42.46950974816046,
                        70.77374983390766
                    ],
                    [
                        -42.47640233660502,
                        70.77322226715665
                    ],
                    [
                        -42.48329904817343,
                        70.77266062436355
                    ],
                    [
                        -42.49019225184679,
                        70.772121998594
                    ],
                    [
                        -42.49708283175184,
                        70.77159991713762
                    ],
                    [
                        -42.503978133683994,
                        70.77103897976892
                    ],
                    [
                        -42.510870862496915,
                        70.77049417251335
                    ],
                    [
                        -42.51776533727023,
                        70.76993279333635
                    ],
                    [
                        -42.52465682657005,
                        70.76939077885359
                    ],
                    [
                        -42.53154924805746,
                        70.7688383390352
                    ],
                    [
                        -42.5384424867172,
                        70.76827626832399
                    ],
                    [
                        -42.545334358624046,
                        70.76772127928118
                    ],
                    [
                        -42.55222767637909,
                        70.76715174413022
                    ],
                    [
                        -42.55911992702491,
                        70.76658697336202
                    ],
                    [
                        -42.566013818235064,
                        70.7660060091933
                    ],
                    [
                        -42.57290355564744,
                        70.76545378144719
                    ],
                    [
                        -42.57980442826468,
                        70.7648112798853
                    ],
                    [
                        -42.58669881771454,
                        70.76421554992423
                    ],
                    [
                        -42.59359010636419,
                        70.76364046279397
                    ],
                    [
                        -42.600483950045316,
                        70.76304169728924
                    ],
                    [
                        -42.60738007724443,
                        70.76242119011586
                    ],
                    [
                        -42.61427811636975,
                        70.76178169260373
                    ],
                    [
                        -42.6211752334797,
                        70.76114553364583
                    ],
                    [
                        -42.62806951401345,
                        70.76052798579134
                    ],
                    [
                        -42.63495965939419,
                        70.75993958337436
                    ],
                    [
                        -42.641853893742955,
                        70.75931472668218
                    ],
                    [
                        -42.648754684108795,
                        70.75863327739566
                    ],
                    [
                        -42.655646079943374,
                        70.75802322548348
                    ],
                    [
                        -42.662542901316975,
                        70.75736546796915
                    ],
                    [
                        -42.66943089963028,
                        70.75677504842268
                    ],
                    [
                        -42.67632783270651,
                        70.75610823312952
                    ],
                    [
                        -42.68321847859654,
                        70.75548843472157
                    ],
                    [
                        -42.69010434742217,
                        70.75490373127538
                    ],
                    [
                        -42.69699215470845,
                        70.7542993610554
                    ],
                    [
                        -42.70388078097231,
                        70.7536843562583
                    ],
                    [
                        -42.710767923308445,
                        70.75307762461703
                    ],
                    [
                        -42.7176485970369,
                        70.75252050206092
                    ],
                    [
                        -42.72452740258926,
                        70.75197524984704
                    ],
                    [
                        -42.73140699244201,
                        70.75141988880907
                    ],
                    [
                        -42.7382862854861,
                        70.75086335790452
                    ],
                    [
                        -42.745167956750024,
                        70.75028323291342
                    ],
                    [
                        -42.75204615766092,
                        70.74972845401967
                    ],
                    [
                        -42.75892973802649,
                        70.74912464395439
                    ],
                    [
                        -42.765807594657815,
                        70.74856525055247
                    ],
                    [
                        -42.77268202703108,
                        70.74803118244775
                    ],
                    [
                        -42.77955966436031,
                        70.74746626176149
                    ],
                    [
                        -42.78643531978765,
                        70.74691447956374
                    ],
                    [
                        -42.793311317421,
                        70.7463560577177
                    ],
                    [
                        -42.800186813063576,
                        70.7457981869665
                    ],
                    [
                        -42.80706119038022,
                        70.7452461853966
                    ],
                    [
                        -42.8139347605287,
                        70.74469742002081
                    ],
                    [
                        -42.820809836147724,
                        70.74413186542894
                    ],
                    [
                        -42.82768691205823,
                        70.74354505653154
                    ],
                    [
                        -42.834564162520635,
                        70.74295272629759
                    ],
                    [
                        -42.841442098318076,
                        70.74235034986177
                    ],
                    [
                        -42.84831682403628,
                        70.74177205257529
                    ],
                    [
                        -42.855193474572495,
                        70.74117281329008
                    ],
                    [
                        -42.862066028723746,
                        70.74060566935933
                    ],
                    [
                        -42.86893568792178,
                        70.7400602778552
                    ],
                    [
                        -42.875809009461385,
                        70.73947849419064
                    ],
                    [
                        -42.88268092011361,
                        70.73890526081463
                    ],
                    [
                        -42.8895580644495,
                        70.73828113857525
                    ],
                    [
                        -42.89643243173494,
                        70.73767762523273
                    ],
                    [
                        -42.90330298611627,
                        70.73710426794896
                    ],
                    [
                        -42.91016962493098,
                        70.7365622971711
                    ],
                    [
                        -42.91703766460468,
                        70.73600376629699
                    ],
                    [
                        -42.923910694682164,
                        70.73539581676998
                    ],
                    [
                        -42.93078197418636,
                        70.73479955618001
                    ],
                    [
                        -42.937655092270155,
                        70.73418219343836
                    ],
                    [
                        -42.94452196795131,
                        70.73361786415359
                    ],
                    [
                        -42.95139058153361,
                        70.73303343812722
                    ],
                    [
                        -42.95825848994834,
                        70.7324513416735
                    ],
                    [
                        -42.96512238331071,
                        70.73190236324203
                    ],
                    [
                        -42.97198883117716,
                        70.73132557511205
                    ],
                    [
                        -42.97885594666134,
                        70.73073835021627
                    ],
                    [
                        -42.985724012870335,
                        70.7301379236675
                    ],
                    [
                        -42.992587864128176,
                        70.72957283490844
                    ],
                    [
                        -42.99945003414953,
                        70.72901949521345
                    ],
                    [
                        -43.00631140007295,
                        70.72846970586198
                    ],
                    [
                        -43.01317264717381,
                        70.72791698061452
                    ],
                    [
                        -43.02003563024774,
                        70.7273435683188
                    ],
                    [
                        -43.02689553383443,
                        70.72679542339365
                    ],
                    [
                        -43.03375712283262,
                        70.72622696716894
                    ],
                    [
                        -43.04061639574388,
                        70.72567662331008
                    ],
                    [
                        -43.047477892908965,
                        70.72510058986904
                    ],
                    [
                        -43.05433845828469,
                        70.72452928489295
                    ],
                    [
                        -43.06119633073068,
                        70.72397994767643
                    ],
                    [
                        -43.06805618663846,
                        70.7234070144395
                    ],
                    [
                        -43.074914597167286,
                        70.72284393531963
                    ],
                    [
                        -43.08177316848191,
                        70.72227497386372
                    ],
                    [
                        -43.08863003541679,
                        70.72171853360364
                    ],
                    [
                        -43.09548784255812,
                        70.72114847460973
                    ],
                    [
                        -43.10234522063665,
                        70.72057830458478
                    ],
                    [
                        -43.10920405148889,
                        70.71998918816392
                    ],
                    [
                        -43.116064654990424,
                        70.71937770455612
                    ],
                    [
                        -43.12292160715571,
                        70.7187982975916
                    ],
                    [
                        -43.129783241265564,
                        70.71816698983807
                    ],
                    [
                        -43.136640048143676,
                        70.71757979725967
                    ],
                    [
                        -43.14349608011845,
                        70.71699589823058
                    ],
                    [
                        -43.15035455911902,
                        70.71638235853902
                    ],
                    [
                        -43.15721139321937,
                        70.71578087907498
                    ],
                    [
                        -43.16406908683581,
                        70.71516577476294
                    ],
                    [
                        -43.170928037355175,
                        70.71453277954589
                    ],
                    [
                        -43.177787756481855,
                        70.71388676413281
                    ],
                    [
                        -43.18464661546708,
                        70.71324456720707
                    ],
                    [
                        -43.19150591971448,
                        70.71259256814388
                    ],
                    [
                        -43.19836697918518,
                        70.71191688905547
                    ],
                    [
                        -43.20522517897564,
                        70.71126594294272
                    ],
                    [
                        -43.212085847363035,
                        70.71058358982224
                    ],
                    [
                        -43.21894314987038,
                        70.70993149508638
                    ],
                    [
                        -43.22580489437059,
                        70.70922668022182
                    ],
                    [
                        -43.232664805081285,
                        70.70853577188434
                    ],
                    [
                        -43.23952457667919,
                        70.70784070607161
                    ],
                    [
                        -43.24638572175551,
                        70.70712509983719
                    ],
                    [
                        -43.25324901245936,
                        70.70638033849727
                    ],
                    [
                        -43.26011229945668,
                        70.7056294723413
                    ],
                    [
                        -43.26697098739868,
                        70.70492265345715
                    ],
                    [
                        -43.2738300715325,
                        70.70420560085473
                    ],
                    [
                        -43.28068887691174,
                        70.7034856286852
                    ],
                    [
                        -43.287546419929846,
                        70.70277358374827
                    ],
                    [
                        -43.29440597963852,
                        70.70203314502083
                    ],
                    [
                        -43.30126552222615,
                        70.70128664804098
                    ],
                    [
                        -43.3081278476387,
                        70.70050266741603
                    ],
                    [
                        -43.31498376958873,
                        70.69978403051383
                    ],
                    [
                        -43.32184066006775,
                        70.69904831780708
                    ],
                    [
                        -43.32869859570003,
                        70.69829445028527
                    ],
                    [
                        -43.33555357575165,
                        70.69756774754362
                    ],
                    [
                        -43.342409849263355,
                        70.69681997885905
                    ],
                    [
                        -43.34926538337188,
                        70.6960742172512
                    ],
                    [
                        -43.35612000420217,
                        70.69533249437251
                    ],
                    [
                        -43.36297530837226,
                        70.69457638014158
                    ],
                    [
                        -43.3698309205871,
                        70.69381005624646
                    ],
                    [
                        -43.37668817438828,
                        70.69301782465153
                    ],
                    [
                        -43.38354511233487,
                        70.6922223059195
                    ],
                    [
                        -43.390402381697626,
                        70.6914158376105
                    ],
                    [
                        -43.39725880011953,
                        70.69061226311543
                    ],
                    [
                        -43.40411410080714,
                        70.6898147911397
                    ],
                    [
                        -43.410969391082844,
                        70.68901029358825
                    ],
                    [
                        -43.41782441553644,
                        70.68820174062841
                    ],
                    [
                        -43.4246820227852,
                        70.68735479922809
                    ],
                    [
                        -43.43153798201538,
                        70.68652010367325
                    ],
                    [
                        -43.438394736199136,
                        70.6856681583374
                    ],
                    [
                        -43.445248944325094,
                        70.68483947974147
                    ],
                    [
                        -43.4521011431831,
                        70.68402780666605
                    ],
                    [
                        -43.458953161710824,
                        70.68321086558718
                    ],
                    [
                        -43.465807770130446,
                        70.68235434653468
                    ],
                    [
                        -43.47266252577199,
                        70.68148804276863
                    ],
                    [
                        -43.479514958481985,
                        70.6806426330036
                    ],
                    [
                        -43.48636761517008,
                        70.67978649354218
                    ],
                    [
                        -43.493218785912504,
                        70.67894100250751
                    ],
                    [
                        -43.50007358398982,
                        70.67804164932542
                    ],
                    [
                        -43.506930342846765,
                        70.67710885933114
                    ],
                    [
                        -43.51378614237689,
                        70.67617943822472
                    ],
                    [
                        -43.520641450305135,
                        70.67524743815012
                    ],
                    [
                        -43.52749528724052,
                        70.67432544336535
                    ],
                    [
                        -43.53434339724501,
                        70.67346868878785
                    ],
                    [
                        -43.54119167185977,
                        70.6726014811178
                    ],
                    [
                        -43.548043532263925,
                        70.67167896658188
                    ],
                    [
                        -43.554894139460316,
                        70.67076389061795
                    ],
                    [
                        -43.56174446898982,
                        70.66984349245172
                    ],
                    [
                        -43.568593770834966,
                        70.66892764067128
                    ],
                    [
                        -43.57544056553307,
                        70.66803611289603
                    ],
                    [
                        -43.5822904183526,
                        70.66709476797156
                    ],
                    [
                        -43.58913523164323,
                        70.66621180688945
                    ],
                    [
                        -43.595986526162086,
                        70.6652323525842
                    ],
                    [
                        -43.60283199599376,
                        70.66432215495139
                    ],
                    [
                        -43.60967383176723,
                        70.66345234141585
                    ],
                    [
                        -43.616515851784584,
                        70.66257112861935
                    ],
                    [
                        -43.623356514701065,
                        70.66169960242243
                    ],
                    [
                        -43.63019807249459,
                        70.66080670112989
                    ],
                    [
                        -43.63703955801663,
                        70.65990557441191
                    ],
                    [
                        -43.64388157428831,
                        70.65898765675048
                    ],
                    [
                        -43.65072319702805,
                        70.65806569964388
                    ],
                    [
                        -43.65756369425418,
                        70.65714999704754
                    ],
                    [
                        -43.6644056583391,
                        70.65620379139997
                    ],
                    [
                        -43.67124822110054,
                        70.65523901754469
                    ],
                    [
                        -43.678091773992755,
                        70.6542497635399
                    ],
                    [
                        -43.68493365301008,
                        70.65327411947031
                    ],
                    [
                        -43.69178105416321,
                        70.65220783178435
                    ],
                    [
                        -43.69862500056811,
                        70.65118047882379
                    ],
                    [
                        -43.70546589893714,
                        70.65018671987855
                    ],
                    [
                        -43.71230781657936,
                        70.64916709841765
                    ],
                    [
                        -43.719152604774436,
                        70.64809374179157
                    ],
                    [
                        -43.72599976384932,
                        70.64697322948976
                    ],
                    [
                        -43.732842568275046,
                        70.64590563197214
                    ],
                    [
                        -43.73968238700038,
                        70.6448711856954
                    ],
                    [
                        -43.74652244013516,
                        70.64382162945671
                    ],
                    [
                        -43.753362887305975,
                        70.64275428234149
                    ],
                    [
                        -43.76020386159497,
                        70.64166681057169
                    ],
                    [
                        -43.767041510854575,
                        70.64061825473608
                    ],
                    [
                        -43.773882139451935,
                        70.6395115560128
                    ],
                    [
                        -43.78071773433042,
                        70.63847063888161
                    ],
                    [
                        -43.78755532534593,
                        70.6373864242958
                    ],
                    [
                        -43.79439334876068,
                        70.63628282696116
                    ],
                    [
                        -43.801231303179414,
                        70.6351674665303
                    ],
                    [
                        -43.80806791644312,
                        70.63406043257666
                    ],
                    [
                        -43.81490498899157,
                        70.63293299119022
                    ],
                    [
                        -43.82174330154609,
                        70.63177218940297
                    ],
                    [
                        -43.82858100640582,
                        70.63060743220232
                    ],
                    [
                        -43.83541828317767,
                        70.6294357207373
                    ],
                    [
                        -43.84225268404858,
                        70.62829714064064
                    ],
                    [
                        -43.84908828573861,
                        70.62712492961587
                    ],
                    [
                        -43.855924909188616,
                        70.62592145953228
                    ],
                    [
                        -43.86275887805044,
                        70.6247476501296
                    ],
                    [
                        -43.86959598162031,
                        70.62350663521467
                    ],
                    [
                        -43.876431889938104,
                        70.62227048636872
                    ],
                    [
                        -43.88326543463655,
                        70.62105920135757
                    ],
                    [
                        -43.890098775824,
                        70.61983622303444
                    ],
                    [
                        -43.896931643645225,
                        70.6186059909271
                    ],
                    [
                        -43.903764309217024,
                        70.61736366704957
                    ],
                    [
                        -43.910595272858295,
                        70.61613522046451
                    ],
                    [
                        -43.917426658860855,
                        70.61488358096892
                    ],
                    [
                        -43.924256576670125,
                        70.61364175200343
                    ],
                    [
                        -43.93108481010193,
                        70.61241377745624
                    ],
                    [
                        -43.937913755081986,
                        70.61115699650297
                    ],
                    [
                        -43.944741723054804,
                        70.60990130638181
                    ],
                    [
                        -43.951571262220355,
                        70.60860046849344
                    ],
                    [
                        -43.95839853151762,
                        70.60732379134376
                    ],
                    [
                        -43.965226556855846,
                        70.60601609243754
                    ],
                    [
                        -43.97205198956991,
                        70.60473877492706
                    ],
                    [
                        -43.978877758568935,
                        70.60343784569233
                    ],
                    [
                        -43.98570480176226,
                        70.60209522110901
                    ],
                    [
                        -43.99252982031493,
                        70.6007724042989
                    ],
                    [
                        -43.999354094382156,
                        70.59944544652036
                    ],
                    [
                        -44.006175778765545,
                        70.59814962831788
                    ],
                    [
                        -44.01299719303588,
                        70.59684084534464
                    ],
                    [
                        -44.019817676301884,
                        70.5955316730851
                    ],
                    [
                        -44.02663714675838,
                        70.5942237099306
                    ],
                    [
                        -44.03345670350441,
                        70.59289532430402
                    ],
                    [
                        -44.04027506138221,
                        70.59157159457813
                    ],
                    [
                        -44.04709170283454,
                        70.59026297589872
                    ],
                    [
                        -44.05390667397156,
                        70.58896887514024
                    ],
                    [
                        -44.060725589149875,
                        70.58757571587735
                    ],
                    [
                        -44.06754159787268,
                        70.58622131655709
                    ],
                    [
                        -44.074354245856256,
                        70.58491590106914
                    ],
                    [
                        -44.0811675736198,
                        70.58357676216339
                    ],
                    [
                        -44.087980377195606,
                        70.58222830564452
                    ],
                    [
                        -44.09479231096438,
                        70.5808776036531
                    ],
                    [
                        -44.101603361879484,
                        70.57952488787669
                    ],
                    [
                        -44.10841287167001,
                        70.57818419390743
                    ],
                    [
                        -44.115222844375275,
                        70.57681262346507
                    ],
                    [
                        -44.12203251791574,
                        70.57542600870694
                    ],
                    [
                        -44.12884139729839,
                        70.57403483526272
                    ],
                    [
                        -44.13564820608905,
                        70.57266716300474
                    ],
                    [
                        -44.14245421813455,
                        70.57129523380499
                    ],
                    [
                        -44.14925791857619,
                        70.5699529127822
                    ],
                    [
                        -44.156060051457,
                        70.56862411283194
                    ],
                    [
                        -44.162862366532025,
                        70.56726930288177
                    ],
                    [
                        -44.16966398450978,
                        70.56590804636448
                    ],
                    [
                        -44.17646457747349,
                        70.56454778563841
                    ],
                    [
                        -44.18326350813975,
                        70.56320343988985
                    ],
                    [
                        -44.19006210916154,
                        70.56184402587576
                    ],
                    [
                        -44.19686127386178,
                        70.56044794056294
                    ],
                    [
                        -44.20365914601143,
                        70.55905872592473
                    ],
                    [
                        -44.210456053743776,
                        70.55766863698054
                    ],
                    [
                        -44.21725143673581,
                        70.55629132067823
                    ],
                    [
                        -44.22404596318119,
                        70.55491068654484
                    ],
                    [
                        -44.230838318355076,
                        70.55355928124095
                    ],
                    [
                        -44.23763182208121,
                        70.55215477166658
                    ],
                    [
                        -44.24442494925599,
                        70.55073425653431
                    ],
                    [
                        -44.25121626604325,
                        70.54933386468274
                    ],
                    [
                        -44.25800417244508,
                        70.54799533368481
                    ],
                    [
                        -44.2647921852997,
                        70.54662905775486
                    ],
                    [
                        -44.27158010821448,
                        70.54523941194535
                    ],
                    [
                        -44.27836656091851,
                        70.54386226811995
                    ],
                    [
                        -44.28515258987165,
                        70.54247003437717
                    ],
                    [
                        -44.291936173629885,
                        70.54111681125767
                    ],
                    [
                        -44.29871806434103,
                        70.5397832601145
                    ],
                    [
                        -44.305498885185905,
                        70.53845282826425
                    ],
                    [
                        -44.312278405923685,
                        70.53713201251819
                    ],
                    [
                        -44.31905774176425,
                        70.53578982046409
                    ],
                    [
                        -44.32583477880911,
                        70.53448552162311
                    ],
                    [
                        -44.332612393118524,
                        70.53313794226042
                    ],
                    [
                        -44.33938808896627,
                        70.5318179425912
                    ],
                    [
                        -44.34616370181175,
                        70.53047274703191
                    ],
                    [
                        -44.352937457014,
                        70.52915398369856
                    ],
                    [
                        -44.359709689854746,
                        70.52785249713422
                    ],
                    [
                        -44.366481538736984,
                        70.52653450605133
                    ],
                    [
                        -44.37325182953377,
                        70.52523529112437
                    ],
                    [
                        -44.38002174722277,
                        70.52391894174202
                    ],
                    [
                        -44.38679063867354,
                        70.52260525843793
                    ],
                    [
                        -44.39355901625044,
                        70.52127818669753
                    ],
                    [
                        -44.400326192569196,
                        70.51995919681097
                    ],
                    [
                        -44.40709064795212,
                        70.51869758716064
                    ],
                    [
                        -44.41385579928735,
                        70.51738388880021
                    ],
                    [
                        -44.42061830128501,
                        70.51612669758039
                    ],
                    [
                        -44.42738101280694,
                        70.5148325501623
                    ],
                    [
                        -44.434141831263595,
                        70.51357119363968
                    ],
                    [
                        -44.44090133513421,
                        70.51232404233568
                    ],
                    [
                        -44.44766031923669,
                        70.51106410301594
                    ],
                    [
                        -44.45441855023148,
                        70.50979908911462
                    ],
                    [
                        -44.46117756988434,
                        70.50847407622358
                    ],
                    [
                        -44.46793474708682,
                        70.50718138925454
                    ],
                    [
                        -44.474689618622484,
                        70.50593916448688
                    ],
                    [
                        -44.481443710671364,
                        70.50469307631656
                    ],
                    [
                        -44.48819722431957,
                        70.50343546228893
                    ],
                    [
                        -44.49495037881665,
                        70.5021575599927
                    ],
                    [
                        -44.501701552890864,
                        70.50092082126604
                    ],
                    [
                        -44.508452539202985,
                        70.49965715766967
                    ],
                    [
                        -44.51520141327119,
                        70.49844143348002
                    ],
                    [
                        -44.52195099230036,
                        70.49716289080536
                    ],
                    [
                        -44.52869967488937,
                        70.49588387608125
                    ],
                    [
                        -44.53544759915713,
                        70.49459868780356
                    ],
                    [
                        -44.54219435670317,
                        70.49332414300481
                    ],
                    [
                        -44.548939193744246,
                        70.49209273042364
                    ],
                    [
                        -44.555683361224396,
                        70.49085252303219
                    ],
                    [
                        -44.5624268784525,
                        70.4896022788729
                    ],
                    [
                        -44.56917000138238,
                        70.48833015904451
                    ],
                    [
                        -44.575912522115146,
                        70.48704451667587
                    ],
                    [
                        -44.5826535519749,
                        70.48578549004209
                    ],
                    [
                        -44.58939328330793,
                        70.48454543491
                    ],
                    [
                        -44.59613217500697,
                        70.48330355173718
                    ],
                    [
                        -44.602872050079,
                        70.48197182115986
                    ],
                    [
                        -44.60961013643433,
                        70.48068162369361
                    ],
                    [
                        -44.61634649093709,
                        70.47943233002272
                    ],
                    [
                        -44.623082122673054,
                        70.47817485840292
                    ],
                    [
                        -44.62981697096871,
                        70.4769119151188
                    ],
                    [
                        -44.636550996178286,
                        70.4756452992417
                    ],
                    [
                        -44.643283301258464,
                        70.47442300862778
                    ],
                    [
                        -44.65001524751877,
                        70.47317307854492
                    ],
                    [
                        -44.65674596204341,
                        70.47194263329516
                    ],
                    [
                        -44.66347552393806,
                        70.47072835476469
                    ],
                    [
                        -44.67020462657635,
                        70.46949094949845
                    ],
                    [
                        -44.67693294422172,
                        70.46824831147822
                    ],
                    [
                        -44.683660471489,
                        70.46700044786344
                    ],
                    [
                        -44.69038635283999,
                        70.46580001077
                    ],
                    [
                        -44.69711141321325,
                        70.46459796452223
                    ],
                    [
                        -44.70383600422775,
                        70.46337145047313
                    ],
                    [
                        -44.710559645539234,
                        70.46215059861368
                    ],
                    [
                        -44.71728261036587,
                        70.46091729869534
                    ],
                    [
                        -44.72400476821579,
                        70.45967972387841
                    ],
                    [
                        -44.730726570506775,
                        70.4584054189122
                    ],
                    [
                        -44.737446980737914,
                        70.45716729504389
                    ],
                    [
                        -44.74416676277505,
                        70.45591095782933
                    ],
                    [
                        -44.75088561790724,
                        70.45465795182493
                    ],
                    [
                        -44.75760369471984,
                        70.45339681586628
                    ],
                    [
                        -44.76432088034461,
                        70.45213606239413
                    ],
                    [
                        -44.771036509188434,
                        70.45093152169731
                    ],
                    [
                        -44.77775167255985,
                        70.44969410561694
                    ],
                    [
                        -44.78446577912781,
                        70.4484734029854
                    ],
                    [
                        -44.79118025724737,
                        70.4471397915445
                    ],
                    [
                        -44.79789325331559,
                        70.44585803154676
                    ],
                    [
                        -44.80460543144577,
                        70.44456827297215
                    ],
                    [
                        -44.811316217852244,
                        70.44332805556353
                    ],
                    [
                        -44.81802631831082,
                        70.44206845180655
                    ],
                    [
                        -44.824735838343884,
                        70.44077570223344
                    ],
                    [
                        -44.83144413496923,
                        70.43951910312109
                    ],
                    [
                        -44.83815170377429,
                        70.4382444018532
                    ],
                    [
                        -44.844858405362544,
                        70.43696653051532
                    ],
                    [
                        -44.8515641116527,
                        70.43570166099208
                    ],
                    [
                        -44.85826961086011,
                        70.43434488784138
                    ],
                    [
                        -44.864973650155356,
                        70.43306071616388
                    ],
                    [
                        -44.87167704015294,
                        70.43173926669054
                    ],
                    [
                        -44.87837905091915,
                        70.43048967862735
                    ],
                    [
                        -44.8850807989075,
                        70.42913798683901
                    ],
                    [
                        -44.891781472219485,
                        70.42780935754939
                    ],
                    [
                        -44.89848133660108,
                        70.42645813092885
                    ],
                    [
                        -44.90518038696161,
                        70.4250806006399
                    ],
                    [
                        -44.9118784777618,
                        70.42370255546786
                    ],
                    [
                        -44.91857563533644,
                        70.42231772324507
                    ],
                    [
                        -44.9252718200732,
                        70.42093453874605
                    ],
                    [
                        -44.931967099357166,
                        70.41953453898938
                    ],
                    [
                        -44.93866134456249,
                        70.4181526053172
                    ],
                    [
                        -44.945354367092676,
                        70.41686181423256
                    ],
                    [
                        -44.952046371868,
                        70.41561832904398
                    ],
                    [
                        -44.95873747304582,
                        70.41439212100605
                    ],
                    [
                        -44.965427771741496,
                        70.4131371457761
                    ],
                    [
                        -44.9721171503095,
                        70.41191397308843
                    ],
                    [
                        -44.97880570175789,
                        70.41066858948861
                    ],
                    [
                        -44.98549340879803,
                        70.40939351360468
                    ],
                    [
                        -44.99218019947628,
                        70.4081901063611
                    ],
                    [
                        -44.998866156882016,
                        70.40692168949816
                    ],
                    [
                        -45.005551206329564,
                        70.40556357759988
                    ],
                    [
                        -45.0122353162383,
                        70.40421271800211
                    ],
                    [
                        -45.01891855772488,
                        70.40293342995332
                    ],
                    [
                        -45.025600861125,
                        70.40161713013558
                    ],
                    [
                        -45.032282192964,
                        70.4002666921244
                    ],
                    [
                        -45.03896254783889,
                        70.398896867721
                    ],
                    [
                        -45.04564177026305,
                        70.3974505119358
                    ],
                    [
                        -45.0523200996762,
                        70.39604485386731
                    ],
                    [
                        -45.058997162522395,
                        70.39454416090624
                    ],
                    [
                        -45.06567372325353,
                        70.39320127958716
                    ],
                    [
                        -45.07234936764961,
                        70.39186230226905
                    ],
                    [
                        -45.07902383049452,
                        70.39046158823291
                    ],
                    [
                        -45.08569726688781,
                        70.38904831659433
                    ],
                    [
                        -45.09236991393987,
                        70.38767454890217
                    ],
                    [
                        -45.09904198564251,
                        70.38637383741714
                    ],
                    [
                        -45.105713173430416,
                        70.3850761275286
                    ],
                    [
                        -45.112383169979516,
                        70.38372819873372
                    ],
                    [
                        -45.11905221109815,
                        70.38237656916785
                    ],
                    [
                        -45.125720523179226,
                        70.38105645311154
                    ],
                    [
                        -45.13238835638236,
                        70.37979943557356
                    ],
                    [
                        -45.13905502249199,
                        70.37850111828945
                    ],
                    [
                        -45.145721011432244,
                        70.37723186781297
                    ],
                    [
                        -45.15238580630489,
                        70.37592252070772
                    ],
                    [
                        -45.15904942095364,
                        70.37457975454508
                    ],
                    [
                        -45.165712161845796,
                        70.373243181698
                    ],
                    [
                        -45.17237382474127,
                        70.37188923247275
                    ],
                    [
                        -45.17903456271366,
                        70.37053628239624
                    ],
                    [
                        -45.18569426562082,
                        70.36917276908022
                    ],
                    [
                        -45.1923526114867,
                        70.36776751225545
                    ],
                    [
                        -45.19900990926426,
                        70.36635457537105
                    ],
                    [
                        -45.20566613329364,
                        70.36493227100448
                    ],
                    [
                        -45.21232109676417,
                        70.36348449740892
                    ],
                    [
                        -45.218974824204764,
                        70.36201570334993
                    ],
                    [
                        -45.22562758066584,
                        70.36055035652596
                    ],
                    [
                        -45.23227882637801,
                        70.35904334876474
                    ],
                    [
                        -45.238929421599394,
                        70.35756752207813
                    ],
                    [
                        -45.24557890991546,
                        70.3560844999801
                    ],
                    [
                        -45.25222747218515,
                        70.35460864855044
                    ],
                    [
                        -45.258875245944616,
                        70.35314963568264
                    ],
                    [
                        -45.26552227333858,
                        70.35170923764196
                    ],
                    [
                        -45.27216889415258,
                        70.35031014414888
                    ],
                    [
                        -45.2788147620294,
                        70.34892543514394
                    ],
                    [
                        -45.28545923553132,
                        70.34751075760725
                    ],
                    [
                        -45.29210287438987,
                        70.34610508602302
                    ],
                    [
                        -45.29874569290593,
                        70.34470872557732
                    ],
                    [
                        -45.30538741540041,
                        70.34330364055498
                    ],
                    [
                        -45.31202855834065,
                        70.34192229563469
                    ],
                    [
                        -45.31866960812872,
                        70.34059263775362
                    ],
                    [
                        -45.32530812969163,
                        70.33916708858395
                    ],
                    [
                        -45.33194639165973,
                        70.33778322111012
                    ],
                    [
                        -45.33858369539608,
                        70.33639876322724
                    ],
                    [
                        -45.34521984565564,
                        70.33500281987794
                    ],
                    [
                        -45.35185525156509,
                        70.3336184607854
                    ],
                    [
                        -45.358489090124195,
                        70.33220072561761
                    ],
                    [
                        -45.36512143247204,
                        70.33075517172409
                    ],
                    [
                        -45.37175245849374,
                        70.32929260617102
                    ],
                    [
                        -45.37838274583413,
                        70.32784337148374
                    ],
                    [
                        -45.38501176634145,
                        70.326380285886
                    ],
                    [
                        -45.39163890476437,
                        70.32487370701413
                    ],
                    [
                        -45.39826509028358,
                        70.32337082507938
                    ],
                    [
                        -45.404890629174815,
                        70.32188604940058
                    ],
                    [
                        -45.41151628033608,
                        70.32045410369547
                    ],
                    [
                        -45.41813970970666,
                        70.31896468141193
                    ],
                    [
                        -45.42476234829936,
                        70.31748550713029
                    ],
                    [
                        -45.4313832717412,
                        70.3159747119063
                    ],
                    [
                        -45.438002640876086,
                        70.31444080172284
                    ],
                    [
                        -45.44462212887735,
                        70.31295747990589
                    ],
                    [
                        -45.45123967662239,
                        70.31143436574591
                    ],
                    [
                        -45.45785590151808,
                        70.30989921392603
                    ],
                    [
                        -45.464470748325816,
                        70.3083502248422
                    ],
                    [
                        -45.47108483401584,
                        70.30681327048714
                    ],
                    [
                        -45.477698297995374,
                        70.30529347942533
                    ],
                    [
                        -45.48431071412517,
                        70.30377313551712
                    ],
                    [
                        -45.49092247052159,
                        70.30226752736203
                    ],
                    [
                        -45.49753253809396,
                        70.3007360809749
                    ],
                    [
                        -45.50414019898409,
                        70.29915227129433
                    ],
                    [
                        -45.510746996813126,
                        70.29757652905892
                    ],
                    [
                        -45.51735272018267,
                        70.2960006348185
                    ],
                    [
                        -45.523957098702745,
                        70.29441460452519
                    ],
                    [
                        -45.530558910602494,
                        70.29277427695821
                    ],
                    [
                        -45.53716066947285,
                        70.29117211321463
                    ],
                    [
                        -45.543760671726275,
                        70.28954613351303
                    ],
                    [
                        -45.55035914172775,
                        70.28790506098008
                    ],
                    [
                        -45.556957288593026,
                        70.28629140466026
                    ],
                    [
                        -45.56355375432914,
                        70.284657585598
                    ],
                    [
                        -45.57014696204109,
                        70.28295078492485
                    ],
                    [
                        -45.57674121787102,
                        70.28131791931574
                    ],
                    [
                        -45.5833375047427,
                        70.27978908675269
                    ],
                    [
                        -45.589930595758055,
                        70.27818937636893
                    ],
                    [
                        -45.59652235978822,
                        70.2765817348697
                    ],
                    [
                        -45.60311049132738,
                        70.27489243323843
                    ],
                    [
                        -45.609700182848734,
                        70.27328891075194
                    ],
                    [
                        -45.616287665689555,
                        70.27165006751162
                    ],
                    [
                        -45.62287468033245,
                        70.27003109227043
                    ],
                    [
                        -45.62946035220638,
                        70.26840445911645
                    ],
                    [
                        -45.63604449069122,
                        70.26676459143606
                    ],
                    [
                        -45.642628906339674,
                        70.26516643026469
                    ],
                    [
                        -45.64921444780087,
                        70.26363401615103
                    ],
                    [
                        -45.65580026204006,
                        70.26214018545983
                    ],
                    [
                        -45.662383583190724,
                        70.26060292463632
                    ],
                    [
                        -45.668965489652194,
                        70.25905471703388
                    ],
                    [
                        -45.675549384117446,
                        70.2575934267253
                    ],
                    [
                        -45.682130552879215,
                        70.25608269895255
                    ],
                    [
                        -45.688710491073536,
                        70.25456598429554
                    ],
                    [
                        -45.69528910105057,
                        70.25304072186034
                    ],
                    [
                        -45.70186386741436,
                        70.25143770828542
                    ],
                    [
                        -45.7084381118162,
                        70.24984992651922
                    ],
                    [
                        -45.71501265866964,
                        70.24829929207253
                    ],
                    [
                        -45.721587199191895,
                        70.24677649654218
                    ],
                    [
                        -45.72815967219937,
                        70.24522592622328
                    ],
                    [
                        -45.73473095869726,
                        70.2436715513248
                    ],
                    [
                        -45.7413025155672,
                        70.24215155595532
                    ],
                    [
                        -45.74787466572584,
                        70.24067340245983
                    ],
                    [
                        -45.754446046647,
                        70.23920098873286
                    ],
                    [
                        -45.76101521518296,
                        70.23769739599165
                    ],
                    [
                        -45.767584681842564,
                        70.23622682184032
                    ],
                    [
                        -45.77415153992141,
                        70.23471562410468
                    ],
                    [
                        -45.78071833797295,
                        70.23322811015605
                    ],
                    [
                        -45.78728367960714,
                        70.23172928936518
                    ],
                    [
                        -45.79384807306055,
                        70.23023184840879
                    ],
                    [
                        -45.80041034003467,
                        70.22870719454747
                    ],
                    [
                        -45.80697178334271,
                        70.22718729261854
                    ],
                    [
                        -45.81353327978441,
                        70.22569292738203
                    ],
                    [
                        -45.8200912262973,
                        70.2241382542519
                    ],
                    [
                        -45.82664830513938,
                        70.22258763783483
                    ],
                    [
                        -45.83320514283064,
                        70.22105556484232
                    ],
                    [
                        -45.83975984585065,
                        70.21949784595613
                    ],
                    [
                        -45.84631676206339,
                        70.21801475490011
                    ],
                    [
                        -45.85287516349799,
                        70.21658801493935
                    ],
                    [
                        -45.859432099898996,
                        70.21514971894939
                    ],
                    [
                        -45.86598352234894,
                        70.21360937418976
                    ],
                    [
                        -45.87253552420183,
                        70.2121048032891
                    ],
                    [
                        -45.8790856510007,
                        70.21058100847969
                    ],
                    [
                        -45.8856347661955,
                        70.20905733217172
                    ],
                    [
                        -45.892186403807116,
                        70.20761066764277
                    ],
                    [
                        -45.898732967112714,
                        70.20607522415973
                    ],
                    [
                        -45.90528062202631,
                        70.2045851550759
                    ],
                    [
                        -45.91182980816411,
                        70.20314884813286
                    ],
                    [
                        -45.91837905958389,
                        70.20173415922517
                    ],
                    [
                        -45.924929645178416,
                        70.2003672711095
                    ],
                    [
                        -45.93147760276334,
                        70.19896456245111
                    ],
                    [
                        -45.938029585065706,
                        70.19766452918792
                    ],
                    [
                        -45.94457847583041,
                        70.19631870563823
                    ],
                    [
                        -45.95112901099027,
                        70.1950247523534
                    ],
                    [
                        -45.95767528690471,
                        70.19366184855106
                    ],
                    [
                        -45.96421922495828,
                        70.19227009541393
                    ],
                    [
                        -45.97076048902322,
                        70.1908433375385
                    ],
                    [
                        -45.97730210751151,
                        70.18944247810516
                    ],
                    [
                        -45.98384472392704,
                        70.18807971039634
                    ],
                    [
                        -45.990388958488694,
                        70.1867664516972
                    ],
                    [
                        -45.99693142680311,
                        70.18543575310709
                    ],
                    [
                        -46.00347343902431,
                        70.18411332386117
                    ],
                    [
                        -46.01001583680708,
                        70.18281519727304
                    ],
                    [
                        -46.01655906435617,
                        70.18154939781984
                    ],
                    [
                        -46.023102427044854,
                        70.18030210791541
                    ],
                    [
                        -46.02964466641461,
                        70.17904921224094
                    ],
                    [
                        -46.03618210095688,
                        70.1777217346698
                    ],
                    [
                        -46.04271879756125,
                        70.1763968941514
                    ],
                    [
                        -46.049255901933975,
                        70.17509586912512
                    ],
                    [
                        -46.05578981428904,
                        70.17375191535751
                    ],
                    [
                        -46.062322013471466,
                        70.17239288416782
                    ],
                    [
                        -46.068854482516684,
                        70.17105512660913
                    ],
                    [
                        -46.07538722405681,
                        70.16973830188742
                    ],
                    [
                        -46.08191940761033,
                        70.16842709973658
                    ],
                    [
                        -46.08845068006646,
                        70.16711510493174
                    ],
                    [
                        -46.09498114613247,
                        70.16580418722843
                    ],
                    [
                        -46.10151004153189,
                        70.16448082492781
                    ],
                    [
                        -46.108035642082775,
                        70.16311495696138
                    ],
                    [
                        -46.11455483633522,
                        70.16165300022524
                    ],
                    [
                        -46.121084514422925,
                        70.16038976458744
                    ],
                    [
                        -46.12760963707559,
                        70.15906229684656
                    ],
                    [
                        -46.13413844077111,
                        70.15781301877962
                    ],
                    [
                        -46.14066556442741,
                        70.15654912876873
                    ],
                    [
                        -46.14719475045239,
                        70.15533436175696
                    ],
                    [
                        -46.15372085904151,
                        70.1540811771571
                    ],
                    [
                        -46.16024445303312,
                        70.15279965515506
                    ],
                    [
                        -46.16676770597986,
                        70.1515265254239
                    ],
                    [
                        -46.17328757769739,
                        70.1502112020813
                    ],
                    [
                        -46.1798058144704,
                        70.1488831893197
                    ],
                    [
                        -46.186323075380315,
                        70.14755350661888
                    ],
                    [
                        -46.19283842989032,
                        70.14620698736702
                    ],
                    [
                        -46.19935386655896,
                        70.14487618434218
                    ],
                    [
                        -46.205868744413955,
                        70.14355049051011
                    ],
                    [
                        -46.21238191597286,
                        70.14221138804298
                    ],
                    [
                        -46.21889060895306,
                        70.14081478826157
                    ],
                    [
                        -46.2253991240162,
                        70.13942994996458
                    ],
                    [
                        -46.231909290941246,
                        70.13808561679411
                    ],
                    [
                        -46.23841580259395,
                        70.13669767418335
                    ],
                    [
                        -46.24492335276253,
                        70.13534024417442
                    ],
                    [
                        -46.25142743200456,
                        70.13394264889926
                    ],
                    [
                        -46.25792850421788,
                        70.13251268454557
                    ],
                    [
                        -46.264428834057505,
                        70.13108573840918
                    ],
                    [
                        -46.270930980628144,
                        70.1297009976327
                    ],
                    [
                        -46.27743460390179,
                        70.12835263457916
                    ],
                    [
                        -46.283936989358516,
                        70.12699889584835
                    ],
                    [
                        -46.290438618997726,
                        70.12564713761924
                    ],
                    [
                        -46.29694215496904,
                        70.12433733513906
                    ],
                    [
                        -46.303448156764155,
                        70.12307723124806
                    ],
                    [
                        -46.30995180206044,
                        70.12179432914687
                    ],
                    [
                        -46.31645686856372,
                        70.12054490137547
                    ],
                    [
                        -46.32296053863993,
                        70.1192869343543
                    ],
                    [
                        -46.32946358309308,
                        70.1180318525788
                    ],
                    [
                        -46.33596513659079,
                        70.11676698161541
                    ],
                    [
                        -46.342467249891136,
                        70.11552224584675
                    ],
                    [
                        -46.34896826049241,
                        70.11427332139509
                    ],
                    [
                        -46.35546709610805,
                        70.11300483705698
                    ],
                    [
                        -46.361961868939375,
                        70.11169003337163
                    ],
                    [
                        -46.368454004031484,
                        70.11034986851101
                    ],
                    [
                        -46.374946859249306,
                        70.10903232886548
                    ],
                    [
                        -46.38143925765746,
                        70.10772047724737
                    ],
                    [
                        -46.38792971410788,
                        70.10639335728911
                    ],
                    [
                        -46.39441935365967,
                        70.10506691625015
                    ],
                    [
                        -46.40090708324484,
                        70.10372591840829
                    ],
                    [
                        -46.407395002952306,
                        70.1023996733577
                    ],
                    [
                        -46.41388458381903,
                        70.10110827855888
                    ],
                    [
                        -46.42037376764046,
                        70.09982298278229
                    ],
                    [
                        -46.42686105058102,
                        70.09852313297526
                    ],
                    [
                        -46.43334515611382,
                        70.0971915399141
                    ],
                    [
                        -46.439831502687674,
                        70.09590207194002
                    ],
                    [
                        -46.44632004129488,
                        70.09465350519886
                    ],
                    [
                        -46.452807103441195,
                        70.09339600671912
                    ],
                    [
                        -46.459292849197105,
                        70.0921318321816
                    ],
                    [
                        -46.465776300432864,
                        70.0908480387271
                    ],
                    [
                        -46.472262974629025,
                        70.08961804401527
                    ],
                    [
                        -46.478746268100664,
                        70.08835395684963
                    ],
                    [
                        -46.485231588059065,
                        70.08712729971123
                    ],
                    [
                        -46.491715323405046,
                        70.08589031894587
                    ],
                    [
                        -46.49820167891383,
                        70.08469794889997
                    ],
                    [
                        -46.50468368998811,
                        70.08345922709337
                    ],
                    [
                        -46.51116303168099,
                        70.08219638699093
                    ],
                    [
                        -46.51764494755986,
                        70.08097721110776
                    ],
                    [
                        -46.52412697488106,
                        70.07976958632891
                    ],
                    [
                        -46.53061041801937,
                        70.07859001096308
                    ],
                    [
                        -46.53709239335896,
                        70.07740148553155
                    ],
                    [
                        -46.543567775684814,
                        70.07613925439294
                    ],
                    [
                        -46.55004571265094,
                        70.07491952101583
                    ],
                    [
                        -46.55652869373052,
                        70.07377300691098
                    ],
                    [
                        -46.56301358753536,
                        70.0726596661142
                    ],
                    [
                        -46.5694863378947,
                        70.07140409674237
                    ],
                    [
                        -46.57596371912344,
                        70.07021601389832
                    ],
                    [
                        -46.582442254942315,
                        70.06905166842179
                    ],
                    [
                        -46.58892081320089,
                        70.06789684641286
                    ],
                    [
                        -46.59539984379093,
                        70.06675694204485
                    ],
                    [
                        -46.60187590661422,
                        70.0655898007735
                    ],
                    [
                        -46.608353037806516,
                        70.06444479494816
                    ],
                    [
                        -46.614829322074876,
                        70.06329847527833
                    ],
                    [
                        -46.62130258776157,
                        70.06212467122413
                    ],
                    [
                        -46.62777448521924,
                        70.06094352396899
                    ],
                    [
                        -46.63424734085446,
                        70.05978294733488
                    ],
                    [
                        -46.6407216684273,
                        70.0586488207262
                    ],
                    [
                        -46.647192195396094,
                        70.05747824893145
                    ],
                    [
                        -46.65366434547169,
                        70.05633578265679
                    ],
                    [
                        -46.66012779237038,
                        70.05509946429183
                    ],
                    [
                        -46.66659301463517,
                        70.0538933210702
                    ],
                    [
                        -46.67305867334251,
                        70.05270135482937
                    ],
                    [
                        -46.67952524875392,
                        70.0515289941753
                    ],
                    [
                        -46.685989276475496,
                        70.05033582484302
                    ],
                    [
                        -46.69245172488867,
                        70.04913327102358
                    ],
                    [
                        -46.69891577939988,
                        70.04795811171788
                    ],
                    [
                        -46.705378390988265,
                        70.04677506301822
                    ],
                    [
                        -46.711840637647825,
                        70.04559652993716
                    ],
                    [
                        -46.71830340345146,
                        70.04443252561985
                    ],
                    [
                        -46.72476316136039,
                        70.04324287728923
                    ],
                    [
                        -46.73122157333022,
                        70.04204664877616
                    ],
                    [
                        -46.73767569244014,
                        70.0408107258377
                    ],
                    [
                        -46.74413171691098,
                        70.03960508149004
                    ],
                    [
                        -46.750587389397985,
                        70.03840414891872
                    ],
                    [
                        -46.757043014722974,
                        70.03721126977666
                    ],
                    [
                        -46.7634984478459,
                        70.03602474488314
                    ],
                    [
                        -46.76995797430972,
                        70.0348918941757
                    ],
                    [
                        -46.77641835234612,
                        70.0337764185081
                    ],
                    [
                        -46.78287733829204,
                        70.0326534957504
                    ],
                    [
                        -46.789335368670834,
                        70.03152797889159
                    ],
                    [
                        -46.79578903323607,
                        70.03036271671226
                    ],
                    [
                        -46.80223801154009,
                        70.02915464655563
                    ],
                    [
                        -46.80868930046902,
                        70.02797995783592
                    ],
                    [
                        -46.81513883964118,
                        70.02679449834957
                    ],
                    [
                        -46.82159291184533,
                        70.0256659147535
                    ],
                    [
                        -46.828041204740096,
                        70.02448314565885
                    ],
                    [
                        -46.8344875922403,
                        70.02328810551509
                    ],
                    [
                        -46.840933921528766,
                        70.0221005696523
                    ],
                    [
                        -46.84738246081105,
                        70.0209445051649
                    ],
                    [
                        -46.8538309308687,
                        70.01979550584942
                    ],
                    [
                        -46.86027697518362,
                        70.01862868486053
                    ],
                    [
                        -46.86672404125605,
                        70.01748039802015
                    ],
                    [
                        -46.873165624093176,
                        70.01628242619262
                    ],
                    [
                        -46.8796038584499,
                        70.0150575197783
                    ],
                    [
                        -46.88604833687492,
                        70.01390559220889
                    ],
                    [
                        -46.89249454811598,
                        70.01277920337868
                    ],
                    [
                        -46.89894003995074,
                        70.01165279264106
                    ],
                    [
                        -46.9053803473886,
                        70.01048044095664
                    ],
                    [
                        -46.91182479536146,
                        70.00935818153086
                    ],
                    [
                        -46.91825783559806,
                        70.00812667641584
                    ],
                    [
                        -46.9246928061048,
                        70.00692281335097
                    ],
                    [
                        -46.93112504199012,
                        70.00569897455631
                    ],
                    [
                        -46.937560026659504,
                        70.00451082280233
                    ],
                    [
                        -46.94399292930297,
                        70.0033092988253
                    ],
                    [
                        -46.950419596378225,
                        70.00205278645295
                    ],
                    [
                        -46.956851315793216,
                        70.00085489630627
                    ],
                    [
                        -46.96328593632154,
                        69.99969357867705
                    ],
                    [
                        -46.96972264945661,
                        69.99856043152771
                    ],
                    [
                        -46.97615923559506,
                        69.99743316026456
                    ],
                    [
                        -46.982593716607575,
                        69.99629214335995
                    ],
                    [
                        -46.98903085571189,
                        69.99518446733869
                    ],
                    [
                        -46.99545939437343,
                        69.99399917507938
                    ],
                    [
                        -47.001903719979076,
                        69.99297589828464
                    ],
                    [
                        -47.008329595383465,
                        69.99177877563618
                    ],
                    [
                        -47.01476437988127,
                        69.99067576905908
                    ],
                    [
                        -47.02120033960411,
                        69.98959094385921
                    ],
                    [
                        -47.027638816695585,
                        69.98853711099694
                    ],
                    [
                        -47.03407726480685,
                        69.98748942355789
                    ],
                    [
                        -47.04051558866409,
                        69.98644690660421
                    ],
                    [
                        -47.04695521117542,
                        69.98542314690604
                    ],
                    [
                        -47.05339213004154,
                        69.98437973108386
                    ],
                    [
                        -47.05982483893588,
                        69.9833024917722
                    ],
                    [
                        -47.066255448718536,
                        69.98221178174532
                    ],
                    [
                        -47.07268347614117,
                        69.98110314795876
                    ],
                    [
                        -47.07910999145512,
                        69.97998685286139
                    ],
                    [
                        -47.08553559014183,
                        69.97886856724026
                    ],
                    [
                        -47.09195922013773,
                        69.97773843825118
                    ],
                    [
                        -47.098385755069984,
                        69.97664215131451
                    ],
                    [
                        -47.10481009642157,
                        69.97553185948644
                    ],
                    [
                        -47.11123436016941,
                        69.9744273577938
                    ],
                    [
                        -47.11766053063871,
                        69.97334698473298
                    ],
                    [
                        -47.12408831164371,
                        69.9722877860368
                    ],
                    [
                        -47.13050866795459,
                        69.97116632386759
                    ],
                    [
                        -47.13692533398576,
                        69.970017454515
                    ],
                    [
                        -47.14334355462766,
                        69.96888945859072
                    ],
                    [
                        -47.14976282455796,
                        69.96777753564405
                    ],
                    [
                        -47.15618224738262,
                        69.9666733803623
                    ],
                    [
                        -47.16260017041271,
                        69.9655619177824
                    ],
                    [
                        -47.16901844464075,
                        69.96445996675227
                    ],
                    [
                        -47.175431286479274,
                        69.96331523647392
                    ],
                    [
                        -47.1818431518596,
                        69.96216820187782
                    ],
                    [
                        -47.188252858840286,
                        69.96100827350912
                    ],
                    [
                        -47.19465993230192,
                        69.95983130868247
                    ],
                    [
                        -47.20106941877119,
                        69.95868248386883
                    ],
                    [
                        -47.207478367776204,
                        69.95753530344082
                    ],
                    [
                        -47.21388963572745,
                        69.95641509552262
                    ],
                    [
                        -47.22030069685404,
                        69.95529928220131
                    ],
                    [
                        -47.2267148694745,
                        69.95421710008277
                    ],
                    [
                        -47.233133035049484,
                        69.95317601726293
                    ],
                    [
                        -47.23955015011747,
                        69.95213144006564
                    ],
                    [
                        -47.24596544893889,
                        69.9510766976925
                    ],
                    [
                        -47.25237836072489,
                        69.95000689469954
                    ],
                    [
                        -47.25879087289686,
                        69.94893944459291
                    ],
                    [
                        -47.26520075461458,
                        69.94785497362457
                    ],
                    [
                        -47.271606798767365,
                        69.94674317912171
                    ],
                    [
                        -47.27800854618474,
                        69.94560032455382
                    ],
                    [
                        -47.28440517504607,
                        69.94441959411232
                    ],
                    [
                        -47.290801939921536,
                        69.94324638079551
                    ],
                    [
                        -47.29719458144657,
                        69.9420441763445
                    ],
                    [
                        -47.30358920272507,
                        69.94086529440915
                    ],
                    [
                        -47.309983755443575,
                        69.9396921122033
                    ],
                    [
                        -47.31637873059398,
                        69.93852874871999
                    ],
                    [
                        -47.32277500486776,
                        69.93738254301961
                    ],
                    [
                        -47.32916883248675,
                        69.93622173591605
                    ],
                    [
                        -47.33556937030619,
                        69.93512353051716
                    ],
                    [
                        -47.34196941207846,
                        69.93402691849572
                    ],
                    [
                        -47.348374758064836,
                        69.9329804534577
                    ],
                    [
                        -47.35477754153708,
                        69.93191803673243
                    ],
                    [
                        -47.36117740270814,
                        69.93083679773342
                    ],
                    [
                        -47.36757358430938,
                        69.92973059444614
                    ],
                    [
                        -47.37396825453736,
                        69.92861758636239
                    ],
                    [
                        -47.38036257200427,
                        69.92750739924807
                    ],
                    [
                        -47.38676113121399,
                        69.92643787334623
                    ],
                    [
                        -47.393158303163936,
                        69.92536241928184
                    ],
                    [
                        -47.399550894004,
                        69.9242548988944
                    ],
                    [
                        -47.40594445804602,
                        69.9231609772142
                    ],
                    [
                        -47.41234270747102,
                        69.92211082074074
                    ],
                    [
                        -47.41874339088884,
                        69.9210857737714
                    ],
                    [
                        -47.42514665133066,
                        69.92008679993961
                    ],
                    [
                        -47.4315410004362,
                        69.91902073120305
                    ],
                    [
                        -47.43793774043953,
                        69.91797930764626
                    ],
                    [
                        -47.44432932928886,
                        69.91690162071677
                    ],
                    [
                        -47.450723607004576,
                        69.91585090200266
                    ],
                    [
                        -47.457113667862814,
                        69.91477163294951
                    ],
                    [
                        -47.46350718646151,
                        69.91372534241641
                    ],
                    [
                        -47.4698998037561,
                        69.91267704182236
                    ],
                    [
                        -47.47628573621138,
                        69.91158077473368
                    ],
                    [
                        -47.48266828722102,
                        69.9104630936695
                    ],
                    [
                        -47.48904832078283,
                        69.90933099163405
                    ],
                    [
                        -47.495426888324616,
                        69.90819286997545
                    ],
                    [
                        -47.501811016116704,
                        69.90710406206946
                    ],
                    [
                        -47.50818990257645,
                        69.90597941183495
                    ],
                    [
                        -47.5145725700072,
                        69.9048898284903
                    ],
                    [
                        -47.520942679892336,
                        69.90370743885484
                    ],
                    [
                        -47.52732764785179,
                        69.902646528364
                    ],
                    [
                        -47.53371529501833,
                        69.9016115429814
                    ],
                    [
                        -47.5401034819868,
                        69.9005857033654
                    ],
                    [
                        -47.546491109894916,
                        69.89956044253134
                    ],
                    [
                        -47.55287471041024,
                        69.89850899830294
                    ],
                    [
                        -47.55926174179677,
                        69.89748895793744
                    ],
                    [
                        -47.56564914483583,
                        69.89647660475593
                    ],
                    [
                        -47.57203600379511,
                        69.89546486844782
                    ],
                    [
                        -47.578423158912344,
                        69.89446016221483
                    ],
                    [
                        -47.58480786448781,
                        69.89344150875554
                    ],
                    [
                        -47.59119338826238,
                        69.89243385110109
                    ],
                    [
                        -47.59757615497813,
                        69.89140999297392
                    ],
                    [
                        -47.60396366101954,
                        69.89042676716194
                    ],
                    [
                        -47.61034629330989,
                        69.88941132256781
                    ],
                    [
                        -47.61672777383636,
                        69.8883919147917
                    ],
                    [
                        -47.62310825319786,
                        69.88736970221044
                    ],
                    [
                        -47.62948680548409,
                        69.88633776497736
                    ],
                    [
                        -47.635862209368426,
                        69.88528704037923
                    ],
                    [
                        -47.642235559758596,
                        69.88422582673228
                    ],
                    [
                        -47.648612144322406,
                        69.88319354132143
                    ],
                    [
                        -47.65498922364076,
                        69.8821696430842
                    ],
                    [
                        -47.66136553420581,
                        69.88114471435479
                    ],
                    [
                        -47.66774080285061,
                        69.88011674285922
                    ],
                    [
                        -47.67411191702813,
                        69.87906280563868
                    ],
                    [
                        -47.680484294261014,
                        69.8780229233425
                    ],
                    [
                        -47.686853082867934,
                        69.87696140045036
                    ],
                    [
                        -47.693229797137256,
                        69.8759626692743
                    ],
                    [
                        -47.69959653103016,
                        69.87489552630251
                    ],
                    [
                        -47.705965532857626,
                        69.87384968596484
                    ],
                    [
                        -47.71233467299371,
                        69.87280951900502
                    ],
                    [
                        -47.718707856413886,
                        69.87180330627679
                    ],
                    [
                        -47.72507869200806,
                        69.87078456719041
                    ],
                    [
                        -47.73144874850724,
                        69.86976471180984
                    ],
                    [
                        -47.73782252424916,
                        69.86877614774035
                    ],
                    [
                        -47.74419471153517,
                        69.86778051614007
                    ],
                    [
                        -47.75056554379274,
                        69.86677953774608
                    ],
                    [
                        -47.75693873038137,
                        69.8657997841848
                    ],
                    [
                        -47.7633102847016,
                        69.86481265499054
                    ],
                    [
                        -47.7696889181596,
                        69.86388023805922
                    ],
                    [
                        -47.776064343306196,
                        69.8629290644735
                    ],
                    [
                        -47.7824361831187,
                        69.86195658680806
                    ],
                    [
                        -47.78880319037187,
                        69.8609541247894
                    ],
                    [
                        -47.795166464919504,
                        69.85992964085904
                    ],
                    [
                        -47.801529064326125,
                        69.85890481285885
                    ],
                    [
                        -47.8078907533313,
                        69.85787798883317
                    ],
                    [
                        -47.8142530124896,
                        69.85685956099731
                    ],
                    [
                        -47.82061377306341,
                        69.85583500069735
                    ],
                    [
                        -47.82696831936374,
                        69.85477143149927
                    ],
                    [
                        -47.833320777585485,
                        69.85369784718469
                    ],
                    [
                        -47.83967027921566,
                        69.85260827657173
                    ],
                    [
                        -47.84601879610785,
                        69.85151649665714
                    ],
                    [
                        -47.85236730998548,
                        69.85042931342649
                    ],
                    [
                        -47.858710661114635,
                        69.84931107167888
                    ],
                    [
                        -47.86505401119214,
                        69.84819753237409
                    ],
                    [
                        -47.87139428557166,
                        69.84706752735485
                    ],
                    [
                        -47.877738534078766,
                        69.84596952086743
                    ],
                    [
                        -47.88408223910529,
                        69.84487238282915
                    ],
                    [
                        -47.890428785176255,
                        69.84379922324328
                    ],
                    [
                        -47.89677300071112,
                        69.84271463977221
                    ],
                    [
                        -47.90312106812231,
                        69.84166075069291
                    ],
                    [
                        -47.909473586812496,
                        69.8406414259487
                    ],
                    [
                        -47.91583020668486,
                        69.83965407230632
                    ],
                    [
                        -47.92219288997137,
                        69.83871174378396
                    ],
                    [
                        -47.92855832283467,
                        69.83779180622983
                    ],
                    [
                        -47.93492747240545,
                        69.83690062307976
                    ],
                    [
                        -47.94129201253591,
                        69.83598210552115
                    ],
                    [
                        -47.94766406840227,
                        69.83511766616876
                    ],
                    [
                        -47.95401817619881,
                        69.83413671207393
                    ],
                    [
                        -47.96038743283616,
                        69.83326079619789
                    ],
                    [
                        -47.966762752221314,
                        69.83242876054946
                    ],
                    [
                        -47.973141448742176,
                        69.83162248435917
                    ],
                    [
                        -47.97951717571457,
                        69.83079972760574
                    ],
                    [
                        -47.98589383042706,
                        69.82998637673636
                    ],
                    [
                        -47.992274637639476,
                        69.82920366114274
                    ],
                    [
                        -47.998661451740944,
                        69.82846360418418
                    ],
                    [
                        -48.00505411862848,
                        69.82776492393535
                    ],
                    [
                        -48.01144692305326,
                        69.82706986539075
                    ],
                    [
                        -48.01783641006215,
                        69.82635578647725
                    ],
                    [
                        -48.02422893730111,
                        69.82566434031871
                    ],
                    [
                        -48.03061022496503,
                        69.82490228770494
                    ],
                    [
                        -48.03700281987166,
                        69.8242167565696
                    ],
                    [
                        -48.04339183044086,
                        69.8235105869722
                    ],
                    [
                        -48.04978444156313,
                        69.8228304577673
                    ],
                    [
                        -48.05617245089062,
                        69.82212317279676
                    ],
                    [
                        -48.062554570505164,
                        69.82138058855247
                    ],
                    [
                        -48.068929627153665,
                        69.82059536624723
                    ],
                    [
                        -48.07530242072614,
                        69.81979861090485
                    ],
                    [
                        -48.08167842071546,
                        69.81902546842419
                    ],
                    [
                        -48.0880591847453,
                        69.81828576287468
                    ],
                    [
                        -48.09444295558865,
                        69.81756806630378
                    ],
                    [
                        -48.100828877505094,
                        69.8168667894572
                    ],
                    [
                        -48.107217800693626,
                        69.81618724000238
                    ],
                    [
                        -48.113610138245214,
                        69.81553190768487
                    ],
                    [
                        -48.119999022802595,
                        69.81485713742903
                    ],
                    [
                        -48.1263929396872,
                        69.8142166956937
                    ],
                    [
                        -48.132789399598984,
                        69.81359466712108
                    ],
                    [
                        -48.13918896709396,
                        69.81299449496684
                    ],
                    [
                        -48.14558575899972,
                        69.81237907390461
                    ],
                    [
                        -48.15197722397024,
                        69.81173249306063
                    ],
                    [
                        -48.15836141243347,
                        69.81104273519496
                    ],
                    [
                        -48.16474442776852,
                        69.81034818507007
                    ],
                    [
                        -48.171128185266404,
                        69.80966081156537
                    ],
                    [
                        -48.177509594754866,
                        69.80896134346406
                    ],
                    [
                        -48.18389029667572,
                        69.80826003881394
                    ],
                    [
                        -48.190271323320935,
                        69.80756330561539
                    ],
                    [
                        -48.19665399978326,
                        69.80687931257037
                    ],
                    [
                        -48.203038858006565,
                        69.80621126776744
                    ],
                    [
                        -48.20942678210668,
                        69.80556452389324
                    ],
                    [
                        -48.21581577099776,
                        69.80492664999785
                    ],
                    [
                        -48.22220659476802,
                        69.80430231946264
                    ],
                    [
                        -48.22860321746213,
                        69.80371573248823
                    ],
                    [
                        -48.234999873930114,
                        69.80313142403307
                    ],
                    [
                        -48.24139761627597,
                        69.80255579924801
                    ],
                    [
                        -48.24779320762239,
                        69.80196909630054
                    ],
                    [
                        -48.254186003783964,
                        69.80136746401988
                    ],
                    [
                        -48.260577042329196,
                        69.80075728214533
                    ],
                    [
                        -48.26696677332583,
                        69.80014132430672
                    ],
                    [
                        -48.273355830148624,
                        69.79952345034589
                    ],
                    [
                        -48.27974312411082,
                        69.79889710502522
                    ],
                    [
                        -48.28612940930503,
                        69.7982668754894
                    ],
                    [
                        -48.29251618815523,
                        69.7976418094958
                    ],
                    [
                        -48.29890275209767,
                        69.79701762808631
                    ],
                    [
                        -48.30528886029705,
                        69.79639288419818
                    ],
                    [
                        -48.31167566786467,
                        69.79577448032686
                    ],
                    [
                        -48.318062385213075,
                        69.7951576721323
                    ],
                    [
                        -48.32444673899447,
                        69.79452892178121
                    ],
                    [
                        -48.33082969238283,
                        69.79389401715318
                    ],
                    [
                        -48.33720825339398,
                        69.7932352550543
                    ],
                    [
                        -48.34357827764984,
                        69.7925282464209
                    ],
                    [
                        -48.34994332120841,
                        69.79179426410444
                    ],
                    [
                        -48.35631285944485,
                        69.79108931668553
                    ],
                    [
                        -48.362686955207224,
                        69.79041361080597
                    ],
                    [
                        -48.36906202886521,
                        69.78974595873889
                    ],
                    [
                        -48.37543735445838,
                        69.78908205914345
                    ],
                    [
                        -48.38181157461186,
                        69.78841394806705
                    ],
                    [
                        -48.38818715697147,
                        69.78775606037843
                    ],
                    [
                        -48.39456236488146,
                        69.78709821461548
                    ],
                    [
                        -48.40094009629736,
                        69.78645727261699
                    ],
                    [
                        -48.407318627396435,
                        69.78582312802666
                    ],
                    [
                        -48.4136981811627,
                        69.78519703534862
                    ],
                    [
                        -48.420081832555,
                        69.78459674337265
                    ],
                    [
                        -48.42647198150201,
                        69.78403597121013
                    ],
                    [
                        -48.43286775804007,
                        69.78350948450915
                    ],
                    [
                        -48.439256454462196,
                        69.78294396334778
                    ],
                    [
                        -48.445638106823004,
                        69.78233982876077
                    ],
                    [
                        -48.452022268279435,
                        69.78175206754608
                    ],
                    [
                        -48.45840818957994,
                        69.7811763013471
                    ],
                    [
                        -48.464796107987304,
                        69.78061381952625
                    ],
                    [
                        -48.47118780302761,
                        69.78007469682399
                    ],
                    [
                        -48.47758139681778,
                        69.77954811614411
                    ],
                    [
                        -48.483976953779354,
                        69.77903437466739
                    ],
                    [
                        -48.49037486479624,
                        69.77853561891851
                    ],
                    [
                        -48.49677582911092,
                        69.77805572551736
                    ],
                    [
                        -48.5031763598487,
                        69.77757488727327
                    ],
                    [
                        -48.509575923239865,
                        69.77709009787823
                    ],
                    [
                        -48.5159749706533,
                        69.77660391963659
                    ],
                    [
                        -48.52237364469805,
                        69.77611716103219
                    ],
                    [
                        -48.52877301326799,
                        69.77563581597565
                    ],
                    [
                        -48.53517253464202,
                        69.77515682099158
                    ],
                    [
                        -48.54157145543668,
                        69.77467595126001
                    ],
                    [
                        -48.54796984126181,
                        69.77419358241228
                    ],
                    [
                        -48.55436918938257,
                        69.7737180623183
                    ],
                    [
                        -48.56077255066504,
                        69.77326631821494
                    ],
                    [
                        -48.56717758796444,
                        69.7728252501902
                    ],
                    [
                        -48.573583293802926,
                        69.77238921867158
                    ],
                    [
                        -48.579991235142636,
                        69.77196686307069
                    ],
                    [
                        -48.586403241654544,
                        69.77156821199104
                    ],
                    [
                        -48.59281965973056,
                        69.77119504809617
                    ],
                    [
                        -48.599238766336775,
                        69.77083775623134
                    ],
                    [
                        -48.605660354830334,
                        69.77049511687586
                    ],
                    [
                        -48.612082954137826,
                        69.77015898732627
                    ],
                    [
                        -48.61850696580575,
                        69.76983153009334
                    ],
                    [
                        -48.62493027932278,
                        69.76950116958731
                    ],
                    [
                        -48.631353630827704,
                        69.76917193494933
                    ],
                    [
                        -48.63777398051942,
                        69.7688272722347
                    ],
                    [
                        -48.64419009432608,
                        69.76846055588786
                    ],
                    [
                        -48.650600638232156,
                        69.76806466431123
                    ],
                    [
                        -48.65700586249338,
                        69.7676411044139
                    ],
                    [
                        -48.663408496651066,
                        69.76720477506845
                    ],
                    [
                        -48.669812496554535,
                        69.76677708977508
                    ],
                    [
                        -48.67621681072368,
                        69.76635233874681
                    ],
                    [
                        -48.68262028263045,
                        69.7659242866234
                    ],
                    [
                        -48.68902422115107,
                        69.76549997684249
                    ],
                    [
                        -48.695428898937976,
                        69.76508085088544
                    ],
                    [
                        -48.70183562392744,
                        69.76467387934309
                    ],
                    [
                        -48.708245062360355,
                        69.76428255768342
                    ],
                    [
                        -48.71465486996927,
                        69.76389430564984
                    ],
                    [
                        -48.7210633267328,
                        69.76349995170267
                    ],
                    [
                        -48.727471257722925,
                        69.76310391078488
                    ],
                    [
                        -48.733878847116685,
                        69.76270716803158
                    ],
                    [
                        -48.74028705090548,
                        69.76231478914866
                    ],
                    [
                        -48.7466963947798,
                        69.76192953060041
                    ],
                    [
                        -48.75310677858616,
                        69.76155082713676
                    ],
                    [
                        -48.75951984330764,
                        69.76118729098269
                    ],
                    [
                        -48.76593427204383,
                        69.76083191803134
                    ],
                    [
                        -48.77234923757052,
                        69.76048032273162
                    ],
                    [
                        -48.77876500593003,
                        69.76013388014171
                    ],
                    [
                        -48.78518105483206,
                        69.75978983047663
                    ],
                    [
                        -48.79159698974633,
                        69.75944609998706
                    ],
                    [
                        -48.79801226361496,
                        69.75909983329875
                    ],
                    [
                        -48.80442487426033,
                        69.75874061734696
                    ],
                    [
                        -48.8108355363821,
                        69.75837223180977
                    ],
                    [
                        -48.81724619566779,
                        69.7580048195217
                    ],
                    [
                        -48.82365752606422,
                        69.75764186688944
                    ],
                    [
                        -48.83007153855668,
                        69.75729375283422
                    ],
                    [
                        -48.8364897125542,
                        69.75696804235507
                    ],
                    [
                        -48.84291144482077,
                        69.75666151364022
                    ],
                    [
                        -48.849333806557645,
                        69.75635899726633
                    ],
                    [
                        -48.85575658204313,
                        69.75605936444609
                    ],
                    [
                        -48.86218128729721,
                        69.75577037705948
                    ],
                    [
                        -48.8686113545691,
                        69.75550955896179
                    ],
                    [
                        -48.875048850277864,
                        69.7552873350174
                    ],
                    [
                        -48.88149191932235,
                        69.75509404460225
                    ],
                    [
                        -48.887936644136566,
                        69.75490958085891
                    ],
                    [
                        -48.89438290012264,
                        69.7547332657679
                    ],
                    [
                        -48.90083075489839,
                        69.75456540201569
                    ],
                    [
                        -48.907281561831695,
                        69.75441280976018
                    ],
                    [
                        -48.913734445356496,
                        69.75427098086078
                    ],
                    [
                        -48.92019037146765,
                        69.75414474382528
                    ],
                    [
                        -48.92665246888759,
                        69.75404980754858
                    ],
                    [
                        -48.9331203792248,
                        69.75398421196154
                    ],
                    [
                        -48.939593916608445,
                        69.75394687721668
                    ],
                    [
                        -48.946068282148524,
                        69.75391356980234
                    ],
                    [
                        -48.95254430240505,
                        69.75388841255403
                    ],
                    [
                        -48.959018699403025,
                        69.75385496123215
                    ],
                    [
                        -48.96548765463378,
                        69.75379417867259
                    ],
                    [
                        -48.97195208563345,
                        69.753710774787
                    ],
                    [
                        -48.97841424762447,
                        69.75361609010899
                    ],
                    [
                        -48.9848762714861,
                        69.75352077330128
                    ],
                    [
                        -48.991341926293494,
                        69.75344353549175
                    ],
                    [
                        -48.99781217641383,
                        69.75338906750919
                    ],
                    [
                        -49.00428797186931,
                        69.75336195870536
                    ],
                    [
                        -49.010767234819404,
                        69.75335181217687
                    ],
                    [
                        -49.01724964850869,
                        69.7533569830898
                    ],
                    [
                        -49.0237335338877,
                        69.75336912977949
                    ],
                    [
                        -49.03021648365532,
                        69.7533763845911
                    ],
                    [
                        -49.036697046437034,
                        69.75337164780227
                    ],
                    [
                        -49.04318039489078,
                        69.75338032206263
                    ],
                    [
                        -49.04967111108133,
                        69.75342475756584
                    ],
                    [
                        -49.056167425089576,
                        69.7534961370165
                    ],
                    [
                        -49.06266925056648,
                        69.75359390898217
                    ],
                    [
                        -49.069176410041344,
                        69.75371708174696
                    ],
                    [
                        -49.075687533148354,
                        69.753858871682
                    ],
                    [
                        -49.0822011667577,
                        69.75401213699567
                    ],
                    [
                        -49.08871603770551,
                        69.75417065361758
                    ],
                    [
                        -49.095232547658476,
                        69.75433633875994
                    ],
                    [
                        -49.1017529809299,
                        69.75452018934125
                    ],
                    [
                        -49.108278828078426,
                        69.75472930457882
                    ],
                    [
                        -49.1148109434022,
                        69.75496767515932
                    ],
                    [
                        -49.12134985513767,
                        69.7552376988479
                    ],
                    [
                        -49.12789524318245,
                        69.75553768702811
                    ],
                    [
                        -49.134444741662705,
                        69.75585616083329
                    ],
                    [
                        -49.140997931418276,
                        69.75619102605532
                    ],
                    [
                        -49.14755264813748,
                        69.75653186799639
                    ],
                    [
                        -49.15410952405052,
                        69.75688167180593
                    ],
                    [
                        -49.16066680601652,
                        69.75723204882537
                    ],
                    [
                        -49.16722418147363,
                        69.75758151034722
                    ],
                    [
                        -49.17378141253392,
                        69.75792893147677
                    ],
                    [
                        -49.180337352555576,
                        69.75826888931745
                    ],
                    [
                        -49.18689280452525,
                        69.75860521697668
                    ],
                    [
                        -49.19344962680457,
                        69.75894670718056
                    ],
                    [
                        -49.200008740513866,
                        69.75929767794639
                    ],
                    [
                        -49.20656929041036,
                        69.7596540577683
                    ],
                    [
                        -49.21313207578573,
                        69.76001957721697
                    ],
                    [
                        -49.21969379730519,
                        69.76037871001043
                    ],
                    [
                        -49.226254743975055,
                        69.76073283989312
                    ],
                    [
                        -49.232812393088274,
                        69.76107018908198
                    ],
                    [
                        -49.23936674917789,
                        69.76139085721883
                    ],
                    [
                        -49.24591746662945,
                        69.7616933104319
                    ],
                    [
                        -49.252466712150245,
                        69.7619877216405
                    ],
                    [
                        -49.25901470442866,
                        69.76227514457008
                    ],
                    [
                        -49.265562096363716,
                        69.76255864177135
                    ],
                    [
                        -49.272110205079706,
                        69.76284433499727
                    ],
                    [
                        -49.278657226220815,
                        69.76312386462313
                    ],
                    [
                        -49.2852032613247,
                        69.76339772788975
                    ],
                    [
                        -49.291749695644434,
                        69.76367234051757
                    ],
                    [
                        -49.29830020316018,
                        69.76396461986768
                    ],
                    [
                        -49.30486062098063,
                        69.76430132627925
                    ],
                    [
                        -49.311431594933644,
                        69.76468521888597
                    ],
                    [
                        -49.318010226816476,
                        69.76510279201233
                    ],
                    [
                        -49.32459263817966,
                        69.76553613622276
                    ],
                    [
                        -49.33117581676904,
                        69.76597141131987
                    ],
                    [
                        -49.33775730361824,
                        69.76639738727178
                    ],
                    [
                        -49.344335473952114,
                        69.76680670391033
                    ],
                    [
                        -49.35091088800804,
                        69.76720198612311
                    ],
                    [
                        -49.35748546245523,
                        69.76759200373702
                    ],
                    [
                        -49.36406049059332,
                        69.76798264577397
                    ],
                    [
                        -49.37063674568873,
                        69.76837741041074
                    ],
                    [
                        -49.37721451779043,
                        69.76877758967065
                    ],
                    [
                        -49.38379403736734,
                        69.76918419871298
                    ],
                    [
                        -49.390377744443704,
                        69.76960820615085
                    ],
                    [
                        -49.3969653034852,
                        69.77004802184273
                    ],
                    [
                        -49.403554848761,
                        69.77049518883103
                    ],
                    [
                        -49.41014369329279,
                        69.77093761665661
                    ],
                    [
                        -49.416728903509835,
                        69.77136218351706
                    ],
                    [
                        -49.423309088807855,
                        69.77176274935314
                    ],
                    [
                        -49.42988148926975,
                        69.77212709483636
                    ],
                    [
                        -49.43644471307843,
                        69.77244917554731
                    ],
                    [
                        -49.44299954559506,
                        69.7727326784373
                    ],
                    [
                        -49.449549035984205,
                        69.7729913343454
                    ],
                    [
                        -49.45609750274509,
                        69.77324442802997
                    ],
                    [
                        -49.462649344582445,
                        69.77351148520498
                    ],
                    [
                        -49.46920766880637,
                        69.77380619880242
                    ],
                    [
                        -49.47577593128045,
                        69.77414372091474
                    ],
                    [
                        -49.48235389416791,
                        69.77452281034844
                    ],
                    [
                        -49.48893917933736,
                        69.77493280034477
                    ],
                    [
                        -49.495529697415996,
                        69.77536435801738
                    ],
                    [
                        -49.50212220052213,
                        69.77580311550838
                    ],
                    [
                        -49.508713635847386,
                        69.7762356463233
                    ],
                    [
                        -49.51530296851633,
                        69.7766574440733
                    ],
                    [
                        -49.52188879722251,
                        69.77706242618035
                    ],
                    [
                        -49.52847080115512,
                        69.77744926551853
                    ],
                    [
                        -49.53505116810983,
                        69.77782758392884
                    ],
                    [
                        -49.54163390423165,
                        69.77821486551608
                    ],
                    [
                        -49.54822185734136,
                        69.77862345432503
                    ],
                    [
                        -49.55481304770238,
                        69.77904465935549
                    ],
                    [
                        -49.56140391554915,
                        69.77946298992423
                    ],
                    [
                        -49.56799167185219,
                        69.7798663832079
                    ],
                    [
                        -49.57457760995082,
                        69.78026049565011
                    ],
                    [
                        -49.58115916777389,
                        69.78063430751831
                    ],
                    [
                        -49.58773203952826,
                        69.78096934692553
                    ],
                    [
                        -49.59428759281513,
                        69.78122862601339
                    ],
                    [
                        -49.6008226675175,
                        69.78139888980463
                    ],
                    [
                        -49.607340661718666,
                        69.78149510503789
                    ],
                    [
                        -49.61384423553533,
                        69.78152898856479
                    ],
                    [
                        -49.62033509019857,
                        69.78150808572299
                    ],
                    [
                        -49.62681526981303,
                        69.7814413637969
                    ],
                    [
                        -49.633287075995305,
                        69.78133883813457
                    ],
                    [
                        -49.63975335103163,
                        69.78121277200478
                    ],
                    [
                        -49.646215052406184,
                        69.78106733841915
                    ],
                    [
                        -49.652674649049,
                        69.78091311091342
                    ],
                    [
                        -49.65913254178449,
                        69.78075182687064
                    ],
                    [
                        -49.66559018477994,
                        69.78058967849775
                    ],
                    [
                        -49.67204652175243,
                        69.78042219829187
                    ],
                    [
                        -49.67850229068494,
                        69.780252527165
                    ],
                    [
                        -49.68496125243533,
                        69.78009654787351
                    ],
                    [
                        -49.6914256121516,
                        69.77996349836562
                    ],
                    [
                        -49.69789675487628,
                        69.77985911361343
                    ],
                    [
                        -49.70437462742359,
                        69.77978305130804
                    ],
                    [
                        -49.710858625060844,
                        69.77973265560085
                    ],
                    [
                        -49.717346007946766,
                        69.77969633506106
                    ],
                    [
                        -49.723833169608945,
                        69.77965893426864
                    ],
                    [
                        -49.73032070788177,
                        69.77962295645551
                    ],
                    [
                        -49.736809484858746,
                        69.77959199425712
                    ],
                    [
                        -49.74330265241829,
                        69.77957916626387
                    ],
                    [
                        -49.7498029042906,
                        69.77959561165962
                    ],
                    [
                        -49.75631095397638,
                        69.77964417571938
                    ],
                    [
                        -49.7628261319458,
                        69.77972194596212
                    ],
                    [
                        -49.7693456411546,
                        69.77981720520688
                    ],
                    [
                        -49.7758691812157,
                        69.77992863723827
                    ],
                    [
                        -49.78239567098965,
                        69.78005170498668
                    ],
                    [
                        -49.78892359122851,
                        69.78018008741695
                    ],
                    [
                        -49.79545336755131,
                        69.78031551713364
                    ],
                    [
                        -49.801988603443206,
                        69.78047280194261
                    ],
                    [
                        -49.808531971997986,
                        69.78066284265314
                    ],
                    [
                        -49.81508283094134,
                        69.780882866571
                    ],
                    [
                        -49.821638958930244,
                        69.78112364103774
                    ],
                    [
                        -49.828197808474066,
                        69.78137464849561
                    ],
                    [
                        -49.83475524659167,
                        69.78161894577875
                    ],
                    [
                        -49.841308708818005,
                        69.78184608789606
                    ],
                    [
                        -49.847855249994176,
                        69.78204413452578
                    ],
                    [
                        -49.85439286797032,
                        69.78220505069868
                    ],
                    [
                        -49.860920813650246,
                        69.78232594088595
                    ],
                    [
                        -49.86743931438826,
                        69.78240789061094
                    ],
                    [
                        -49.87394787836757,
                        69.78244906215131
                    ],
                    [
                        -49.880449045067195,
                        69.78245990565675
                    ],
                    [
                        -49.88694571887846,
                        69.7824522911716
                    ],
                    [
                        -49.89343715556861,
                        69.7824232856766
                    ],
                    [
                        -49.89992357764088,
                        69.7823738718402
                    ],
                    [
                        -49.906408989797534,
                        69.7823202656983
                    ],
                    [
                        -49.91289625014762,
                        69.78227398379657
                    ],
                    [
                        -49.919390610243234,
                        69.78225609950029
                    ],
                    [
                        -49.92590101223976,
                        69.78230238494002
                    ],
                    [
                        -49.93243535510758,
                        69.78244424049838
                    ],
                    [
                        -49.93900373153735,
                        69.78272167633503
                    ],
                    [
                        -49.94561339183614,
                        69.78316312190007
                    ],
                    [
                        -49.95226531801749,
                        69.78377182599417
                    ],
                    [
                        -49.95896250011375,
                        69.78455901463293
                    ],
                    [
                        -49.96570675399699,
                        69.78553116879425
                    ],
                    [
                        -49.972496143157564,
                        69.78667980925638
                    ],
                    [
                        -49.979339230907826,
                        69.7880381657663
                    ],
                    [
                        -49.98624570988985,
                        69.78964373941719
                    ],
                    [
                        -49.993218018090914,
                        69.7915050882721
                    ],
                    [
                        -49.999885327070466,
                        69.79355164217515
                    ],
                    [
                        -50.00608569186191,
                        69.7956121205372
                    ],
                    [
                        -50.01240242724499,
                        69.79766889127856
                    ],
                    [
                        -50.01932818244443,
                        69.79970699002257
                    ],
                    [
                        -50.02629151822462,
                        69.80150561248298
                    ],
                    [
                        -50.03320363759761,
                        69.80309805946271
                    ],
                    [
                        -50.04008409689716,
                        69.80456184133054
                    ],
                    [
                        -50.046939857024405,
                        69.80592474291882
                    ],
                    [
                        -50.05379290912736,
                        69.80727310041155
                    ],
                    [
                        -50.060654588490394,
                        69.80865119106637
                    ],
                    [
                        -50.06751867302333,
                        69.81003465018767
                    ],
                    [
                        -50.07437105488829,
                        69.81136857904568
                    ],
                    [
                        -50.08120803779624,
                        69.81263883027694
                    ],
                    [
                        -50.08803417087537,
                        69.81386331699119
                    ],
                    [
                        -50.09485091586631,
                        69.81504789269248
                    ],
                    [
                        -50.10166066031312,
                        69.81620195856597
                    ],
                    [
                        -50.10844205479802,
                        69.81724317949535
                    ],
                    [
                        -50.11517177535549,
                        69.81808205681997
                    ],
                    [
                        -50.121839114480856,
                        69.81867816970878
                    ],
                    [
                        -50.12844106637602,
                        69.81902092667374
                    ],
                    [
                        -50.13497909485428,
                        69.81911694617129
                    ],
                    [
                        -50.14145650673915,
                        69.81897986665274
                    ],
                    [
                        -50.1478686297667,
                        69.81859266138733
                    ],
                    [
                        -50.15421458248535,
                        69.81795288070852
                    ],
                    [
                        -50.160498443982256,
                        69.81707703388284
                    ],
                    [
                        -50.166722072798926,
                        69.81597305463622
                    ],
                    [
                        -50.17288278746475,
                        69.81463150567905
                    ],
                    [
                        -50.178988636790216,
                        69.81308386220206
                    ],
                    [
                        -50.185081977402945,
                        69.8114920265868
                    ],
                    [
                        -50.191164624837775,
                        69.80986304684782
                    ],
                    [
                        -50.197212788817204,
                        69.80810669362043
                    ],
                    [
                        -50.203191461730036,
                        69.80609056961394
                    ],
                    [
                        -50.2091192762118,
                        69.80388611346869
                    ],
                    [
                        -50.21500103963839,
                        69.80151211087826
                    ],
                    [
                        -50.220893974619926,
                        69.79918550301153
                    ],
                    [
                        -50.22689915182782,
                        69.7972880021428
                    ],
                    [
                        -50.23300305544142,
                        69.79576722967464
                    ],
                    [
                        -50.239188327820465,
                        69.79455650992183
                    ],
                    [
                        -50.239188327820465,
                        69.79455650992183
                    ],
                    [
                        -50.24537284394425,
                        69.79334556377749
                    ],
                    [
                        -50.2516297699203,
                        69.79240957678753
                    ],
                    [
                        -50.257948294477984,
                        69.79170698394648
                    ],
                    [
                        -50.26429881674867,
                        69.79112589577461
                    ],
                    [
                        -50.27062888232704,
                        69.79046929529233
                    ],
                    [
                        -50.276856961735334,
                        69.78943224713322
                    ],
                    [
                        -50.28318473537264,
                        69.78877018117399
                    ],
                    [
                        -50.33190806352166,
                        69.78268027338017
                    ],
                    [
                        -50.38060141886479,
                        69.7765761555448
                    ],
                    [
                        -50.42926475877712,
                        69.77045784170984
                    ],
                    [
                        -50.4778980408595,
                        69.76432534593316
                    ],
                    [
                        -50.526501222938386,
                        69.75817868228856
                    ],
                    [
                        -50.575074263065694,
                        69.7520178648655
                    ],
                    [
                        -50.623617119518656,
                        69.74584290776903
                    ],
                    [
                        -50.67212975079968,
                        69.73965382511969
                    ],
                    [
                        -50.72061211563616,
                        69.73345063105334
                    ],
                    [
                        -50.76906417298037,
                        69.72723333972111
                    ],
                    [
                        -50.81748588200927,
                        69.72100196528918
                    ],
                    [
                        -50.86587720212433,
                        69.71475652193874
                    ],
                    [
                        -50.91423809295139,
                        69.70849702386579
                    ],
                    [
                        -50.96256851434049,
                        69.70222348528115
                    ],
                    [
                        -51.010868426365676,
                        69.69593592041016
                    ],
                    [
                        -51.05913778932483,
                        69.68963434349273
                    ],
                    [
                        -51.1073765637395,
                        69.68331876878308
                    ],
                    [
                        -51.155584710354724,
                        69.67698921054972
                    ],
                    [
                        -51.20376219013882,
                        69.67064568307528
                    ],
                    [
                        -51.25190896428319,
                        69.66428820065636
                    ]
                ]
            }
        }
    ]
}
