{
    "type": "FeatureCollection",
    "features": [
        {
            "type": "Feature",
            "properties": {
                "name": "Greenland Glacier 0046",
                "object": "transect",
                "component": "landice",
                "author": "Matthew Hoffman, converted from Felikson et al. (2020) Zenodo dataset",
                "tags": "Greenland_Ice_Sheet;flowline;zenodo_4284759;glacier_0046;nordenski\u00f6ld_gletsjer",
                "citation": "Felikson, Denis, Catania, Ginny, Bartholomaus, Timothy, Morlighem, Mathieu, & No\u00ebl, Brice. (2020). Inland limits to diffusion of thinning along Greenland Ice Sheet outlet glaciers (v1.0) [Data set]. Zenodo. https://doi.org/10.5281/zenodo.4284759",
                "license": "CC-BY-4.0",
                "officialName": "Nordenski\u00f6ld Gletsjer",
                "foreignName": "Nordenski\u00f6ld Gletsjer"
            },
            "geometry": {
                "type": "LineString",
                "coordinates": [
                    [
                        -35.820577519467825,
                        73.00599035966162
                    ],
                    [
                        -35.82454505399272,
                        73.0038891333935
                    ],
                    [
                        -35.82113953797473,
                        73.00601691821531
                    ],
                    [
                        -35.82541969511134,
                        73.00393045118959
                    ],
                    [
                        -35.82252755422589,
                        73.00608250257433
                    ],
                    [
                        -35.827465890474585,
                        73.00402709683961
                    ],
                    [
                        -35.8259792327562,
                        73.00624555104514
                    ],
                    [
                        -35.83187808318557,
                        73.00423541654625
                    ],
                    [
                        -35.836714116386645,
                        73.00217503754604
                    ],
                    [
                        -35.84225127801844,
                        73.00014767202254
                    ],
                    [
                        -35.84718320605222,
                        72.99809169424715
                    ],
                    [
                        -35.85223935842659,
                        72.99604151316032
                    ],
                    [
                        -35.86093368005871,
                        72.99445275288572
                    ],
                    [
                        -35.869769203455036,
                        72.99260348682485
                    ],
                    [
                        -35.8780245069722,
                        72.99180794997677
                    ],
                    [
                        -35.885536368016645,
                        72.989872608272
                    ],
                    [
                        -35.89290872825592,
                        72.99068492309249
                    ],
                    [
                        -35.9011008218177,
                        72.99000020757326
                    ],
                    [
                        -35.908926841305906,
                        72.98998359744421
                    ],
                    [
                        -35.9169489303044,
                        72.98960766151262
                    ],
                    [
                        -35.92557759509366,
                        72.98811903739933
                    ],
                    [
                        -35.93402182148786,
                        72.9869656286931
                    ],
                    [
                        -35.94228270883172,
                        72.9861464372175
                    ],
                    [
                        -35.950352629793024,
                        72.98567646217396
                    ],
                    [
                        -35.95794080124093,
                        72.98609166883526
                    ],
                    [
                        -35.965853944435345,
                        72.98590888808845
                    ],
                    [
                        -35.97401020232519,
                        72.98527737993223
                    ],
                    [
                        -35.98228495287612,
                        72.98442578617738
                    ],
                    [
                        -35.99073802912307,
                        72.98324295607445
                    ],
                    [
                        -35.99919005783722,
                        72.98205949725774
                    ],
                    [
                        -36.00760765580886,
                        72.98093718891256
                    ],
                    [
                        -36.015969990040674,
                        72.97991481144827
                    ],
                    [
                        -36.02432704480778,
                        72.97889997943061
                    ],
                    [
                        -36.032566901819855,
                        72.97810045781979
                    ],
                    [
                        -36.040797596388735,
                        72.97731615546277
                    ],
                    [
                        -36.04909435509691,
                        72.97640721031233
                    ],
                    [
                        -36.05736028728754,
                        72.97555363103933
                    ],
                    [
                        -36.06590318738788,
                        72.9741819895833
                    ],
                    [
                        -36.07443867776569,
                        72.97282119842826
                    ],
                    [
                        -36.0830900949593,
                        72.9712409544557
                    ],
                    [
                        -36.091742234344665,
                        72.96965593889776
                    ],
                    [
                        -36.10013592429919,
                        72.96855119362851
                    ],
                    [
                        -36.1085277230635,
                        72.96744756475003
                    ],
                    [
                        -36.11692000446253,
                        72.96634060486774
                    ],
                    [
                        -36.12522570924427,
                        72.96539373591953
                    ],
                    [
                        -36.13368952715432,
                        72.96414763870526
                    ],
                    [
                        -36.1420772516377,
                        72.9630419572046
                    ],
                    [
                        -36.1507979729274,
                        72.96130677122275
                    ],
                    [
                        -36.15946049718425,
                        72.95967752243287
                    ],
                    [
                        -36.1681434550773,
                        72.95800616129256
                    ],
                    [
                        -36.17684045641107,
                        72.95630462438339
                    ],
                    [
                        -36.18552349911765,
                        72.95441357947331
                    ],
                    [
                        -36.1935467737337,
                        72.95249226490009
                    ],
                    [
                        -36.20228787090784,
                        72.9506957526418
                    ],
                    [
                        -36.2110595639128,
                        72.94880788639962
                    ],
                    [
                        -36.21983812702865,
                        72.94693223513774
                    ],
                    [
                        -36.228138440917085,
                        72.94502243229695
                    ],
                    [
                        -36.23659813451354,
                        72.94311958201828
                    ],
                    [
                        -36.24481284013892,
                        72.94120538643962
                    ],
                    [
                        -36.25260598568597,
                        72.93927189802665
                    ],
                    [
                        -36.25986252556878,
                        72.93731396944497
                    ],
                    [
                        -36.26694859784393,
                        72.93534816830791
                    ],
                    [
                        -36.273719550614274,
                        72.93336799108802
                    ],
                    [
                        -36.28026014416925,
                        72.93137728444816
                    ],
                    [
                        -36.28679753453165,
                        72.92938629403069
                    ],
                    [
                        -36.29354436409083,
                        72.927404585779
                    ],
                    [
                        -36.30046943197539,
                        72.92543073798714
                    ],
                    [
                        -36.30725654467347,
                        72.92345052986185
                    ],
                    [
                        -36.31428293734215,
                        72.92148090874821
                    ],
                    [
                        -36.32118852834487,
                        72.91950569893294
                    ],
                    [
                        -36.32815318425,
                        72.91753297480703
                    ],
                    [
                        -36.334932971737814,
                        72.91555180325227
                    ],
                    [
                        -36.341660287518295,
                        72.91356812821903
                    ],
                    [
                        -36.34846621093456,
                        72.91158781848516
                    ],
                    [
                        -36.35514388687905,
                        72.90960161906986
                    ],
                    [
                        -36.361798353113485,
                        72.90761423421446
                    ],
                    [
                        -36.36829774051271,
                        72.90561977833437
                    ],
                    [
                        -36.37491094853632,
                        72.9036302628112
                    ],
                    [
                        -36.38141437817332,
                        72.90163570755628
                    ],
                    [
                        -36.38782102440262,
                        72.89963670114422
                    ],
                    [
                        -36.39420020146102,
                        72.89763633850693
                    ],
                    [
                        -36.400700774848275,
                        72.89564124689214
                    ],
                    [
                        -36.40717615224967,
                        72.89364489618669
                    ],
                    [
                        -36.41354128434045,
                        72.89164350848884
                    ],
                    [
                        -36.419783091832215,
                        72.88963651217226
                    ],
                    [
                        -36.4260327955487,
                        72.88762974234247
                    ],
                    [
                        -36.432167373724,
                        72.88561774075168
                    ],
                    [
                        -36.438346180587196,
                        72.88360758178868
                    ],
                    [
                        -36.44432041095988,
                        72.88158823764535
                    ],
                    [
                        -36.450072062350436,
                        72.87955892720171
                    ],
                    [
                        -36.455952796477185,
                        72.87753523132126
                    ],
                    [
                        -36.461823273607706,
                        72.87551097670445
                    ],
                    [
                        -36.46750667329958,
                        72.8734783474143
                    ],
                    [
                        -36.47327091176069,
                        72.87144919459607
                    ],
                    [
                        -36.47907973751215,
                        72.86942191133643
                    ],
                    [
                        -36.48506120632091,
                        72.8674021453421
                    ],
                    [
                        -36.49113580037055,
                        72.86538637589601
                    ],
                    [
                        -36.497151538518985,
                        72.86336789665398
                    ],
                    [
                        -36.50320228950011,
                        72.86135084718364
                    ],
                    [
                        -36.50948674138175,
                        72.85934397132877
                    ],
                    [
                        -36.515849356369856,
                        72.85734040678828
                    ],
                    [
                        -36.52228986626755,
                        72.85534013502478
                    ],
                    [
                        -36.529114133612154,
                        72.85335658706845
                    ],
                    [
                        -36.53585955580747,
                        72.85136941815533
                    ],
                    [
                        -36.54320193310502,
                        72.849408283442
                    ],
                    [
                        -36.55028589987556,
                        72.8474356278771
                    ],
                    [
                        -36.557464149331956,
                        72.84546692614305
                    ],
                    [
                        -36.564570688452925,
                        72.84349490319025
                    ],
                    [
                        -36.57157348445337,
                        72.84151816484388
                    ],
                    [
                        -36.57846822664644,
                        72.83953653256442
                    ],
                    [
                        -36.584984495255995,
                        72.83753820509905
                    ],
                    [
                        -36.59169440137113,
                        72.83554818820106
                    ],
                    [
                        -36.59890212791936,
                        72.83357973132905
                    ],
                    [
                        -36.60608615075023,
                        72.83161005659069
                    ],
                    [
                        -36.613663226030596,
                        72.82965731518482
                    ],
                    [
                        -36.62182642697147,
                        72.8277298661
                    ],
                    [
                        -36.63036743106216,
                        72.82581858662857
                    ],
                    [
                        -36.63865921593615,
                        72.82389620080271
                    ],
                    [
                        -36.646730019256374,
                        72.82196396292852
                    ],
                    [
                        -36.655353356709156,
                        72.82015196377132
                    ],
                    [
                        -36.663935241340916,
                        72.81841948573843
                    ],
                    [
                        -36.672451822593075,
                        72.81681496911463
                    ],
                    [
                        -36.680984837097334,
                        72.8151735982973
                    ],
                    [
                        -36.68951603229961,
                        72.81353219373351
                    ],
                    [
                        -36.69800704312946,
                        72.81196849775552
                    ],
                    [
                        -36.706523083707054,
                        72.8103504801661
                    ],
                    [
                        -36.71496681415677,
                        72.80887564724497
                    ],
                    [
                        -36.72340186207722,
                        72.80741511630154
                    ],
                    [
                        -36.73179053808408,
                        72.806045650411
                    ],
                    [
                        -36.74008222138562,
                        72.80487069990126
                    ],
                    [
                        -36.7483795060291,
                        72.80368162689216
                    ],
                    [
                        -36.756642143019754,
                        72.8025605766291
                    ],
                    [
                        -36.764843124857066,
                        72.80156297991041
                    ],
                    [
                        -36.77298478553882,
                        72.80068445661128
                    ],
                    [
                        -36.78109410406868,
                        72.79987011749613
                    ],
                    [
                        -36.78918575861344,
                        72.7990900652808
                    ],
                    [
                        -36.797330419377154,
                        72.79819933660318
                    ],
                    [
                        -36.80541513020799,
                        72.79742970379817
                    ],
                    [
                        -36.813441502174214,
                        72.79677823297587
                    ],
                    [
                        -36.82151177158872,
                        72.79603476629285
                    ],
                    [
                        -36.82962904432222,
                        72.7951926140018
                    ],
                    [
                        -36.8378141966623,
                        72.79420838404816
                    ],
                    [
                        -36.84599748909638,
                        72.79322568976157
                    ],
                    [
                        -36.854166896740324,
                        72.79226940469827
                    ],
                    [
                        -36.86238844118874,
                        72.79120293335122
                    ],
                    [
                        -36.870635423703455,
                        72.79008125182884
                    ],
                    [
                        -36.87880922810501,
                        72.78910878688934
                    ],
                    [
                        -36.88697045794943,
                        72.78816014958772
                    ],
                    [
                        -36.895188710990865,
                        72.78709070823778
                    ],
                    [
                        -36.90337108582403,
                        72.78609344427026
                    ],
                    [
                        -36.91158014708131,
                        72.78503822452866
                    ],
                    [
                        -36.919752765824484,
                        72.78405654871307
                    ],
                    [
                        -36.92789394404964,
                        72.78313821089517
                    ],
                    [
                        -36.936034136147164,
                        72.7822197518095
                    ],
                    [
                        -36.94413473059588,
                        72.78138197520428
                    ],
                    [
                        -36.952251825999234,
                        72.78050761665574
                    ],
                    [
                        -36.960374023242316,
                        72.77962046554663
                    ],
                    [
                        -36.96849489027095,
                        72.77873398523349
                    ],
                    [
                        -36.976638814791286,
                        72.77779692234581
                    ],
                    [
                        -36.98477744659647,
                        72.7768687625799
                    ],
                    [
                        -36.99286934730495,
                        72.77603681597833
                    ],
                    [
                        -37.00099262759217,
                        72.77513669539366
                    ],
                    [
                        -37.009163217047835,
                        72.77413455585561
                    ],
                    [
                        -37.01744215673391,
                        72.7729010724959
                    ],
                    [
                        -37.02570601754694,
                        72.77169659390002
                    ],
                    [
                        -37.03392715563627,
                        72.77057976579864
                    ],
                    [
                        -37.042006997362094,
                        72.76975987767109
                    ],
                    [
                        -37.050048845221994,
                        72.7690186376223
                    ],
                    [
                        -37.05814660213706,
                        72.76815678123504
                    ],
                    [
                        -37.066106947740636,
                        72.76758511348615
                    ],
                    [
                        -37.07400089763272,
                        72.76715334605845
                    ],
                    [
                        -37.08193410867221,
                        72.76663672067255
                    ],
                    [
                        -37.08983833573471,
                        72.7661805807978
                    ],
                    [
                        -37.09769754469285,
                        72.76581936104334
                    ],
                    [
                        -37.10556377094445,
                        72.76544210416064
                    ],
                    [
                        -37.11339946404729,
                        72.76512912611301
                    ],
                    [
                        -37.121176582836796,
                        72.76494069898439
                    ],
                    [
                        -37.128986591969,
                        72.76468105468325
                    ],
                    [
                        -37.13682142044984,
                        72.76436730181494
                    ],
                    [
                        -37.14462095791066,
                        72.76412844715276
                    ],
                    [
                        -37.152425546686324,
                        72.76387793979993
                    ],
                    [
                        -37.160189734211365,
                        72.76371361748319
                    ],
                    [
                        -37.167985636333306,
                        72.76348029906168
                    ],
                    [
                        -37.17571735031131,
                        72.76338470099552
                    ],
                    [
                        -37.18348605024244,
                        72.7632087216514
                    ],
                    [
                        -37.191269382430484,
                        72.76300044610991
                    ],
                    [
                        -37.19906861414733,
                        72.76275703299557
                    ],
                    [
                        -37.20685225972687,
                        72.76254658797224
                    ],
                    [
                        -37.21464252427731,
                        72.76232105641334
                    ],
                    [
                        -37.22240120960443,
                        72.76216331779011
                    ],
                    [
                        -37.23020502189694,
                        72.76190688686323
                    ],
                    [
                        -37.23798993125393,
                        72.76169074952773
                    ],
                    [
                        -37.245763395301296,
                        72.76149879061762
                    ],
                    [
                        -37.25353250873536,
                        72.76131561957367
                    ],
                    [
                        -37.26128019492982,
                        72.76117852648686
                    ],
                    [
                        -37.26902786512463,
                        72.76104088431849
                    ],
                    [
                        -37.276749119349226,
                        72.76096041630574
                    ],
                    [
                        -37.28448003828242,
                        72.76085832564995
                    ],
                    [
                        -37.29224348605679,
                        72.76068445094477
                    ],
                    [
                        -37.29999932419516,
                        72.76052660556088
                    ],
                    [
                        -37.307782205131566,
                        72.76030875884258
                    ],
                    [
                        -37.31553839387052,
                        72.7601488242224
                    ],
                    [
                        -37.32326251360838,
                        72.76005881055147
                    ],
                    [
                        -37.33095258367412,
                        72.76004329506934
                    ],
                    [
                        -37.33858251179522,
                        72.76016002576108
                    ],
                    [
                        -37.346239018995,
                        72.76021803390194
                    ],
                    [
                        -37.35387374032308,
                        72.7603239775128
                    ],
                    [
                        -37.36152615202054,
                        72.76039071344589
                    ],
                    [
                        -37.36915273009555,
                        72.76051445903518
                    ],
                    [
                        -37.37681646038644,
                        72.760555834183
                    ],
                    [
                        -37.38451181712889,
                        72.7605268437521
                    ],
                    [
                        -37.3921927541687,
                        72.76052950243354
                    ],
                    [
                        -37.399841490722096,
                        72.76060342407499
                    ],
                    [
                        -37.407483294917185,
                        72.7606926129315
                    ],
                    [
                        -37.41510499531782,
                        72.7608264475098
                    ],
                    [
                        -37.422705467163595,
                        72.76100757068296
                    ],
                    [
                        -37.43029798728344,
                        72.76120649968695
                    ],
                    [
                        -37.437908094052,
                        72.76136624508383
                    ],
                    [
                        -37.445485276568384,
                        72.76159962546771
                    ],
                    [
                        -37.45304727085917,
                        72.761867167492
                    ],
                    [
                        -37.46060471221405,
                        72.76214514720377
                    ],
                    [
                        -37.468140429494845,
                        72.76247210382502
                    ],
                    [
                        -37.4756679942086,
                        72.76281771856694
                    ],
                    [
                        -37.48318286355514,
                        72.76319225513237
                    ],
                    [
                        -37.49067843264743,
                        72.76361065581133
                    ],
                    [
                        -37.49820426653057,
                        72.76396145704808
                    ],
                    [
                        -37.50570454101514,
                        72.76437026923362
                    ],
                    [
                        -37.513227061656586,
                        72.76472941885966
                    ],
                    [
                        -37.52076709307701,
                        72.76504945116334
                    ],
                    [
                        -37.52830584988363,
                        72.76537271273287
                    ],
                    [
                        -37.53582675896224,
                        72.7657367141356
                    ],
                    [
                        -37.54333709900831,
                        72.7661250917464
                    ],
                    [
                        -37.55085601256547,
                        72.76649451805412
                    ],
                    [
                        -37.55837767291307,
                        72.76685816033307
                    ],
                    [
                        -37.5659034938554,
                        72.76721278962462
                    ],
                    [
                        -37.5734215624378,
                        72.76758547008397
                    ],
                    [
                        -37.580931432104954,
                        72.76797727290537
                    ],
                    [
                        -37.58844488800358,
                        72.76836140188422
                    ],
                    [
                        -37.59593856643958,
                        72.76879112497932
                    ],
                    [
                        -37.60342902351388,
                        72.76922877862016
                    ],
                    [
                        -37.610908606686436,
                        72.76969187661813
                    ],
                    [
                        -37.618398504239366,
                        72.77013202195583
                    ],
                    [
                        -37.62592003951016,
                        72.77050031411778
                    ],
                    [
                        -37.63340970482655,
                        72.77094211961638
                    ],
                    [
                        -37.640877791658156,
                        72.7714340448605
                    ],
                    [
                        -37.64839999202999,
                        72.77180237884629
                    ],
                    [
                        -37.65590331444257,
                        72.77221457685685
                    ],
                    [
                        -37.66343196464957,
                        72.77256902697688
                    ],
                    [
                        -37.67095327111419,
                        72.77294082804855
                    ],
                    [
                        -37.678452562016005,
                        72.77336387124575
                    ],
                    [
                        -37.68595881346703,
                        72.7737714170433
                    ],
                    [
                        -37.69343686938788,
                        72.7742446639418
                    ],
                    [
                        -37.70090476533747,
                        72.77474208949657
                    ],
                    [
                        -37.70838990828267,
                        72.77520030250423
                    ],
                    [
                        -37.715863633569185,
                        72.77568562863456
                    ],
                    [
                        -37.72332501290063,
                        72.77620030439525
                    ],
                    [
                        -37.73078030122794,
                        72.77672989084341
                    ],
                    [
                        -37.73822463998562,
                        72.77728572953876
                    ],
                    [
                        -37.74565579309604,
                        72.77787310412981
                    ],
                    [
                        -37.75308381345945,
                        72.77846869016173
                    ],
                    [
                        -37.760493948168914,
                        72.77910691626988
                    ],
                    [
                        -37.76789576664612,
                        72.77976557277698
                    ],
                    [
                        -37.775296584396266,
                        72.78042762761034
                    ],
                    [
                        -37.78269404091564,
                        72.781098612487
                    ],
                    [
                        -37.79012368370869,
                        72.78169532674478
                    ],
                    [
                        -37.79753744724592,
                        72.78233019673404
                    ],
                    [
                        -37.80493062311602,
                        72.78301438395934
                    ],
                    [
                        -37.81230635518493,
                        72.78374065398054
                    ],
                    [
                        -37.81970700363099,
                        72.78440955704241
                    ],
                    [
                        -37.827124429029666,
                        72.78504007339434
                    ],
                    [
                        -37.83450730429027,
                        72.78575298584477
                    ],
                    [
                        -37.84188933789875,
                        72.78646906495567
                    ],
                    [
                        -37.84924026274876,
                        72.78725975570264
                    ],
                    [
                        -37.85652607963146,
                        72.78820560309491
                    ],
                    [
                        -37.86380377050644,
                        72.7891723155563
                    ],
                    [
                        -37.87107993347758,
                        72.79014433663099
                    ],
                    [
                        -37.878338543712594,
                        72.7911596512054
                    ],
                    [
                        -37.88556976814256,
                        72.7922417069451
                    ],
                    [
                        -37.892832569580385,
                        72.79325072326873
                    ],
                    [
                        -37.90006421629367,
                        72.794335555374
                    ],
                    [
                        -37.90727465409079,
                        72.79547276757833
                    ],
                    [
                        -37.91448052761404,
                        72.79662288375697
                    ],
                    [
                        -37.921657885002155,
                        72.7978430221569
                    ],
                    [
                        -37.92882897164445,
                        72.79908032052538
                    ],
                    [
                        -37.935976583258956,
                        72.80037590677667
                    ],
                    [
                        -37.94310784697726,
                        72.80171291453567
                    ],
                    [
                        -37.95024344669875,
                        72.80304198272297
                    ],
                    [
                        -37.95737507698863,
                        72.80438297644402
                    ],
                    [
                        -37.96447001736318,
                        72.80581435159218
                    ],
                    [
                        -37.97153419647836,
                        72.80732214117863
                    ],
                    [
                        -37.978564291286865,
                        72.8089145385904
                    ],
                    [
                        -37.98560333926366,
                        72.81048834545406
                    ],
                    [
                        -37.992601625765,
                        72.81216310280821
                    ],
                    [
                        -37.99959913012931,
                        72.81384282926328
                    ],
                    [
                        -38.006572836864464,
                        72.81558300554468
                    ],
                    [
                        -38.013525324975475,
                        72.81737757690784
                    ],
                    [
                        -38.02048663899839,
                        72.81915415596379
                    ],
                    [
                        -38.02739826488517,
                        72.82105409271328
                    ],
                    [
                        -38.034290868462705,
                        72.82300355129681
                    ],
                    [
                        -38.041140661637655,
                        72.82506024997893
                    ],
                    [
                        -38.048011689289496,
                        72.82706930197972
                    ],
                    [
                        -38.05493194840229,
                        72.8289626884924
                    ],
                    [
                        -38.06187124055638,
                        72.83081339776375
                    ],
                    [
                        -38.068794162375724,
                        72.83270732552431
                    ],
                    [
                        -38.075747444131586,
                        72.83453095950641
                    ],
                    [
                        -38.08269145851259,
                        72.83638055631414
                    ],
                    [
                        -38.08966302573729,
                        72.83816649133182
                    ],
                    [
                        -38.096609032058424,
                        72.84001809891112
                    ],
                    [
                        -38.10356379653029,
                        72.8418518035508
                    ],
                    [
                        -38.11050924656488,
                        72.84371170452287
                    ],
                    [
                        -38.11742805955337,
                        72.84564022836561
                    ],
                    [
                        -38.12435921695686,
                        72.84754216818675
                    ],
                    [
                        -38.1313176086979,
                        72.8493809806783
                    ],
                    [
                        -38.138275033669956,
                        72.851225633917
                    ],
                    [
                        -38.145233700355725,
                        72.85307072580002
                    ],
                    [
                        -38.15216698401515,
                        72.85498165473815
                    ],
                    [
                        -38.15908413026904,
                        72.85693587305
                    ],
                    [
                        -38.1659738015501,
                        72.85896139832504
                    ],
                    [
                        -38.17285097431024,
                        72.86102154045189
                    ],
                    [
                        -38.17967783576907,
                        72.86320960551149
                    ],
                    [
                        -38.18651222370797,
                        72.8653832369774
                    ],
                    [
                        -38.19332367414549,
                        72.86761762681499
                    ],
                    [
                        -38.20011120298654,
                        72.86991537026353
                    ],
                    [
                        -38.20685287072497,
                        72.87233090859922
                    ],
                    [
                        -38.213562140754306,
                        72.87483121650655
                    ],
                    [
                        -38.220278388603234,
                        72.87731894319818
                    ],
                    [
                        -38.22700324866373,
                        72.8797900049307
                    ],
                    [
                        -38.23372181383337,
                        72.88228136382023
                    ],
                    [
                        -38.24039052805087,
                        72.88478878023682
                    ],
                    [
                        -38.24679344347391,
                        72.8872866481453
                    ],
                    [
                        -38.253090529893356,
                        72.88978056942197
                    ],
                    [
                        -38.259258837212265,
                        72.89226975772394
                    ],
                    [
                        -38.2652229890163,
                        72.8947516078855
                    ],
                    [
                        -38.27098129341695,
                        72.89722608327459
                    ],
                    [
                        -38.27628053531815,
                        72.8996844226403
                    ],
                    [
                        -38.281153731538275,
                        72.90212781494644
                    ],
                    [
                        -38.285887574929745,
                        72.90456622618332
                    ],
                    [
                        -38.29056463793508,
                        72.90700252550685
                    ],
                    [
                        -38.295333923597425,
                        72.90944186867316
                    ],
                    [
                        -38.29999190419577,
                        72.91187721807513
                    ],
                    [
                        -38.304594130686986,
                        72.91431050051698
                    ],
                    [
                        -38.309243773451335,
                        72.91674527829105
                    ],
                    [
                        -38.31407645900328,
                        72.9191862198508
                    ],
                    [
                        -38.318996247599436,
                        72.92163000653129
                    ],
                    [
                        -38.3240389481328,
                        72.92407786191058
                    ],
                    [
                        -38.329437434401214,
                        72.92653777555797
                    ],
                    [
                        -38.335133439172374,
                        72.9290077125921
                    ],
                    [
                        -38.34083774210174,
                        72.93147772580997
                    ],
                    [
                        -38.34662151759439,
                        72.93395025238135
                    ],
                    [
                        -38.35239721534522,
                        72.93642228827036
                    ],
                    [
                        -38.35843777926026,
                        72.93890316437152
                    ],
                    [
                        -38.36455611017519,
                        72.94138646351031
                    ],
                    [
                        -38.37068519904069,
                        72.9438698916469
                    ],
                    [
                        -38.37645526025405,
                        72.9463408479531
                    ],
                    [
                        -38.382113477925124,
                        72.94880778421302
                    ],
                    [
                        -38.387783275109015,
                        72.95127490908322
                    ],
                    [
                        -38.39359804877066,
                        72.95374675308639
                    ],
                    [
                        -38.39968712438918,
                        72.95622768971374
                    ],
                    [
                        -38.405642748633475,
                        72.95870386724926
                    ],
                    [
                        -38.411666464257756,
                        72.96118212493276
                    ],
                    [
                        -38.41755762160997,
                        72.96365566815318
                    ],
                    [
                        -38.42343179849857,
                        72.96612841668619
                    ],
                    [
                        -38.429279127862024,
                        72.96860003932122
                    ],
                    [
                        -38.43539296119013,
                        72.97108043116576
                    ],
                    [
                        -38.44180094128122,
                        72.97357049423888
                    ],
                    [
                        -38.448525076978285,
                        72.97607093555344
                    ],
                    [
                        -38.45506439121868,
                        72.97856488330038
                    ],
                    [
                        -38.46178569392327,
                        72.98106467122422
                    ],
                    [
                        -38.468594305778986,
                        72.98351101489247
                    ],
                    [
                        -38.475216860561964,
                        72.98600692838384
                    ],
                    [
                        -38.48156122274716,
                        72.98849326260584
                    ],
                    [
                        -38.4880094893785,
                        72.99098281525525
                    ],
                    [
                        -38.494714163991915,
                        72.99348066372417
                    ],
                    [
                        -38.501524836344515,
                        72.99594593676944
                    ],
                    [
                        -38.50820880072669,
                        72.99844253073354
                    ],
                    [
                        -38.51500776507291,
                        73.00094266986613
                    ],
                    [
                        -38.52130756667304,
                        73.00342594266806
                    ],
                    [
                        -38.52775185818938,
                        73.00591375997864
                    ],
                    [
                        -38.53376961231563,
                        73.00838718229893
                    ],
                    [
                        -38.53965435250316,
                        73.01085597286787
                    ],
                    [
                        -38.54539187199828,
                        73.01331967593815
                    ],
                    [
                        -38.551150802756695,
                        73.01578387780143
                    ],
                    [
                        -38.55706862168137,
                        73.01825311326589
                    ],
                    [
                        -38.56311068450356,
                        73.02072622356016
                    ],
                    [
                        -38.569017360013355,
                        73.02319464588636
                    ],
                    [
                        -38.574850483692096,
                        73.02566042871234
                    ],
                    [
                        -38.580622047577286,
                        73.0281239738549
                    ],
                    [
                        -38.5863564113609,
                        73.0305860873971
                    ],
                    [
                        -38.5921406959893,
                        73.0330496301401
                    ],
                    [
                        -38.59780562685068,
                        73.03550905191155
                    ],
                    [
                        -38.60346466346465,
                        73.03796807784775
                    ],
                    [
                        -38.60915417357708,
                        73.04042789750442
                    ],
                    [
                        -38.614832636186534,
                        73.04288715191485
                    ],
                    [
                        -38.620370342270014,
                        73.04534161074889
                    ],
                    [
                        -38.625968833827486,
                        73.04779785645096
                    ],
                    [
                        -38.63142059026027,
                        73.05024912676765
                    ],
                    [
                        -38.63677350649285,
                        73.05269699395188
                    ],
                    [
                        -38.64217612123291,
                        73.05514629410574
                    ],
                    [
                        -38.64737054792335,
                        73.05758865124069
                    ],
                    [
                        -38.652490759388584,
                        73.06002842984174
                    ],
                    [
                        -38.6575197490453,
                        73.06246508583423
                    ],
                    [
                        -38.66264315625902,
                        73.06490463670207
                    ],
                    [
                        -38.66778415812167,
                        73.06734458944057
                    ],
                    [
                        -38.67287671708858,
                        73.0697828089729
                    ],
                    [
                        -38.6778125338758,
                        73.0722158042124
                    ],
                    [
                        -38.68295832658563,
                        73.07465541504251
                    ],
                    [
                        -38.68816544650037,
                        73.0770968332878
                    ],
                    [
                        -38.693463528892636,
                        73.07954100701576
                    ],
                    [
                        -38.69858629018471,
                        73.08197936607759
                    ],
                    [
                        -38.70378908915676,
                        73.08442012940792
                    ],
                    [
                        -38.708993590533225,
                        73.08686077578625
                    ],
                    [
                        -38.714217783819905,
                        73.08930188183419
                    ],
                    [
                        -38.71931968597448,
                        73.09173889837272
                    ],
                    [
                        -38.72442613455823,
                        73.09417589522998
                    ],
                    [
                        -38.72947540535687,
                        73.09661089892295
                    ],
                    [
                        -38.73437546732668,
                        73.09904097553124
                    ],
                    [
                        -38.739329010038645,
                        73.1014726057641
                    ],
                    [
                        -38.744277508593065,
                        73.10390391926005
                    ],
                    [
                        -38.749165442376125,
                        73.10633314831816
                    ],
                    [
                        -38.75391436478606,
                        73.1087578022796
                    ],
                    [
                        -38.75869443252586,
                        73.11118330258435
                    ],
                    [
                        -38.763422758647714,
                        73.11360701398854
                    ],
                    [
                        -38.768222872854984,
                        73.11603286091677
                    ],
                    [
                        -38.77298446547456,
                        73.118457339994
                    ],
                    [
                        -38.777657833464175,
                        73.12087888026532
                    ],
                    [
                        -38.782372435183426,
                        73.1233015862321
                    ],
                    [
                        -38.78712765386185,
                        73.12572543490268
                    ],
                    [
                        -38.79190881960393,
                        73.12814995941304
                    ],
                    [
                        -38.79658600730343,
                        73.13057105712886
                    ],
                    [
                        -38.80130349144396,
                        73.13299328622692
                    ],
                    [
                        -38.805931044202914,
                        73.13541254069874
                    ],
                    [
                        -38.810685495208716,
                        73.13783565297149
                    ],
                    [
                        -38.815436283104006,
                        73.1402585065433
                    ],
                    [
                        -38.82025896365456,
                        73.14268347552674
                    ],
                    [
                        -38.82527031273193,
                        73.14511421896212
                    ],
                    [
                        -38.830260873535444,
                        73.14754415207041
                    ],
                    [
                        -38.8353051143284,
                        73.14997560963391
                    ],
                    [
                        -38.84033209414415,
                        73.15240636664318
                    ],
                    [
                        -38.84528379710914,
                        73.15483461074889
                    ],
                    [
                        -38.85017208876682,
                        73.15726071936876
                    ],
                    [
                        -38.85506333748458,
                        73.15968676938469
                    ],
                    [
                        -38.85992137516841,
                        73.16211163291266
                    ],
                    [
                        -38.86464477094674,
                        73.16453215334157
                    ],
                    [
                        -38.86926237376856,
                        73.16694924008868
                    ],
                    [
                        -38.873785544601674,
                        73.16936325534402
                    ],
                    [
                        -38.878302371627285,
                        73.17177694362564
                    ],
                    [
                        -38.88279469512141,
                        73.17418974181993
                    ],
                    [
                        -38.887440555705204,
                        73.17660717345812
                    ],
                    [
                        -38.89217955730972,
                        73.17902735437946
                    ],
                    [
                        -38.8968067931414,
                        73.18144393377055
                    ],
                    [
                        -38.90139729359682,
                        73.18385924158984
                    ],
                    [
                        -38.90611135518538,
                        73.18627823405954
                    ],
                    [
                        -38.910715686996554,
                        73.18869369880507
                    ],
                    [
                        -38.91544482053301,
                        73.19111287882941
                    ],
                    [
                        -38.920233417437046,
                        73.19353375018073
                    ],
                    [
                        -38.92501335132531,
                        73.19595421048284
                    ],
                    [
                        -38.929879544941265,
                        73.19837718003042
                    ],
                    [
                        -38.93490440477167,
                        73.20080487613104
                    ],
                    [
                        -38.93990301513879,
                        73.20323160838994
                    ],
                    [
                        -38.94489225069125,
                        73.20565789670157
                    ],
                    [
                        -38.95002472544986,
                        73.20808841754224
                    ],
                    [
                        -38.955125003606696,
                        73.21051778856248
                    ],
                    [
                        -38.9603441501414,
                        73.21295063162141
                    ],
                    [
                        -38.96552411036939,
                        73.21538210814302
                    ],
                    [
                        -38.97077434914843,
                        73.2178155619538
                    ],
                    [
                        -38.97612831938157,
                        73.22025200626405
                    ],
                    [
                        -38.98141898596278,
                        73.22268634509524
                    ],
                    [
                        -38.98673374795098,
                        73.22512124305592
                    ],
                    [
                        -38.991906876821,
                        73.22755166179594
                    ],
                    [
                        -38.99709901059863,
                        73.22998249104552
                    ],
                    [
                        -39.00221454725184,
                        73.23241082978575
                    ],
                    [
                        -39.00728760156841,
                        73.23483771862746
                    ],
                    [
                        -39.012298664463735,
                        73.23726257097486
                    ],
                    [
                        -39.01740769058227,
                        73.23969022905298
                    ],
                    [
                        -39.02277452525813,
                        73.24212551229928
                    ],
                    [
                        -39.028271476867005,
                        73.2445645435109
                    ],
                    [
                        -39.03375494850022,
                        73.24700298204877
                    ],
                    [
                        -39.03916740769394,
                        73.24943909702624
                    ],
                    [
                        -39.04457500559634,
                        73.25187488495651
                    ],
                    [
                        -39.05003702276596,
                        73.25431212748956
                    ],
                    [
                        -39.05558797491245,
                        73.25675185538371
                    ],
                    [
                        -39.061164938559926,
                        73.25919217357847
                    ],
                    [
                        -39.06677645396641,
                        73.26163333535801
                    ],
                    [
                        -39.07225852700241,
                        73.26407043149398
                    ],
                    [
                        -39.0779250695669,
                        73.26651285523593
                    ],
                    [
                        -39.0835934473977,
                        73.26895513692533
                    ],
                    [
                        -39.08921103288959,
                        73.27139570727908
                    ],
                    [
                        -39.095056751961515,
                        73.27384287873187
                    ],
                    [
                        -39.100900857776764,
                        73.27628979357657
                    ],
                    [
                        -39.10696098489682,
                        73.2787429189202
                    ],
                    [
                        -39.11303315964763,
                        73.28119617858196
                    ],
                    [
                        -39.11925972961525,
                        73.28365379101821
                    ],
                    [
                        -39.125685614595135,
                        73.28611706961068
                    ],
                    [
                        -39.132302385503195,
                        73.28858574317813
                    ],
                    [
                        -39.139140039101484,
                        73.29106067593881
                    ],
                    [
                        -39.145961019061,
                        73.29353483671025
                    ],
                    [
                        -39.15262191674019,
                        73.29600400387437
                    ],
                    [
                        -39.15912504462929,
                        73.29846826381439
                    ],
                    [
                        -39.16552689884683,
                        73.30092929401188
                    ],
                    [
                        -39.17193399952359,
                        73.30339023121957
                    ],
                    [
                        -39.17843018645135,
                        73.30585353186409
                    ],
                    [
                        -39.185054557780305,
                        73.3083203303986
                    ],
                    [
                        -39.19209418943599,
                        73.3107754108722
                    ],
                    [
                        -39.199144621123466,
                        73.31320565336233
                    ],
                    [
                        -39.206190773180204,
                        73.31565367116661
                    ],
                    [
                        -39.21324689291647,
                        73.31807914618699
                    ],
                    [
                        -39.2202915239996,
                        73.32054288352285
                    ],
                    [
                        -39.227346234006106,
                        73.32298375266697
                    ],
                    [
                        -39.234395504656845,
                        73.32544580588132
                    ],
                    [
                        -39.24146369489769,
                        73.3278597780951
                    ],
                    [
                        -39.248550677978656,
                        73.33022587506154
                    ],
                    [
                        -39.25563481033052,
                        73.3326056849815
                    ],
                    [
                        -39.26272615908223,
                        73.33497050503648
                    ],
                    [
                        -39.269829490365275,
                        73.33730666121409
                    ],
                    [
                        -39.27689515353271,
                        73.33975617331966
                    ],
                    [
                        -39.283989001293506,
                        73.34213072544455
                    ],
                    [
                        -39.291073543973674,
                        73.34453761332072
                    ],
                    [
                        -39.2981549905684,
                        73.34695911649001
                    ],
                    [
                        -39.305258473136234,
                        73.34932303252504
                    ],
                    [
                        -39.31236860665744,
                        73.3516734520473
                    ],
                    [
                        -39.31944947331383,
                        73.35411382645972
                    ],
                    [
                        -39.32647419578374,
                        73.35658646444735
                    ],
                    [
                        -39.33338377439255,
                        73.35905553676992
                    ],
                    [
                        -39.340124363338994,
                        73.3615195281774
                    ],
                    [
                        -39.34677472492868,
                        73.36398069144347
                    ],
                    [
                        -39.35343317734341,
                        73.36644182101635
                    ],
                    [
                        -39.36014753970151,
                        73.3689042683916
                    ],
                    [
                        -39.36701342541207,
                        73.37137072753129
                    ],
                    [
                        -39.37410641664464,
                        73.37382237628788
                    ],
                    [
                        -39.3809351717198,
                        73.37628722326046
                    ],
                    [
                        -39.38784883112329,
                        73.37875418218842
                    ],
                    [
                        -39.394832276642624,
                        73.38122281867881
                    ],
                    [
                        -39.40192799094766,
                        73.38369017642236
                    ],
                    [
                        -39.408804843766895,
                        73.38615524807635
                    ],
                    [
                        -39.41558365441977,
                        73.3886172985939
                    ],
                    [
                        -39.42245845073833,
                        73.39108175838918
                    ],
                    [
                        -39.42945493175303,
                        73.39354933316746
                    ],
                    [
                        -39.43651172712875,
                        73.39601829954304
                    ],
                    [
                        -39.443356564865915,
                        73.39848107836038
                    ],
                    [
                        -39.44989013032515,
                        73.40093493580264
                    ],
                    [
                        -39.456454072474415,
                        73.40338938322975
                    ],
                    [
                        -39.46338424083059,
                        73.40585372023185
                    ],
                    [
                        -39.470113419616325,
                        73.4083122153581
                    ],
                    [
                        -39.476908976162086,
                        73.41077227710619
                    ],
                    [
                        -39.483691630811386,
                        73.4132317111014
                    ],
                    [
                        -39.4906653909304,
                        73.41569613849855
                    ],
                    [
                        -39.49753926153089,
                        73.41815753285874
                    ],
                    [
                        -39.504161118934455,
                        73.42061172712148
                    ],
                    [
                        -39.510543064874454,
                        73.42305908155161
                    ],
                    [
                        -39.51673408348665,
                        73.42550096427475
                    ],
                    [
                        -39.52296742970085,
                        73.42794377820881
                    ],
                    [
                        -39.529328361255374,
                        73.43038984884953
                    ],
                    [
                        -39.53530771176815,
                        73.43282526631842
                    ],
                    [
                        -39.5413383135997,
                        73.43526186870253
                    ],
                    [
                        -39.54737123836477,
                        73.4376983187538
                    ],
                    [
                        -39.55340435688568,
                        73.44013455841991
                    ],
                    [
                        -39.559390426688545,
                        73.44256930481005
                    ],
                    [
                        -39.565213926697375,
                        73.4449994294663
                    ],
                    [
                        -39.571063918150124,
                        73.44743007046594
                    ],
                    [
                        -39.57719860056024,
                        73.44986821120814
                    ],
                    [
                        -39.58340977001449,
                        73.45230819644317
                    ],
                    [
                        -39.58953428139331,
                        73.45474561562072
                    ],
                    [
                        -39.59556220645297,
                        73.45718021023315
                    ],
                    [
                        -39.601681355947626,
                        73.45961704572672
                    ],
                    [
                        -39.607801406127834,
                        73.46205368457902
                    ],
                    [
                        -39.61381785517708,
                        73.46448732104525
                    ],
                    [
                        -39.619793679271126,
                        73.46691965450171
                    ],
                    [
                        -39.62573206365349,
                        73.46935077445208
                    ],
                    [
                        -39.63178904626995,
                        73.47178485840693
                    ],
                    [
                        -39.63794751967888,
                        73.47422143729669
                    ],
                    [
                        -39.64406144149945,
                        73.47665660455186
                    ],
                    [
                        -39.65026658248977,
                        73.47909398228143
                    ],
                    [
                        -39.65644355987824,
                        73.48153038445685
                    ],
                    [
                        -39.662387576951616,
                        73.4839603717506
                    ],
                    [
                        -39.6681223649569,
                        73.48638459759118
                    ],
                    [
                        -39.673744806714254,
                        73.48880565088884
                    ],
                    [
                        -39.67939225561206,
                        73.49122717942282
                    ],
                    [
                        -39.68512238008776,
                        73.4936507059631
                    ],
                    [
                        -39.69087001048736,
                        73.49607450118766
                    ],
                    [
                        -39.696558112914886,
                        73.49849653122875
                    ],
                    [
                        -39.70227814898829,
                        73.50091921183778
                    ],
                    [
                        -39.70807812774742,
                        73.50334380339672
                    ],
                    [
                        -39.713848341483484,
                        73.50576741465555
                    ],
                    [
                        -39.719725284605644,
                        73.50819363166082
                    ],
                    [
                        -39.72571210867422,
                        73.51062252649812
                    ],
                    [
                        -39.73180100483471,
                        73.51305388368586
                    ],
                    [
                        -39.73804673286344,
                        73.51548912466788
                    ],
                    [
                        -39.74433056684578,
                        73.51792513290917
                    ],
                    [
                        -39.750588696609306,
                        73.5203602404953
                    ],
                    [
                        -39.757040459210415,
                        73.52280016214442
                    ],
                    [
                        -39.763541773619366,
                        73.5252411302676
                    ],
                    [
                        -39.769866165311626,
                        73.52767725822663
                    ],
                    [
                        -39.77616824896177,
                        73.5301125747723
                    ],
                    [
                        -39.782507866958184,
                        73.53254863222232
                    ],
                    [
                        -39.788769191183334,
                        73.53498243091931
                    ],
                    [
                        -39.79508582860983,
                        73.53741743013158
                    ],
                    [
                        -39.801446180760564,
                        73.53985332493441
                    ],
                    [
                        -39.80761162678262,
                        73.54228396427732
                    ],
                    [
                        -39.813629294179094,
                        73.54471058076842
                    ],
                    [
                        -39.81954513252809,
                        73.5471343699779
                    ],
                    [
                        -39.825372050486806,
                        73.54955567334895
                    ],
                    [
                        -39.83129429843739,
                        73.55197922140266
                    ],
                    [
                        -39.837310926365916,
                        73.5544049804067
                    ],
                    [
                        -39.84341127377735,
                        73.55683266844254
                    ],
                    [
                        -39.849516622360355,
                        73.55926026781643
                    ],
                    [
                        -39.85558381834163,
                        73.56168667809472
                    ],
                    [
                        -39.861610146653106,
                        73.56411183412025
                    ],
                    [
                        -39.8676294690702,
                        73.56653660097619
                    ],
                    [
                        -39.87358511354861,
                        73.56895954056363
                    ],
                    [
                        -39.87951975176254,
                        73.5713817413363
                    ],
                    [
                        -39.88541926167934,
                        73.57380284784188
                    ],
                    [
                        -39.891298612976556,
                        73.57622324222872
                    ],
                    [
                        -39.897063197209604,
                        73.5786405369236
                    ],
                    [
                        -39.90299150095208,
                        73.58106176822461
                    ],
                    [
                        -39.90892514571892,
                        73.58348293010691
                    ],
                    [
                        -39.915053962408834,
                        73.58590879798282
                    ],
                    [
                        -39.92104272610991,
                        73.58833092983362
                    ],
                    [
                        -39.927093709852016,
                        73.59075441509644
                    ],
                    [
                        -39.93300206630028,
                        73.59317411460385
                    ],
                    [
                        -39.939111914662384,
                        73.59559865408146
                    ],
                    [
                        -39.945127670509315,
                        73.59802062648397
                    ],
                    [
                        -39.95119781444977,
                        73.60044374699552
                    ],
                    [
                        -39.95711532806534,
                        73.60286285061369
                    ],
                    [
                        -39.963029675924744,
                        73.60528167286935
                    ],
                    [
                        -39.96906234605747,
                        73.60770323405106
                    ],
                    [
                        -39.97506938638773,
                        73.61012394893466
                    ],
                    [
                        -39.98093736420252,
                        73.61254100806767
                    ],
                    [
                        -39.9866238396336,
                        73.61495337438436
                    ],
                    [
                        -39.99217457905479,
                        73.61736219698984
                    ],
                    [
                        -39.99783907082701,
                        73.61977365029601
                    ],
                    [
                        -40.003411998709986,
                        73.62218265945367
                    ],
                    [
                        -40.009028772362825,
                        73.62459256883358
                    ],
                    [
                        -40.01475219275653,
                        73.62700491942248
                    ],
                    [
                        -40.02050029194505,
                        73.62941768713283
                    ],
                    [
                        -40.02620876682571,
                        73.63182929178656
                    ],
                    [
                        -40.03205482369624,
                        73.63424407989412
                    ],
                    [
                        -40.03789559432732,
                        73.63665854170515
                    ],
                    [
                        -40.04374249840404,
                        73.63907295691506
                    ],
                    [
                        -40.049357104799846,
                        73.64148150516016
                    ],
                    [
                        -40.055140228311856,
                        73.64389397953393
                    ],
                    [
                        -40.06075925253156,
                        73.64630226624816
                    ],
                    [
                        -40.0664159583422,
                        73.64871128709531
                    ],
                    [
                        -40.07235050350593,
                        73.65112687014211
                    ],
                    [
                        -40.07839432449385,
                        73.65354490076531
                    ],
                    [
                        -40.08440924766625,
                        73.65596202227232
                    ],
                    [
                        -40.09054759335484,
                        73.6583819209479
                    ],
                    [
                        -40.09665887324464,
                        73.6608009504997
                    ],
                    [
                        -40.102929393470745,
                        73.66322360619661
                    ],
                    [
                        -40.10946535551548,
                        73.66565242867514
                    ],
                    [
                        -40.116079525833364,
                        73.66808288834915
                    ],
                    [
                        -40.122613050472204,
                        73.67051116359788
                    ],
                    [
                        -40.12891031695865,
                        73.67293353314649
                    ],
                    [
                        -40.13499663597152,
                        73.67535062746856
                    ],
                    [
                        -40.140929521418,
                        73.67776384269766
                    ],
                    [
                        -40.14714384127688,
                        73.68018357471469
                    ],
                    [
                        -40.15359847508512,
                        73.68260881467569
                    ],
                    [
                        -40.15989963240756,
                        73.68503016537632
                    ],
                    [
                        -40.16588232191923,
                        73.68744372154643
                    ],
                    [
                        -40.17162826365638,
                        73.68985145443197
                    ],
                    [
                        -40.17768860649572,
                        73.69226645067793
                    ],
                    [
                        -40.18355925279993,
                        73.69467674783581
                    ],
                    [
                        -40.18970975559435,
                        73.69709346315587
                    ],
                    [
                        -40.19615682122766,
                        73.69951696263672
                    ],
                    [
                        -40.20260364110959,
                        73.70194022088646
                    ],
                    [
                        -40.20865859842288,
                        73.70435402291697
                    ],
                    [
                        -40.2144972682519,
                        73.7067625339659
                    ],
                    [
                        -40.220315236138084,
                        73.70917036501778
                    ],
                    [
                        -40.22615408493039,
                        73.7115784926547
                    ],
                    [
                        -40.23221338728205,
                        73.71399158546946
                    ],
                    [
                        -40.238431380056404,
                        73.71640817826356
                    ],
                    [
                        -40.24469238079939,
                        73.71882555562608
                    ],
                    [
                        -40.25113627010122,
                        73.72124697231727
                    ],
                    [
                        -40.257796692261266,
                        73.72367319180275
                    ],
                    [
                        -40.264697408155016,
                        73.72610474251336
                    ],
                    [
                        -40.27155417868176,
                        73.72853500686325
                    ],
                    [
                        -40.27822498999167,
                        73.73096070202956
                    ],
                    [
                        -40.28475450567159,
                        73.73338288077937
                    ],
                    [
                        -40.29119948911627,
                        73.73580286843442
                    ],
                    [
                        -40.29732566123428,
                        73.73821527452439
                    ],
                    [
                        -40.30333625873146,
                        73.74062480871767
                    ],
                    [
                        -40.30928724868739,
                        73.74303276875698
                    ],
                    [
                        -40.31537218965261,
                        73.74544360260154
                    ],
                    [
                        -40.32155007517765,
                        73.74785635729799
                    ],
                    [
                        -40.327592244617094,
                        73.75026579140561
                    ],
                    [
                        -40.333668489153546,
                        73.75267579807903
                    ],
                    [
                        -40.33997642849101,
                        73.75509088272702
                    ],
                    [
                        -40.34642999273264,
                        73.75750906095443
                    ],
                    [
                        -40.352877095241425,
                        73.75992685844903
                    ],
                    [
                        -40.358856685913956,
                        73.76233380516051
                    ],
                    [
                        -40.36546590894199,
                        73.76475482899421
                    ],
                    [
                        -40.37172659718981,
                        73.76716771704962
                    ],
                    [
                        -40.378069444962925,
                        73.7695822424673
                    ],
                    [
                        -40.384675484583504,
                        73.77200248317882
                    ],
                    [
                        -40.39119715394072,
                        73.77442057848126
                    ],
                    [
                        -40.397656391864565,
                        73.77683703106466
                    ],
                    [
                        -40.40374764250247,
                        73.779244982422
                    ],
                    [
                        -40.40953464315809,
                        73.78164589931383
                    ],
                    [
                        -40.41490635111313,
                        73.7840373225642
                    ],
                    [
                        -40.42019482086041,
                        73.78642672011597
                    ],
                    [
                        -40.42555264943739,
                        73.78881750969865
                    ],
                    [
                        -40.43100977126359,
                        73.79121035333111
                    ],
                    [
                        -40.43643792899141,
                        73.79360238348592
                    ],
                    [
                        -40.441694199046594,
                        73.79599042141781
                    ],
                    [
                        -40.447023285495916,
                        73.79837992216214
                    ],
                    [
                        -40.45249704894942,
                        73.80077247472212
                    ],
                    [
                        -40.458177596719416,
                        73.80316944301698
                    ],
                    [
                        -40.46392655692052,
                        73.80556774462424
                    ],
                    [
                        -40.46985270104216,
                        73.8079697776837
                    ],
                    [
                        -40.4760515235373,
                        73.8103776329307
                    ],
                    [
                        -40.48211686982728,
                        73.81278233202622
                    ],
                    [
                        -40.48810022391177,
                        73.81518502123104
                    ],
                    [
                        -40.494111359095214,
                        73.81758812082384
                    ],
                    [
                        -40.49996493864736,
                        73.81998756152322
                    ],
                    [
                        -40.50557817562516,
                        73.82238154446257
                    ],
                    [
                        -40.511044205401504,
                        73.8247721297945
                    ],
                    [
                        -40.51654714865618,
                        73.82716335422862
                    ],
                    [
                        -40.52187685373053,
                        73.82955062857111
                    ],
                    [
                        -40.527060993660555,
                        73.83193457117693
                    ],
                    [
                        -40.532250263275685,
                        73.83431847454999
                    ],
                    [
                        -40.537549006725605,
                        73.83670460640596
                    ],
                    [
                        -40.542907848662075,
                        73.83909188547457
                    ],
                    [
                        -40.548292483580134,
                        73.8414795628676
                    ],
                    [
                        -40.55358391372991,
                        73.84386506025818
                    ],
                    [
                        -40.55882701701296,
                        73.84624935607235
                    ],
                    [
                        -40.56408906816879,
                        73.84863390708222
                    ],
                    [
                        -40.56956366884351,
                        73.85102288609353
                    ],
                    [
                        -40.57507743510692,
                        73.85341254103736
                    ],
                    [
                        -40.58063276795704,
                        73.85580292007157
                    ],
                    [
                        -40.58602122505913,
                        73.85818954401674
                    ],
                    [
                        -40.591581224728145,
                        73.86057968407066
                    ],
                    [
                        -40.59722356381685,
                        73.86297141485382
                    ],
                    [
                        -40.60272370776414,
                        73.86535992827646
                    ],
                    [
                        -40.608047102169074,
                        73.86774449938216
                    ],
                    [
                        -40.61321211677627,
                        73.87012553534612
                    ],
                    [
                        -40.61859435615396,
                        73.87251104814939
                    ],
                    [
                        -40.62387576410481,
                        73.87489425544908
                    ],
                    [
                        -40.62890818823869,
                        73.87727201967436
                    ],
                    [
                        -40.63388191806419,
                        73.87964839768466
                    ],
                    [
                        -40.63883784029788,
                        73.88202426045135
                    ],
                    [
                        -40.64379878945122,
                        73.88440009256456
                    ],
                    [
                        -40.64865707679448,
                        73.88677361832133
                    ],
                    [
                        -40.6535059957556,
                        73.88914681474452
                    ],
                    [
                        -40.658383615712424,
                        73.89152048497441
                    ],
                    [
                        -40.66327809588233,
                        73.89389437751875
                    ],
                    [
                        -40.66828284695108,
                        73.89627045471391
                    ],
                    [
                        -40.673190712048886,
                        73.89864435849836
                    ],
                    [
                        -40.67814420688763,
                        73.90101908497407
                    ],
                    [
                        -40.68302416064602,
                        73.90339213500624
                    ],
                    [
                        -40.68784550400446,
                        73.9057638268133
                    ],
                    [
                        -40.692629505955196,
                        73.90813460936295
                    ],
                    [
                        -40.697371273642695,
                        73.91050438357419
                    ],
                    [
                        -40.702207950390665,
                        73.91287601025131
                    ],
                    [
                        -40.707002289043274,
                        73.91524662597499
                    ],
                    [
                        -40.71181806039165,
                        73.9176175594595
                    ],
                    [
                        -40.71656198036718,
                        73.91998687283387
                    ],
                    [
                        -40.7211413659211,
                        73.92235265035558
                    ],
                    [
                        -40.72571639113793,
                        73.92471822114685
                    ],
                    [
                        -40.730321572732834,
                        73.92708429940915
                    ],
                    [
                        -40.73489087476596,
                        73.92944951890347
                    ],
                    [
                        -40.73939529055996,
                        73.93181328396103
                    ],
                    [
                        -40.74374266950163,
                        73.93417370058302
                    ],
                    [
                        -40.748091767342686,
                        73.93653404778615
                    ],
                    [
                        -40.75257092092777,
                        73.93889696383272
                    ],
                    [
                        -40.757260960448555,
                        73.94126409873982
                    ],
                    [
                        -40.76184739701457,
                        73.94362898737644
                    ],
                    [
                        -40.76642454791114,
                        73.94599356941112
                    ],
                    [
                        -40.77107905734329,
                        73.94835961800175
                    ],
                    [
                        -40.775734030565445,
                        73.95072555628339
                    ],
                    [
                        -40.780249666473,
                        73.95308853158217
                    ],
                    [
                        -40.78464834072486,
                        73.95544901037418
                    ],
                    [
                        -40.78905655631256,
                        73.95780957648253
                    ],
                    [
                        -40.79367479611826,
                        73.96017430551224
                    ],
                    [
                        -40.798468271997066,
                        73.962542475159
                    ],
                    [
                        -40.803244082574274,
                        73.96491015986265
                    ],
                    [
                        -40.80799847517154,
                        73.96727728504769
                    ],
                    [
                        -40.81266351372215,
                        73.96964247823203
                    ],
                    [
                        -40.817325719036255,
                        73.97200749425525
                    ],
                    [
                        -40.82199613893686,
                        73.97437255629015
                    ],
                    [
                        -40.82663285461262,
                        73.9767368190274
                    ],
                    [
                        -40.831424606189245,
                        73.97910408363965
                    ],
                    [
                        -40.83599293735129,
                        73.98146673124862
                    ],
                    [
                        -40.84051742801186,
                        73.98382838392321
                    ],
                    [
                        -40.84505930743148,
                        73.9861902726676
                    ],
                    [
                        -40.849766077608116,
                        73.9885553500135
                    ],
                    [
                        -40.85453488408126,
                        73.99092154633642
                    ],
                    [
                        -40.85917392069652,
                        73.99328502585246
                    ],
                    [
                        -40.863708689416285,
                        73.99564630720658
                    ],
                    [
                        -40.86824484188102,
                        73.99800750324582
                    ],
                    [
                        -40.87294611729467,
                        74.00037187213691
                    ],
                    [
                        -40.87764027435591,
                        74.00273597837175
                    ],
                    [
                        -40.88240000227861,
                        74.00510126521938
                    ],
                    [
                        -40.88732348021343,
                        74.00746967360324
                    ],
                    [
                        -40.89213768784936,
                        74.00983578642753
                    ],
                    [
                        -40.89700542136698,
                        74.01220283049899
                    ],
                    [
                        -40.901985253693,
                        74.01457195791967
                    ],
                    [
                        -40.906914786103144,
                        74.01693995818462
                    ],
                    [
                        -40.91194634421437,
                        74.0193098342696
                    ],
                    [
                        -40.917001583926876,
                        74.02168003769937
                    ],
                    [
                        -40.92180416342305,
                        74.02404514114744
                    ],
                    [
                        -40.926588716449054,
                        74.02640976518481
                    ],
                    [
                        -40.931216459196484,
                        74.02877119355517
                    ],
                    [
                        -40.93584469206859,
                        74.03113251460286
                    ],
                    [
                        -40.94051068563507,
                        74.03349445631143
                    ],
                    [
                        -40.94550269145569,
                        74.0358626384608
                    ],
                    [
                        -40.950536342726174,
                        74.0382314960482
                    ],
                    [
                        -40.95556949970016,
                        74.04060020608334
                    ],
                    [
                        -40.960627293111756,
                        74.04296925679398
                    ],
                    [
                        -40.96571854698052,
                        74.04533881737592
                    ],
                    [
                        -40.97060459111931,
                        74.0477042622262
                    ],
                    [
                        -40.97561234789181,
                        74.05007193156975
                    ],
                    [
                        -40.98072846655635,
                        74.05244155774004
                    ],
                    [
                        -40.98593241224311,
                        74.05481273579178
                    ],
                    [
                        -40.99126889252091,
                        74.05718631947003
                    ],
                    [
                        -40.99676817640474,
                        74.05956287956609
                    ],
                    [
                        -41.00238048986477,
                        74.06194144617417
                    ],
                    [
                        -41.008155398274056,
                        74.06432295938775
                    ],
                    [
                        -41.01384871560549,
                        74.06670273095712
                    ],
                    [
                        -41.0192923356868,
                        74.06907755586992
                    ],
                    [
                        -41.02478114231872,
                        74.07145308280109
                    ],
                    [
                        -41.030192609015955,
                        74.07382697349404
                    ],
                    [
                        -41.03554690383913,
                        74.07619961836939
                    ],
                    [
                        -41.040906851597285,
                        74.07857221575392
                    ],
                    [
                        -41.046132641584485,
                        74.08094211345751
                    ],
                    [
                        -41.05120234151531,
                        74.08330890737149
                    ],
                    [
                        -41.05644398227782,
                        74.08567881425832
                    ],
                    [
                        -41.06169571674307,
                        74.0880487634835
                    ],
                    [
                        -41.066941769870006,
                        74.09041845680156
                    ],
                    [
                        -41.072191427568896,
                        74.09278806958275
                    ],
                    [
                        -41.0774214123793,
                        74.0951571639619
                    ],
                    [
                        -41.082700228957826,
                        74.09752702762938
                    ],
                    [
                        -41.087947313603415,
                        74.09989614644233
                    ],
                    [
                        -41.09313891640182,
                        74.10226407860479
                    ],
                    [
                        -41.098212968575616,
                        74.10462966875994
                    ],
                    [
                        -41.103542102155,
                        74.10699988056547
                    ],
                    [
                        -41.10919177977366,
                        74.1093759120683
                    ],
                    [
                        -41.11470237983894,
                        74.11174918523469
                    ],
                    [
                        -41.119928191334836,
                        74.11411700588214
                    ],
                    [
                        -41.125174669527745,
                        74.11648506312204
                    ],
                    [
                        -41.13044100269895,
                        74.11885334025081
                    ],
                    [
                        -41.13588824619915,
                        74.12122481356072
                    ],
                    [
                        -41.141270865747025,
                        74.12359493479457
                    ],
                    [
                        -41.146379933222974,
                        74.12595985830453
                    ],
                    [
                        -41.151503274408206,
                        74.12832490454517
                    ],
                    [
                        -41.156762137171675,
                        74.1306923008125
                    ],
                    [
                        -41.16211250201372,
                        74.1330612280527
                    ],
                    [
                        -41.16737332897641,
                        74.13542836153435
                    ],
                    [
                        -41.17236010566729,
                        74.13779033307684
                    ],
                    [
                        -41.17742419999665,
                        74.14015358398703
                    ],
                    [
                        -41.18242181510457,
                        74.14251548493175
                    ],
                    [
                        -41.18734678905417,
                        74.14487592902246
                    ],
                    [
                        -41.1922731927771,
                        74.14723626937989
                    ],
                    [
                        -41.19730876246028,
                        74.14959846278809
                    ],
                    [
                        -41.20257512897724,
                        74.15196470636829
                    ],
                    [
                        -41.207815042970935,
                        74.15433032290937
                    ],
                    [
                        -41.21284831262795,
                        74.15669205674877
                    ],
                    [
                        -41.21785069107674,
                        74.15905309765844
                    ],
                    [
                        -41.22272876193307,
                        74.16141176404686
                    ],
                    [
                        -41.22746520505202,
                        74.16376775383645
                    ],
                    [
                        -41.232165832144325,
                        74.16612298010317
                    ],
                    [
                        -41.2366101956657,
                        74.16847348780878
                    ],
                    [
                        -41.24102223700469,
                        74.17082331077972
                    ],
                    [
                        -41.24551937645534,
                        74.17317455392747
                    ],
                    [
                        -41.25010545089164,
                        74.17552727974797
                    ],
                    [
                        -41.25461344401097,
                        74.1778784993244
                    ],
                    [
                        -41.2590010685416,
                        74.18022746421266
                    ],
                    [
                        -41.26325187215764,
                        74.1825738899289
                    ],
                    [
                        -41.267474207622385,
                        74.1849197133391
                    ],
                    [
                        -41.27179380417417,
                        74.18726717004023
                    ],
                    [
                        -41.27595562414528,
                        74.18961172843436
                    ],
                    [
                        -41.280022140437026,
                        74.19195450624802
                    ],
                    [
                        -41.28408040235746,
                        74.19429705047142
                    ],
                    [
                        -41.2879372562327,
                        74.19663594727002
                    ],
                    [
                        -41.29161212684945,
                        74.19897155234085
                    ],
                    [
                        -41.29531923150041,
                        74.20130765500521
                    ],
                    [
                        -41.299153460365254,
                        74.20364592498171
                    ],
                    [
                        -41.302919152048815,
                        74.20598291159546
                    ],
                    [
                        -41.30690453122465,
                        74.20832368465844
                    ],
                    [
                        -41.31094275748478,
                        74.21066530158193
                    ],
                    [
                        -41.31483739415641,
                        74.2130043152145
                    ],
                    [
                        -41.31872320516947,
                        74.21534309449292
                    ],
                    [
                        -41.32265733780396,
                        74.21768263946623
                    ],
                    [
                        -41.326494161442746,
                        74.22002040321546
                    ],
                    [
                        -41.330397781973254,
                        74.2223592550885
                    ],
                    [
                        -41.334371082174265,
                        74.22469924111432
                    ],
                    [
                        -41.338200329535454,
                        74.22703663695582
                    ],
                    [
                        -41.34210020955519,
                        74.22937518377512
                    ],
                    [
                        -41.34589817635013,
                        74.23171188125697
                    ],
                    [
                        -41.34961907776216,
                        74.23404716666693
                    ],
                    [
                        -41.35332646809573,
                        74.23638214565729
                    ],
                    [
                        -41.35701014721554,
                        74.23871664258236
                    ],
                    [
                        -41.36078953423809,
                        74.24105272275807
                    ],
                    [
                        -41.364580446807075,
                        74.2433889272144
                    ],
                    [
                        -41.368268255788486,
                        74.24572327890657
                    ],
                    [
                        -41.37185102514754,
                        74.24805575072033
                    ],
                    [
                        -41.37540581465718,
                        74.25038767448862
                    ],
                    [
                        -41.3789473920113,
                        74.25271930562387
                    ],
                    [
                        -41.38249980110359,
                        74.25505105760696
                    ],
                    [
                        -41.385982939106846,
                        74.25738155649091
                    ],
                    [
                        -41.389277304884146,
                        74.2597087596212
                    ],
                    [
                        -41.392451722968424,
                        74.26203385483747
                    ],
                    [
                        -41.39566125234451,
                        74.26435949872615
                    ],
                    [
                        -41.39875638615077,
                        74.26668313676515
                    ],
                    [
                        -41.401773273370274,
                        74.26900539148228
                    ],
                    [
                        -41.4048088455242,
                        74.2713279186352
                    ],
                    [
                        -41.40774319964842,
                        74.27364867607213
                    ],
                    [
                        -41.41063108231018,
                        74.27596859992848
                    ],
                    [
                        -41.413525959592164,
                        74.27828860096973
                    ],
                    [
                        -41.416331000472,
                        74.2806070350804
                    ],
                    [
                        -41.41912063409747,
                        74.28292516888672
                    ],
                    [
                        -41.421865633665206,
                        74.28524250788384
                    ],
                    [
                        -41.42470917927146,
                        74.28756147810228
                    ],
                    [
                        -41.427624517062924,
                        74.28988162236593
                    ],
                    [
                        -41.43049475360473,
                        74.2922009621081
                    ],
                    [
                        -41.43333104782404,
                        74.29451968788845
                    ],
                    [
                        -41.43620278419298,
                        74.29683897150092
                    ],
                    [
                        -41.43905548961658,
                        74.29915789345682
                    ],
                    [
                        -41.4419715602039,
                        74.30147784163057
                    ],
                    [
                        -41.44482871172525,
                        74.3037967565878
                    ],
                    [
                        -41.44769117713794,
                        74.30611572032427
                    ],
                    [
                        -41.450587749608765,
                        74.30843521587708
                    ],
                    [
                        -41.45365646258146,
                        74.3107575561152
                    ],
                    [
                        -41.45678637455293,
                        74.31308087403649
                    ],
                    [
                        -41.45993568363675,
                        74.31540446703299
                    ],
                    [
                        -41.46298488510021,
                        74.31772633651575
                    ],
                    [
                        -41.466002112910324,
                        74.32004762536208
                    ],
                    [
                        -41.46903447958744,
                        74.32236912114895
                    ],
                    [
                        -41.471951534173144,
                        74.32468864904784
                    ],
                    [
                        -41.47474323651022,
                        74.32700604751251
                    ],
                    [
                        -41.47744156904965,
                        74.32932185447663
                    ],
                    [
                        -41.48005161815238,
                        74.33163615874321
                    ],
                    [
                        -41.482614237948205,
                        74.33394964266525
                    ],
                    [
                        -41.485120764795354,
                        74.3362621645751
                    ],
                    [
                        -41.487468932934114,
                        74.33857203150575
                    ],
                    [
                        -41.489671635346994,
                        74.34087946345976
                    ],
                    [
                        -41.491864958855146,
                        74.34318671869902
                    ],
                    [
                        -41.494071851879916,
                        74.34549417715891
                    ],
                    [
                        -41.49630684792687,
                        74.34780207852245
                    ],
                    [
                        -41.498579460366486,
                        74.35011057880986
                    ],
                    [
                        -41.50090987480424,
                        74.35242000962329
                    ],
                    [
                        -41.503243931819846,
                        74.3547294757227
                    ],
                    [
                        -41.505611558839604,
                        74.35703946998457
                    ],
                    [
                        -41.50806531347634,
                        74.35935085613617
                    ],
                    [
                        -41.51062206280548,
                        74.36166390796049
                    ],
                    [
                        -41.51318376384066,
                        74.36397701011391
                    ],
                    [
                        -41.5157357139155,
                        74.36628992103114
                    ],
                    [
                        -41.518289562967446,
                        74.36860283222617
                    ],
                    [
                        -41.520946087097094,
                        74.37091739505999
                    ],
                    [
                        -41.523650772272035,
                        74.37323271246802
                    ],
                    [
                        -41.52632499325397,
                        74.37554749623621
                    ],
                    [
                        -41.52895314067982,
                        74.37786149265989
                    ],
                    [
                        -41.531548999080385,
                        74.38017492885864
                    ],
                    [
                        -41.53411967336828,
                        74.38248792216179
                    ],
                    [
                        -41.53671879871585,
                        74.3848013478436
                    ],
                    [
                        -41.539287149764135,
                        74.38711424026232
                    ],
                    [
                        -41.541832377762056,
                        74.38942672524743
                    ],
                    [
                        -41.544302761728886,
                        74.39173796306501
                    ],
                    [
                        -41.546840185259846,
                        74.39405026126768
                    ],
                    [
                        -41.54937101182487,
                        74.39636242211154
                    ],
                    [
                        -41.55185844107045,
                        74.39867384925749
                    ],
                    [
                        -41.554410612583986,
                        74.40098629626573
                    ],
                    [
                        -41.557037802720444,
                        74.40329992666588
                    ],
                    [
                        -41.559625302041056,
                        74.40561288243283
                    ],
                    [
                        -41.56217530492839,
                        74.40792520075884
                    ],
                    [
                        -41.56462177050198,
                        74.41023581731802
                    ],
                    [
                        -41.56712152488536,
                        74.41254726559336
                    ],
                    [
                        -41.56970610326166,
                        74.4148600514483
                    ],
                    [
                        -41.572266619172474,
                        74.41717241838349
                    ],
                    [
                        -41.574878829750816,
                        74.41948558588881
                    ],
                    [
                        -41.577431079456275,
                        74.42179775754713
                    ],
                    [
                        -41.579923631529404,
                        74.42410894017615
                    ],
                    [
                        -41.58240382029184,
                        74.42641989559583
                    ],
                    [
                        -41.58477609032705,
                        74.42872909284844
                    ],
                    [
                        -41.58712555444567,
                        74.43103789932843
                    ],
                    [
                        -41.589552992044446,
                        74.43334792848866
                    ],
                    [
                        -41.59202179536618,
                        74.435658591903
                    ],
                    [
                        -41.594466140796655,
                        74.43796883648957
                    ],
                    [
                        -41.59687316669886,
                        74.44027845801385
                    ],
                    [
                        -41.59929461539751,
                        74.4425882830641
                    ],
                    [
                        -41.60165506282187,
                        74.44489710942422
                    ],
                    [
                        -41.60413050518078,
                        74.44720774112659
                    ],
                    [
                        -41.606561434233306,
                        74.44951763657969
                    ],
                    [
                        -41.608935395968636,
                        74.45182659972382
                    ],
                    [
                        -41.611224689548955,
                        74.45413419304461
                    ],
                    [
                        -41.61353972137198,
                        74.45644217144105
                    ],
                    [
                        -41.61580770604753,
                        74.45874938015422
                    ],
                    [
                        -41.618030439831884,
                        74.46105584947078
                    ],
                    [
                        -41.62025460209451,
                        74.46336231988575
                    ],
                    [
                        -41.62245501447322,
                        74.46566839319638
                    ],
                    [
                        -41.62458962461103,
                        74.46797340583679
                    ],
                    [
                        -41.626590579759814,
                        74.47027628889272
                    ],
                    [
                        -41.62854528253495,
                        74.47257842611363
                    ],
                    [
                        -41.63046285312597,
                        74.47487996289118
                    ],
                    [
                        -41.63235204814471,
                        74.47718103845358
                    ],
                    [
                        -41.63431142144415,
                        74.47948320542683
                    ],
                    [
                        -41.63623467366757,
                        74.48178478903401
                    ],
                    [
                        -41.638146394294985,
                        74.48408617709335
                    ],
                    [
                        -41.63999887145526,
                        74.48638662041854
                    ],
                    [
                        -41.641890709700874,
                        74.48868766903176
                    ],
                    [
                        -41.64370004093577,
                        74.49098740969444
                    ],
                    [
                        -41.645496310001654,
                        74.4932869338474
                    ],
                    [
                        -41.64718497434077,
                        74.49558476064891
                    ],
                    [
                        -41.648787105566406,
                        74.4978812233323
                    ],
                    [
                        -41.65038210004767,
                        74.50017756688037
                    ],
                    [
                        -41.651975347466056,
                        74.5024738757926
                    ],
                    [
                        -41.653568281854646,
                        74.50477017253587
                    ],
                    [
                        -41.65519693533102,
                        74.50706701991511
                    ],
                    [
                        -41.656793311321564,
                        74.5093633555018
                    ],
                    [
                        -41.65833526665486,
                        74.51165883481157
                    ],
                    [
                        -41.65981253082558,
                        74.51395329926972
                    ],
                    [
                        -41.66125718639497,
                        74.51624725056192
                    ],
                    [
                        -41.662731285473356,
                        74.51854165589222
                    ],
                    [
                        -41.664272224488016,
                        74.52083709646313
                    ],
                    [
                        -41.665915424131285,
                        74.5231341212878
                    ],
                    [
                        -41.66754883518658,
                        74.52543098573811
                    ],
                    [
                        -41.669224970319746,
                        74.52772850580403
                    ],
                    [
                        -41.67086139064954,
                        74.53002540048948
                    ],
                    [
                        -41.672472111376464,
                        74.5323218884031
                    ],
                    [
                        -41.67412943733518,
                        74.53461909129429
                    ],
                    [
                        -41.675793120847516,
                        74.53691638419589
                    ],
                    [
                        -41.67748059924351,
                        74.53921403691011
                    ],
                    [
                        -41.6792669674678,
                        74.54151321065896
                    ],
                    [
                        -41.68113837435594,
                        74.5438136881418
                    ],
                    [
                        -41.683068073298436,
                        74.54611505331326
                    ],
                    [
                        -41.684990859724984,
                        74.54841629750645
                    ],
                    [
                        -41.68683235437831,
                        74.550716273414
                    ],
                    [
                        -41.68861116652284,
                        74.55301527060163
                    ],
                    [
                        -41.69043822976155,
                        74.55531500025833
                    ],
                    [
                        -41.69228314509181,
                        74.55761499279998
                    ],
                    [
                        -41.69410106392309,
                        74.55991455763288
                    ],
                    [
                        -41.69582238362635,
                        74.56221262547727
                    ],
                    [
                        -41.69752229232981,
                        74.56451035460422
                    ],
                    [
                        -41.699317032853905,
                        74.56680953056141
                    ],
                    [
                        -41.70114542227681,
                        74.56910921156631
                    ],
                    [
                        -41.7028859185939,
                        74.57140753291138
                    ],
                    [
                        -41.70453031450702,
                        74.57370437156354
                    ],
                    [
                        -41.70612368438542,
                        74.57600042064905
                    ],
                    [
                        -41.70760115126754,
                        74.57829468872829
                    ],
                    [
                        -41.70904946228517,
                        74.5805885058598
                    ],
                    [
                        -41.710511136183165,
                        74.58288252281133
                    ],
                    [
                        -41.71192489136507,
                        74.58517580297098
                    ],
                    [
                        -41.71329392497765,
                        74.58746839642531
                    ],
                    [
                        -41.71462636215315,
                        74.58976042832718
                    ],
                    [
                        -41.715943906144005,
                        74.59205223063626
                    ],
                    [
                        -41.717361529210685,
                        74.59434555637692
                    ],
                    [
                        -41.71889682612072,
                        74.59664067095272
                    ],
                    [
                        -41.72042352996985,
                        74.59893564866546
                    ],
                    [
                        -41.721957929678254,
                        74.60123073760798
                    ],
                    [
                        -41.72354320556153,
                        74.6035265941808
                    ],
                    [
                        -41.72512037264017,
                        74.60582232055691
                    ],
                    [
                        -41.72665655477887,
                        74.60811741767439
                    ],
                    [
                        -41.7282179653815,
                        74.61041289167315
                    ],
                    [
                        -41.72984145749329,
                        74.61270930083259
                    ],
                    [
                        -41.73156064225503,
                        74.61500715281488
                    ],
                    [
                        -41.73335852803538,
                        74.61730618731852
                    ],
                    [
                        -41.73520290727775,
                        74.61960591434524
                    ],
                    [
                        -41.737182994633656,
                        74.6219076817968
                    ],
                    [
                        -41.73922224871691,
                        74.6242103282443
                    ],
                    [
                        -41.74134833864947,
                        74.62651426946323
                    ],
                    [
                        -41.74343626885272,
                        74.62881761623576
                    ],
                    [
                        -41.74549110341763,
                        74.63112044628689
                    ],
                    [
                        -41.747481359724816,
                        74.63342228646735
                    ],
                    [
                        -41.74955016940769,
                        74.63572529381469
                    ],
                    [
                        -41.75170934181505,
                        74.63802964319224
                    ],
                    [
                        -41.75397542755033,
                        74.64033558004135
                    ],
                    [
                        -41.7564422334323,
                        74.64264450889945
                    ],
                    [
                        -41.75893653525433,
                        74.64495382290617
                    ],
                    [
                        -41.761694004762695,
                        74.64726705309366
                    ],
                    [
                        -41.76438887655051,
                        74.64957931040405
                    ],
                    [
                        -41.76704384599261,
                        74.65189093708666
                    ],
                    [
                        -41.76969656358413,
                        74.6542024975195
                    ],
                    [
                        -41.77233161417548,
                        74.65651376168186
                    ],
                    [
                        -41.77502206713517,
                        74.65882582013928
                    ],
                    [
                        -41.77756198407949,
                        74.66113560201946
                    ],
                    [
                        -41.78028353584745,
                        74.66344805842817
                    ],
                    [
                        -41.783099569719276,
                        74.6657618853456
                    ],
                    [
                        -41.785839171455,
                        74.66807453953697
                    ],
                    [
                        -41.78848482639792,
                        74.67038576449431
                    ],
                    [
                        -41.79124513547352,
                        74.67269865711484
                    ],
                    [
                        -41.79384092128869,
                        74.67500907732993
                    ],
                    [
                        -41.79640936714116,
                        74.6773190622034
                    ],
                    [
                        -41.79897648630203,
                        74.6796289974738
                    ],
                    [
                        -41.801664554561576,
                        74.68194068913898
                    ],
                    [
                        -41.80435799138384,
                        74.68425242661799
                    ],
                    [
                        -41.806990940152,
                        74.68656323896904
                    ],
                    [
                        -41.809723665079716,
                        74.68887548879603
                    ],
                    [
                        -41.81243860448627,
                        74.69118744231933
                    ],
                    [
                        -41.815081492120534,
                        74.69349830284222
                    ],
                    [
                        -41.81765946308462,
                        74.69580817824553
                    ],
                    [
                        -41.82028956919718,
                        74.69811878819719
                    ],
                    [
                        -41.82292785329748,
                        74.70042948635451
                    ],
                    [
                        -41.8254875448295,
                        74.70273900213026
                    ],
                    [
                        -41.82815081804837,
                        74.70505000318968
                    ],
                    [
                        -41.83084856641461,
                        74.70736147539648
                    ],
                    [
                        -41.83370432611799,
                        74.70967522028737
                    ],
                    [
                        -41.836595714180135,
                        74.71198944636447
                    ],
                    [
                        -41.839516003602675,
                        74.71430405401507
                    ],
                    [
                        -41.84241941679425,
                        74.71661837592185
                    ],
                    [
                        -41.84524403840464,
                        74.71893151308028
                    ],
                    [
                        -41.84813068895351,
                        74.72124551350936
                    ],
                    [
                        -41.85129024547672,
                        74.72356343233598
                    ],
                    [
                        -41.85447602130097,
                        74.72588168302073
                    ],
                    [
                        -41.857650669488244,
                        74.72819972395632
                    ],
                    [
                        -41.86127606628237,
                        74.73052422953988
                    ],
                    [
                        -41.86482601199741,
                        74.73284758197252
                    ],
                    [
                        -41.86847524229476,
                        74.73517230362215
                    ],
                    [
                        -41.87228609288059,
                        74.73749928595073
                    ],
                    [
                        -41.87605336170015,
                        74.73982557044768
                    ],
                    [
                        -41.87978229355035,
                        74.74215123496613
                    ],
                    [
                        -41.88359808199392,
                        74.74447807613244
                    ],
                    [
                        -41.8873123076829,
                        74.74680339201925
                    ],
                    [
                        -41.89087867973818,
                        74.74912652680788
                    ],
                    [
                        -41.89446622510066,
                        74.75144990186138
                    ],
                    [
                        -41.89809776484495,
                        74.75377384138613
                    ],
                    [
                        -41.90155664960735,
                        74.7560952581212
                    ],
                    [
                        -41.904990511663264,
                        74.75841626100255
                    ],
                    [
                        -41.90855565475472,
                        74.76073907139221
                    ],
                    [
                        -41.91214849119745,
                        74.76306221274807
                    ],
                    [
                        -41.91559593138466,
                        74.76538323161249
                    ],
                    [
                        -41.9188646350657,
                        74.76770166412247
                    ],
                    [
                        -41.92214981875728,
                        74.7700202783258
                    ],
                    [
                        -41.92556880475017,
                        74.77234072929774
                    ],
                    [
                        -41.92897737090252,
                        74.77466097697969
                    ],
                    [
                        -41.93268217769241,
                        74.77698533901899
                    ],
                    [
                        -41.93645127664006,
                        74.77931053793112
                    ],
                    [
                        -41.94046210760117,
                        74.78163906079389
                    ],
                    [
                        -41.944650973978476,
                        74.78397000000459
                    ],
                    [
                        -41.94894042625296,
                        74.78630226039051
                    ],
                    [
                        -41.953258335508345,
                        74.78863482764018
                    ],
                    [
                        -41.95763696874368,
                        74.79096815003557
                    ],
                    [
                        -41.96196677005516,
                        74.79330069773255
                    ],
                    [
                        -41.96647493816343,
                        74.79563563328936
                    ],
                    [
                        -41.97106043786595,
                        74.79797154202458
                    ],
                    [
                        -41.97580231573841,
                        74.80030951404802
                    ],
                    [
                        -41.98061757132353,
                        74.80264839002224
                    ],
                    [
                        -41.985269670485685,
                        74.80498489818774
                    ],
                    [
                        -41.98996431100539,
                        74.80732188604637
                    ],
                    [
                        -41.994536479826536,
                        74.80965707950925
                    ],
                    [
                        -41.999315927189265,
                        74.81199501799088
                    ],
                    [
                        -42.00401447778492,
                        74.81433173418425
                    ],
                    [
                        -42.008910722845265,
                        74.816671048381
                    ],
                    [
                        -42.01396321329955,
                        74.81901237963743
                    ],
                    [
                        -42.01898304830393,
                        74.82135313942405
                    ],
                    [
                        -42.02399800399774,
                        74.82369370845497
                    ],
                    [
                        -42.029001602881046,
                        74.8260339991111
                    ],
                    [
                        -42.03408667396234,
                        74.82837527161809
                    ],
                    [
                        -42.039080589713976,
                        74.83071518236586
                    ],
                    [
                        -42.04400189445591,
                        74.83305398887309
                    ],
                    [
                        -42.04894135566985,
                        74.83539292116832
                    ],
                    [
                        -42.05352300596112,
                        74.83772691450343
                    ],
                    [
                        -42.058028240463976,
                        74.84005977744468
                    ],
                    [
                        -42.06267885334072,
                        74.84239449241502
                    ],
                    [
                        -42.067210060309804,
                        74.84472750135761
                    ],
                    [
                        -42.071444802434385,
                        74.8470564437467
                    ],
                    [
                        -42.075555821463595,
                        74.84938364615019
                    ],
                    [
                        -42.07955491352283,
                        74.85170927365913
                    ],
                    [
                        -42.083534082501345,
                        74.85403455837738
                    ],
                    [
                        -42.08754916270323,
                        74.85636024397202
                    ],
                    [
                        -42.09156190611405,
                        74.85868582048404
                    ],
                    [
                        -42.09554244715334,
                        74.86101089218192
                    ],
                    [
                        -42.099780784462254,
                        74.86333929936107
                    ],
                    [
                        -42.104132045453014,
                        74.86566911136647
                    ],
                    [
                        -42.10837489692249,
                        74.8679974011736
                    ],
                    [
                        -42.11278119428401,
                        74.87032775616332
                    ],
                    [
                        -42.117200892442426,
                        74.87265819287546
                    ],
                    [
                        -42.121574912735284,
                        74.87498793503127
                    ],
                    [
                        -42.12602661730056,
                        74.87731860214515
                    ],
                    [
                        -42.13037663597263,
                        74.87964784273447
                    ],
                    [
                        -42.13489576084482,
                        74.88197919986092
                    ],
                    [
                        -42.13946544950578,
                        74.88431111682578
                    ],
                    [
                        -42.14394967102816,
                        74.88664182001898
                    ],
                    [
                        -42.14853019121783,
                        74.88897367655154
                    ],
                    [
                        -42.15320306603351,
                        74.89130662871646
                    ],
                    [
                        -42.15785885189885,
                        74.8936392534855
                    ],
                    [
                        -42.162673382641245,
                        74.89597382396877
                    ],
                    [
                        -42.1675888797704,
                        74.89830958373042
                    ],
                    [
                        -42.17241541522995,
                        74.900644080792
                    ],
                    [
                        -42.17739797244165,
                        74.9029804690829
                    ],
                    [
                        -42.18232383793447,
                        74.9053160096297
                    ],
                    [
                        -42.187196907498404,
                        74.90765075649168
                    ],
                    [
                        -42.192039310509614,
                        74.90998499623795
                    ],
                    [
                        -42.19686440867547,
                        74.91231890149609
                    ],
                    [
                        -42.201881192664956,
                        74.91465513326108
                    ],
                    [
                        -42.207127312403856,
                        74.91699415549468
                    ],
                    [
                        -42.21238242913072,
                        74.91933315796246
                    ],
                    [
                        -42.21732951451949,
                        74.9216681298958
                    ],
                    [
                        -42.22230954752627,
                        74.92400339914201
                    ],
                    [
                        -42.227448096092196,
                        74.92634054550656
                    ],
                    [
                        -42.23283365076864,
                        74.92868066966682
                    ],
                    [
                        -42.23791970271279,
                        74.93101689493032
                    ],
                    [
                        -42.243005277624945,
                        74.93335298888961
                    ],
                    [
                        -42.24803684023317,
                        74.93568828252076
                    ],
                    [
                        -42.25284765185189,
                        74.93802069990923
                    ],
                    [
                        -42.257578279343015,
                        74.94035200715552
                    ],
                    [
                        -42.26244909006991,
                        74.94268494864878
                    ],
                    [
                        -42.26730202639645,
                        74.94501755391828
                    ],
                    [
                        -42.27218411212958,
                        74.94735040642892
                    ],
                    [
                        -42.27697558757967,
                        74.9496820244312
                    ],
                    [
                        -42.281636631354985,
                        74.95201192329667
                    ],
                    [
                        -42.28632983833591,
                        74.95434211361827
                    ],
                    [
                        -42.291014814089316,
                        74.95667209690407
                    ],
                    [
                        -42.295789624686364,
                        74.9590030763624
                    ],
                    [
                        -42.3005721029293,
                        74.96133404004065
                    ],
                    [
                        -42.30530855519066,
                        74.96366433153163
                    ],
                    [
                        -42.31009275767149,
                        74.9659950974791
                    ],
                    [
                        -42.31483417863357,
                        74.96832523289137
                    ],
                    [
                        -42.319356094766626,
                        74.9706525942907
                    ],
                    [
                        -42.3238228664542,
                        74.97297918929728
                    ],
                    [
                        -42.328311243226956,
                        74.97530595046943
                    ],
                    [
                        -42.33281939212825,
                        74.9776328542665
                    ],
                    [
                        -42.33723196961724,
                        74.97995850860113
                    ],
                    [
                        -42.34169869325145,
                        74.98228472184492
                    ],
                    [
                        -42.34622072510579,
                        74.98461150441204
                    ],
                    [
                        -42.35064550598928,
                        74.98693702321304
                    ],
                    [
                        -42.35500884294063,
                        74.9892617132947
                    ],
                    [
                        -42.35950985895453,
                        74.99158795791202
                    ],
                    [
                        -42.363989321108676,
                        74.99391384897403
                    ],
                    [
                        -42.36835226192052,
                        74.99623825743478
                    ],
                    [
                        -42.3724832064595,
                        74.9985598186054
                    ],
                    [
                        -42.376447588670935,
                        75.00087932312591
                    ],
                    [
                        -42.380471423688164,
                        75.0031994579751
                    ],
                    [
                        -42.38456875996714,
                        75.00552038572225
                    ],
                    [
                        -42.38883264996385,
                        75.00784320020907
                    ],
                    [
                        -42.39297999191199,
                        75.01016455555671
                    ],
                    [
                        -42.39711153601226,
                        75.01248564400419
                    ],
                    [
                        -42.40131709678532,
                        75.01480752107736
                    ],
                    [
                        -42.405508577862236,
                        75.01712914970463
                    ],
                    [
                        -42.40974473517829,
                        75.01945121820344
                    ],
                    [
                        -42.413961415259884,
                        75.0217729746038
                    ],
                    [
                        -42.418201631766344,
                        75.02409492159218
                    ],
                    [
                        -42.42235529662323,
                        75.02641577666928
                    ],
                    [
                        -42.426488723384175,
                        75.02873631554166
                    ],
                    [
                        -42.43056990369901,
                        75.03105616831006
                    ],
                    [
                        -42.43469094990031,
                        75.03337640447342
                    ],
                    [
                        -42.438934976080034,
                        75.03569798202167
                    ],
                    [
                        -42.443073326043184,
                        75.03801825595406
                    ],
                    [
                        -42.44716884638346,
                        75.04033795642626
                    ],
                    [
                        -42.45120351361022,
                        75.04265687890634
                    ],
                    [
                        -42.45527029040071,
                        75.04497609376084
                    ],
                    [
                        -42.45930693567206,
                        75.04729488617171
                    ],
                    [
                        -42.46331859923154,
                        75.04961331686039
                    ],
                    [
                        -42.46727285551555,
                        75.051931017217
                    ],
                    [
                        -42.47107907692207,
                        75.05424695788058
                    ],
                    [
                        -42.47488063920701,
                        75.0565627785086
                    ],
                    [
                        -42.47858599998397,
                        75.05887743962116
                    ],
                    [
                        -42.48229670209722,
                        75.06119209809692
                    ],
                    [
                        -42.486078989641754,
                        75.06350750364889
                    ],
                    [
                        -42.48991337518454,
                        75.06582343202027
                    ],
                    [
                        -42.493639820754304,
                        75.06813807448664
                    ],
                    [
                        -42.49730891825758,
                        75.07045200702228
                    ],
                    [
                        -42.50110464283715,
                        75.07276730199416
                    ],
                    [
                        -42.50487359769632,
                        75.07508222998534
                    ],
                    [
                        -42.508549810262856,
                        75.07739605299392
                    ],
                    [
                        -42.51217997905103,
                        75.07970929877115
                    ],
                    [
                        -42.51561155242713,
                        75.08202026518316
                    ],
                    [
                        -42.51899980548444,
                        75.08433069503164
                    ],
                    [
                        -42.522440649718796,
                        75.0866416590621
                    ],
                    [
                        -42.52583488789656,
                        75.08895205118684
                    ],
                    [
                        -42.52910962551857,
                        75.0912610641665
                    ],
                    [
                        -42.532438249716094,
                        75.09357062691439
                    ],
                    [
                        -42.53571270151342,
                        75.09587954013773
                    ],
                    [
                        -42.53892587667294,
                        75.09818772796665
                    ],
                    [
                        -42.54205915937095,
                        75.10049498782904
                    ],
                    [
                        -42.54522573855998,
                        75.10280257159533
                    ],
                    [
                        -42.54848569442343,
                        75.10511113917782
                    ],
                    [
                        -42.55183356395492,
                        75.10742062596651
                    ],
                    [
                        -42.55530971833774,
                        75.10973147068444
                    ],
                    [
                        -42.558707839654716,
                        75.11204140577442
                    ],
                    [
                        -42.562142000084904,
                        75.11435168341009
                    ],
                    [
                        -42.565634420412145,
                        75.11666254451694
                    ],
                    [
                        -42.569010478243676,
                        75.11897208143573
                    ],
                    [
                        -42.57243619251263,
                        75.12128210816878
                    ],
                    [
                        -42.57594839267329,
                        75.12359302265553
                    ],
                    [
                        -42.57941334486261,
                        75.1259033686288
                    ],
                    [
                        -42.582790276607774,
                        75.12821270661587
                    ],
                    [
                        -42.586232093556916,
                        75.13052269588277
                    ],
                    [
                        -42.58974266731175,
                        75.13283337495557
                    ],
                    [
                        -42.5932508487791,
                        75.13514397277577
                    ],
                    [
                        -42.59672383639338,
                        75.13745413621987
                    ],
                    [
                        -42.60020956169037,
                        75.13976438253128
                    ],
                    [
                        -42.60382888070124,
                        75.14207600848324
                    ],
                    [
                        -42.60752595906074,
                        75.1443884085868
                    ],
                    [
                        -42.611156198207766,
                        75.1467000316388
                    ],
                    [
                        -42.61461874798136,
                        75.14900980403496
                    ],
                    [
                        -42.61801393712195,
                        75.15131880443299
                    ],
                    [
                        -42.62142014919798,
                        75.15362787089234
                    ],
                    [
                        -42.624794930677545,
                        75.1559365515508
                    ],
                    [
                        -42.62815994445742,
                        75.15824507794969
                    ],
                    [
                        -42.63154428912803,
                        75.16055375897923
                    ],
                    [
                        -42.63489179555522,
                        75.16286199936565
                    ],
                    [
                        -42.63844406090599,
                        75.16517235322127
                    ],
                    [
                        -42.64222931394029,
                        75.16748510748229
                    ],
                    [
                        -42.64605724885417,
                        75.16979824607887
                    ],
                    [
                        -42.650011286239526,
                        75.17211264315026
                    ],
                    [
                        -42.653894387469364,
                        75.1744262249771
                    ],
                    [
                        -42.65758394857859,
                        75.17673771201686
                    ],
                    [
                        -42.66113801805531,
                        75.1790477215616
                    ],
                    [
                        -42.66461208910789,
                        75.18135683983856
                    ],
                    [
                        -42.66801885778135,
                        75.1836652032556
                    ],
                    [
                        -42.67145343252989,
                        75.18597380451814
                    ],
                    [
                        -42.67490966639096,
                        75.18828257840251
                    ],
                    [
                        -42.67838100403251,
                        75.19059145586337
                    ],
                    [
                        -42.682006819036395,
                        75.19290187864117
                    ],
                    [
                        -42.68572204380102,
                        75.1952131662919
                    ],
                    [
                        -42.68947409690373,
                        75.19752477169945
                    ],
                    [
                        -42.693246224703465,
                        75.1998365203937
                    ],
                    [
                        -42.697039322887754,
                        75.2021484204966
                    ],
                    [
                        -42.70080658914014,
                        75.20445999079452
                    ],
                    [
                        -42.70450231182576,
                        75.20677076467767
                    ],
                    [
                        -42.70818187961082,
                        75.20908131221763
                    ],
                    [
                        -42.711894412182446,
                        75.21139213550795
                    ],
                    [
                        -42.71565141900516,
                        75.21370335000732
                    ],
                    [
                        -42.71933688906321,
                        75.21601377383085
                    ],
                    [
                        -42.72318768315208,
                        75.2183258147456
                    ],
                    [
                        -42.7271016013739,
                        75.22063842829091
                    ],
                    [
                        -42.731024062927034,
                        75.22295105907371
                    ],
                    [
                        -42.73503074373108,
                        75.22526447028606
                    ],
                    [
                        -42.73925538520631,
                        75.22758000393702
                    ],
                    [
                        -42.74361792696632,
                        75.22989684217845
                    ],
                    [
                        -42.74798192836803,
                        75.23221360810683
                    ],
                    [
                        -42.75209665093197,
                        75.23452779225795
                    ],
                    [
                        -42.75593388840304,
                        75.23683912775131
                    ],
                    [
                        -42.759572691178185,
                        75.23914841845202
                    ],
                    [
                        -42.763169797845435,
                        75.24145723528974
                    ],
                    [
                        -42.76675371063453,
                        75.24376586371963
                    ],
                    [
                        -42.770308257626006,
                        75.24607414403579
                    ],
                    [
                        -42.774136764874115,
                        75.24838508131941
                    ],
                    [
                        -42.77823163703143,
                        75.25069858528457
                    ],
                    [
                        -42.78264928065784,
                        75.25301519637839
                    ],
                    [
                        -42.78738471894637,
                        75.25533484516673
                    ],
                    [
                        -42.79218650105312,
                        75.25765504233193
                    ],
                    [
                        -42.797115299305815,
                        75.25997637744409
                    ],
                    [
                        -42.80193609271429,
                        75.26229654594074
                    ],
                    [
                        -42.806744444163094,
                        75.2646164866443
                    ],
                    [
                        -42.811607413892645,
                        75.26693685245719
                    ],
                    [
                        -42.81675577112913,
                        75.26925987777543
                    ],
                    [
                        -42.821782020213845,
                        75.27158159992618
                    ],
                    [
                        -42.826552502126255,
                        75.27390073771699
                    ],
                    [
                        -42.831163545017226,
                        75.276218236227
                    ],
                    [
                        -42.83606117021234,
                        75.27853839107864
                    ],
                    [
                        -42.841428533523775,
                        75.28086293722177
                    ],
                    [
                        -42.846757903027566,
                        75.28318698778826
                    ],
                    [
                        -42.851884829799076,
                        75.28550897830294
                    ],
                    [
                        -42.85675540117983,
                        75.28782841092266
                    ],
                    [
                        -42.861808366969385,
                        75.29014946524907
                    ],
                    [
                        -42.86667018877173,
                        75.29246859431491
                    ],
                    [
                        -42.87160082788471,
                        75.29478826509923
                    ],
                    [
                        -42.87675922365282,
                        75.2971099691179
                    ],
                    [
                        -42.88208897487151,
                        75.29943316025735
                    ],
                    [
                        -42.88754687101925,
                        75.30175742109047
                    ],
                    [
                        -42.8929019412922,
                        75.30408058515283
                    ],
                    [
                        -42.89807991585474,
                        75.3064019685792
                    ],
                    [
                        -42.90339717894864,
                        75.3087245233319
                    ],
                    [
                        -42.90864396851817,
                        75.31104629592818
                    ],
                    [
                        -42.91373322896007,
                        75.3133664872895
                    ],
                    [
                        -42.9188812749018,
                        75.31568710236012
                    ],
                    [
                        -42.923923581468166,
                        75.31800662470725
                    ],
                    [
                        -42.928810208126585,
                        75.32032460403921
                    ],
                    [
                        -42.933775931211834,
                        75.32264319839105
                    ],
                    [
                        -42.938452517202364,
                        75.32495904311442
                    ],
                    [
                        -42.94307441573522,
                        75.32727429135271
                    ],
                    [
                        -42.94717346141009,
                        75.32958469548561
                    ],
                    [
                        -42.950949934099164,
                        75.33189210155798
                    ],
                    [
                        -42.954547319862506,
                        75.33419782518833
                    ],
                    [
                        -42.958111779230364,
                        75.33650319545094
                    ],
                    [
                        -42.96161997294612,
                        75.33880800372953
                    ],
                    [
                        -42.96502066141754,
                        75.34111179196955
                    ],
                    [
                        -42.96837594774174,
                        75.3434151231576
                    ],
                    [
                        -42.97181041540597,
                        75.34571911619567
                    ],
                    [
                        -42.975315922463594,
                        75.34802369433129
                    ],
                    [
                        -42.97890115204884,
                        75.35032893152068
                    ],
                    [
                        -42.98253353071628,
                        75.35263453339475
                    ],
                    [
                        -42.985960205004794,
                        75.35493824855043
                    ],
                    [
                        -42.98937660842265,
                        75.35724182242964
                    ],
                    [
                        -42.992814668170226,
                        75.35954553849875
                    ],
                    [
                        -42.99637051428926,
                        75.36185024597478
                    ],
                    [
                        -43.00006014772401,
                        75.36415608009112
                    ],
                    [
                        -43.00356646128026,
                        75.36646024020446
                    ],
                    [
                        -43.00699357716206,
                        75.36876365125576
                    ],
                    [
                        -43.010325590526335,
                        75.37106617757793
                    ],
                    [
                        -43.01370061937124,
                        75.37336903393471
                    ],
                    [
                        -43.017209799812704,
                        75.37567301522044
                    ],
                    [
                        -43.020963175925054,
                        75.37797907503152
                    ],
                    [
                        -43.02474648824145,
                        75.38028533445701
                    ],
                    [
                        -43.0284571796881,
                        75.38259090060825
                    ],
                    [
                        -43.03222743283741,
                        75.38489692382754
                    ],
                    [
                        -43.0360399775845,
                        75.38720325146168
                    ],
                    [
                        -43.03999097680817,
                        75.38951071172552
                    ],
                    [
                        -43.04422820332376,
                        75.39182057012385
                    ],
                    [
                        -43.048731309194,
                        75.39413263461589
                    ],
                    [
                        -43.05391901554732,
                        75.39645047745009
                    ],
                    [
                        -43.0592839653403,
                        75.39876971382898
                    ],
                    [
                        -43.06465826752616,
                        75.40108890004628
                    ],
                    [
                        -43.07007181923633,
                        75.403408289452
                    ],
                    [
                        -43.07582590998767,
                        75.40573043091501
                    ],
                    [
                        -43.08148853669471,
                        75.40805165044615
                    ],
                    [
                        -43.08730543956567,
                        75.41037402351374
                    ],
                    [
                        -43.09320692550968,
                        75.41269695312286
                    ],
                    [
                        -43.09910188097563,
                        75.41501967062676
                    ],
                    [
                        -43.10497262414716,
                        75.41734202927108
                    ],
                    [
                        -43.11077983983205,
                        75.41966370450488
                    ],
                    [
                        -43.11648186826508,
                        75.42198435654468
                    ],
                    [
                        -43.1221632790419,
                        75.42430469187279
                    ],
                    [
                        -43.12764784621567,
                        75.42662326207753
                    ],
                    [
                        -43.133212824815054,
                        75.42894235679641
                    ],
                    [
                        -43.139204395607734,
                        75.43126480040159
                    ],
                    [
                        -43.14552874990036,
                        75.43358979341288
                    ],
                    [
                        -43.152103683209496,
                        75.43591663968976
                    ],
                    [
                        -43.158732834873575,
                        75.43824372894898
                    ],
                    [
                        -43.16536878936267,
                        75.44057067438054
                    ],
                    [
                        -43.1718337708494,
                        75.44289604870757
                    ],
                    [
                        -43.178458291390164,
                        75.44522251010315
                    ],
                    [
                        -43.18507147020889,
                        75.44754868308065
                    ],
                    [
                        -43.19180199270252,
                        75.44987558984839
                    ],
                    [
                        -43.19813768722245,
                        75.45219917129992
                    ],
                    [
                        -43.20452639280421,
                        75.45452298961838
                    ],
                    [
                        -43.21137032104419,
                        75.45685019588404
                    ],
                    [
                        -43.218387563288275,
                        75.45917854515268
                    ],
                    [
                        -43.225954774116516,
                        75.46151095096528
                    ],
                    [
                        -43.23320081063853,
                        75.46384061094189
                    ],
                    [
                        -43.241282019569454,
                        75.46617647391831
                    ],
                    [
                        -43.25005845181351,
                        75.46846834651163
                    ],
                    [
                        -43.25884915305249,
                        75.47066517793513
                    ],
                    [
                        -43.2676388486043,
                        75.47289231229702
                    ],
                    [
                        -43.27644564778464,
                        75.47499921038812
                    ],
                    [
                        -43.28526834549509,
                        75.47699418028363
                    ],
                    [
                        -43.294099707074665,
                        75.478936474292
                    ],
                    [
                        -43.30293943902318,
                        75.48082778471881
                    ],
                    [
                        -43.31177175114916,
                        75.48280169134219
                    ],
                    [
                        -43.32059352426859,
                        75.48488614989414
                    ],
                    [
                        -43.32941285107754,
                        75.48701331216431
                    ],
                    [
                        -43.33822190642324,
                        75.48925146270818
                    ],
                    [
                        -43.34702820710247,
                        75.49153705555096
                    ],
                    [
                        -43.35569275480653,
                        75.49387297205178
                    ],
                    [
                        -43.36389890036736,
                        75.49620527148441
                    ],
                    [
                        -43.37152273968745,
                        75.49853312252436
                    ],
                    [
                        -43.37869381728725,
                        75.50085750397888
                    ],
                    [
                        -43.38561819666281,
                        75.5031799145988
                    ],
                    [
                        -43.392553022742526,
                        75.50550218474042
                    ],
                    [
                        -43.39958620954919,
                        75.50782492847605
                    ],
                    [
                        -43.40646541554048,
                        75.51014637943041
                    ],
                    [
                        -43.4133349321059,
                        75.51246755244915
                    ],
                    [
                        -43.420329158244265,
                        75.51478937604139
                    ],
                    [
                        -43.42738366569701,
                        75.51711139591802
                    ],
                    [
                        -43.434684726461924,
                        75.51943487983469
                    ],
                    [
                        -43.442076062451804,
                        75.52175874046284
                    ],
                    [
                        -43.449680517114594,
                        75.52408380035506
                    ],
                    [
                        -43.45737779301749,
                        75.52640922770246
                    ],
                    [
                        -43.465083885054945,
                        75.5287344502413
                    ],
                    [
                        -43.47281301361425,
                        75.53105956194294
                    ],
                    [
                        -43.48038043455484,
                        75.53338333573743
                    ],
                    [
                        -43.487758103690226,
                        75.5357056032754
                    ],
                    [
                        -43.49493348506938,
                        75.5380263012998
                    ],
                    [
                        -43.502172178507685,
                        75.54034718455803
                    ],
                    [
                        -43.509576901379816,
                        75.54266891449694
                    ],
                    [
                        -43.51683551223382,
                        75.54498945658486
                    ],
                    [
                        -43.523905858787124,
                        75.547308554051
                    ],
                    [
                        -43.531093426237945,
                        75.54962818079576
                    ],
                    [
                        -43.53830125763539,
                        75.55194770802976
                    ],
                    [
                        -43.545573207556124,
                        75.55426741177752
                    ],
                    [
                        -43.55274594180497,
                        75.55658625621436
                    ],
                    [
                        -43.560025589236005,
                        75.55890554388658
                    ],
                    [
                        -43.567076839778615,
                        75.56122317237234
                    ],
                    [
                        -43.57403502580853,
                        75.56354000375588
                    ],
                    [
                        -43.58093629459323,
                        75.56585627017535
                    ],
                    [
                        -43.58797103775957,
                        75.56817314723827
                    ],
                    [
                        -43.59485780320625,
                        75.57048890149056
                    ],
                    [
                        -43.60166101297178,
                        75.57280393874666
                    ],
                    [
                        -43.608547709934186,
                        75.57511927801534
                    ],
                    [
                        -43.61550373759624,
                        75.57743482639329
                    ],
                    [
                        -43.62214709336326,
                        75.57974828868974
                    ],
                    [
                        -43.62863810264817,
                        75.58206064910684
                    ],
                    [
                        -43.635017896582305,
                        75.58437216516349
                    ],
                    [
                        -43.64127963041128,
                        75.58668280608512
                    ],
                    [
                        -43.64741461573088,
                        75.58899253084851
                    ],
                    [
                        -43.653564959734226,
                        75.59130218155487
                    ],
                    [
                        -43.659632996491645,
                        75.59361118823783
                    ],
                    [
                        -43.66563888869351,
                        75.59591967459123
                    ],
                    [
                        -43.67152196009873,
                        75.59822729561006
                    ],
                    [
                        -43.67727588569078,
                        75.6005340247846
                    ],
                    [
                        -43.68298779953571,
                        75.60284037052907
                    ],
                    [
                        -43.68859925684478,
                        75.60514600340444
                    ],
                    [
                        -43.69412461715239,
                        75.60745101248735
                    ],
                    [
                        -43.69964662327114,
                        75.60975587125743
                    ],
                    [
                        -43.70525953028838,
                        75.6120611096129
                    ],
                    [
                        -43.71095154561291,
                        75.61436665477682
                    ],
                    [
                        -43.716726382303676,
                        75.61667252141224
                    ],
                    [
                        -43.72268292387777,
                        75.61897925099784
                    ],
                    [
                        -43.72865080835607,
                        75.62128588982135
                    ],
                    [
                        -43.73482797068696,
                        75.62359352295788
                    ],
                    [
                        -43.741165123807754,
                        75.62590186414275
                    ],
                    [
                        -43.74742801689576,
                        75.62820962812333
                    ],
                    [
                        -43.75366709121417,
                        75.63051709368521
                    ],
                    [
                        -43.75984891507298,
                        75.63282408324534
                    ],
                    [
                        -43.766058152571595,
                        75.63513105426931
                    ],
                    [
                        -43.77233797450635,
                        75.63743823414163
                    ],
                    [
                        -43.77870247251293,
                        75.63974569154203
                    ],
                    [
                        -43.78499131719961,
                        75.64205257580413
                    ],
                    [
                        -43.791262896110396,
                        75.6443591989637
                    ],
                    [
                        -43.797505638109634,
                        75.64666550231398
                    ],
                    [
                        -43.803801732957076,
                        75.64897191390858
                    ],
                    [
                        -43.80999353339539,
                        75.6512776174977
                    ],
                    [
                        -43.81618756606621,
                        75.65358316749871
                    ],
                    [
                        -43.82237160269613,
                        75.65588850150311
                    ],
                    [
                        -43.82862906502673,
                        75.65819404312532
                    ],
                    [
                        -43.83508738195961,
                        75.66050042835504
                    ],
                    [
                        -43.84155334534734,
                        75.6628066721703
                    ],
                    [
                        -43.84811013454566,
                        75.6651131882709
                    ],
                    [
                        -43.85463074967655,
                        75.66741934001702
                    ],
                    [
                        -43.86113216181453,
                        75.66972521417965
                    ],
                    [
                        -43.86757104642159,
                        75.67203060048894
                    ],
                    [
                        -43.874036640675314,
                        75.67433593856285
                    ],
                    [
                        -43.880532169827084,
                        75.67664124178313
                    ],
                    [
                        -43.88703355629862,
                        75.67894639189512
                    ],
                    [
                        -43.89349008024095,
                        75.68125114610324
                    ],
                    [
                        -43.89986537163056,
                        75.6835553355745
                    ],
                    [
                        -43.906162741734285,
                        75.68585898292268
                    ],
                    [
                        -43.91242564780828,
                        75.688162298786
                    ],
                    [
                        -43.918610122936336,
                        75.69046508091233
                    ],
                    [
                        -43.924793265547066,
                        75.69276769357727
                    ],
                    [
                        -43.93094915430483,
                        75.69507001740382
                    ],
                    [
                        -43.93708750590137,
                        75.69737209925528
                    ],
                    [
                        -43.94319450609689,
                        75.69967387766981
                    ],
                    [
                        -43.94931804874657,
                        75.7019755722896
                    ],
                    [
                        -43.9554797187912,
                        75.70427727906085
                    ],
                    [
                        -43.96174160515055,
                        75.70657927286845
                    ],
                    [
                        -43.96797372853508,
                        75.7088809672685
                    ],
                    [
                        -43.974244549698966,
                        75.71118266746802
                    ],
                    [
                        -43.98050497472608,
                        75.71348415465238
                    ],
                    [
                        -43.98676546447686,
                        75.71578547543112
                    ],
                    [
                        -43.9930952372335,
                        75.71808693012653
                    ],
                    [
                        -43.99941460986193,
                        75.72038816961444
                    ],
                    [
                        -44.0057367667194,
                        75.72268925129829
                    ],
                    [
                        -44.01202146044934,
                        75.72499000381673
                    ],
                    [
                        -44.01837542642678,
                        75.72729088145171
                    ],
                    [
                        -44.02479473744422,
                        75.72959186197396
                    ],
                    [
                        -44.03113816128766,
                        75.73189235106577
                    ],
                    [
                        -44.03737574046191,
                        75.73419223108783
                    ],
                    [
                        -44.043584883129924,
                        75.73649182938506
                    ],
                    [
                        -44.04972276092729,
                        75.73879097330207
                    ],
                    [
                        -44.05582571280362,
                        75.74108981626951
                    ],
                    [
                        -44.06195164813287,
                        75.74338859478654
                    ],
                    [
                        -44.068102008757336,
                        75.74568731284468
                    ],
                    [
                        -44.07418540771941,
                        75.74798560483354
                    ],
                    [
                        -44.08031188135593,
                        75.75028391121161
                    ],
                    [
                        -44.08653575829854,
                        75.75258244185092
                    ],
                    [
                        -44.09288678154887,
                        75.75488130476168
                    ],
                    [
                        -44.09935096242691,
                        75.75718043525062
                    ],
                    [
                        -44.10579114069888,
                        75.75947929696278
                    ],
                    [
                        -44.11221734891866,
                        75.76177793027082
                    ],
                    [
                        -44.11861399662366,
                        75.76407627743427
                    ],
                    [
                        -44.12494872377086,
                        75.76637421945152
                    ],
                    [
                        -44.13120481378155,
                        75.76867169922332
                    ],
                    [
                        -44.137418810649,
                        75.77096885860301
                    ],
                    [
                        -44.14356467222529,
                        75.77326560540004
                    ],
                    [
                        -44.14967348303409,
                        75.77556205861548
                    ],
                    [
                        -44.15589928589577,
                        75.777858779174
                    ],
                    [
                        -44.16221195257912,
                        75.7801556493098
                    ],
                    [
                        -44.16854052470438,
                        75.78245240888123
                    ],
                    [
                        -44.1748849587514,
                        75.78474905649227
                    ],
                    [
                        -44.18107459606637,
                        75.78704499178839
                    ],
                    [
                        -44.18723454660836,
                        75.78934066334799
                    ],
                    [
                        -44.19332418899626,
                        75.79163593321002
                    ],
                    [
                        -44.19938807276866,
                        75.79393095991595
                    ],
                    [
                        -44.20539638218709,
                        75.79622564408366
                    ],
                    [
                        -44.211335904447864,
                        75.79851994552885
                    ],
                    [
                        -44.21726219026214,
                        75.80081405593106
                    ],
                    [
                        -44.223150386268394,
                        75.80310789370742
                    ],
                    [
                        -44.22908614487675,
                        75.80540174461653
                    ],
                    [
                        -44.23500000103688,
                        75.80769537753406
                    ],
                    [
                        -44.24090050769163,
                        75.80998882201906
                    ],
                    [
                        -44.246681791653195,
                        75.812281737859
                    ],
                    [
                        -44.25248210845236,
                        75.81457457643373
                    ],
                    [
                        -44.25826690460508,
                        75.81686722671303
                    ],
                    [
                        -44.26398537082691,
                        75.81915952997365
                    ],
                    [
                        -44.26958118220339,
                        75.8214513152948
                    ],
                    [
                        -44.27502471345863,
                        75.82374249988573
                    ],
                    [
                        -44.28049771415441,
                        75.8260336538657
                    ],
                    [
                        -44.28600256032251,
                        75.82832478243414
                    ],
                    [
                        -44.29163241127077,
                        75.83061616544168
                    ],
                    [
                        -44.297231244633785,
                        75.83290732520199
                    ],
                    [
                        -44.30277709673569,
                        75.83519819861542
                    ],
                    [
                        -44.30835714046579,
                        75.83748904718837
                    ],
                    [
                        -44.31392485204758,
                        75.83977973214894
                    ],
                    [
                        -44.31959303964688,
                        75.84207058229948
                    ],
                    [
                        -44.325279990148836,
                        75.84436135484722
                    ],
                    [
                        -44.330909425421055,
                        75.84665183057056
                    ],
                    [
                        -44.336632247549545,
                        75.8489424411373
                    ],
                    [
                        -44.34250392905303,
                        75.85123333532096
                    ],
                    [
                        -44.34848959130993,
                        75.85352440482512
                    ],
                    [
                        -44.35441727235003,
                        75.85581516721128
                    ],
                    [
                        -44.36030986066888,
                        75.85810568949026
                    ],
                    [
                        -44.366231321152256,
                        75.86039614735049
                    ],
                    [
                        -44.3722419383113,
                        75.86268670004125
                    ],
                    [
                        -44.37825607219111,
                        75.86497711363117
                    ],
                    [
                        -44.38429463657238,
                        75.8672674428172
                    ],
                    [
                        -44.39035623454143,
                        75.86955768212395
                    ],
                    [
                        -44.39646175031302,
                        75.87184788353207
                    ],
                    [
                        -44.40258429521262,
                        75.87413797518057
                    ],
                    [
                        -44.40872203484453,
                        75.876427951169
                    ],
                    [
                        -44.41484968369143,
                        75.8787177473327
                    ],
                    [
                        -44.420843305853275,
                        75.88100705885289
                    ],
                    [
                        -44.42682387208566,
                        75.88329619154257
                    ],
                    [
                        -44.432741172770235,
                        75.885585025216
                    ],
                    [
                        -44.438583564420604,
                        75.88787353696985
                    ],
                    [
                        -44.44448422482762,
                        75.89016204750139
                    ],
                    [
                        -44.45033731161538,
                        75.89245030484557
                    ],
                    [
                        -44.45607402952314,
                        75.8947381534595
                    ],
                    [
                        -44.461706380943845,
                        75.89702562954952
                    ],
                    [
                        -44.46725809195411,
                        75.89931279456721
                    ],
                    [
                        -44.47291546303809,
                        75.9016000721
                    ],
                    [
                        -44.478628313686855,
                        75.9038873432166
                    ],
                    [
                        -44.484259826987966,
                        75.9061743038979
                    ],
                    [
                        -44.489815327070765,
                        75.90846097168345
                    ],
                    [
                        -44.49529936243587,
                        75.91074736185764
                    ],
                    [
                        -44.50077686957461,
                        75.91303361733107
                    ],
                    [
                        -44.50623964184653,
                        75.91531972140777
                    ],
                    [
                        -44.51162446370939,
                        75.91760554403332
                    ],
                    [
                        -44.5169747467214,
                        75.9198911797689
                    ],
                    [
                        -44.522314464310966,
                        75.92217667969852
                    ],
                    [
                        -44.5276290747412,
                        75.9244620154389
                    ],
                    [
                        -44.53290640213061,
                        75.92674716462355
                    ],
                    [
                        -44.53827085223105,
                        75.92903237372757
                    ],
                    [
                        -44.54373360233521,
                        75.93131765841898
                    ],
                    [
                        -44.5492306989928,
                        75.93360288949616
                    ],
                    [
                        -44.55478431240265,
                        75.93588810646546
                    ],
                    [
                        -44.560390956946186,
                        75.93817329884013
                    ],
                    [
                        -44.56597565447207,
                        75.94045832482739
                    ],
                    [
                        -44.57151390431496,
                        75.94274314154654
                    ],
                    [
                        -44.57705048089036,
                        75.94502783267707
                    ],
                    [
                        -44.582563583894185,
                        75.94731235981794
                    ],
                    [
                        -44.588108562954396,
                        75.94959682134251
                    ],
                    [
                        -44.593654028808146,
                        75.95188116097967
                    ],
                    [
                        -44.59916492300432,
                        75.95416531920813
                    ],
                    [
                        -44.60460483390278,
                        75.95644923754203
                    ],
                    [
                        -44.61002617234708,
                        75.95873300759632
                    ],
                    [
                        -44.6154242613642,
                        75.96101662310524
                    ],
                    [
                        -44.62073750757046,
                        75.96329998681951
                    ],
                    [
                        -44.626026120358596,
                        75.96558319993731
                    ],
                    [
                        -44.63133749673606,
                        75.96786633816758
                    ],
                    [
                        -44.6366150680061,
                        75.97014931300767
                    ],
                    [
                        -44.64182126523001,
                        75.972432069856
                    ],
                    [
                        -44.64704026395227,
                        75.97471473927283
                    ],
                    [
                        -44.652265762162486,
                        75.97699731118283
                    ],
                    [
                        -44.657527446658214,
                        75.97927982821373
                    ],
                    [
                        -44.66285319981111,
                        75.98156232773913
                    ],
                    [
                        -44.668303939398726,
                        75.98384489089716
                    ],
                    [
                        -44.673725430981186,
                        75.98612729629608
                    ],
                    [
                        -44.679047130567525,
                        75.98840945031993
                    ],
                    [
                        -44.684337676830516,
                        75.9906914514163
                    ],
                    [
                        -44.689677042518476,
                        75.99297340664523
                    ],
                    [
                        -44.695022039342085,
                        75.99525525707548
                    ],
                    [
                        -44.7003686143649,
                        75.99753699724776
                    ],
                    [
                        -44.705723851722944,
                        75.99981863591654
                    ],
                    [
                        -44.711083782836795,
                        76.00210016770271
                    ],
                    [
                        -44.71650645801978,
                        76.00438166184155
                    ],
                    [
                        -44.72191491989044,
                        76.00666302370148
                    ],
                    [
                        -44.72726621192773,
                        76.00894420486942
                    ],
                    [
                        -44.732616623801675,
                        76.01122527284069
                    ],
                    [
                        -44.737958451209195,
                        76.01350621921232
                    ],
                    [
                        -44.74326777759015,
                        76.0157870187194
                    ],
                    [
                        -44.74851152860357,
                        76.0180676385311
                    ],
                    [
                        -44.753686994255624,
                        76.020348080272
                    ],
                    [
                        -44.75883842760247,
                        76.02262839351364
                    ],
                    [
                        -44.763997009805976,
                        76.02490861091825
                    ],
                    [
                        -44.769250191656376,
                        76.0271888171594
                    ],
                    [
                        -44.774628524428735,
                        76.02946903498669
                    ],
                    [
                        -44.780024931182716,
                        76.03174915663836
                    ],
                    [
                        -44.78536216724205,
                        76.03402911107717
                    ],
                    [
                        -44.79066720148181,
                        76.03630892616542
                    ],
                    [
                        -44.79597762995997,
                        76.03858863644717
                    ],
                    [
                        -44.801368933077036,
                        76.04086830477392
                    ],
                    [
                        -44.806744643766926,
                        76.04314784717026
                    ],
                    [
                        -44.81206072128093,
                        76.0454272299116
                    ],
                    [
                        -44.817368074921646,
                        76.04770649622895
                    ],
                    [
                        -44.82272637858744,
                        76.04998569130096
                    ],
                    [
                        -44.82816044724732,
                        76.0522648296652
                    ],
                    [
                        -44.83358714570675,
                        76.05454384795416
                    ],
                    [
                        -44.83898283222458,
                        76.05682273071882
                    ],
                    [
                        -44.844340483853635,
                        76.05910147554049
                    ],
                    [
                        -44.84963351309287,
                        76.0613800682467
                    ],
                    [
                        -44.8549361920815,
                        76.06365855854764
                    ],
                    [
                        -44.860181431822,
                        76.0659369064202
                    ],
                    [
                        -44.865449191740005,
                        76.06821516097618
                    ],
                    [
                        -44.87069237967811,
                        76.07049329517777
                    ],
                    [
                        -44.875890621754664,
                        76.07277130008472
                    ],
                    [
                        -44.881168656595534,
                        76.07504924102273
                    ],
                    [
                        -44.88651491360203,
                        76.07732710720157
                    ],
                    [
                        -44.89193286525397,
                        76.07960489564041
                    ],
                    [
                        -44.897376232903525,
                        76.0818825815443
                    ],
                    [
                        -44.90281515786815,
                        76.08416015103982
                    ],
                    [
                        -44.90818844028415,
                        76.086437580908
                    ],
                    [
                        -44.91351911838534,
                        76.0887148840256
                    ],
                    [
                        -44.918815035826626,
                        76.09099206598925
                    ],
                    [
                        -44.92415298280206,
                        76.09326915363148
                    ],
                    [
                        -44.929460440365574,
                        76.09554612272497
                    ],
                    [
                        -44.934666123527435,
                        76.09782295583956
                    ],
                    [
                        -44.939848495358035,
                        76.10009967951959
                    ],
                    [
                        -44.945081783401044,
                        76.10237631244786
                    ],
                    [
                        -44.9503126344781,
                        76.10465284020995
                    ],
                    [
                        -44.955565010054634,
                        76.10692926748503
                    ],
                    [
                        -44.96089586050953,
                        76.10920560224484
                    ],
                    [
                        -44.96620920879605,
                        76.11148182570481
                    ],
                    [
                        -44.97148144082241,
                        76.11375793627025
                    ],
                    [
                        -44.97677516562862,
                        76.11603394282386
                    ],
                    [
                        -44.98212168718179,
                        76.11830984633583
                    ],
                    [
                        -44.98750793443245,
                        76.1205856426289
                    ],
                    [
                        -44.99284433143858,
                        76.12286132640271
                    ],
                    [
                        -44.998199649411845,
                        76.12513690158472
                    ],
                    [
                        -45.00354210456728,
                        76.12741236743162
                    ],
                    [
                        -45.00882088744656,
                        76.12968772674382
                    ],
                    [
                        -45.01410257906717,
                        76.13196297987584
                    ],
                    [
                        -45.01931147995493,
                        76.13423813281838
                    ],
                    [
                        -45.02450461068042,
                        76.13651318454328
                    ],
                    [
                        -45.02974334915724,
                        76.13878812850223
                    ],
                    [
                        -45.03503326934673,
                        76.14106296093641
                    ],
                    [
                        -45.04041921534283,
                        76.14333767093164
                    ],
                    [
                        -45.045865563599094,
                        76.14561225889749
                    ],
                    [
                        -45.051273417849984,
                        76.14788674198827
                    ],
                    [
                        -45.056628224961656,
                        76.15016112631332
                    ],
                    [
                        -45.061964662413764,
                        76.15243540650812
                    ],
                    [
                        -45.06731739624057,
                        76.15470957410751
                    ],
                    [
                        -45.07276245678891,
                        76.15698360497771
                    ],
                    [
                        -45.07826276736433,
                        76.15925750501196
                    ],
                    [
                        -45.08364518654747,
                        76.16153133101388
                    ],
                    [
                        -45.088952037079174,
                        76.16380507525581
                    ],
                    [
                        -45.094217874997504,
                        76.16607872921377
                    ],
                    [
                        -45.0995065779662,
                        76.16835226911608
                    ],
                    [
                        -45.10477223634273,
                        76.17062571358676
                    ],
                    [
                        -45.11009102027227,
                        76.17289902921507
                    ],
                    [
                        -45.115451119994916,
                        76.17517221821925
                    ],
                    [
                        -45.12076655865518,
                        76.17744532122136
                    ],
                    [
                        -45.12607915108143,
                        76.17971831925247
                    ],
                    [
                        -45.131446687041155,
                        76.1819911808859
                    ],
                    [
                        -45.136810902645415,
                        76.18426393574505
                    ],
                    [
                        -45.14210704150336,
                        76.1865366224796
                    ],
                    [
                        -45.14734415659481,
                        76.18880924007505
                    ],
                    [
                        -45.152550032875595,
                        76.191081774771
                    ],
                    [
                        -45.15780001796946,
                        76.19335417911391
                    ],
                    [
                        -45.16306790666094,
                        76.19562646808075
                    ],
                    [
                        -45.16824713213535,
                        76.19789871526065
                    ],
                    [
                        -45.173407930787356,
                        76.20017087570078
                    ],
                    [
                        -45.17860983785873,
                        76.20244290636342
                    ],
                    [
                        -45.18385615897891,
                        76.20471480211417
                    ],
                    [
                        -45.18914966957265,
                        76.20698655792727
                    ],
                    [
                        -45.19445421144331,
                        76.20925820002216
                    ],
                    [
                        -45.19981087797135,
                        76.21152969356228
                    ],
                    [
                        -45.205264347546574,
                        76.21380099698514
                    ],
                    [
                        -45.210767782761565,
                        76.2160721448704
                    ],
                    [
                        -45.21624027067335,
                        76.21834320665499
                    ],
                    [
                        -45.22167680880829,
                        76.2206141891096
                    ],
                    [
                        -45.227090718939,
                        76.22288508213609
                    ],
                    [
                        -45.232490003651385,
                        76.22515587957525
                    ],
                    [
                        -45.237894587138335,
                        76.22742656276105
                    ],
                    [
                        -45.24330784447605,
                        76.22969712798326
                    ],
                    [
                        -45.248751911645996,
                        76.23196755183815
                    ],
                    [
                        -45.254153158567505,
                        76.23423791006704
                    ],
                    [
                        -45.259559239789404,
                        76.23650815421138
                    ],
                    [
                        -45.2649626145403,
                        76.23877829230378
                    ],
                    [
                        -45.2703179850037,
                        76.24104837543508
                    ],
                    [
                        -45.275750804320396,
                        76.24331826323797
                    ],
                    [
                        -45.281245610940516,
                        76.24558796862385
                    ],
                    [
                        -45.286771112164104,
                        76.24785752469371
                    ],
                    [
                        -45.29227482076934,
                        76.25012699308218
                    ],
                    [
                        -45.29776482851872,
                        76.25239636533185
                    ],
                    [
                        -45.30330862779513,
                        76.25466555751268
                    ],
                    [
                        -45.30886215329694,
                        76.25693462246387
                    ],
                    [
                        -45.314452580056546,
                        76.25920352414153
                    ],
                    [
                        -45.31998459696535,
                        76.26147238654613
                    ],
                    [
                        -45.325504894232886,
                        76.26374115071506
                    ],
                    [
                        -45.33116544200531,
                        76.26600960893222
                    ],
                    [
                        -45.336907272151954,
                        76.26827783382694
                    ],
                    [
                        -45.34266411550209,
                        76.2705459138251
                    ],
                    [
                        -45.34843921112867,
                        76.27281384325131
                    ],
                    [
                        -45.35421938360371,
                        76.27508164020722
                    ],
                    [
                        -45.36004636002563,
                        76.27734924217376
                    ],
                    [
                        -45.36594926716247,
                        76.27961660172245
                    ],
                    [
                        -45.37191188481513,
                        76.2818837383868
                    ],
                    [
                        -45.37802771850982,
                        76.2841505015394
                    ],
                    [
                        -45.38430681650166,
                        76.28641686374645
                    ],
                    [
                        -45.390531278495935,
                        76.28868316475838
                    ],
                    [
                        -45.39674584747681,
                        76.29094933538111
                    ],
                    [
                        -45.40299000412131,
                        76.29321531062442
                    ],
                    [
                        -45.40939096676567,
                        76.29548087288757
                    ],
                    [
                        -45.41579674118235,
                        76.29774627135413
                    ],
                    [
                        -45.42213940402971,
                        76.30001162430618
                    ],
                    [
                        -45.428437240704376,
                        76.30227690434603
                    ],
                    [
                        -45.43472432512133,
                        76.30454205378328
                    ],
                    [
                        -45.44097417635085,
                        76.30680712179169
                    ],
                    [
                        -45.44725134866138,
                        76.3090719919943
                    ],
                    [
                        -45.45355834431802,
                        76.31133665767719
                    ],
                    [
                        -45.45986394335374,
                        76.31360117592753
                    ],
                    [
                        -45.466151095529895,
                        76.31586557976163
                    ],
                    [
                        -45.47246620668568,
                        76.31812978013313
                    ],
                    [
                        -45.478840133411005,
                        76.32039371395021
                    ],
                    [
                        -45.48519088606777,
                        76.32265754095482
                    ],
                    [
                        -45.491527147060815,
                        76.32492124541064
                    ],
                    [
                        -45.49790223839217,
                        76.3271847189514
                    ],
                    [
                        -45.504363052658285,
                        76.32944786103819
                    ],
                    [
                        -45.51071932653377,
                        76.33171106597358
                    ],
                    [
                        -45.51705197241236,
                        76.33397416938759
                    ],
                    [
                        -45.52339804651944,
                        76.33623709319319
                    ],
                    [
                        -45.52973873569745,
                        76.33849987752852
                    ],
                    [
                        -45.536115500983314,
                        76.34076243124255
                    ],
                    [
                        -45.542531237358176,
                        76.34302474513292
                    ],
                    [
                        -45.549070058425194,
                        76.34528662587891
                    ],
                    [
                        -45.55556536327702,
                        76.34754844525276
                    ],
                    [
                        -45.56211547563689,
                        76.3498099790647
                    ],
                    [
                        -45.56873147230281,
                        76.35207119706847
                    ],
                    [
                        -45.5753164695538,
                        76.35433232365571
                    ],
                    [
                        -45.581867876739985,
                        76.35659336760733
                    ],
                    [
                        -45.58846304499021,
                        76.35885414426183
                    ],
                    [
                        -45.59502051631545,
                        76.36111484976145
                    ],
                    [
                        -45.60158744979309,
                        76.36337537041668
                    ],
                    [
                        -45.60805522669467,
                        76.36563597741808
                    ],
                    [
                        -45.61457253118373,
                        76.36789630265676
                    ],
                    [
                        -45.62109161581757,
                        76.37015646431492
                    ],
                    [
                        -45.62762163696819,
                        76.37241643869378
                    ],
                    [
                        -45.63416946997565,
                        76.3746762070752
                    ],
                    [
                        -45.64072304724843,
                        76.37693579992498
                    ],
                    [
                        -45.647293672525244,
                        76.37919518678459
                    ],
                    [
                        -45.653957045763335,
                        76.38145416286714
                    ],
                    [
                        -45.660680152186785,
                        76.38371281041971
                    ],
                    [
                        -45.66739376055298,
                        76.38597131456146
                    ],
                    [
                        -45.674038697167596,
                        76.38822984005913
                    ],
                    [
                        -45.68082808389605,
                        76.39048779647915
                    ],
                    [
                        -45.687647295288116,
                        76.39274549583621
                    ],
                    [
                        -45.69438801920081,
                        76.39500324468622
                    ],
                    [
                        -45.70115594608189,
                        76.3972607452346
                    ],
                    [
                        -45.70808279176305,
                        76.39951761243812
                    ],
                    [
                        -45.71494250509892,
                        76.40177449661816
                    ],
                    [
                        -45.72181144585393,
                        76.40403117722344
                    ],
                    [
                        -45.72873856200294,
                        76.4062875071973
                    ],
                    [
                        -45.73566378179354,
                        76.40854366309587
                    ],
                    [
                        -45.74249250326026,
                        76.41079993335961
                    ],
                    [
                        -45.749282253115474,
                        76.4130561492484
                    ],
                    [
                        -45.75607691266778,
                        76.41531217798585
                    ],
                    [
                        -45.76278784891949,
                        76.41756829650743
                    ],
                    [
                        -45.76949099216778,
                        76.41982427215106
                    ],
                    [
                        -45.776155716237355,
                        76.4220802030791
                    ],
                    [
                        -45.782879552107964,
                        76.42433577954131
                    ],
                    [
                        -45.78955008962455,
                        76.42659136056032
                    ],
                    [
                        -45.796259747682015,
                        76.42884664901433
                    ],
                    [
                        -45.80293059438395,
                        76.4311018981783
                    ],
                    [
                        -45.809590842401356,
                        76.43335701770758
                    ],
                    [
                        -45.816244349860824,
                        76.4356119956429
                    ],
                    [
                        -45.82299368391028,
                        76.4378664869996
                    ],
                    [
                        -45.82967389634036,
                        76.44012104440071
                    ],
                    [
                        -45.836354128034706,
                        76.44237543680309
                    ],
                    [
                        -45.843056898822354,
                        76.4446295865936
                    ],
                    [
                        -45.84968730682687,
                        76.44688382202239
                    ],
                    [
                        -45.85637322276469,
                        76.44913770096241
                    ],
                    [
                        -45.86327181580513,
                        76.45139066407788
                    ],
                    [
                        -45.870187055162006,
                        76.45364339157514
                    ],
                    [
                        -45.87707020545187,
                        76.45589605696262
                    ],
                    [
                        -45.88400274710263,
                        76.45814836850184
                    ],
                    [
                        -45.89085533852047,
                        76.4604007932408
                    ],
                    [
                        -45.89773424626522,
                        76.46265294794854
                    ],
                    [
                        -45.90472385970349,
                        76.46490451854854
                    ],
                    [
                        -45.911530703294964,
                        76.46715658906916
                    ],
                    [
                        -45.91832647586943,
                        76.46940853042932
                    ],
                    [
                        -45.92515711141426,
                        76.471660170044
                    ],
                    [
                        -45.93205205290983,
                        76.47391139307754
                    ],
                    [
                        -45.93900704858701,
                        76.47616221061126
                    ],
                    [
                        -45.94594264934036,
                        76.47841292457662
                    ],
                    [
                        -45.952724934278834,
                        76.48066405753671
                    ],
                    [
                        -45.959546983980935,
                        76.4829148659549
                    ],
                    [
                        -45.96644101234353,
                        76.48516521963516
                    ],
                    [
                        -45.973317003425166,
                        76.48741547021555
                    ],
                    [
                        -45.9801347111986,
                        76.48966578019142
                    ],
                    [
                        -45.98690151243161,
                        76.49191612471054
                    ],
                    [
                        -45.99365012561651,
                        76.49416637540095
                    ],
                    [
                        -46.00054098008985,
                        76.49641587938748
                    ],
                    [
                        -46.00744363975146,
                        76.49866516079598
                    ],
                    [
                        -46.0144004511184,
                        76.50091404365828
                    ],
                    [
                        -46.02134554887833,
                        76.50316279773526
                    ],
                    [
                        -46.02832202316957,
                        76.50541124354298
                    ],
                    [
                        -46.03542699355477,
                        76.50765896889521
                    ],
                    [
                        -46.042462389824756,
                        76.50990680415234
                    ],
                    [
                        -46.04955025257199,
                        76.51215423361236
                    ],
                    [
                        -46.05657751912391,
                        76.5144017394125
                    ],
                    [
                        -46.06367835627321,
                        76.5166487457285
                    ],
                    [
                        -46.070799767450865,
                        76.51889547744791
                    ],
                    [
                        -46.078020696512546,
                        76.52114158655851
                    ],
                    [
                        -46.085341951873936,
                        76.52338706102803
                    ],
                    [
                        -46.09272335641089,
                        76.52563207084066
                    ],
                    [
                        -46.10019562006608,
                        76.52787647336505
                    ],
                    [
                        -46.107702965514456,
                        76.53012051193387
                    ],
                    [
                        -46.115352980392174,
                        76.53236369553422
                    ],
                    [
                        -46.12322149033092,
                        76.53460566497883
                    ],
                    [
                        -46.130956615876755,
                        76.53684801805235
                    ],
                    [
                        -46.1388518773852,
                        76.53908940855875
                    ],
                    [
                        -46.146855015980506,
                        76.5413300651442
                    ],
                    [
                        -46.15516909804565,
                        76.54356902452965
                    ],
                    [
                        -46.16360534997416,
                        76.54580714854912
                    ],
                    [
                        -46.171899557319186,
                        76.54804568299048
                    ],
                    [
                        -46.180255867294214,
                        76.5502836634911
                    ],
                    [
                        -46.188823008554735,
                        76.55252036603692
                    ],
                    [
                        -46.19756887559073,
                        76.55475592536783
                    ],
                    [
                        -46.20634250828878,
                        76.55699106234589
                    ],
                    [
                        -46.21499157951323,
                        76.55922652547798
                    ],
                    [
                        -46.22386024397513,
                        76.56146061863856
                    ],
                    [
                        -46.23268599352342,
                        76.56369463194027
                    ],
                    [
                        -46.241574553932345,
                        76.56592803752089
                    ],
                    [
                        -46.250583665883205,
                        76.56816053599285
                    ],
                    [
                        -46.25960325638743,
                        76.57039267692636
                    ],
                    [
                        -46.26859018266977,
                        76.57262468129183
                    ],
                    [
                        -46.27765457859133,
                        76.5748559822602
                    ],
                    [
                        -46.28657247964164,
                        76.57708773980555
                    ],
                    [
                        -46.29533718143433,
                        76.5793200048021
                    ],
                    [
                        -46.304201385270304,
                        76.5815514579059
                    ],
                    [
                        -46.31326666751844,
                        76.5837815483295
                    ],
                    [
                        -46.322311176027334,
                        76.58601144310803
                    ],
                    [
                        -46.33130360929738,
                        76.58824131342169
                    ],
                    [
                        -46.34025920910618,
                        76.59047108225457
                    ],
                    [
                        -46.34937949510778,
                        76.59269965268732
                    ],
                    [
                        -46.35861018255453,
                        76.59492730565671
                    ],
                    [
                        -46.36798380534093,
                        76.59715384909103
                    ],
                    [
                        -46.37735461127775,
                        76.5993800797957
                    ],
                    [
                        -46.38687552172474,
                        76.60160514009878
                    ],
                    [
                        -46.39660584475242,
                        76.60382867811516
                    ],
                    [
                        -46.40648712239705,
                        76.60605100246924
                    ],
                    [
                        -46.41655229281964,
                        76.60823572706938
                    ],
                    [
                        -46.4266236641482,
                        76.61044691207827
                    ],
                    [
                        -46.436685476848936,
                        76.61253842971556
                    ],
                    [
                        -46.44674642562913,
                        76.61459254159735
                    ],
                    [
                        -46.45680793597281,
                        76.6166230021505
                    ],
                    [
                        -46.466869407720885,
                        76.61862486679794
                    ],
                    [
                        -46.47693533081825,
                        76.62063902813065
                    ],
                    [
                        -46.48699948068636,
                        76.62260971789051
                    ],
                    [
                        -46.497071353216995,
                        76.6246218998814
                    ],
                    [
                        -46.50712886046332,
                        76.6264804635593
                    ],
                    [
                        -46.517192460647,
                        76.62836721306005
                    ],
                    [
                        -46.52725788769901,
                        76.63024455391626
                    ],
                    [
                        -46.53731905508706,
                        76.6320602081189
                    ],
                    [
                        -46.54737573428867,
                        76.6338134348088
                    ],
                    [
                        -46.557430039166796,
                        76.63552343304433
                    ],
                    [
                        -46.567480821914245,
                        76.63718134205757
                    ],
                    [
                        -46.57753477126596,
                        76.63884431128847
                    ],
                    [
                        -46.587587298115174,
                        76.64047395984906
                    ],
                    [
                        -46.5976404234215,
                        76.64208766478565
                    ],
                    [
                        -46.6076961835065,
                        76.64370248683387
                    ],
                    [
                        -46.61776102835285,
                        76.64537116368683
                    ],
                    [
                        -46.62781725794254,
                        76.64694877125402
                    ],
                    [
                        -46.63787638790888,
                        76.6485300427746
                    ],
                    [
                        -46.64793757499588,
                        76.65010813014237
                    ],
                    [
                        -46.65799589778881,
                        76.65164381553124
                    ],
                    [
                        -46.66805742939823,
                        76.65318603045054
                    ],
                    [
                        -46.67811304588854,
                        76.65466273664812
                    ],
                    [
                        -46.68817080926859,
                        76.65613827283447
                    ],
                    [
                        -46.69822687432562,
                        76.65758271153364
                    ],
                    [
                        -46.70827571515363,
                        76.6589538347701
                    ],
                    [
                        -46.71832688062511,
                        76.66032641022382
                    ],
                    [
                        -46.72837181624714,
                        76.6616349783876
                    ],
                    [
                        -46.73841109818922,
                        76.66288504143218
                    ],
                    [
                        -46.74844400736431,
                        76.66407218147803
                    ],
                    [
                        -46.75847970678022,
                        76.66526634816239
                    ],
                    [
                        -46.7685098970111,
                        76.66640540172311
                    ],
                    [
                        -46.77854933237699,
                        76.66759989425059
                    ],
                    [
                        -46.78858185372117,
                        76.66872950906621
                    ],
                    [
                        -46.79861799600962,
                        76.66987272103148
                    ],
                    [
                        -46.808652025985666,
                        76.67098742196403
                    ],
                    [
                        -46.81868590462706,
                        76.67208832722362
                    ],
                    [
                        -46.82872236460716,
                        76.67319539759366
                    ],
                    [
                        -46.83875734064658,
                        76.67427932805661
                    ],
                    [
                        -46.848794677016585,
                        76.67536795357756
                    ],
                    [
                        -46.85882622741021,
                        76.67640332568025
                    ],
                    [
                        -46.868862164611066,
                        76.67745817710205
                    ],
                    [
                        -46.87889196723094,
                        76.67845825899657
                    ],
                    [
                        -46.88892496921178,
                        76.67946968242617
                    ],
                    [
                        -46.898963527764465,
                        76.68050864528551
                    ],
                    [
                        -46.90900133024522,
                        76.68153105672316
                    ],
                    [
                        -46.91904612103979,
                        76.6825904352314
                    ],
                    [
                        -46.929082154724405,
                        76.68357847801917
                    ],
                    [
                        -46.93911764573142,
                        76.6845522033305
                    ],
                    [
                        -46.94914164099944,
                        76.6854376849461
                    ],
                    [
                        -46.9591733180111,
                        76.6863654401236
                    ],
                    [
                        -46.96921164636666,
                        76.68732790639848
                    ],
                    [
                        -46.979245066017086,
                        76.68824749565917
                    ],
                    [
                        -46.98928814267652,
                        76.68922144621442
                    ],
                    [
                        -46.99932218109518,
                        76.6901255879328
                    ],
                    [
                        -47.009366146254656,
                        76.69108545861457
                    ],
                    [
                        -47.019416077460875,
                        76.69207434478258
                    ],
                    [
                        -47.02945848861586,
                        76.69300417592017
                    ],
                    [
                        -47.03950807371326,
                        76.69397083368064
                    ],
                    [
                        -47.04954130068329,
                        76.69482238038272
                    ],
                    [
                        -47.05957024602067,
                        76.69563782444237
                    ],
                    [
                        -47.069594890647004,
                        76.6964175724889
                    ],
                    [
                        -47.079625133572584,
                        76.69722489276646
                    ],
                    [
                        -47.089656892808264,
                        76.69803363021744
                    ],
                    [
                        -47.09968869931222,
                        76.69883453885765
                    ],
                    [
                        -47.10971733893887,
                        76.6996076487413
                    ],
                    [
                        -47.11974208914308,
                        76.70034886381124
                    ],
                    [
                        -47.1297734203237,
                        76.7011234248908
                    ],
                    [
                        -47.1398056589551,
                        76.70189591434749
                    ],
                    [
                        -47.149833255024,
                        76.70263234103831
                    ],
                    [
                        -47.159867984151724,
                        76.70340504654219
                    ],
                    [
                        -47.169910331288975,
                        76.70421646219205
                    ],
                    [
                        -47.179934711048084,
                        76.70491141876735
                    ],
                    [
                        -47.18995679239357,
                        76.70558578934899
                    ],
                    [
                        -47.199982804896436,
                        76.70627715701976
                    ],
                    [
                        -47.21000120956246,
                        76.70691650902073
                    ],
                    [
                        -47.22002743627906,
                        76.70759610202508
                    ],
                    [
                        -47.23005299314369,
                        76.7082652301972
                    ],
                    [
                        -47.240086390081004,
                        76.7089740654047
                    ],
                    [
                        -47.250115399231994,
                        76.7096505004027
                    ],
                    [
                        -47.260154169807954,
                        76.71037740883712
                    ],
                    [
                        -47.27019621936843,
                        76.71111650934039
                    ],
                    [
                        -47.28024501900668,
                        76.71188767919294
                    ],
                    [
                        -47.29029930495062,
                        76.71268322230146
                    ],
                    [
                        -47.30035826222481,
                        76.71349814708171
                    ],
                    [
                        -47.31042200844358,
                        76.71433286358534
                    ],
                    [
                        -47.32048589489984,
                        76.71516073608832
                    ],
                    [
                        -47.330548064942384,
                        76.7159713651307
                    ],
                    [
                        -47.340633159634685,
                        76.71690353563612
                    ],
                    [
                        -47.35071434884528,
                        76.71780544213813
                    ],
                    [
                        -47.360803136174184,
                        76.71874160031625
                    ],
                    [
                        -47.37089866453899,
                        76.7197068048696
                    ],
                    [
                        -47.380990625266385,
                        76.72064370827022
                    ],
                    [
                        -47.391101138366075,
                        76.72167438600663
                    ],
                    [
                        -47.401215980228564,
                        76.72271969947695
                    ],
                    [
                        -47.411331633183075,
                        76.72376026685303
                    ],
                    [
                        -47.42145287366649,
                        76.72482209092475
                    ],
                    [
                        -47.43157752087444,
                        76.72589310096339
                    ],
                    [
                        -47.44169716349028,
                        76.72692787178987
                    ],
                    [
                        -47.45182718698247,
                        76.72800937674872
                    ],
                    [
                        -47.46197219542233,
                        76.72916161289707
                    ],
                    [
                        -47.47212108395572,
                        76.730324625706
                    ],
                    [
                        -47.482268332398505,
                        76.731469039523
                    ],
                    [
                        -47.492417712183496,
                        76.73261497347904
                    ],
                    [
                        -47.502570310851546,
                        76.73376811650292
                    ],
                    [
                        -47.51272764714619,
                        76.73493631893257
                    ],
                    [
                        -47.5228892647673,
                        76.73611701352445
                    ],
                    [
                        -47.5330606507632,
                        76.73733850705187
                    ],
                    [
                        -47.54323327338022,
                        76.73855621547932
                    ],
                    [
                        -47.55341016467527,
                        76.73978578149116
                    ],
                    [
                        -47.563583871357395,
                        76.74098886223885
                    ],
                    [
                        -47.57375980066027,
                        76.74219337157822
                    ],
                    [
                        -47.58394073433629,
                        76.7434134276685
                    ],
                    [
                        -47.594122099622595,
                        76.74462568831811
                    ],
                    [
                        -47.604298672785326,
                        76.74580390263316
                    ],
                    [
                        -47.614478366440714,
                        76.74698821286347
                    ],
                    [
                        -47.62465944458742,
                        76.74816985803129
                    ],
                    [
                        -47.63483445289222,
                        76.74931172379505
                    ],
                    [
                        -47.64500267203952,
                        76.75041070583039
                    ],
                    [
                        -47.655178214685215,
                        76.75153707074949
                    ],
                    [
                        -47.665352635551635,
                        76.75264890736622
                    ],
                    [
                        -47.67552670929715,
                        76.75375018106351
                    ],
                    [
                        -47.6856944178891,
                        76.75481160615294
                    ],
                    [
                        -47.69586639738599,
                        76.75588540828109
                    ],
                    [
                        -47.706037736854164,
                        76.75694763021146
                    ],
                    [
                        -47.71621145252868,
                        76.75801296961423
                    ],
                    [
                        -47.72638366662494,
                        76.75906272902718
                    ],
                    [
                        -47.736552423352414,
                        76.76008770782296
                    ],
                    [
                        -47.7467201378722,
                        76.76109971650692
                    ],
                    [
                        -47.756885101332536,
                        76.76209076898533
                    ],
                    [
                        -47.76705707052162,
                        76.76310733821394
                    ],
                    [
                        -47.77723331109626,
                        76.76413622395972
                    ],
                    [
                        -47.78740419935012,
                        76.76513201574552
                    ],
                    [
                        -47.79757617835516,
                        76.76612527427493
                    ],
                    [
                        -47.80774319429434,
                        76.76708775839265
                    ],
                    [
                        -47.81791374959331,
                        76.76805935772401
                    ],
                    [
                        -47.82808292427012,
                        76.76901716537702
                    ],
                    [
                        -47.838248810343664,
                        76.76995251877186
                    ],
                    [
                        -47.848410413348,
                        76.77086108467351
                    ],
                    [
                        -47.85857203006228,
                        76.77176284970325
                    ],
                    [
                        -47.86873980425339,
                        76.7726859481507
                    ],
                    [
                        -47.878903296014535,
                        76.77358263094534
                    ],
                    [
                        -47.88907556307638,
                        76.77451239629893
                    ],
                    [
                        -47.89924150668886,
                        76.77540665867085
                    ],
                    [
                        -47.90940805235266,
                        76.77629697796777
                    ],
                    [
                        -47.91958007686277,
                        76.77720527365857
                    ],
                    [
                        -47.92973955654376,
                        76.77805077300273
                    ],
                    [
                        -47.939897288972716,
                        76.7788822404319
                    ],
                    [
                        -47.95005279209391,
                        76.77969768104276
                    ],
                    [
                        -47.96021222202701,
                        76.78052449399162
                    ],
                    [
                        -47.97036265324554,
                        76.78130557673896
                    ],
                    [
                        -47.98050886692906,
                        76.7820624071546
                    ],
                    [
                        -47.99065039802126,
                        76.78279319814197
                    ],
                    [
                        -48.00078188703638,
                        76.78347483291502
                    ],
                    [
                        -48.01091442631789,
                        76.78415604367976
                    ],
                    [
                        -48.02104593851241,
                        76.78482783098902
                    ],
                    [
                        -48.03117924746353,
                        76.78550248340218
                    ],
                    [
                        -48.04130957646061,
                        76.7861594114311
                    ],
                    [
                        -48.0514333973738,
                        76.78678365903919
                    ],
                    [
                        -48.06155576681492,
                        76.78739717020082
                    ],
                    [
                        -48.07167334267829,
                        76.7879858111874
                    ],
                    [
                        -48.08179785471826,
                        76.78859963834933
                    ],
                    [
                        -48.09192335492734,
                        76.78921322467988
                    ],
                    [
                        -48.102050138083015,
                        76.78982781400754
                    ],
                    [
                        -48.11217450429753,
                        76.7904278388725
                    ],
                    [
                        -48.12229748699654,
                        76.7910177717391
                    ],
                    [
                        -48.13242053222382,
                        76.79160374974418
                    ],
                    [
                        -48.14254454264497,
                        76.79218956761514
                    ],
                    [
                        -48.15266534109654,
                        76.7927578918794
                    ],
                    [
                        -48.16277859038347,
                        76.79329095233601
                    ],
                    [
                        -48.17289368224912,
                        76.79382780829388
                    ],
                    [
                        -48.18300088379526,
                        76.79432842506431
                    ],
                    [
                        -48.19310708152284,
                        76.79482135833226
                    ],
                    [
                        -48.203218148831816,
                        76.79533066177338
                    ],
                    [
                        -48.213322650287616,
                        76.79580963391795
                    ],
                    [
                        -48.22342410483693,
                        76.79627283906748
                    ],
                    [
                        -48.23353253376497,
                        76.79676095450944
                    ],
                    [
                        -48.24364778455804,
                        76.79727312760507
                    ],
                    [
                        -48.25375809548388,
                        76.79776186100555
                    ],
                    [
                        -48.263869385389924,
                        76.798251085907
                    ],
                    [
                        -48.27398592542642,
                        76.79875785342877
                    ],
                    [
                        -48.28410803727969,
                        76.7992832780944
                    ],
                    [
                        -48.29422682013934,
                        76.79979185875818
                    ],
                    [
                        -48.30434075048377,
                        76.80027772299728
                    ],
                    [
                        -48.31446111981473,
                        76.80078561565824
                    ],
                    [
                        -48.32458161258902,
                        76.80129049839782
                    ],
                    [
                        -48.33469645151484,
                        76.80176975102954
                    ],
                    [
                        -48.34481036083227,
                        76.80224206940981
                    ],
                    [
                        -48.35492334161754,
                        76.80270751967885
                    ],
                    [
                        -48.36503343690558,
                        76.80315856201312
                    ],
                    [
                        -48.37514002908786,
                        76.80359293447678
                    ],
                    [
                        -48.38524985853941,
                        76.80403680846236
                    ],
                    [
                        -48.395361009436755,
                        76.80448272255933
                    ],
                    [
                        -48.40546829312566,
                        76.80491074617616
                    ],
                    [
                        -48.41557316609559,
                        76.80532661096557
                    ],
                    [
                        -48.42567742373403,
                        76.80573727273371
                    ],
                    [
                        -48.4357906845477,
                        76.80617935607715
                    ],
                    [
                        -48.445898470502954,
                        76.80659768242384
                    ],
                    [
                        -48.45600445192266,
                        76.8070063370987
                    ],
                    [
                        -48.46610969154238,
                        76.8074094101012
                    ],
                    [
                        -48.47622196668203,
                        76.80783617827778
                    ],
                    [
                        -48.4863322186601,
                        76.80825248667334
                    ],
                    [
                        -48.4964333349572,
                        76.80863185174915
                    ],
                    [
                        -48.506534798250506,
                        76.80900992148545
                    ],
                    [
                        -48.51663115429111,
                        76.80936644588172
                    ],
                    [
                        -48.5267263205737,
                        76.80971612021465
                    ],
                    [
                        -48.53681315291567,
                        76.81003261841778
                    ],
                    [
                        -48.54689304865436,
                        76.8103213708971
                    ],
                    [
                        -48.55697544747779,
                        76.81061727661091
                    ],
                    [
                        -48.56704743462873,
                        76.81087298611182
                    ],
                    [
                        -48.57713216209834,
                        76.81117337020292
                    ],
                    [
                        -48.58721201782377,
                        76.81145392729273
                    ],
                    [
                        -48.59728111491244,
                        76.81169345270276
                    ],
                    [
                        -48.60735810677779,
                        76.81195982046192
                    ],
                    [
                        -48.61743195504027,
                        76.81221295458836
                    ],
                    [
                        -48.62750789696837,
                        76.8124718185486
                    ],
                    [
                        -48.6375751150652,
                        76.81269753040259
                    ],
                    [
                        -48.64764541521335,
                        76.81293262871438
                    ],
                    [
                        -48.65771592541518,
                        76.813166781397
                    ],
                    [
                        -48.66778798930092,
                        76.81340477836017
                    ],
                    [
                        -48.67785688006179,
                        76.81362980570654
                    ],
                    [
                        -48.68791823113375,
                        76.81382651014293
                    ],
                    [
                        -48.69798724056919,
                        76.81404878270172
                    ],
                    [
                        -48.70805095448684,
                        76.81425080178816
                    ],
                    [
                        -48.718117796074395,
                        76.81446230902655
                    ],
                    [
                        -48.72817852133384,
                        76.81465085498127
                    ],
                    [
                        -48.738239679167386,
                        76.81483949623095
                    ],
                    [
                        -48.748297625378136,
                        76.81501553856332
                    ],
                    [
                        -48.75836094971215,
                        76.81520891905333
                    ],
                    [
                        -48.76842617105593,
                        76.81540743751894
                    ],
                    [
                        -48.77848752117319,
                        76.81559112320897
                    ],
                    [
                        -48.78854978592634,
                        76.81577658412063
                    ],
                    [
                        -48.79861029374661,
                        76.81595462438459
                    ],
                    [
                        -48.80866802996424,
                        76.81612182462057
                    ],
                    [
                        -48.81872473006428,
                        76.81628420211563
                    ],
                    [
                        -48.82877725115872,
                        76.81643107963497
                    ],
                    [
                        -48.838832294695585,
                        76.81658536431598
                    ],
                    [
                        -48.84887792923278,
                        76.81670653517006
                    ],
                    [
                        -48.858911743641976,
                        76.81678669621216
                    ],
                    [
                        -48.86894313465944,
                        76.81685786698343
                    ],
                    [
                        -48.87897340712018,
                        76.81692450692658
                    ],
                    [
                        -48.88900869890194,
                        76.81700724891076
                    ],
                    [
                        -48.899034468449884,
                        76.81705729175175
                    ],
                    [
                        -48.909060412072016,
                        76.81710726026839
                    ],
                    [
                        -48.91907854816726,
                        76.81713057424929
                    ],
                    [
                        -48.92910198548178,
                        76.81717097947629
                    ],
                    [
                        -48.93912150052205,
                        76.81719778542248
                    ],
                    [
                        -48.94913891585027,
                        76.81721711796389
                    ],
                    [
                        -48.95915767387565,
                        76.81724038019385
                    ],
                    [
                        -48.969170022757325,
                        76.81724205362715
                    ],
                    [
                        -48.97918479745877,
                        76.81725127632173
                    ],
                    [
                        -48.989194165011654,
                        76.81724236557002
                    ],
                    [
                        -48.9992016026274,
                        76.81722680369658
                    ],
                    [
                        -49.009214737460965,
                        76.81722946609771
                    ],
                    [
                        -49.019220357323725,
                        76.81720731687258
                    ],
                    [
                        -49.029233076216,
                        76.81720787209524
                    ],
                    [
                        -49.03923579114473,
                        76.81717570620114
                    ],
                    [
                        -49.04924442988997,
                        76.81716239247126
                    ],
                    [
                        -49.05924976100204,
                        76.81713811312737
                    ],
                    [
                        -49.06925689915509,
                        76.81711935025413
                    ],
                    [
                        -49.07926773670381,
                        76.81711211569947
                    ],
                    [
                        -49.08927764331447,
                        76.81710154772875
                    ],
                    [
                        -49.09929614740053,
                        76.81711800138028
                    ],
                    [
                        -49.109311974652265,
                        76.8171254760379
                    ],
                    [
                        -49.119328671872005,
                        76.81713527176046
                    ],
                    [
                        -49.12933297158078,
                        76.81710544507348
                    ],
                    [
                        -49.139343910123756,
                        76.81709629282183
                    ],
                    [
                        -49.149364057286384,
                        76.81711574518036
                    ],
                    [
                        -49.15937479219912,
                        76.81710517777515
                    ],
                    [
                        -49.16938707104233,
                        76.81709909478916
                    ],
                    [
                        -49.179385058015725,
                        76.81704802263081
                    ],
                    [
                        -49.189393601904676,
                        76.8170296772728
                    ],
                    [
                        -49.19940325161776,
                        76.8170144572454
                    ],
                    [
                        -49.20941185540098,
                        76.8169956693677
                    ],
                    [
                        -49.21942124851862,
                        76.81697901344094
                    ],
                    [
                        -49.22942763335375,
                        76.81695275761655
                    ],
                    [
                        -49.23943448811652,
                        76.81692767406334
                    ],
                    [
                        -49.249435742055205,
                        76.81688511357748
                    ],
                    [
                        -49.2594432396386,
                        76.81686148093327
                    ],
                    [
                        -49.269439609332224,
                        76.81680355388663
                    ],
                    [
                        -49.279437055071895,
                        76.81674878073747
                    ],
                    [
                        -49.28944332015617,
                        76.81672069167125
                    ],
                    [
                        -49.29943792999966,
                        76.8166569656716
                    ],
                    [
                        -49.3094334555576,
                        76.81659591030612
                    ],
                    [
                        -49.31941840695882,
                        76.81650279973852
                    ],
                    [
                        -49.32940807804571,
                        76.8164239451847
                    ],
                    [
                        -49.33939832646353,
                        76.816346792401
                    ],
                    [
                        -49.34938966764358,
                        76.8162728749008
                    ],
                    [
                        -49.359379321358375,
                        76.816193848594
                    ],
                    [
                        -49.369363557049766,
                        76.81609860806245
                    ],
                    [
                        -49.379355251739604,
                        76.81602562694115
                    ],
                    [
                        -49.38933444872441,
                        76.81591543219534
                    ],
                    [
                        -49.39931693194154,
                        76.81581508672019
                    ],
                    [
                        -49.40930895168617,
                        76.81574301708545
                    ],
                    [
                        -49.41929006162333,
                        76.81563866734939
                    ],
                    [
                        -49.42927981282926,
                        76.81555984500625
                    ],
                    [
                        -49.43926348476001,
                        76.81546311337055
                    ],
                    [
                        -49.449243261902204,
                        76.8153549979564
                    ],
                    [
                        -49.45921580873287,
                        76.8152258151786
                    ],
                    [
                        -49.469198573187995,
                        76.81512664085831
                    ],
                    [
                        -49.47918471927095,
                        76.81503736165273
                    ],
                    [
                        -49.489170137093126,
                        76.81494596606754
                    ],
                    [
                        -49.49915774455365,
                        76.8148609287247
                    ],
                    [
                        -49.509143218926866,
                        76.81476969908542
                    ],
                    [
                        -49.5191350451945,
                        76.81469681345052
                    ],
                    [
                        -49.52911806676036,
                        76.8145984890733
                    ],
                    [
                        -49.53909823433925,
                        76.81449199712067
                    ],
                    [
                        -49.54907536365355,
                        76.81437686199926
                    ],
                    [
                        -49.55905338573122,
                        76.81426438901876
                    ],
                    [
                        -49.56904121627727,
                        76.8141800181092
                    ],
                    [
                        -49.57902169172232,
                        76.81407466190207
                    ],
                    [
                        -49.58900723812322,
                        76.81398378389473
                    ],
                    [
                        -49.598995321539,
                        76.81390010048298
                    ],
                    [
                        -49.60898344537469,
                        76.81381649695423
                    ],
                    [
                        -49.61896536091741,
                        76.81371532223125
                    ],
                    [
                        -49.62894706902947,
                        76.81361360231503
                    ],
                    [
                        -49.63893157011437,
                        76.81351977810974
                    ],
                    [
                        -49.648908175451766,
                        76.81340380182016
                    ],
                    [
                        -49.65889796239868,
                        76.81332483818854
                    ],
                    [
                        -49.66888089427587,
                        76.81322665995148
                    ],
                    [
                        -49.67886807149244,
                        76.8131403411081
                    ],
                    [
                        -49.68886508365058,
                        76.81308135731128
                    ],
                    [
                        -49.69885410374409,
                        76.81300003718192
                    ],
                    [
                        -49.708856713756205,
                        76.81295631619308
                    ],
                    [
                        -49.71884316851081,
                        76.81286771875244
                    ],
                    [
                        -49.72883702896612,
                        76.81279952924628
                    ],
                    [
                        -49.73882981248675,
                        76.81272826495021
                    ],
                    [
                        -49.748825081843755,
                        76.81266373202398
                    ],
                    [
                        -49.75882149617071,
                        76.81260221127816
                    ],
                    [
                        -49.768815398997134,
                        76.81253368013941
                    ],
                    [
                        -49.77881598932024,
                        76.81248329413555
                    ],
                    [
                        -49.78881380078198,
                        76.81242515045976
                    ],
                    [
                        -49.798811699945965,
                        76.81236708960004
                    ],
                    [
                        -49.808794099904404,
                        76.8122668256272
                    ],
                    [
                        -49.818781056900235,
                        76.81217891684543
                    ],
                    [
                        -49.82877022248848,
                        76.81209694110615
                    ],
                    [
                        -49.83876997491316,
                        76.81204344851228
                    ],
                    [
                        -49.84877148350139,
                        76.81199450336194
                    ],
                    [
                        -49.858764206181284,
                        76.8119217726089
                    ],
                    [
                        -49.8687638357449,
                        76.81186744868805
                    ],
                    [
                        -49.87876300373776,
                        76.81181171526977
                    ],
                    [
                        -49.8887607336315,
                        76.81175197448289
                    ],
                    [
                        -49.89876132794848,
                        76.81169970725601
                    ],
                    [
                        -49.908761426524755,
                        76.81164593750093
                    ],
                    [
                        -49.918759643758605,
                        76.81158699893183
                    ],
                    [
                        -49.928747740370156,
                        76.81150111584174
                    ],
                    [
                        -49.938749302137175,
                        76.81145074791445
                    ],
                    [
                        -49.94875111245922,
                        76.81140084058012
                    ],
                    [
                        -49.958743744729084,
                        76.81132659271634
                    ],
                    [
                        -49.968737776221204,
                        76.81125591915526
                    ],
                    [
                        -49.97873663896735,
                        76.81119778944657
                    ],
                    [
                        -49.98873532883079,
                        76.81113904266559
                    ],
                    [
                        -49.99872062814521,
                        76.81104519026805
                    ],
                    [
                        -50.00871010806545,
                        76.8109622022583
                    ],
                    [
                        -50.01870157930532,
                        76.81088432267897
                    ],
                    [
                        -50.028689143775615,
                        76.81079622105862
                    ],
                    [
                        -50.03867446647217,
                        76.81070226779534
                    ],
                    [
                        -50.04865496677638,
                        76.81059582946665
                    ],
                    [
                        -50.05864279109755,
                        76.81050829930916
                    ],
                    [
                        -50.068613162498245,
                        76.81037580229805
                    ],
                    [
                        -50.07859129588052,
                        76.8102633648849
                    ],
                    [
                        -50.08857764197853,
                        76.8101720235558
                    ],
                    [
                        -50.09855867741489,
                        76.81006705619066
                    ],
                    [
                        -50.10853963551909,
                        76.80996190437531
                    ],
                    [
                        -50.118515866123076,
                        76.80984471819725
                    ],
                    [
                        -50.128493258974764,
                        76.80973054705306
                    ],
                    [
                        -50.13846158320623,
                        76.80959340213376
                    ],
                    [
                        -50.14843151507954,
                        76.80946046479507
                    ],
                    [
                        -50.158403788859225,
                        76.80933356654243
                    ],
                    [
                        -50.16837340740841,
                        76.80920006012055
                    ],
                    [
                        -50.17834971399783,
                        76.80908351757981
                    ],
                    [
                        -50.18832024280645,
                        76.80895250070412
                    ],
                    [
                        -50.198294731590785,
                        76.80883152618821
                    ],
                    [
                        -50.208257382301554,
                        76.8086809707856
                    ],
                    [
                        -50.21822853491719,
                        76.80855184563836
                    ],
                    [
                        -50.22820595006424,
                        76.80843844040733
                    ],
                    [
                        -50.238179273734836,
                        76.80831488197042
                    ],
                    [
                        -50.24814682263961,
                        76.80817704390489
                    ],
                    [
                        -50.258127759753144,
                        76.80807254331731
                    ],
                    [
                        -50.26811708638474,
                        76.80798881329711
                    ],
                    [
                        -50.27810050709777,
                        76.80789040758613
                    ],
                    [
                        -50.28808631156179,
                        76.80779785568575
                    ],
                    [
                        -50.29806370998889,
                        76.80768456025886
                    ],
                    [
                        -50.308032263832665,
                        76.80754956003746
                    ],
                    [
                        -50.318005036765186,
                        76.80742501734296
                    ],
                    [
                        -50.32796777535492,
                        76.80727597912865
                    ],
                    [
                        -50.33794711334487,
                        76.80716766170846
                    ],
                    [
                        -50.34791766727279,
                        76.8070379275003
                    ],
                    [
                        -50.357890652968166,
                        76.80691419926826
                    ],
                    [
                        -50.36787494138931,
                        76.80681799800759
                    ],
                    [
                        -50.377848959974735,
                        76.80669684851476
                    ],
                    [
                        -50.387833485823656,
                        76.80660118712554
                    ],
                    [
                        -50.39780141669487,
                        76.80646538251399
                    ],
                    [
                        -50.407778437632274,
                        76.80635160635558
                    ],
                    [
                        -50.41775052285361,
                        76.80622596951986
                    ],
                    [
                        -50.42772619970355,
                        76.8061090282609
                    ],
                    [
                        -50.43771089144096,
                        76.80601374225063
                    ],
                    [
                        -50.447692478164235,
                        76.80591097387409
                    ],
                    [
                        -50.45767258069688,
                        76.80580463701565
                    ],
                    [
                        -50.46763955713932,
                        76.80566697919737
                    ],
                    [
                        -50.477609317819216,
                        76.80553605529906
                    ],
                    [
                        -50.487579241805186,
                        76.80540559845362
                    ],
                    [
                        -50.49754684314491,
                        76.80526970751814
                    ],
                    [
                        -50.507514586166664,
                        76.80513424727737
                    ],
                    [
                        -50.51748113302505,
                        76.80499605213322
                    ],
                    [
                        -50.52744963234774,
                        76.80486256579402
                    ],
                    [
                        -50.53742641401398,
                        76.80474867138562
                    ],
                    [
                        -50.54741280405907,
                        76.80465738000176
                    ],
                    [
                        -50.55739024988106,
                        76.80454502776344
                    ],
                    [
                        -50.567365159236424,
                        76.804426738783
                    ],
                    [
                        -50.577342905250404,
                        76.80431510927218
                    ],
                    [
                        -50.587316232093656,
                        76.80419316541416
                    ],
                    [
                        -50.59729660366702,
                        76.80408767428973
                    ],
                    [
                        -50.60726272902243,
                        76.80394902460586
                    ],
                    [
                        -50.61723850790004,
                        76.80383288439141
                    ],
                    [
                        -50.62722258577012,
                        76.80373599359933
                    ],
                    [
                        -50.63719276943217,
                        76.80360690235061
                    ],
                    [
                        -50.6471713755352,
                        76.80349732192197
                    ],
                    [
                        -50.65713326300097,
                        76.80334918652741
                    ],
                    [
                        -50.66710323555647,
                        76.80321978251709
                    ],
                    [
                        -50.67706653451605,
                        76.80307510439803
                    ],
                    [
                        -50.68703554887091,
                        76.80294364393133
                    ],
                    [
                        -50.69700286953657,
                        76.80280836923158
                    ],
                    [
                        -50.7069708715493,
                        76.80267472731023
                    ],
                    [
                        -50.71694609078798,
                        76.80255761937624
                    ],
                    [
                        -50.72691956403027,
                        76.80243654589614
                    ],
                    [
                        -50.73689416806092,
                        76.80231806690345
                    ],
                    [
                        -50.74685987046728,
                        76.8021794003416
                    ],
                    [
                        -50.7568221897484,
                        76.80203315262082
                    ],
                    [
                        -50.76678313069783,
                        76.80188389637452
                    ],
                    [
                        -50.77674544829947,
                        76.80173786636938
                    ],
                    [
                        -50.78670465390017,
                        76.80158492873153
                    ],
                    [
                        -50.79666460388171,
                        76.80143379495972
                    ],
                    [
                        -50.806633702604785,
                        76.80130333178707
                    ],
                    [
                        -50.81659342016237,
                        76.80115188429401
                    ],
                    [
                        -50.82655334400108,
                        76.80100101978756
                    ],
                    [
                        -50.83649761963107,
                        76.80081530677312
                    ],
                    [
                        -50.84643652014945,
                        76.80061783918862
                    ],
                    [
                        -50.85638711220489,
                        76.80044668340086
                    ],
                    [
                        -50.86632528659777,
                        76.8002481050702
                    ],
                    [
                        -50.87627726840638,
                        76.80008044807934
                    ],
                    [
                        -50.886214262214345,
                        76.79987975281293
                    ],
                    [
                        -50.89614927615663,
                        76.79967495926188
                    ],
                    [
                        -50.90608009290428,
                        76.79946119091281
                    ],
                    [
                        -50.91601045595502,
                        76.79924674503054
                    ],
                    [
                        -50.92593979851936,
                        76.79903037689458
                    ],
                    [
                        -50.93585847977088,
                        76.79879091236265
                    ],
                    [
                        -50.94578615053069,
                        76.79857157158122
                    ],
                    [
                        -50.9557050567935,
                        76.79833337356726
                    ],
                    [
                        -50.96562599031164,
                        76.79810000545116
                    ],
                    [
                        -50.97555065831282,
                        76.79787516891616
                    ],
                    [
                        -50.98547227068281,
                        76.79764402483579
                    ],
                    [
                        -50.99539635735817,
                        76.79741863401748
                    ],
                    [
                        -51.00530808739133,
                        76.79716675609879
                    ],
                    [
                        -51.01521687412688,
                        76.79690893216355
                    ],
                    [
                        -51.02511463553256,
                        76.79662769484243
                    ],
                    [
                        -51.03502066004901,
                        76.79636484546015
                    ],
                    [
                        -51.04491021482543,
                        76.7960669264479
                    ],
                    [
                        -51.05481119832093,
                        76.79579420795154
                    ],
                    [
                        -51.064714940422895,
                        76.79552791944641
                    ],
                    [
                        -51.07461999806587,
                        76.79526493036174
                    ],
                    [
                        -51.08453275093723,
                        76.79501890048724
                    ],
                    [
                        -51.09444166957531,
                        76.79476507046343
                    ],
                    [
                        -51.104352282459345,
                        76.79451529084415
                    ],
                    [
                        -51.11425496773559,
                        76.79424901435715
                    ],
                    [
                        -51.124144240728484,
                        76.79395463792441
                    ],
                    [
                        -51.13405308027595,
                        76.79370242665497
                    ],
                    [
                        -51.14394930429725,
                        76.79342385074239
                    ],
                    [
                        -51.153853214409615,
                        76.79316206984184
                    ],
                    [
                        -51.16375574420571,
                        76.79289781526828
                    ],
                    [
                        -51.17364500650734,
                        76.79260598121206
                    ],
                    [
                        -51.183549993033466,
                        76.79234785931061
                    ],
                    [
                        -51.193433589385585,
                        76.79204511655813
                    ],
                    [
                        -51.2033329641381,
                        76.79177612622564
                    ],
                    [
                        -51.213221615573445,
                        76.79148508525267
                    ],
                    [
                        -51.2231168374584,
                        76.79120834954769
                    ],
                    [
                        -51.23301786571692,
                        76.79094425152155
                    ],
                    [
                        -51.24291763296841,
                        76.79067796251609
                    ],
                    [
                        -51.25282469455863,
                        76.79042734151332
                    ],
                    [
                        -51.26272965812668,
                        76.79017274917057
                    ],
                    [
                        -51.27263267091705,
                        76.78991450982188
                    ],
                    [
                        -51.28252294115965,
                        76.78963023084674
                    ],
                    [
                        -51.2924121397436,
                        76.78934423059039
                    ],
                    [
                        -51.302291314473,
                        76.78903798515651
                    ],
                    [
                        -51.312179329527154,
                        76.7887505771101
                    ],
                    [
                        -51.322077339530715,
                        76.7884843005818
                    ],
                    [
                        -51.33195753698495,
                        76.78818176232284
                    ],
                    [
                        -51.3418496184607,
                        76.78790422187726
                    ],
                    [
                        -51.35173269789601,
                        76.78760866241953
                    ],
                    [
                        -51.36162166510584,
                        76.78732570337164
                    ],
                    [
                        -51.37151040171609,
                        76.7870427573722
                    ],
                    [
                        -51.38139768924182,
                        76.78675733252715
                    ],
                    [
                        -51.39129389307087,
                        76.78649059915107
                    ],
                    [
                        -51.40117917938509,
                        76.78620204469365
                    ],
                    [
                        -51.41108249398244,
                        76.78595067636576
                    ],
                    [
                        -51.420972065923614,
                        76.78567176491916
                    ],
                    [
                        -51.430859531637175,
                        76.78538904488309
                    ],
                    [
                        -51.440754211082464,
                        76.78512141308086
                    ],
                    [
                        -51.45063718497464,
                        76.78483053239893
                    ],
                    [
                        -51.46052808004338,
                        76.7845561463548
                    ],
                    [
                        -51.47039638953279,
                        76.78423666153674
                    ],
                    [
                        -51.48026972983933,
                        76.78392788714618
                    ],
                    [
                        -51.49013445061276,
                        76.78360233084497
                    ],
                    [
                        -51.49999883091956,
                        76.7832766873693
                    ],
                    [
                        -51.50987062475373,
                        76.7829664985124
                    ],
                    [
                        -51.51973851760748,
                        76.78264904938656
                    ],
                    [
                        -51.52960838750674,
                        76.78233611853804
                    ],
                    [
                        -51.53946725442751,
                        76.78200178499903
                    ],
                    [
                        -51.549321300576906,
                        76.78165846151008
                    ],
                    [
                        -51.55917456717234,
                        76.78131422737543
                    ],
                    [
                        -51.569025962230086,
                        76.78096691683983
                    ],
                    [
                        -51.57889156872602,
                        76.78064844392472
                    ],
                    [
                        -51.588746414258615,
                        76.7803092198662
                    ],
                    [
                        -51.598607773936074,
                        76.77998350024326
                    ],
                    [
                        -51.608452099288044,
                        76.77962472304213
                    ],
                    [
                        -51.61830250345025,
                        76.77927860851563
                    ],
                    [
                        -51.62815122335407,
                        76.77892981539995
                    ],
                    [
                        -51.637999979386834,
                        76.7785817371847
                    ],
                    [
                        -51.64784409431621,
                        76.77822518816873
                    ],
                    [
                        -51.65767876095441,
                        76.77785078173034
                    ],
                    [
                        -51.66751846213142,
                        76.77748694391921
                    ],
                    [
                        -51.67733439408123,
                        76.77707733016348
                    ],
                    [
                        -51.68716211738439,
                        76.77669154268891
                    ],
                    [
                        -51.6969965511517,
                        76.77631957517742
                    ],
                    [
                        -51.706820129352664,
                        76.77592718291187
                    ],
                    [
                        -51.71665219523642,
                        76.77555204198347
                    ],
                    [
                        -51.72647089983197,
                        76.77515168121809
                    ],
                    [
                        -51.73629480270588,
                        76.77476217021167
                    ],
                    [
                        -51.74611570763023,
                        76.77436760330988
                    ],
                    [
                        -51.75593421761995,
                        76.77396916675366
                    ],
                    [
                        -51.76574572407995,
                        76.77355798540842
                    ],
                    [
                        -51.775554560636756,
                        76.77314246212619
                    ],
                    [
                        -51.785364771745826,
                        76.77273039542304
                    ],
                    [
                        -51.79516904491381,
                        76.77230772254208
                    ],
                    [
                        -51.80496818479917,
                        76.77187603170498
                    ],
                    [
                        -51.81473113237903,
                        76.77137586508607
                    ],
                    [
                        -51.8245152342589,
                        76.77091720847969
                    ],
                    [
                        -51.834289102494715,
                        76.7704399293676
                    ],
                    [
                        -51.84407516364535,
                        76.7699868840517
                    ],
                    [
                        -51.853858118959394,
                        76.76952882861053
                    ],
                    [
                        -51.86362701566123,
                        76.7690449499973
                    ],
                    [
                        -51.87341609199965,
                        76.76860039031779
                    ],
                    [
                        -51.88319513534697,
                        76.76813767652942
                    ],
                    [
                        -51.8929739831145,
                        76.76767551765953
                    ],
                    [
                        -51.90274442153685,
                        76.76719837441588
                    ],
                    [
                        -51.91251521850892,
                        76.76672287018746
                    ],
                    [
                        -51.92228795623239,
                        76.76625198193827
                    ],
                    [
                        -51.93204665074958,
                        76.76575558199313
                    ],
                    [
                        -51.94181696319551,
                        76.76528204487329
                    ],
                    [
                        -51.95156408400384,
                        76.76476588802468
                    ],
                    [
                        -51.96131658225147,
                        76.76426087802534
                    ],
                    [
                        -51.97106580067443,
                        76.7637507509342
                    ],
                    [
                        -51.98081623335899,
                        76.7632439342524
                    ],
                    [
                        -51.99057015046058,
                        76.76274465467314
                    ],
                    [
                        -52.000334180999744,
                        76.7622652474349
                    ],
                    [
                        -52.010098329892756,
                        76.76178700934634
                    ],
                    [
                        -52.01985320671858,
                        76.7612924645652
                    ],
                    [
                        -52.02961371779406,
                        76.76080937393509
                    ],
                    [
                        -52.03936736570427,
                        76.76031450253835
                    ],
                    [
                        -52.04911666379909,
                        76.75981255474244
                    ],
                    [
                        -52.05888092808887,
                        76.75933929990109
                    ],
                    [
                        -52.06862722288949,
                        76.75883376122198
                    ],
                    [
                        -52.078382405672755,
                        76.75834562996944
                    ],
                    [
                        -52.0881339244626,
                        76.75785170380188
                    ],
                    [
                        -52.09788059784741,
                        76.75734983141353
                    ],
                    [
                        -52.10763538943667,
                        76.75686386952357
                    ],
                    [
                        -52.1173766716216,
                        76.75635405847194
                    ],
                    [
                        -52.12711766258433,
                        76.75584472154667
                    ],
                    [
                        -52.136849498090136,
                        76.75531963064996
                    ],
                    [
                        -52.146587797817155,
                        76.75480740128826
                    ],
                    [
                        -52.156320345255054,
                        76.75428567926815
                    ],
                    [
                        -52.166054497215335,
                        76.75376791439044
                    ],
                    [
                        -52.17578454061972,
                        76.75324368842432
                    ],
                    [
                        -52.185503577465006,
                        76.75270048399774
                    ],
                    [
                        -52.19522926998767,
                        76.75217044839825
                    ],
                    [
                        -52.204926900199766,
                        76.75159056852468
                    ],
                    [
                        -52.214647255698516,
                        76.75105302175763
                    ],
                    [
                        -52.22436279915547,
                        76.75050783335656
                    ],
                    [
                        -52.2340771779908,
                        76.74996162129312
                    ],
                    [
                        -52.24379379793387,
                        76.74942053272115
                    ],
                    [
                        -52.25350432009092,
                        76.74886952374133
                    ],
                    [
                        -52.26322060443227,
                        76.74832997132226
                    ],
                    [
                        -52.27291849373016,
                        76.74775842284438
                    ],
                    [
                        -52.28262608402931,
                        76.74720542168313
                    ],
                    [
                        -52.29233533498572,
                        76.74665648499287
                    ],
                    [
                        -52.30204790171107,
                        76.74611455864051
                    ],
                    [
                        -52.31176474800868,
                        76.74558133741805
                    ],
                    [
                        -52.32147231997635,
                        76.74503259069411
                    ],
                    [
                        -52.331181086079255,
                        76.74448704211042
                    ],
                    [
                        -52.340870040844756,
                        76.7439072773711
                    ],
                    [
                        -52.35055528558693,
                        76.74332206061047
                    ],
                    [
                        -52.36023685791529,
                        76.7427314790571
                    ],
                    [
                        -52.36991836903773,
                        76.74214195793085
                    ],
                    [
                        -52.37959198981086,
                        76.74153962386403
                    ],
                    [
                        -52.389274296278636,
                        76.74095385093747
                    ],
                    [
                        -52.39897131828725,
                        76.74039522894536
                    ],
                    [
                        -52.408663053668604,
                        76.73982835685253
                    ],
                    [
                        -52.418352702355854,
                        76.73925890514134
                    ],
                    [
                        -52.42803092942814,
                        76.73867045261235
                    ],
                    [
                        -52.437702560162286,
                        76.7380715534234
                    ],
                    [
                        -52.447381212671495,
                        76.73748615528488
                    ],
                    [
                        -52.45705547555801,
                        76.73689419730354
                    ],
                    [
                        -52.466729896921294,
                        76.73630366839927
                    ],
                    [
                        -52.476382126285806,
                        76.73567547195692
                    ],
                    [
                        -52.48605098308676,
                        76.7350775588329
                    ],
                    [
                        -52.49572457226012,
                        76.73448906209006
                    ],
                    [
                        -52.505385689784276,
                        76.73387996959869
                    ],
                    [
                        -52.515037639895766,
                        76.73325610834742
                    ],
                    [
                        -52.52467304511205,
                        76.7326047108959
                    ],
                    [
                        -52.534323643337984,
                        76.73198097222073
                    ],
                    [
                        -52.54397384211111,
                        76.73135775568758
                    ],
                    [
                        -52.55362586070655,
                        76.73073890147023
                    ],
                    [
                        -52.563279874803484,
                        76.73012469647304
                    ],
                    [
                        -52.57292550408931,
                        76.72949719363127
                    ],
                    [
                        -52.58257270299333,
                        76.72887361403664
                    ],
                    [
                        -52.59220426194589,
                        76.72822429134744
                    ],
                    [
                        -52.60183567181048,
                        76.72757597732584
                    ],
                    [
                        -52.611467864245846,
                        76.72693026886472
                    ],
                    [
                        -52.62110049322363,
                        76.72628656173417
                    ],
                    [
                        -52.63072832632588,
                        76.72563587708434
                    ],
                    [
                        -52.640356150473096,
                        76.7249864369769
                    ],
                    [
                        -52.649994804891215,
                        76.72435677423101
                    ],
                    [
                        -52.6596154672881,
                        76.72369758201964
                    ],
                    [
                        -52.66923536740326,
                        76.72303836347662
                    ],
                    [
                        -52.67885137607764,
                        76.7223737859489
                    ],
                    [
                        -52.688472694439454,
                        76.72171952815128
                    ],
                    [
                        -52.698097643529884,
                        76.72107269779657
                    ],
                    [
                        -52.707715339475506,
                        76.72041478853794
                    ],
                    [
                        -52.71733365555455,
                        76.7197591911384
                    ],
                    [
                        -52.72693292738259,
                        76.71907259117127
                    ],
                    [
                        -52.73654273591111,
                        76.71840514092432
                    ],
                    [
                        -52.746142944445026,
                        76.7177227473252
                    ],
                    [
                        -52.75574663765188,
                        76.71704754512332
                    ],
                    [
                        -52.765335048613395,
                        76.71634787512087
                    ],
                    [
                        -52.77494059052853,
                        76.71567839344749
                    ],
                    [
                        -52.784550100281784,
                        76.71501685694192
                    ],
                    [
                        -52.794147402384965,
                        76.71433606974021
                    ],
                    [
                        -52.803744224007396,
                        76.71365577250357
                    ],
                    [
                        -52.81332360997609,
                        76.71294755456287
                    ],
                    [
                        -52.82289986684995,
                        76.71223545697129
                    ],
                    [
                        -52.83247766267834,
                        76.7115272956614
                    ],
                    [
                        -52.84204383068743,
                        76.71080107346862
                    ],
                    [
                        -52.85161880084862,
                        76.71009092231643
                    ],
                    [
                        -52.86116363554871,
                        76.70933192972727
                    ],
                    [
                        -52.87072519195302,
                        76.70860222162699
                    ],
                    [
                        -52.88028319687949,
                        76.70786800616709
                    ],
                    [
                        -52.88983923226281,
                        76.70713192419898
                    ],
                    [
                        -52.899408062942,
                        76.70641845898196
                    ],
                    [
                        -52.908953384733906,
                        76.70566741539719
                    ],
                    [
                        -52.9185150528917,
                        76.70494484266352
                    ],
                    [
                        -52.928063505945254,
                        76.70420180465814
                    ],
                    [
                        -52.93761597335605,
                        76.70346680236932
                    ],
                    [
                        -52.94715698637419,
                        76.70271431200182
                    ],
                    [
                        -52.95669337064871,
                        76.70195563056073
                    ],
                    [
                        -52.96624334112045,
                        76.70122073076703
                    ],
                    [
                        -52.97577990564135,
                        76.700465196108
                    ],
                    [
                        -52.985332912604925,
                        76.69973806540344
                    ],
                    [
                        -52.99485903197347,
                        76.69896823643755
                    ],
                    [
                        -53.00440073309109,
                        76.69822536888317
                    ],
                    [
                        -53.013950246957,
                        76.69749666754292
                    ],
                    [
                        -53.023488109498764,
                        76.69675029791726
                    ],
                    [
                        -53.03303005554009,
                        76.69601198584989
                    ],
                    [
                        -53.04255391400832,
                        76.6952455804775
                    ],
                    [
                        -53.052093146635755,
                        76.69450563326166
                    ],
                    [
                        -53.061629107769875,
                        76.69376174357456
                    ],
                    [
                        -53.07116310657969,
                        76.69301604998032
                    ],
                    [
                        -53.080692350743654,
                        76.69226402935377
                    ],
                    [
                        -53.090211081201325,
                        76.69149637305992
                    ],
                    [
                        -53.09972717349101,
                        76.69072587752025
                    ],
                    [
                        -53.10922101835306,
                        76.68992085679761
                    ],
                    [
                        -53.118711351725594,
                        76.68911167630232
                    ],
                    [
                        -53.12820431277352,
                        76.6883082500171
                    ],
                    [
                        -53.13768518019082,
                        76.68748684355602
                    ],
                    [
                        -53.14716783725441,
                        76.68666985604061
                    ],
                    [
                        -53.156649176493254,
                        76.68585227739634
                    ],
                    [
                        -53.166110943793186,
                        76.68500480204429
                    ],
                    [
                        -53.175569205255684,
                        76.68415329447474
                    ],
                    [
                        -53.18505417433505,
                        76.68334616740947
                    ],
                    [
                        -53.19454811310289,
                        76.68255488876429
                    ],
                    [
                        -53.20404806078478,
                        76.68177467252914
                    ],
                    [
                        -53.21355672272005,
                        76.68100980032791
                    ],
                    [
                        -53.22305963375077,
                        76.68023715133394
                    ],
                    [
                        -53.23256717455039,
                        76.67947328745396
                    ],
                    [
                        -53.242052429386035,
                        76.6786753493081
                    ],
                    [
                        -53.25154163621049,
                        76.67788515432794
                    ],
                    [
                        -53.26102205554002,
                        76.67708244937695
                    ],
                    [
                        -53.27051187450362,
                        76.67629611957605
                    ],
                    [
                        -53.27999521951883,
                        76.67550096279487
                    ],
                    [
                        -53.2894597559066,
                        76.67467748815673
                    ],
                    [
                        -53.29892885724067,
                        76.67386273598457
                    ],
                    [
                        -53.30837756154753,
                        76.67301726151324
                    ],
                    [
                        -53.31783596418084,
                        76.67218863410571
                    ],
                    [
                        -53.327291786749264,
                        76.67135745241787
                    ],
                    [
                        -53.33674356156625,
                        76.67052141421141
                    ],
                    [
                        -53.3462065102844,
                        76.66970446544313
                    ],
                    [
                        -53.355666457505244,
                        76.6688842815654
                    ],
                    [
                        -53.36513239798301,
                        76.66807498285121
                    ],
                    [
                        -53.37458233585421,
                        76.66724206506055
                    ],
                    [
                        -53.384034401311276,
                        76.6664139841074
                    ],
                    [
                        -53.3934678198241,
                        76.66555823967775
                    ],
                    [
                        -53.402913380770606,
                        76.66472301241443
                    ],
                    [
                        -53.412340606632036,
                        76.66386068190135
                    ],
                    [
                        -53.42176810322602,
                        76.66300033397962
                    ],
                    [
                        -53.431212673964986,
                        76.66216812351256
                    ],
                    [
                        -53.44064430972083,
                        76.6613172871197
                    ],
                    [
                        -53.450082028387435,
                        76.66047743024478
                    ],
                    [
                        -53.459517654365065,
                        76.65963582897109
                    ],
                    [
                        -53.46895046046229,
                        76.65879136090207
                    ],
                    [
                        -53.47839149390288,
                        76.65796114260716
                    ],
                    [
                        -53.48782151985463,
                        76.65711537206298
                    ],
                    [
                        -53.497258904169094,
                        76.65628247958306
                    ],
                    [
                        -53.50664523922858,
                        76.65537226018421
                    ],
                    [
                        -53.516065821054475,
                        76.6545164904057
                    ],
                    [
                        -53.5254795361624,
                        76.65365166438046
                    ],
                    [
                        -53.534889271823836,
                        76.65278225311253
                    ],
                    [
                        -53.54430352579086,
                        76.651921333087
                    ],
                    [
                        -53.55371463226704,
                        76.65105710548791
                    ],
                    [
                        -53.563132268404445,
                        76.65020442438434
                    ],
                    [
                        -53.57253305779272,
                        76.64932743217221
                    ],
                    [
                        -53.581926111846094,
                        76.64844015180483
                    ],
                    [
                        -53.591292986845666,
                        76.64751441176827
                    ],
                    [
                        -53.600664972815395,
                        76.64659812863766
                    ],
                    [
                        -53.61008810207383,
                        76.64576151595267
                    ],
                    [
                        -53.619485265709976,
                        76.64488678143181
                    ],
                    [
                        -53.628892212853806,
                        76.64402848160242
                    ],
                    [
                        -53.63830016999546,
                        76.64317321830407
                    ],
                    [
                        -53.64771027579573,
                        76.64232271172817
                    ],
                    [
                        -53.65711942737087,
                        76.64147223616023
                    ],
                    [
                        -53.66652675417174,
                        76.64062047074542
                    ],
                    [
                        -53.67593584114398,
                        76.63977284958857
                    ],
                    [
                        -53.685356404315996,
                        76.63894406233338
                    ],
                    [
                        -53.69476963484066,
                        76.63810561603641
                    ],
                    [
                        -53.70414327026533,
                        76.63720881871402
                    ],
                    [
                        -53.713508100018736,
                        76.63630029905053
                    ],
                    [
                        -53.72287341396342,
                        76.63539409289966
                    ],
                    [
                        -53.73224156602394,
                        76.6344937364171
                    ],
                    [
                        -53.7416294141821,
                        76.63362456518725
                    ],
                    [
                        -53.750985876764304,
                        76.63270973533983
                    ],
                    [
                        -53.760370794902,
                        76.63183920252405
                    ],
                    [
                        -53.76974621009626,
                        76.63095591618799
                    ],
                    [
                        -53.77913112869028,
                        76.63008838338249
                    ],
                    [
                        -53.788512375118046,
                        76.62921684041089
                    ],
                    [
                        -53.79788813431085,
                        76.62833858575881
                    ],
                    [
                        -53.80729348279477,
                        76.62750601802966
                    ],
                    [
                        -53.816696691924534,
                        76.62667166578292
                    ],
                    [
                        -53.82611025590571,
                        76.62585415291993
                    ],
                    [
                        -53.83551979165664,
                        76.62503201529607
                    ],
                    [
                        -53.8449271207291,
                        76.62420797543923
                    ],
                    [
                        -53.8543292582316,
                        76.62337760405374
                    ],
                    [
                        -53.863727386400484,
                        76.6225426744756
                    ],
                    [
                        -53.87315733340408,
                        76.62175632009954
                    ],
                    [
                        -53.882559840146165,
                        76.62093062203213
                    ],
                    [
                        -53.891976441959585,
                        76.62012715607689
                    ],
                    [
                        -53.901391761478095,
                        76.61932312441122
                    ],
                    [
                        -53.91080371820436,
                        76.61851545608828
                    ],
                    [
                        -53.92020961519031,
                        76.6177001832608
                    ],
                    [
                        -53.92959889604166,
                        76.61686177214986
                    ],
                    [
                        -53.93900864039051,
                        76.61605487886959
                    ],
                    [
                        -53.94840338611896,
                        76.61522725470039
                    ],
                    [
                        -53.95780301376588,
                        76.61440816982746
                    ],
                    [
                        -53.96718825885164,
                        76.6135693232739
                    ],
                    [
                        -53.97656219962326,
                        76.61271528728597
                    ],
                    [
                        -53.98594955971471,
                        76.6118823214727
                    ],
                    [
                        -53.99532003843459,
                        76.61102602262885
                    ],
                    [
                        -54.004732322479434,
                        76.61023225145469
                    ],
                    [
                        -54.014134227907185,
                        76.6094246109416
                    ],
                    [
                        -54.02354077671611,
                        76.6086250581124
                    ],
                    [
                        -54.0329639623418,
                        76.60785104808971
                    ],
                    [
                        -54.04236961406024,
                        76.6070527510117
                    ],
                    [
                        -54.05175149382209,
                        76.60622116545424
                    ],
                    [
                        -54.06111195043338,
                        76.60535980300325
                    ],
                    [
                        -54.070492870228996,
                        76.60452955702839
                    ],
                    [
                        -54.07988796916078,
                        76.60372122118713
                    ],
                    [
                        -54.089293129950455,
                        76.60292876461403
                    ],
                    [
                        -54.09869329541876,
                        76.60213034632292
                    ],
                    [
                        -54.10808883790025,
                        76.60132652185392
                    ],
                    [
                        -54.117495529809595,
                        76.60054008986461
                    ],
                    [
                        -54.126870365749284,
                        76.5997089385527
                    ],
                    [
                        -54.13625028887241,
                        76.59888645856354
                    ],
                    [
                        -54.14563299866413,
                        76.59806931048261
                    ],
                    [
                        -54.15502032249357,
                        76.59726010727796
                    ],
                    [
                        -54.164401387258856,
                        76.59644319594634
                    ],
                    [
                        -54.173801221519064,
                        76.59565453942886
                    ],
                    [
                        -54.18318455733802,
                        76.59484345927234
                    ],
                    [
                        -54.192553732900556,
                        76.59401337183199
                    ],
                    [
                        -54.201941871736175,
                        76.59321175784538
                    ],
                    [
                        -54.21131179513658,
                        76.59238535363818
                    ],
                    [
                        -54.22067045393047,
                        76.59154416374442
                    ],
                    [
                        -54.23002513396439,
                        76.59069863197264
                    ],
                    [
                        -54.2393599213736,
                        76.58982607354908
                    ],
                    [
                        -54.24867885447474,
                        76.58893232004097
                    ],
                    [
                        -54.257952198673806,
                        76.58797510447076
                    ],
                    [
                        -54.26726409539998,
                        76.587074269437
                    ],
                    [
                        -54.27657235327393,
                        76.58616970786522
                    ],
                    [
                        -54.28592757146864,
                        76.58533325171747
                    ],
                    [
                        -54.29527260038625,
                        76.58448366278498
                    ],
                    [
                        -54.30462447276103,
                        76.58364510852518
                    ],
                    [
                        -54.31399595747965,
                        76.58283562873704
                    ],
                    [
                        -54.32334988256211,
                        76.58200257906029
                    ],
                    [
                        -54.332721398804495,
                        76.58119568115002
                    ],
                    [
                        -54.34208075934365,
                        76.58037287886665
                    ],
                    [
                        -54.35144557170545,
                        76.57955904220994
                    ],
                    [
                        -54.36082389926232,
                        76.57876550242467
                    ],
                    [
                        -54.37020690877849,
                        76.57797977049182
                    ],
                    [
                        -54.3796347161305,
                        76.57725821922982
                    ],
                    [
                        -54.389008078884004,
                        76.57646127979247
                    ],
                    [
                        -54.39841499289962,
                        76.5757126377378
                    ],
                    [
                        -54.40779348583348,
                        76.57492528236335
                    ],
                    [
                        -54.41718500273735,
                        76.57415736531783
                    ],
                    [
                        -54.426572740140635,
                        76.57338532071333
                    ],
                    [
                        -54.43595668448687,
                        76.57260914092917
                    ],
                    [
                        -54.44534598664396,
                        76.5718416157004
                    ],
                    [
                        -54.45471144104027,
                        76.57104197553787
                    ],
                    [
                        -54.464086751394504,
                        76.57025728641005
                    ],
                    [
                        -54.47345784232921,
                        76.56946790613527
                    ],
                    [
                        -54.48283378641751,
                        76.5686864685271
                    ],
                    [
                        -54.49222923045811,
                        76.5679333064123
                    ],
                    [
                        -54.501599088978,
                        76.56714573894695
                    ],
                    [
                        -54.51101491033657,
                        76.56642311186792
                    ],
                    [
                        -54.520382960152276,
                        76.56563533971969
                    ],
                    [
                        -54.52979477274357,
                        76.56490933808689
                    ],
                    [
                        -54.53918551659784,
                        76.56415525566358
                    ],
                    [
                        -54.548568008863505,
                        76.56339088366596
                    ],
                    [
                        -54.55794455666875,
                        76.56261943593506
                    ],
                    [
                        -54.567300795011334,
                        76.56182111841798
                    ],
                    [
                        -54.57669699904097,
                        76.56107906525878
                    ],
                    [
                        -54.58608132474347,
                        76.56032174364198
                    ],
                    [
                        -54.595458535082045,
                        76.55955574715742
                    ],
                    [
                        -54.60479137143362,
                        76.55872990211908
                    ],
                    [
                        -54.61409227671917,
                        76.55786145710164
                    ],
                    [
                        -54.62343921342277,
                        76.55705746151966
                    ],
                    [
                        -54.63275289751625,
                        76.55620909237773
                    ],
                    [
                        -54.64213693196705,
                        76.55545830837478
                    ],
                    [
                        -54.6515161225682,
                        76.55470198937067
                    ],
                    [
                        -54.660915050270745,
                        76.55397373935281
                    ],
                    [
                        -54.67029658879326,
                        76.55322279489106
                    ],
                    [
                        -54.67969135065664,
                        76.55249097175617
                    ],
                    [
                        -54.68906109144317,
                        76.5517261027443
                    ],
                    [
                        -54.69841505545137,
                        76.5509408644398
                    ],
                    [
                        -54.707782976533686,
                        76.55017575438549
                    ],
                    [
                        -54.7171378140477,
                        76.5493939718757
                    ],
                    [
                        -54.72647904817145,
                        76.54859485688706
                    ],
                    [
                        -54.73581806581844,
                        76.54779390147459
                    ],
                    [
                        -54.74514902798298,
                        76.54698319769673
                    ],
                    [
                        -54.75447143762822,
                        76.54616209891097
                    ],
                    [
                        -54.76377922740124,
                        76.54532242615338
                    ],
                    [
                        -54.773071366552436,
                        76.54446283663279
                    ],
                    [
                        -54.78236787058337,
                        76.54361040869486
                    ],
                    [
                        -54.791638962900144,
                        76.54272495468324
                    ],
                    [
                        -54.80090728937745,
                        76.54183708446978
                    ],
                    [
                        -54.81014330596818,
                        76.54090702144201
                    ],
                    [
                        -54.81939627530184,
                        76.5400011537128
                    ],
                    [
                        -54.82863248365608,
                        76.53907409961276
                    ],
                    [
                        -54.83788010076296,
                        76.5381637458716
                    ],
                    [
                        -54.84713191502486,
                        76.53726037108568
                    ],
                    [
                        -54.85638693133635,
                        76.53636262204367
                    ],
                    [
                        -54.865643827083815,
                        76.53546871169762
                    ],
                    [
                        -54.874885654355346,
                        76.5345559500662
                    ],
                    [
                        -54.88413510205755,
                        76.53365472151427
                    ],
                    [
                        -54.89329356263469,
                        76.5326332742166
                    ],
                    [
                        -54.902490819375835,
                        76.53166513824802
                    ],
                    [
                        -54.91162876220281,
                        76.53061934498308
                    ],
                    [
                        -54.920861779547316,
                        76.52970179250462
                    ],
                    [
                        -54.93010166995849,
                        76.52879473352979
                    ],
                    [
                        -54.93932910469044,
                        76.52787243315655
                    ],
                    [
                        -54.94856659442431,
                        76.5269648432214
                    ],
                    [
                        -54.9577694494745,
                        76.52601259296931
                    ],
                    [
                        -54.966982041207004,
                        76.52507465651689
                    ],
                    [
                        -54.97618539125486,
                        76.52412584346787
                    ],
                    [
                        -54.98540364707866,
                        76.52319815682716
                    ],
                    [
                        -54.99462798354695,
                        76.5222798650334
                    ],
                    [
                        -55.00379330441902,
                        76.52128489547198
                    ],
                    [
                        -55.01299695769525,
                        76.52034201540292
                    ],
                    [
                        -55.02213330994277,
                        76.51931169833095
                    ],
                    [
                        -55.03132418254973,
                        76.51835478358304
                    ],
                    [
                        -55.040509712202756,
                        76.51739222281815
                    ],
                    [
                        -55.04969245811585,
                        76.5164273984313
                    ],
                    [
                        -55.058885483229865,
                        76.51547749382429
                    ],
                    [
                        -55.06807761390407,
                        76.5145277888926
                    ],
                    [
                        -55.077260125307625,
                        76.51356682896937
                    ],
                    [
                        -55.08643716661287,
                        76.51260008471117
                    ],
                    [
                        -55.09560271640166,
                        76.51161967931557
                    ],
                    [
                        -55.10477284257408,
                        76.51064668641177
                    ],
                    [
                        -55.11392973954583,
                        76.50965779190459
                    ],
                    [
                        -55.12306005776178,
                        76.50863558580771
                    ],
                    [
                        -55.13217395950932,
                        76.50759342467111
                    ],
                    [
                        -55.1412808807154,
                        76.50654367187204
                    ],
                    [
                        -55.1503976955084,
                        76.5055083475897
                    ],
                    [
                        -55.15949334196067,
                        76.5044469482277
                    ],
                    [
                        -55.16858865174486,
                        76.50338665495235
                    ],
                    [
                        -55.177686193364956,
                        76.50233080497377
                    ],
                    [
                        -55.186788054433656,
                        76.50128209942486
                    ],
                    [
                        -55.19587756514719,
                        76.50021887531402
                    ],
                    [
                        -55.20497958422389,
                        76.49917341864624
                    ],
                    [
                        -55.214081791569924,
                        76.49812971432934
                    ],
                    [
                        -55.223186906770344,
                        76.49709127973566
                    ],
                    [
                        -55.23229407615285,
                        76.496056996361
                    ],
                    [
                        -55.241401863502986,
                        76.49502499618745
                    ],
                    [
                        -55.25050727361821,
                        76.49399140329577
                    ],
                    [
                        -55.259581341578645,
                        76.49291883104921
                    ],
                    [
                        -55.268657165287614,
                        76.49185006549044
                    ],
                    [
                        -55.27774007223964,
                        76.4907919623857
                    ],
                    [
                        -55.2868266960948,
                        76.48974015996635
                    ],
                    [
                        -55.295916332152345,
                        76.48869373535727
                    ],
                    [
                        -55.304995079524424,
                        76.48763480428619
                    ],
                    [
                        -55.314103245650834,
                        76.48661517183517
                    ],
                    [
                        -55.323200486557695,
                        76.48558296130088
                    ],
                    [
                        -55.33231271150917,
                        76.48457142856978
                    ],
                    [
                        -55.341393304397705,
                        76.48352079203913
                    ],
                    [
                        -55.35046869063835,
                        76.48246497903361
                    ],
                    [
                        -55.359579029013254,
                        76.48145537337766
                    ],
                    [
                        -55.36869125384459,
                        76.48044959727129
                    ],
                    [
                        -55.37781674124575,
                        76.4794621690933
                    ],
                    [
                        -55.386854556301984,
                        76.47836424478568
                    ],
                    [
                        -55.39595195693018,
                        76.47734385071297
                    ],
                    [
                        -55.40502711319618,
                        76.47629654710482
                    ],
                    [
                        -55.414131179605434,
                        76.47528751560449
                    ],
                    [
                        -55.42322243102722,
                        76.47426359197298
                    ],
                    [
                        -55.43235511186474,
                        76.4732937484866
                    ],
                    [
                        -55.441524881925325,
                        76.47237233981468
                    ],
                    [
                        -55.45063744743357,
                        76.47137961121082
                    ],
                    [
                        -55.45974530896004,
                        76.4703822929584
                    ],
                    [
                        -55.468844157627125,
                        76.46937493783192
                    ],
                    [
                        -55.4779583251265,
                        76.46838836494994
                    ],
                    [
                        -55.487088153538714,
                        76.4674229554092
                    ],
                    [
                        -55.49617216811835,
                        76.46640097932845
                    ],
                    [
                        -55.505298737857494,
                        76.46543414379279
                    ],
                    [
                        -55.514380076073536,
                        76.46441156960249
                    ],
                    [
                        -55.52345664016085,
                        76.4633843880361
                    ],
                    [
                        -55.5325320131584,
                        76.46235712245796
                    ],
                    [
                        -55.5415701733826,
                        76.46128444033562
                    ],
                    [
                        -55.550585706175426,
                        76.46018479060898
                    ],
                    [
                        -55.55959809530835,
                        76.45908271784045
                    ],
                    [
                        -55.56859817219797,
                        76.45796671620147
                    ],
                    [
                        -55.57758555022863,
                        76.45683633307873
                    ],
                    [
                        -55.58656277407017,
                        76.45569479157274
                    ],
                    [
                        -55.59553286259258,
                        76.45454589853999
                    ],
                    [
                        -55.60451800760416,
                        76.4534174447201
                    ],
                    [
                        -55.6135538832059,
                        76.45235399383792
                    ],
                    [
                        -55.622585844834546,
                        76.45128710928365
                    ],
                    [
                        -55.631583684069795,
                        76.45017908118233
                    ],
                    [
                        -55.6405658132106,
                        76.44905297710224
                    ],
                    [
                        -55.64957036861899,
                        76.44795638057694
                    ],
                    [
                        -55.65857736495168,
                        76.44686432698404
                    ],
                    [
                        -55.667603266152256,
                        76.44579729706182
                    ],
                    [
                        -55.676628987594974,
                        76.4447314959951
                    ],
                    [
                        -55.68565732606516,
                        76.44367039587326
                    ],
                    [
                        -55.69468268707059,
                        76.44260703823848
                    ],
                    [
                        -55.70364669377602,
                        76.44146899672836
                    ],
                    [
                        -55.71259978433245,
                        76.44031897770947
                    ],
                    [
                        -55.72156863092324,
                        76.43919005092508
                    ],
                    [
                        -55.73055304503994,
                        76.43808193344536
                    ],
                    [
                        -55.73956041473702,
                        76.43700371458256
                    ],
                    [
                        -55.748520638999736,
                        76.43586868258402
                    ],
                    [
                        -55.75750289353721,
                        76.43476240065642
                    ],
                    [
                        -55.76646670981569,
                        76.433634861576
                    ],
                    [
                        -55.77543482102441,
                        76.43251414610606
                    ],
                    [
                        -55.784405793034374,
                        76.43139847082955
                    ],
                    [
                        -55.79336431442599,
                        76.43026897215877
                    ],
                    [
                        -55.802362050142165,
                        76.42918924207815
                    ],
                    [
                        -55.811357201827285,
                        76.42810778226506
                    ],
                    [
                        -55.82035589872791,
                        76.4270321249675
                    ],
                    [
                        -55.82934693284295,
                        76.42594849957203
                    ],
                    [
                        -55.83832867331298,
                        76.42485492379178
                    ],
                    [
                        -55.84731734388369,
                        76.42377130227365
                    ],
                    [
                        -55.85629577616095,
                        76.42267658776039
                    ],
                    [
                        -55.865286325520835,
                        76.42159815971726
                    ],
                    [
                        -55.87423267646141,
                        76.420467124147
                    ],
                    [
                        -55.88317215180411,
                        76.41932920010687
                    ],
                    [
                        -55.892096086341354,
                        76.41817382390536
                    ],
                    [
                        -55.90096954797522,
                        76.41695842012237
                    ],
                    [
                        -55.90982427393557,
                        76.41572181077369
                    ],
                    [
                        -55.918675531897776,
                        76.41448264020525
                    ],
                    [
                        -55.927532530443244,
                        76.41325212225976
                    ],
                    [
                        -55.93637459126948,
                        76.4120050858201
                    ],
                    [
                        -55.945219351776764,
                        76.41076300358918
                    ],
                    [
                        -55.95402179014149,
                        76.4094711839453
                    ],
                    [
                        -55.96281756076405,
                        76.40817300691862
                    ],
                    [
                        -55.97164121008507,
                        76.40691038213177
                    ],
                    [
                        -55.9804544875679,
                        76.4056368764097
                    ],
                    [
                        -55.98929772397229,
                        76.40440135264726
                    ],
                    [
                        -55.99807253170456,
                        76.40308466868589
                    ],
                    [
                        -56.00685707893384,
                        76.4017815231587
                    ],
                    [
                        -56.01562528628012,
                        76.40046037299065
                    ],
                    [
                        -56.024379430246505,
                        76.39912400522729
                    ],
                    [
                        -56.03312304864637,
                        76.3977767207059
                    ],
                    [
                        -56.041866989780296,
                        76.39643162257515
                    ],
                    [
                        -56.05061954828145,
                        76.39509869962102
                    ],
                    [
                        -56.05933164958662,
                        76.39371883740279
                    ],
                    [
                        -56.06804032432396,
                        76.39233668992388
                    ],
                    [
                        -56.076745609618385,
                        76.39095230593539
                    ],
                    [
                        -56.085467419647564,
                        76.38958961617114
                    ],
                    [
                        -56.09421268608751,
                        76.38825689625185
                    ],
                    [
                        -56.10290535403697,
                        76.38686283212004
                    ],
                    [
                        -56.11158509690539,
                        76.38545511888087
                    ],
                    [
                        -56.120226169870584,
                        76.3840029390578
                    ],
                    [
                        -56.12886117986157,
                        76.38254542435861
                    ],
                    [
                        -56.13749397597186,
                        76.38108719037251
                    ],
                    [
                        -56.14618666450336,
                        76.3797024944063
                    ],
                    [
                        -56.15483370336619,
                        76.37826508050294
                    ],
                    [
                        -56.16344967025476,
                        76.37679246276392
                    ],
                    [
                        -56.17206932105733,
                        76.37532618241953
                    ],
                    [
                        -56.180610542822286,
                        76.37376831781744
                    ],
                    [
                        -56.18908148258335,
                        76.37212876032
                    ],
                    [
                        -56.197515898567815,
                        76.37044786982005
                    ],
                    [
                        -56.20591356256797,
                        76.36872545455955
                    ],
                    [
                        -56.21431058030815,
                        76.36700453334988
                    ],
                    [
                        -56.22264186672746,
                        76.36520774815686
                    ],
                    [
                        -56.23111958581296,
                        76.36358724082716
                    ],
                    [
                        -56.2396750682028,
                        76.36206115710218
                    ],
                    [
                        -56.24829742511465,
                        76.36061639068924
                    ],
                    [
                        -56.25682658466242,
                        76.35906303804668
                    ],
                    [
                        -56.26536673091789,
                        76.35752472699023
                    ],
                    [
                        -56.273970333120026,
                        76.35606353694573
                    ],
                    [
                        -56.28260487459419,
                        76.35464084541246
                    ],
                    [
                        -56.29134127521751,
                        76.35334040806073
                    ],
                    [
                        -56.30014524449995,
                        76.35212146149293
                    ],
                    [
                        -56.30897563145484,
                        76.35093525600776
                    ],
                    [
                        -56.317754018636926,
                        76.34968922147759
                    ],
                    [
                        -56.326510995946194,
                        76.34841954210073
                    ],
                    [
                        -56.33526915724791,
                        76.34715288100803
                    ],
                    [
                        -56.34396440539909,
                        76.34581378204548
                    ],
                    [
                        -56.35265372766279,
                        76.34446942909572
                    ],
                    [
                        -56.361325457670844,
                        76.34310611859117
                    ],
                    [
                        -56.3699798089095,
                        76.34172413959637
                    ],
                    [
                        -56.37863046741905,
                        76.34033959556567
                    ],
                    [
                        -56.387269409486855,
                        76.33894307845452
                    ],
                    [
                        -56.395907798469324,
                        76.33754769874513
                    ],
                    [
                        -56.40455006776304,
                        76.33615864717173
                    ],
                    [
                        -56.41319519391774,
                        76.33477471199977
                    ],
                    [
                        -56.42181342594471,
                        76.33336107586614
                    ],
                    [
                        -56.430434316590045,
                        76.33195234924511
                    ],
                    [
                        -56.43908489611989,
                        76.33058010217479
                    ],
                    [
                        -56.447741153032204,
                        76.32921622526119
                    ],
                    [
                        -56.45646763208329,
                        76.32793600832156
                    ],
                    [
                        -56.4651564032253,
                        76.32661343823179
                    ],
                    [
                        -56.47386294652244,
                        76.32531324375559
                    ],
                    [
                        -56.482492486929,
                        76.3239250267293
                    ],
                    [
                        -56.491232091214975,
                        76.32266663023634
                    ],
                    [
                        -56.49992377719269,
                        76.3213540914139
                    ],
                    [
                        -56.50873349562173,
                        76.3201803489983
                    ],
                    [
                        -56.51763550803213,
                        76.31911522503268
                    ],
                    [
                        -56.526479312949945,
                        76.31798386204999
                    ],
                    [
                        -56.53526272205563,
                        76.31678386263283
                    ],
                    [
                        -56.54397881421714,
                        76.3155073500571
                    ],
                    [
                        -56.55269557027605,
                        76.31423319596203
                    ],
                    [
                        -56.56149570997786,
                        76.31305710968711
                    ],
                    [
                        -56.57030482400691,
                        76.31189284802454
                    ],
                    [
                        -56.57914598470057,
                        76.31076704500336
                    ],
                    [
                        -56.588003522393215,
                        76.30966152596841
                    ],
                    [
                        -56.59683778168582,
                        76.30853049163782
                    ],
                    [
                        -56.60568340597311,
                        76.3074139400901
                    ],
                    [
                        -56.61449127504248,
                        76.30625524297497
                    ],
                    [
                        -56.62328763123674,
                        76.3050847039087
                    ],
                    [
                        -56.632045507765675,
                        76.30387131815178
                    ],
                    [
                        -56.64077615588562,
                        76.30262811064839
                    ],
                    [
                        -56.649492926052574,
                        76.30137048238544
                    ],
                    [
                        -56.65820273042192,
                        76.30010639929188
                    ],
                    [
                        -56.66690693762694,
                        76.29883744440617
                    ],
                    [
                        -56.675616574219404,
                        76.29757627156611
                    ],
                    [
                        -56.684332502849884,
                        76.29632385295113
                    ],
                    [
                        -56.69301985300056,
                        76.29504023695752
                    ],
                    [
                        -56.70170707918376,
                        76.29375804984282
                    ],
                    [
                        -56.710362446170336,
                        76.29244099395912
                    ],
                    [
                        -56.718987023921606,
                        76.29109036114808
                    ],
                    [
                        -56.72755890483046,
                        76.28968119528992
                    ],
                    [
                        -56.736132182977684,
                        76.28827535406964
                    ],
                    [
                        -56.74467253325008,
                        76.28683367645732
                    ],
                    [
                        -56.75316271159867,
                        76.28533657361973
                    ],
                    [
                        -56.76158107595683,
                        76.28375949494065
                    ],
                    [
                        -56.769893652001336,
                        76.28206390760484
                    ],
                    [
                        -56.77816852182061,
                        76.28032749500612
                    ],
                    [
                        -56.7864415126683,
                        76.27859107211225
                    ],
                    [
                        -56.79470944009767,
                        76.27685101886087
                    ],
                    [
                        -56.80300069217238,
                        76.27513958497227
                    ],
                    [
                        -56.811276245680524,
                        76.27341242086256
                    ],
                    [
                        -56.81959559827036,
                        76.2717370522565
                    ],
                    [
                        -56.827896018178514,
                        76.27004226045662
                    ],
                    [
                        -56.83628453632893,
                        76.26844935605438
                    ],
                    [
                        -56.84467045643871,
                        76.26685544739252
                    ],
                    [
                        -56.853006705840194,
                        76.26520726338629
                    ],
                    [
                        -56.86134670698709,
                        76.26356532386178
                    ],
                    [
                        -56.86966963896122,
                        76.26190608204256
                    ],
                    [
                        -56.87801013546405,
                        76.26026869249641
                    ],
                    [
                        -56.88637016637917,
                        76.25865533863626
                    ],
                    [
                        -56.894742927490235,
                        76.25705829876993
                    ],
                    [
                        -56.90303240998008,
                        76.25536928341296
                    ],
                    [
                        -56.91125061808203,
                        76.25360198424396
                    ],
                    [
                        -56.91958767798307,
                        76.25197067287188
                    ],
                    [
                        -56.92783864169376,
                        76.25024441698427
                    ],
                    [
                        -56.93622294195395,
                        76.24867023034382
                    ],
                    [
                        -56.94458807809884,
                        76.24707639024064
                    ],
                    [
                        -56.95294925480614,
                        76.2454800148672
                    ],
                    [
                        -56.96130678235942,
                        76.24388145645354
                    ],
                    [
                        -56.96965901479734,
                        76.24227887109738
                    ],
                    [
                        -56.977989818289245,
                        76.2406541710044
                    ],
                    [
                        -56.98626045814967,
                        76.23896397943801
                    ],
                    [
                        -56.994481911388824,
                        76.23722070787885
                    ],
                    [
                        -57.002648865560346,
                        76.23541850040019
                    ],
                    [
                        -57.01077009543209,
                        76.23356727553427
                    ],
                    [
                        -57.01890882351072,
                        76.23173781693735
                    ],
                    [
                        -57.027056182271075,
                        76.22992017579243
                    ],
                    [
                        -57.0352382326161,
                        76.22814344154376
                    ],
                    [
                        -57.04343905304109,
                        76.22638976860685
                    ],
                    [
                        -57.051636822464765,
                        76.22463476983724
                    ],
                    [
                        -57.05988282204132,
                        76.22293562941127
                    ],
                    [
                        -57.06821432207746,
                        76.22133378342279
                    ],
                    [
                        -57.07654667925628,
                        76.2197347862437
                    ],
                    [
                        -57.08481515971946,
                        76.21806657745324
                    ],
                    [
                        -57.09309042909791,
                        76.21640788971214
                    ],
                    [
                        -57.10135779832241,
                        76.21474237430314
                    ],
                    [
                        -57.10961568305307,
                        76.21306828196542
                    ],
                    [
                        -57.11786748058058,
                        76.21138939955516
                    ],
                    [
                        -57.12612638230295,
                        76.20972037505757
                    ],
                    [
                        -57.1344075731522,
                        76.20807803350752
                    ],
                    [
                        -57.14264407406511,
                        76.20638807768302
                    ],
                    [
                        -57.15091405587391,
                        76.20473719592559
                    ],
                    [
                        -57.15917239135301,
                        76.20307535153353
                    ],
                    [
                        -57.167475705215146,
                        76.20146522457783
                    ],
                    [
                        -57.17576108480906,
                        76.19983714434231
                    ],
                    [
                        -57.1840304297456,
                        76.19819324124282
                    ],
                    [
                        -57.19231326506913,
                        76.19656615767093
                    ],
                    [
                        -57.20055737997802,
                        76.19489822118973
                    ],
                    [
                        -57.208774552632384,
                        76.19320249782332
                    ],
                    [
                        -57.21696516097854,
                        76.19147945130288
                    ],
                    [
                        -57.22515316374043,
                        76.18975553342393
                    ],
                    [
                        -57.23329904667127,
                        76.18798721895239
                    ],
                    [
                        -57.24144900930628,
                        76.18622544334185
                    ],
                    [
                        -57.24965501406318,
                        76.18452736821192
                    ],
                    [
                        -57.25786149329841,
                        76.18283177894125
                    ],
                    [
                        -57.26606454041642,
                        76.1811343770029
                    ],
                    [
                        -57.27425451370644,
                        76.17942457417193
                    ],
                    [
                        -57.282462055052456,
                        76.17773602881206
                    ],
                    [
                        -57.2906491249343,
                        76.17602696856247
                    ],
                    [
                        -57.29883094298093,
                        76.17431411633316
                    ],
                    [
                        -57.30701035715875,
                        76.17260059885969
                    ],
                    [
                        -57.31516558693421,
                        76.17086256010167
                    ],
                    [
                        -57.32329495002697,
                        76.16909819877847
                    ],
                    [
                        -57.33139467411925,
                        76.16730343057549
                    ],
                    [
                        -57.339502303671814,
                        76.16551935952202
                    ],
                    [
                        -57.34762019690054,
                        76.16374854432578
                    ],
                    [
                        -57.35571585089499,
                        76.16195545966747
                    ],
                    [
                        -57.363801707047905,
                        76.16015372349194
                    ],
                    [
                        -57.371867137124866,
                        76.15833175266326
                    ],
                    [
                        -57.37994518311328,
                        76.15652561174626
                    ],
                    [
                        -57.388013707764706,
                        76.15471114639087
                    ],
                    [
                        -57.39609467155335,
                        76.15291229121253
                    ],
                    [
                        -57.404174428809384,
                        76.1511141634723
                    ],
                    [
                        -57.412258324762675,
                        76.14932257740438
                    ],
                    [
                        -57.42036708515797,
                        76.14756006138374
                    ],
                    [
                        -57.42848120443332,
                        76.14580536548098
                    ],
                    [
                        -57.43658642067553,
                        76.14404298271579
                    ],
                    [
                        -57.4446807281227,
                        76.14227074711971
                    ],
                    [
                        -57.4527848197852,
                        76.14051112905086
                    ],
                    [
                        -57.46088686668781,
                        76.13875127776095
                    ],
                    [
                        -57.468976923019014,
                        76.13698041185732
                    ],
                    [
                        -57.47705280436718,
                        76.13519618192178
                    ],
                    [
                        -57.485091132378834,
                        76.13337329478023
                    ],
                    [
                        -57.49310015438792,
                        76.13152073711885
                    ],
                    [
                        -57.50110858573969,
                        76.12966961530347
                    ],
                    [
                        -57.50912920705093,
                        76.12783374296411
                    ],
                    [
                        -57.517154144112695,
                        76.1260045867976
                    ],
                    [
                        -57.52518210051472,
                        76.12418073516392
                    ],
                    [
                        -57.533202915854865,
                        76.1223512120863
                    ],
                    [
                        -57.54119944714137,
                        76.12049753222145
                    ],
                    [
                        -57.549200957814435,
                        76.11865128509397
                    ],
                    [
                        -57.55719495747602,
                        76.11679899786402
                    ],
                    [
                        -57.56518896281628,
                        76.11494877521514
                    ],
                    [
                        -57.57317347393304,
                        76.11309038625355
                    ],
                    [
                        -57.58114938308249,
                        76.11122480294252
                    ],
                    [
                        -57.589125475035466,
                        76.1093614826724
                    ],
                    [
                        -57.59711265661616,
                        76.10751214388142
                    ],
                    [
                        -57.605091659778445,
                        76.10565606485406
                    ],
                    [
                        -57.613060011016145,
                        76.10379059945875
                    ],
                    [
                        -57.6210332544541,
                        76.10193244248407
                    ],
                    [
                        -57.62901146975028,
                        76.10008166704313
                    ],
                    [
                        -57.63696482018131,
                        76.09820627509966
                    ],
                    [
                        -57.644911121873115,
                        76.09632539343903
                    ],
                    [
                        -57.65282656377219,
                        76.09441352993431
                    ],
                    [
                        -57.66072974876678,
                        76.09249064328601
                    ],
                    [
                        -57.66859496718117,
                        76.09052924427895
                    ],
                    [
                        -57.6764368582153,
                        76.08854504381571
                    ],
                    [
                        -57.68427009044719,
                        76.08655375241527
                    ],
                    [
                        -57.69212273030947,
                        76.0845853612944
                    ],
                    [
                        -57.699979640661326,
                        76.08262367319257
                    ],
                    [
                        -57.70782677686538,
                        76.08065368911615
                    ],
                    [
                        -57.715690992122845,
                        76.0787040630392
                    ],
                    [
                        -57.72359279556848,
                        76.07679662798263
                    ],
                    [
                        -57.73151879715289,
                        76.07491705112822
                    ],
                    [
                        -57.73941812200869,
                        76.07301110711444
                    ],
                    [
                        -57.74727352421238,
                        76.0710604773017
                    ],
                    [
                        -57.755125852978324,
                        76.06910868900654
                    ],
                    [
                        -57.7629942977787,
                        76.06717614928
                    ],
                    [
                        -57.77090979369868,
                        76.06529570821813
                    ],
                    [
                        -57.778795068424266,
                        76.06338519713334
                    ],
                    [
                        -57.786682702174446,
                        76.06147925417682
                    ],
                    [
                        -57.79458661506131,
                        76.05959264440457
                    ],
                    [
                        -57.802518314764065,
                        76.05773754399802
                    ],
                    [
                        -57.81040604549797,
                        76.05583782994422
                    ],
                    [
                        -57.81820769606116,
                        76.05384894501141
                    ],
                    [
                        -57.82595035880866,
                        76.05179971423897
                    ],
                    [
                        -57.833645014171495,
                        76.04970184801988
                    ],
                    [
                        -57.84135016280888,
                        76.04761731721128
                    ],
                    [
                        -57.849057342121455,
                        76.04553715133223
                    ],
                    [
                        -57.856802441108805,
                        76.04349928310124
                    ],
                    [
                        -57.86459861596742,
                        76.0415175518759
                    ],
                    [
                        -57.8724461174722,
                        76.03959213945554
                    ],
                    [
                        -57.880282210676235,
                        76.03765673955638
                    ],
                    [
                        -57.88816203467606,
                        76.03576954114943
                    ],
                    [
                        -57.89605093093384,
                        76.03389392279061
                    ],
                    [
                        -57.90392336561719,
                        76.03200295354112
                    ],
                    [
                        -57.911799638251104,
                        76.0301180405631
                    ],
                    [
                        -57.91968615980335,
                        76.02824592434567
                    ],
                    [
                        -57.9275858442994,
                        76.02638965160652
                    ],
                    [
                        -57.93543049938807,
                        76.02447746638099
                    ],
                    [
                        -57.943252612530756,
                        76.02254360745015
                    ],
                    [
                        -57.95104327917019,
                        76.02057874814537
                    ],
                    [
                        -57.958839037894045,
                        76.01862131161256
                    ],
                    [
                        -57.96664681544058,
                        76.01667855819841
                    ],
                    [
                        -57.97446184474713,
                        76.01474546326557
                    ],
                    [
                        -57.982259790726495,
                        76.01279648836075
                    ],
                    [
                        -57.99010357054051,
                        76.01089761317128
                    ],
                    [
                        -57.99796612181399,
                        76.00902040703494
                    ],
                    [
                        -58.00581394588497,
                        76.00712975443822
                    ],
                    [
                        -58.01369479615812,
                        76.00527566104188
                    ],
                    [
                        -58.02156744763565,
                        76.00341494022769
                    ],
                    [
                        -58.02943646574288,
                        76.00155237518457
                    ],
                    [
                        -58.03719923175086,
                        75.99958070883147
                    ],
                    [
                        -58.044974110827724,
                        75.99762375687958
                    ],
                    [
                        -58.052755951045626,
                        75.99567611747634
                    ],
                    [
                        -58.06051035134064,
                        75.99370187114542
                    ],
                    [
                        -58.06817308496163,
                        75.9916340512835
                    ],
                    [
                        -58.075838223153056,
                        75.98957088101074
                    ],
                    [
                        -58.08348905573888,
                        75.98749493624085
                    ],
                    [
                        -58.09122185205662,
                        75.98550652643027
                    ],
                    [
                        -58.09905917599297,
                        75.98362902189746
                    ],
                    [
                        -58.10691949476414,
                        75.98177740338981
                    ],
                    [
                        -58.114646909810695,
                        75.97978945642778
                    ],
                    [
                        -58.122236570426054,
                        75.97766032895359
                    ],
                    [
                        -58.12982694132667,
                        75.97553412379364
                    ],
                    [
                        -58.13739166878675,
                        75.97338345779987
                    ],
                    [
                        -58.14483963020445,
                        75.97111373886575
                    ],
                    [
                        -58.15223652148772,
                        75.96879331102626
                    ],
                    [
                        -58.15967584650722,
                        75.966519252688
                    ],
                    [
                        -58.16711757566448,
                        75.96424998850095
                    ],
                    [
                        -58.174549021964815,
                        75.96197235902281
                    ],
                    [
                        -58.18192216756247,
                        75.95963661622699
                    ],
                    [
                        -58.189418410533364,
                        75.95743072319944
                    ],
                    [
                        -58.196981385412315,
                        75.9552961533046
                    ],
                    [
                        -58.204596396880376,
                        75.95321760287483
                    ],
                    [
                        -58.212219128989176,
                        75.9511491553159
                    ],
                    [
                        -58.21981398367393,
                        75.9490539904571
                    ],
                    [
                        -58.22740293679241,
                        75.94695485442915
                    ],
                    [
                        -58.234959800971836,
                        75.94482470010719
                    ],
                    [
                        -58.24249149224873,
                        75.94267070882024
                    ],
                    [
                        -58.24982822763002,
                        75.94031767648207
                    ],
                    [
                        -58.25699472183186,
                        75.93779134540011
                    ],
                    [
                        -58.264099286271026,
                        75.93520362053815
                    ],
                    [
                        -58.27124076553176,
                        75.93265647370131
                    ],
                    [
                        -58.2783235157748,
                        75.93005129096107
                    ],
                    [
                        -58.28529576623519,
                        75.92733480167556
                    ],
                    [
                        -58.29221541725765,
                        75.92460009354176
                    ],
                    [
                        -58.29920695626583,
                        75.92190867390323
                    ],
                    [
                        -58.306259261272395,
                        75.91928237318606
                    ],
                    [
                        -58.31325229618694,
                        75.91659763553989
                    ],
                    [
                        -58.32033262112055,
                        75.91400523776076
                    ],
                    [
                        -58.327476932591246,
                        75.91148112099859
                    ],
                    [
                        -58.3346440189566,
                        75.9089828589016
                    ],
                    [
                        -58.34183415363714,
                        75.90651070127555
                    ],
                    [
                        -58.3491704964746,
                        75.90419107075107
                    ],
                    [
                        -58.35656049447296,
                        75.901928791711
                    ],
                    [
                        -58.36392402293179,
                        75.89964159292408
                    ],
                    [
                        -58.37144277050251,
                        75.89751581767675
                    ],
                    [
                        -58.378928575818975,
                        75.8953583914799
                    ],
                    [
                        -58.386382135910864,
                        75.89317006832452
                    ],
                    [
                        -58.39379317893951,
                        75.89094036686346
                    ],
                    [
                        -58.40113302799865,
                        75.88863998108168
                    ],
                    [
                        -58.40837869573928,
                        75.88624547322553
                    ],
                    [
                        -58.41554854737497,
                        75.88377573957901
                    ],
                    [
                        -58.42267405768251,
                        75.88126304943745
                    ],
                    [
                        -58.4296898737998,
                        75.87864064874682
                    ],
                    [
                        -58.43664924249587,
                        75.87596306276475
                    ],
                    [
                        -58.443344838913035,
                        75.87323407581856
                    ],
                    [
                        -58.44954527226681,
                        75.87053368026028
                    ],
                    [
                        -58.45595130944778,
                        75.86782098030709
                    ],
                    [
                        -58.46283890964681,
                        75.8650800528367
                    ],
                    [
                        -58.46996435089733,
                        75.86258432367566
                    ],
                    [
                        -58.47721537707092,
                        75.86021904514885
                    ],
                    [
                        -58.48448947530745,
                        75.85787956875612
                    ],
                    [
                        -58.491766799316,
                        75.85554564086277
                    ],
                    [
                        -58.499150690352636,
                        75.85332250723955
                    ],
                    [
                        -58.50679875390423,
                        75.85137047926104
                    ],
                    [
                        -58.51467673112038,
                        75.84965432849407
                    ],
                    [
                        -58.52274649423668,
                        75.8481349338368
                    ],
                    [
                        -58.53093524003079,
                        75.84673798891193
                    ],
                    [
                        -58.539134843040515,
                        75.84535345045708
                    ],
                    [
                        -58.547338421440486,
                        75.84397431038103
                    ],
                    [
                        -58.55552520237732,
                        75.84257947814855
                    ],
                    [
                        -58.563751897393786,
                        75.84122650156652
                    ],
                    [
                        -58.57204160642743,
                        75.83993873063518
                    ],
                    [
                        -58.58036519365418,
                        75.8386865379508
                    ],
                    [
                        -58.58866546401314,
                        75.83741194625058
                    ],
                    [
                        -58.59687960450114,
                        75.83605141857231
                    ],
                    [
                        -58.605002540816045,
                        75.83459995876434
                    ],
                    [
                        -58.61302739830447,
                        75.83305075723005
                    ],
                    [
                        -58.62093587428074,
                        75.8313854651744
                    ],
                    [
                        -58.62876777487201,
                        75.82964445987358
                    ],
                    [
                        -58.63654815010809,
                        75.82785313991039
                    ],
                    [
                        -58.644309784244946,
                        75.82604465963776
                    ],
                    [
                        -58.65207626241426,
                        75.82424283219368
                    ],
                    [
                        -58.659926546259506,
                        75.82252725695845
                    ],
                    [
                        -58.66801004536861,
                        75.82104836840867
                    ],
                    [
                        -58.67629359768644,
                        75.81977240383702
                    ],
                    [
                        -58.68478586576215,
                        75.81870775293343
                    ],
                    [
                        -58.69343729488909,
                        75.81780420339702
                    ],
                    [
                        -58.70225727046068,
                        75.81707090349
                    ],
                    [
                        -58.71121514220786,
                        75.81647674312153
                    ],
                    [
                        -58.72026299297595,
                        75.81597334506885
                    ],
                    [
                        -58.72935583492754,
                        75.81551539199846
                    ],
                    [
                        -58.73845654279662,
                        75.81506556777275
                    ],
                    [
                        -58.74753705062945,
                        75.81459573208522
                    ],
                    [
                        -58.75654827016192,
                        75.81405676582187
                    ],
                    [
                        -58.76546889114794,
                        75.81342747497126
                    ],
                    [
                        -58.77434258919583,
                        75.81275171316067
                    ],
                    [
                        -58.78314954982627,
                        75.81200976121976
                    ],
                    [
                        -58.79191200452021,
                        75.8112239487483
                    ],
                    [
                        -58.80059955152284,
                        75.81036400341426
                    ],
                    [
                        -58.809196413570895,
                        75.80941431501307
                    ],
                    [
                        -58.81771159960789,
                        75.80838402354652
                    ],
                    [
                        -58.82608087800095,
                        75.80720924940785
                    ],
                    [
                        -58.8343078168313,
                        75.8058937840468
                    ],
                    [
                        -58.8422807321632,
                        75.8043266526869
                    ],
                    [
                        -58.84987579306777,
                        75.80238498814208
                    ],
                    [
                        -58.85701111578187,
                        75.79998781854846
                    ],
                    [
                        -58.862838858850004,
                        75.79729277650367
                    ],
                    [
                        -58.86715246969105,
                        75.79468923829802
                    ],
                    [
                        -58.870494980501064,
                        75.79214441861055
                    ],
                    [
                        -58.87312417541258,
                        75.78964275740786
                    ],
                    [
                        -58.87526854575735,
                        75.7871704394466
                    ],
                    [
                        -58.87704376410302,
                        75.78472047361925
                    ],
                    [
                        -58.87834275130215,
                        75.7822993807749
                    ],
                    [
                        -58.879326497680104,
                        75.77989740820024
                    ],
                    [
                        -58.880164273365814,
                        75.7775042889024
                    ],
                    [
                        -58.881031202841356,
                        75.77510939019201
                    ],
                    [
                        -58.88196535179741,
                        75.77271039781448
                    ],
                    [
                        -58.88298631956995,
                        75.77030611765893
                    ],
                    [
                        -58.884156347600324,
                        75.76789276196554
                    ],
                    [
                        -58.88560041276598,
                        75.76546272387088
                    ],
                    [
                        -58.88731779772009,
                        75.76301603323513
                    ],
                    [
                        -58.88975379119404,
                        75.76052557952052
                    ],
                    [
                        -58.89296739164011,
                        75.75798772470824
                    ],
                    [
                        -58.89698028579535,
                        75.7554010889687
                    ],
                    [
                        -58.90206516743566,
                        75.75274898474717
                    ],
                    [
                        -58.90764196120221,
                        75.75006667327919
                    ],
                    [
                        -58.91330703483706,
                        75.74737872769644
                    ],
                    [
                        -58.91998669785713,
                        75.744628583973
                    ],
                    [
                        -58.91998669785713,
                        75.744628583973
                    ],
                    [
                        -58.926663758302475,
                        75.74187826435276
                    ],
                    [
                        -58.93372176099653,
                        75.73944557867222
                    ],
                    [
                        -58.94086940313757,
                        75.7371041102761
                    ],
                    [
                        -58.94811559830002,
                        75.73486260311668
                    ],
                    [
                        -58.95559916147386,
                        75.7328586612736
                    ],
                    [
                        -59.00227631269477,
                        75.71877779925279
                    ],
                    [
                        -59.04886056043965,
                        75.70468798852022
                    ],
                    [
                        -59.09535212039194,
                        75.69058925824142
                    ],
                    [
                        -59.14175120786585,
                        75.67648163748801
                    ],
                    [
                        -59.18805803780508,
                        75.66236515523798
                    ],
                    [
                        -59.234272824781506,
                        75.64823984037598
                    ],
                    [
                        -59.28039578299393,
                        75.6341057216936
                    ],
                    [
                        -59.326427126266815,
                        75.6199628278897
                    ],
                    [
                        -59.3723670680491,
                        75.60581118757051
                    ],
                    [
                        -59.418215821413014,
                        75.59165082925016
                    ],
                    [
                        -59.46397359905284,
                        75.57748178135077
                    ],
                    [
                        -59.50964061328383,
                        75.56330407220281
                    ],
                    [
                        -59.55521707604109,
                        75.54911773004534
                    ],
                    [
                        -59.60070319887844,
                        75.53492278302633
                    ],
                    [
                        -59.646099192967355,
                        75.5207192592029
                    ],
                    [
                        -59.69140526909593,
                        75.50650718654164
                    ],
                    [
                        -59.736621637667824,
                        75.49228659291877
                    ],
                    [
                        -59.781748508701284,
                        75.47805750612065
                    ],
                    [
                        -59.82678609182813,
                        75.46381995384375
                    ],
                    [
                        -59.87173459629281,
                        75.44957396369523
                    ]
                ]
            }
        }
    ]
}
