{
    "type": "FeatureCollection",
    "features": [
        {
            "type": "Feature",
            "properties": {
                "name": "Greenland Glacier 0115",
                "object": "transect",
                "component": "landice",
                "author": "Matthew Hoffman, converted from Felikson et al. (2020) Zenodo dataset",
                "tags": "Greenland_Ice_Sheet;flowline;zenodo_4284759;glacier_0115",
                "citation": "Felikson, Denis, Catania, Ginny, Bartholomaus, Timothy, Morlighem, Mathieu, & No\u00ebl, Brice. (2020). Inland limits to diffusion of thinning along Greenland Ice Sheet outlet glaciers (v1.0) [Data set]. Zenodo. https://doi.org/10.5281/zenodo.4284759",
                "license": "CC-BY-4.0"
            },
            "geometry": {
                "type": "LineString",
                "coordinates": [
                    [
                        -35.82078148568873,
                        73.00587908846333
                    ],
                    [
                        -35.82467243851513,
                        73.00377424326999
                    ],
                    [
                        -35.82136705311246,
                        73.00590675935007
                    ],
                    [
                        -35.82554787275413,
                        73.00381559821851
                    ],
                    [
                        -35.82279720755646,
                        73.00597433331649
                    ],
                    [
                        -35.82759426948969,
                        73.00391225263935
                    ],
                    [
                        -35.82647633836017,
                        73.00614811968569
                    ],
                    [
                        -35.832217662017335,
                        73.00413053975596
                    ],
                    [
                        -35.83709417110608,
                        73.00207206601962
                    ],
                    [
                        -35.84264079792083,
                        73.00004514040492
                    ],
                    [
                        -35.847574938303154,
                        72.99798926130839
                    ],
                    [
                        -35.85270468530586,
                        72.99594254184449
                    ],
                    [
                        -35.8614094443072,
                        72.99433460077317
                    ],
                    [
                        -35.86989974127102,
                        72.99244576454277
                    ],
                    [
                        -35.8782100318,
                        72.9915498382036
                    ],
                    [
                        -35.88475737381529,
                        72.98956920079003
                    ],
                    [
                        -35.891915155049894,
                        72.99077299844933
                    ],
                    [
                        -35.90016518336203,
                        72.98998260385939
                    ],
                    [
                        -35.90798483738067,
                        72.989977660704
                    ],
                    [
                        -35.915885347419646,
                        72.98982437453941
                    ],
                    [
                        -35.92445051445787,
                        72.9884525407271
                    ],
                    [
                        -35.93289255874634,
                        72.98730363284825
                    ],
                    [
                        -35.941136038419174,
                        72.98651685995969
                    ],
                    [
                        -35.94922504928624,
                        72.98601223195683
                    ],
                    [
                        -35.95628939996975,
                        72.98739121561718
                    ],
                    [
                        -35.96367952593494,
                        72.98817244665868
                    ],
                    [
                        -35.97135024728465,
                        72.98843774771905
                    ],
                    [
                        -35.97920556795898,
                        72.98836281549022
                    ],
                    [
                        -35.98722709357317,
                        72.98798069069436
                    ],
                    [
                        -35.99534460762091,
                        72.98742023658563
                    ],
                    [
                        -36.003575520175644,
                        72.98664875136964
                    ],
                    [
                        -36.01186327233041,
                        72.985770309925
                    ],
                    [
                        -36.02006656067293,
                        72.98504640729465
                    ],
                    [
                        -36.02812393821139,
                        72.9845914511142
                    ],
                    [
                        -36.03598215542857,
                        72.98450504270795
                    ],
                    [
                        -36.0435918402128,
                        72.98487989643883
                    ],
                    [
                        -36.05101852390865,
                        72.98559534007937
                    ],
                    [
                        -36.05838774930188,
                        72.98641859676358
                    ],
                    [
                        -36.06602909683995,
                        72.98673616285834
                    ],
                    [
                        -36.07379206634985,
                        72.98682727562742
                    ],
                    [
                        -36.08138981810066,
                        72.98722646045302
                    ],
                    [
                        -36.08912940390373,
                        72.98736120381683
                    ],
                    [
                        -36.096999768390475,
                        72.98725147196015
                    ],
                    [
                        -36.10493762946769,
                        72.9870149750462
                    ],
                    [
                        -36.112881156604715,
                        72.9867671284721
                    ],
                    [
                        -36.12085649502548,
                        72.9864589043394
                    ],
                    [
                        -36.12878433527973,
                        72.98623890084687
                    ],
                    [
                        -36.136893919573474,
                        72.9856769570719
                    ],
                    [
                        -36.14508112179771,
                        72.98496778275364
                    ],
                    [
                        -36.15338918362137,
                        72.98402959524236
                    ],
                    [
                        -36.16170086551826,
                        72.98308248982507
                    ],
                    [
                        -36.16993412743392,
                        72.98228109243672
                    ],
                    [
                        -36.178118096187085,
                        72.98157087855768
                    ],
                    [
                        -36.18632499759396,
                        72.98081570008613
                    ],
                    [
                        -36.19461182105847,
                        72.97990767556895
                    ],
                    [
                        -36.202980878056515,
                        72.97884196829744
                    ],
                    [
                        -36.21135346763145,
                        72.97776719909368
                    ],
                    [
                        -36.2197642035808,
                        72.97661769440946
                    ],
                    [
                        -36.228126799500295,
                        72.97555703821833
                    ],
                    [
                        -36.23644092120763,
                        72.97458614104262
                    ],
                    [
                        -36.24465402143085,
                        72.97380524115219
                    ],
                    [
                        -36.25284286643968,
                        72.97306872987487
                    ],
                    [
                        -36.26097552218897,
                        72.97243760943574
                    ],
                    [
                        -36.26914189558172,
                        72.97174065274662
                    ],
                    [
                        -36.27742987923173,
                        72.97080979890472
                    ],
                    [
                        -36.28566344396537,
                        72.96998087950949
                    ],
                    [
                        -36.293983974739454,
                        72.96898362482037
                    ],
                    [
                        -36.30237075778955,
                        72.96785719971979
                    ],
                    [
                        -36.310718715271165,
                        72.96680271940316
                    ],
                    [
                        -36.319220693168,
                        72.96545018315621
                    ],
                    [
                        -36.327688549755635,
                        72.96416022724863
                    ],
                    [
                        -36.33609546710969,
                        72.96298464834992
                    ],
                    [
                        -36.34456613241751,
                        72.96168366950592
                    ],
                    [
                        -36.353006716612335,
                        72.96043779478295
                    ],
                    [
                        -36.36145942579175,
                        72.95916574096866
                    ],
                    [
                        -36.36989692152071,
                        72.95792024655388
                    ],
                    [
                        -36.37827306279897,
                        72.95679064139993
                    ],
                    [
                        -36.38661948397563,
                        72.95571604296181
                    ],
                    [
                        -36.394976824761635,
                        72.9546178573005
                    ],
                    [
                        -36.40337341970946,
                        72.95344103509012
                    ],
                    [
                        -36.411789312991225,
                        72.95222408790617
                    ],
                    [
                        -36.420208372341115,
                        72.95099825595824
                    ],
                    [
                        -36.42865706868585,
                        72.94971198702723
                    ],
                    [
                        -36.437126248491666,
                        72.94838292367767
                    ],
                    [
                        -36.44559136189191,
                        72.94705881738093
                    ],
                    [
                        -36.45407083293746,
                        72.94570370704363
                    ],
                    [
                        -36.4625531408178,
                        72.9443400151483
                    ],
                    [
                        -36.47100005802311,
                        72.94304252748694
                    ],
                    [
                        -36.47941049386207,
                        72.94181359655515
                    ],
                    [
                        -36.48775776647155,
                        72.94070577265937
                    ],
                    [
                        -36.496115380478585,
                        72.939575132718
                    ],
                    [
                        -36.50443914345687,
                        72.93850845902217
                    ],
                    [
                        -36.512660153450376,
                        72.93764151259496
                    ],
                    [
                        -36.52086446041421,
                        72.93680544775259
                    ],
                    [
                        -36.52903936318788,
                        72.9360254000501
                    ],
                    [
                        -36.53717481745296,
                        72.93532136407636
                    ],
                    [
                        -36.545281708643955,
                        72.9346720690013
                    ],
                    [
                        -36.55337738657797,
                        72.93404337378952
                    ],
                    [
                        -36.56144615164331,
                        72.933466417117
                    ],
                    [
                        -36.56944201035687,
                        72.93303248484729
                    ],
                    [
                        -36.577427101561184,
                        72.93261876234098
                    ],
                    [
                        -36.58539668412149,
                        72.93223472216935
                    ],
                    [
                        -36.593368508078385,
                        72.9318451795106
                    ],
                    [
                        -36.601356987910364,
                        72.9314214457624
                    ],
                    [
                        -36.609256412616745,
                        72.93117390307602
                    ],
                    [
                        -36.617140913383054,
                        72.93095532095332
                    ],
                    [
                        -36.62498699820833,
                        72.93081264883672
                    ],
                    [
                        -36.6328408502856,
                        72.93065388525044
                    ],
                    [
                        -36.6406891530857,
                        72.93050560075675
                    ],
                    [
                        -36.64856346129516,
                        72.93030469468502
                    ],
                    [
                        -36.656402134246605,
                        72.9301744582966
                    ],
                    [
                        -36.664245227998535,
                        72.93003480177047
                    ],
                    [
                        -36.67206675680404,
                        72.92993783798903
                    ],
                    [
                        -36.679902564544676,
                        72.92981170154447
                    ],
                    [
                        -36.68769034240925,
                        72.92978156955115
                    ],
                    [
                        -36.695446918919586,
                        72.92981385424356
                    ],
                    [
                        -36.703198140329285,
                        72.92985667596648
                    ],
                    [
                        -36.71093155241777,
                        72.92993517280317
                    ],
                    [
                        -36.71866357832902,
                        72.93001630555665
                    ],
                    [
                        -36.72637548272341,
                        72.9301379237748
                    ],
                    [
                        -36.73409406815668,
                        72.93024595515783
                    ],
                    [
                        -36.74180983989553,
                        72.930359575241
                    ],
                    [
                        -36.74953774545458,
                        72.93044852370394
                    ],
                    [
                        -36.75727566306679,
                        72.93051703260744
                    ],
                    [
                        -36.76501093814354,
                        72.93059072482707
                    ],
                    [
                        -36.772692690741074,
                        72.93077296646449
                    ],
                    [
                        -36.78033120923203,
                        72.9310431452858
                    ],
                    [
                        -36.787931257887585,
                        72.93139181097
                    ],
                    [
                        -36.79551111558683,
                        72.93178194861991
                    ],
                    [
                        -36.803053259466836,
                        72.93224939663426
                    ],
                    [
                        -36.8105568264504,
                        72.93279612682878
                    ],
                    [
                        -36.81807010115145,
                        72.93332373801634
                    ],
                    [
                        -36.82564323619225,
                        72.93372965460286
                    ],
                    [
                        -36.833207021751704,
                        72.93415515533509
                    ],
                    [
                        -36.840779660059574,
                        72.93456301615187
                    ],
                    [
                        -36.84834540453511,
                        72.93498546742498
                    ],
                    [
                        -36.85588777357279,
                        72.93545636582013
                    ],
                    [
                        -36.86340752070961,
                        72.9359742968289
                    ],
                    [
                        -36.8708966559534,
                        72.93655581202529
                    ],
                    [
                        -36.87831551626941,
                        72.93728268200769
                    ],
                    [
                        -36.88576288571995,
                        72.93795188790874
                    ],
                    [
                        -36.89319634074205,
                        72.93865070872778
                    ],
                    [
                        -36.900661970175804,
                        72.93928415254702
                    ],
                    [
                        -36.90810526991634,
                        72.93996457548745
                    ],
                    [
                        -36.91556247272756,
                        72.94061722951706
                    ],
                    [
                        -36.92304027262939,
                        72.94122819451051
                    ],
                    [
                        -36.93057448127806,
                        72.94172321866253
                    ],
                    [
                        -36.93808805579319,
                        72.94226162861172
                    ],
                    [
                        -36.94557414394513,
                        72.94285775546666
                    ],
                    [
                        -36.953024305216395,
                        72.94352927856333
                    ],
                    [
                        -36.96047613544213,
                        72.94419828691377
                    ],
                    [
                        -36.96792349080389,
                        72.94487755100526
                    ],
                    [
                        -36.9753724838903,
                        72.94555437549677
                    ],
                    [
                        -36.98281747399988,
                        72.94624050594015
                    ],
                    [
                        -36.990273754524765,
                        72.94690407697259
                    ],
                    [
                        -36.99773854465274,
                        72.94755083165785
                    ],
                    [
                        -37.00518136036379,
                        72.94824440761965
                    ],
                    [
                        -37.01257214606748,
                        72.94904777635722
                    ],
                    [
                        -37.01996239687051,
                        72.94985346462236
                    ],
                    [
                        -37.02735693939208,
                        72.95065136892165
                    ],
                    [
                        -37.03475280825742,
                        72.95144768576431
                    ],
                    [
                        -37.04216184661785,
                        72.95221755943567
                    ],
                    [
                        -37.04951062059686,
                        72.95311515168967
                    ],
                    [
                        -37.05680947178316,
                        72.95411906326922
                    ],
                    [
                        -37.06407536603428,
                        72.95519387860615
                    ],
                    [
                        -37.071354809899304,
                        72.95624185147781
                    ],
                    [
                        -37.078647000463974,
                        72.95726460448476
                    ],
                    [
                        -37.08591228768726,
                        72.95834571140158
                    ],
                    [
                        -37.09317879208029,
                        72.95942595521839
                    ],
                    [
                        -37.1004099774668,
                        72.9605825385439
                    ],
                    [
                        -37.107656297512925,
                        72.961708954922
                    ],
                    [
                        -37.11489769487601,
                        72.96284758282741
                    ],
                    [
                        -37.12212925261474,
                        72.96400887143206
                    ],
                    [
                        -37.12932991967648,
                        72.96523751648445
                    ],
                    [
                        -37.13654060360656,
                        72.96644687798882
                    ],
                    [
                        -37.14375352806762,
                        72.9676534239984
                    ],
                    [
                        -37.15095642063793,
                        72.96888323730845
                    ],
                    [
                        -37.15812972473228,
                        72.97017798861815
                    ],
                    [
                        -37.16527837814302,
                        72.97152732990195
                    ],
                    [
                        -37.17240387787024,
                        72.97292821017041
                    ],
                    [
                        -37.179481346076386,
                        72.97443382586182
                    ],
                    [
                        -37.18655871397778,
                        72.97594211565631
                    ],
                    [
                        -37.193619067442555,
                        72.9774892254009
                    ],
                    [
                        -37.200613729661136,
                        72.97917933896638
                    ],
                    [
                        -37.20760592972827,
                        72.9808774939124
                    ],
                    [
                        -37.21457836542642,
                        72.98262076825051
                    ],
                    [
                        -37.221563235030565,
                        72.9843402554394
                    ],
                    [
                        -37.22853852938817,
                        72.98608311361892
                    ],
                    [
                        -37.235440968487765,
                        72.98798525989754
                    ],
                    [
                        -37.242315332803244,
                        72.98995085809149
                    ],
                    [
                        -37.24916262699905,
                        72.99197789861766
                    ],
                    [
                        -37.25600260476637,
                        72.99402401722811
                    ],
                    [
                        -37.26285285569451,
                        72.99605137812837
                    ],
                    [
                        -37.2696982347696,
                        72.9980925811664
                    ],
                    [
                        -37.27653171212756,
                        73.00016282350198
                    ],
                    [
                        -37.28337207378043,
                        73.00222162136292
                    ],
                    [
                        -37.29021491886168,
                        73.0042784568097
                    ],
                    [
                        -37.29703327711989,
                        73.0063916375632
                    ],
                    [
                        -37.303780781582624,
                        73.008661619929
                    ],
                    [
                        -37.3105073893982,
                        73.01098059026324
                    ],
                    [
                        -37.317252808754255,
                        73.0132626158054
                    ],
                    [
                        -37.32399535618314,
                        73.01555463677394
                    ],
                    [
                        -37.330719351516855,
                        73.01789070708622
                    ],
                    [
                        -37.337436165392866,
                        73.02024623273546
                    ],
                    [
                        -37.34414317338467,
                        73.02262696353236
                    ],
                    [
                        -37.35089669631195,
                        73.0249104530286
                    ],
                    [
                        -37.35770166153063,
                        73.02708575416894
                    ],
                    [
                        -37.36452151658095,
                        73.02923224733227
                    ],
                    [
                        -37.37132866012565,
                        73.03141004386283
                    ],
                    [
                        -37.37813420053331,
                        73.033594980827
                    ],
                    [
                        -37.384950612257036,
                        73.03575983689434
                    ],
                    [
                        -37.391776848920394,
                        73.03790685313638
                    ],
                    [
                        -37.398574105286954,
                        73.04012085816296
                    ],
                    [
                        -37.40536757742206,
                        73.0423468624395
                    ],
                    [
                        -37.41210334006593,
                        73.04470301500545
                    ],
                    [
                        -37.41886133065924,
                        73.04701438680371
                    ],
                    [
                        -37.42557562087445,
                        73.04942550835982
                    ],
                    [
                        -37.43231752858853,
                        73.05178003580635
                    ],
                    [
                        -37.43906582428289,
                        73.05412448483165
                    ],
                    [
                        -37.44584794066798,
                        73.05639851404128
                    ],
                    [
                        -37.4526608325933,
                        73.05860866171113
                    ],
                    [
                        -37.459491152603476,
                        73.06078417387738
                    ],
                    [
                        -37.4663277563481,
                        73.06294953259861
                    ],
                    [
                        -37.47316517175031,
                        73.06511678557257
                    ],
                    [
                        -37.47997684824295,
                        73.06734455068711
                    ],
                    [
                        -37.48682015608908,
                        73.06950622520463
                    ],
                    [
                        -37.493698098867185,
                        73.07159501129193
                    ],
                    [
                        -37.500563662260866,
                        73.0737147709346
                    ],
                    [
                        -37.50740602789754,
                        73.07588953919601
                    ],
                    [
                        -37.51424700877185,
                        73.07807110326337
                    ],
                    [
                        -37.521045084892506,
                        73.08035157915779
                    ],
                    [
                        -37.52786386290953,
                        73.08259000256177
                    ],
                    [
                        -37.53466782591209,
                        73.08486518204414
                    ],
                    [
                        -37.54140306125454,
                        73.08729707617238
                    ],
                    [
                        -37.54812039720868,
                        73.08977295359401
                    ],
                    [
                        -37.55461943326746,
                        73.09229934003798
                    ],
                    [
                        -37.56110289988879,
                        73.09482486151832
                    ],
                    [
                        -37.56778070351629,
                        73.09735748585906
                    ],
                    [
                        -37.57444730426225,
                        73.09988939807772
                    ],
                    [
                        -37.58118759211898,
                        73.10233526335783
                    ],
                    [
                        -37.587940321045345,
                        73.1047575272447
                    ],
                    [
                        -37.59468264172584,
                        73.10720725039783
                    ],
                    [
                        -37.60142075626766,
                        73.10967061409393
                    ],
                    [
                        -37.60806074773922,
                        73.11220008269218
                    ],
                    [
                        -37.614568638463616,
                        73.11472429131686
                    ],
                    [
                        -37.62095754900891,
                        73.11724374928887
                    ],
                    [
                        -37.62707189591525,
                        73.1197526213751
                    ],
                    [
                        -37.63253401830072,
                        73.12223675312484
                    ],
                    [
                        -37.63772040886564,
                        73.12471033999144
                    ],
                    [
                        -37.64257582489941,
                        73.12717133705334
                    ],
                    [
                        -37.64721671060321,
                        73.12962413762567
                    ],
                    [
                        -37.65178078198203,
                        73.1320739167825
                    ],
                    [
                        -37.656064562059086,
                        73.13451306856345
                    ],
                    [
                        -37.65999298556168,
                        73.13693880947118
                    ],
                    [
                        -37.66375383514486,
                        73.13935818295218
                    ],
                    [
                        -37.66730285563878,
                        73.14176954891751
                    ],
                    [
                        -37.670659253909335,
                        73.14417363905599
                    ],
                    [
                        -37.673960917919615,
                        73.14657560897545
                    ],
                    [
                        -37.67727674117619,
                        73.14897803021533
                    ],
                    [
                        -37.680580669191095,
                        73.15137993130448
                    ],
                    [
                        -37.68386462966578,
                        73.15378101253438
                    ],
                    [
                        -37.68705742192334,
                        73.15617862608437
                    ],
                    [
                        -37.69018332218401,
                        73.15857368061145
                    ],
                    [
                        -37.693316105192224,
                        73.16096892222475
                    ],
                    [
                        -37.69645532188966,
                        73.16336433382546
                    ],
                    [
                        -37.69951470318449,
                        73.16575671251064
                    ],
                    [
                        -37.70243673473158,
                        73.16814392938022
                    ],
                    [
                        -37.70523835009609,
                        73.1705266206949
                    ],
                    [
                        -37.7078727431568,
                        73.17290305868423
                    ],
                    [
                        -37.71045378826237,
                        73.175277471325
                    ],
                    [
                        -37.71310175045168,
                        73.17765431469049
                    ],
                    [
                        -37.715867343077335,
                        73.1800354618474
                    ],
                    [
                        -37.71873073480585,
                        73.18242017247606
                    ],
                    [
                        -37.72151574243571,
                        73.18480192758383
                    ],
                    [
                        -37.724208956344214,
                        73.18718023626215
                    ],
                    [
                        -37.72684782865646,
                        73.18955648688956
                    ],
                    [
                        -37.72945599017481,
                        73.19193155479535
                    ],
                    [
                        -37.7321739881926,
                        73.19431062706364
                    ],
                    [
                        -37.734999293696305,
                        73.19669360418375
                    ],
                    [
                        -37.737734309194735,
                        73.1990731974976
                    ],
                    [
                        -37.74039718130646,
                        73.20145008065099
                    ],
                    [
                        -37.74299511475645,
                        73.20382452297383
                    ],
                    [
                        -37.745481684628004,
                        73.20619481962132
                    ],
                    [
                        -37.74798552735603,
                        73.20856570813646
                    ],
                    [
                        -37.750503031095555,
                        73.21093705481682
                    ],
                    [
                        -37.752973303779875,
                        73.21330662137034
                    ],
                    [
                        -37.75557610083193,
                        73.21568101249899
                    ],
                    [
                        -37.75821107866319,
                        73.21805653734947
                    ],
                    [
                        -37.76088529879354,
                        73.22043345323722
                    ],
                    [
                        -37.76361518312123,
                        73.22281236019029
                    ],
                    [
                        -37.7664107444228,
                        73.22519362203674
                    ],
                    [
                        -37.76919715006877,
                        73.22757449363138
                    ],
                    [
                        -37.7719641651786,
                        73.22995460078072
                    ],
                    [
                        -37.77469130636033,
                        73.23233319503005
                    ],
                    [
                        -37.77735287774481,
                        73.23470933880995
                    ],
                    [
                        -37.779886658209946,
                        73.23708076111821
                    ],
                    [
                        -37.78231938326716,
                        73.23944844580545
                    ],
                    [
                        -37.784647132226176,
                        73.24181225497951
                    ],
                    [
                        -37.786941891504966,
                        73.24417482201072
                    ],
                    [
                        -37.78924304947217,
                        73.24653758586585
                    ],
                    [
                        -37.79162156558366,
                        73.24890313436363
                    ],
                    [
                        -37.79407769077386,
                        73.25127147267672
                    ],
                    [
                        -37.79658185258046,
                        73.25364151917135
                    ],
                    [
                        -37.79902845642025,
                        73.25600942553464
                    ],
                    [
                        -37.80144355392583,
                        73.25837614315991
                    ],
                    [
                        -37.803797330875724,
                        73.260740588882
                    ],
                    [
                        -37.80614270747387,
                        73.26310469050193
                    ],
                    [
                        -37.80841300185466,
                        73.26546602442657
                    ],
                    [
                        -37.81061800472301,
                        73.26782495015752
                    ],
                    [
                        -37.81277157887283,
                        73.27018197438426
                    ],
                    [
                        -37.81497477894405,
                        73.27254076828322
                    ],
                    [
                        -37.81720242708688,
                        73.27490041580587
                    ],
                    [
                        -37.81947991776829,
                        73.27726183684419
                    ],
                    [
                        -37.82180784764032,
                        73.2796250505549
                    ],
                    [
                        -37.82417074845988,
                        73.281989493873
                    ],
                    [
                        -37.82650020363981,
                        73.28435268697292
                    ],
                    [
                        -37.828814213455715,
                        73.28671528322825
                    ],
                    [
                        -37.831116895789556,
                        73.2890774324386
                    ],
                    [
                        -37.8334540395844,
                        73.29144079136188
                    ],
                    [
                        -37.835728762731065,
                        73.29380185568846
                    ],
                    [
                        -37.83792540546487,
                        73.29616006263386
                    ],
                    [
                        -37.840084758584254,
                        73.29851688940347
                    ],
                    [
                        -37.842256878226664,
                        73.30087414507594
                    ],
                    [
                        -37.84445414345164,
                        73.30323227579211
                    ],
                    [
                        -37.84667751638619,
                        73.30559131504785
                    ],
                    [
                        -37.84891445883105,
                        73.30795080949633
                    ],
                    [
                        -37.85121102149974,
                        73.31031241813346
                    ],
                    [
                        -37.853572444717635,
                        73.3126763267587
                    ],
                    [
                        -37.85596283239465,
                        73.31504123962478
                    ],
                    [
                        -37.85828669730204,
                        73.31740371882076
                    ],
                    [
                        -37.86060007306041,
                        73.31976578335157
                    ],
                    [
                        -37.862887302200726,
                        73.3221268707847
                    ],
                    [
                        -37.86519358370586,
                        73.32448860682548
                    ],
                    [
                        -37.86745183986434,
                        73.32684858096326
                    ],
                    [
                        -37.869692552955854,
                        73.32920789006957
                    ],
                    [
                        -37.8719250289684,
                        73.33156686900122
                    ],
                    [
                        -37.87415123867632,
                        73.33392558886781
                    ],
                    [
                        -37.87637326787233,
                        73.33628412477404
                    ],
                    [
                        -37.87859407759503,
                        73.33864258305819
                    ],
                    [
                        -37.880808748307366,
                        73.34100078754773
                    ],
                    [
                        -37.88302756562447,
                        73.34335910686112
                    ],
                    [
                        -37.885235938494915,
                        73.3457170185593
                    ],
                    [
                        -37.887452802399665,
                        73.3480752005945
                    ],
                    [
                        -37.88967908432151,
                        73.35043368571137
                    ],
                    [
                        -37.89190458800668,
                        73.35279210900941
                    ],
                    [
                        -37.89412341606456,
                        73.35515025983696
                    ],
                    [
                        -37.89634654278225,
                        73.35750853043174
                    ],
                    [
                        -37.89856066579988,
                        73.35986644576603
                    ],
                    [
                        -37.90076550444472,
                        73.36222399627093
                    ],
                    [
                        -37.90300466196667,
                        73.36458273741327
                    ],
                    [
                        -37.905250315062624,
                        73.36694167572988
                    ],
                    [
                        -37.90748744456182,
                        73.3693002757791
                    ],
                    [
                        -37.90972374901887,
                        73.37165881216016
                    ],
                    [
                        -37.911939276308274,
                        73.3740165746757
                    ],
                    [
                        -37.91422181175799,
                        73.37637668785803
                    ],
                    [
                        -37.916570557170594,
                        73.37873912001308
                    ],
                    [
                        -37.9189876704065,
                        73.38110394451279
                    ],
                    [
                        -37.921351212390285,
                        73.38346682536624
                    ],
                    [
                        -37.92370856371716,
                        73.38582944794695
                    ],
                    [
                        -37.926033605688446,
                        73.38819088545473
                    ],
                    [
                        -37.92836859879166,
                        73.39055263891832
                    ],
                    [
                        -37.930710298428984,
                        73.39291459278414
                    ],
                    [
                        -37.933010112248596,
                        73.39527502430043
                    ],
                    [
                        -37.93530945814634,
                        73.39763540299647
                    ],
                    [
                        -37.93759533697554,
                        73.39999526856003
                    ],
                    [
                        -37.93987377242617,
                        73.40235483488712
                    ],
                    [
                        -37.942186156834744,
                        73.40471556683775
                    ],
                    [
                        -37.94454324693333,
                        73.40707784312708
                    ],
                    [
                        -37.94687824980087,
                        73.40943930059623
                    ],
                    [
                        -37.94915520689831,
                        73.41179866993346
                    ],
                    [
                        -37.95143940241585,
                        73.4141582594654
                    ],
                    [
                        -37.953703419446406,
                        73.41651710109254
                    ],
                    [
                        -37.95597885904685,
                        73.41887631074178
                    ],
                    [
                        -37.95824430466072,
                        73.42123513260779
                    ],
                    [
                        -37.96041676388802,
                        73.4235906418014
                    ],
                    [
                        -37.96255171624415,
                        73.42594479749658
                    ],
                    [
                        -37.96463318495659,
                        73.4282970387944
                    ],
                    [
                        -37.966692771967395,
                        73.43064848064925
                    ],
                    [
                        -37.96870152707383,
                        73.43299810538106
                    ],
                    [
                        -37.97065903131915,
                        73.43534590054968
                    ],
                    [
                        -37.97258820864289,
                        73.43769267439872
                    ],
                    [
                        -37.97449388249415,
                        73.44003859768964
                    ],
                    [
                        -37.97640392024305,
                        73.44238465041542
                    ],
                    [
                        -37.9783395808222,
                        73.44473157889634
                    ],
                    [
                        -37.980264903347724,
                        73.44707811978233
                    ],
                    [
                        -37.982195290573245,
                        73.44942481394719
                    ],
                    [
                        -37.984143086862524,
                        73.45177209410429
                    ],
                    [
                        -37.98604142917325,
                        73.4541176155175
                    ],
                    [
                        -37.98790735617486,
                        73.45646197740678
                    ],
                    [
                        -37.98976889009085,
                        73.45880616272974
                    ],
                    [
                        -37.991618728527406,
                        73.46114991599417
                    ],
                    [
                        -37.99347996876462,
                        73.46349404610109
                    ],
                    [
                        -37.995310908898134,
                        73.46583709360708
                    ],
                    [
                        -37.99708928134317,
                        73.46817828105873
                    ],
                    [
                        -37.99884727772891,
                        73.47051873599786
                    ],
                    [
                        -38.00059892609789,
                        73.47285894946887
                    ],
                    [
                        -38.00236780328432,
                        73.47519974529435
                    ],
                    [
                        -38.004132942559615,
                        73.477540390674
                    ],
                    [
                        -38.0059249654729,
                        73.47988195455858
                    ],
                    [
                        -38.00771397779649,
                        73.48222339284769
                    ],
                    [
                        -38.00953628510862,
                        73.48456597184483
                    ],
                    [
                        -38.011324788488544,
                        73.48690735099633
                    ],
                    [
                        -38.01304560305881,
                        73.48924635088908
                    ],
                    [
                        -38.01472546138788,
                        73.49158390548929
                    ],
                    [
                        -38.01636491637841,
                        73.49392003568357
                    ],
                    [
                        -38.01799354219497,
                        73.49625577250012
                    ],
                    [
                        -38.019639397876155,
                        73.49859209270004
                    ],
                    [
                        -38.02134149814647,
                        73.50093035263708
                    ],
                    [
                        -38.02306771526722,
                        73.50326943301899
                    ],
                    [
                        -38.0248201301586,
                        73.50560940519712
                    ],
                    [
                        -38.02656010039712,
                        73.50794892560785
                    ],
                    [
                        -38.028253854942015,
                        73.51028682195245
                    ],
                    [
                        -38.02994664842779,
                        73.51262466710223
                    ],
                    [
                        -38.031603276922446,
                        73.51496123945918
                    ],
                    [
                        -38.03326882461367,
                        73.51729810436979
                    ],
                    [
                        -38.03497883645635,
                        73.51963649402303
                    ],
                    [
                        -38.036734676301,
                        73.52197645391075
                    ],
                    [
                        -38.03847790370761,
                        73.5243159573185
                    ],
                    [
                        -38.04014649452365,
                        73.52665285656569
                    ],
                    [
                        -38.041808990320455,
                        73.52898952765518
                    ],
                    [
                        -38.043476167400286,
                        73.53132634378545
                    ],
                    [
                        -38.04511441001029,
                        73.53366214181743
                    ],
                    [
                        -38.046738962294995,
                        73.53599745006949
                    ],
                    [
                        -38.048307164104635,
                        73.53833079431399
                    ],
                    [
                        -38.04987182193673,
                        73.54066400156023
                    ],
                    [
                        -38.051448127379416,
                        73.54299759673702
                    ],
                    [
                        -38.05302449632966,
                        73.54533117938092
                    ],
                    [
                        -38.054573512955166,
                        73.54766380311102
                    ],
                    [
                        -38.05608377222175,
                        73.54999507540323
                    ],
                    [
                        -38.05757185708153,
                        73.55232556972555
                    ],
                    [
                        -38.05909191960334,
                        73.55465715420848
                    ],
                    [
                        -38.06064542021974,
                        73.55698987800797
                    ],
                    [
                        -38.0622226066066,
                        73.55932340382805
                    ],
                    [
                        -38.06379416752709,
                        73.56165672115453
                    ],
                    [
                        -38.065351053378286,
                        73.5639895186063
                    ],
                    [
                        -38.0668655038965,
                        73.56632084123697
                    ],
                    [
                        -38.0683666554122,
                        73.56865169313446
                    ],
                    [
                        -38.069874192875815,
                        73.57098275186196
                    ],
                    [
                        -38.0714132560213,
                        73.57331488156318
                    ],
                    [
                        -38.07292285784295,
                        73.57564598491724
                    ],
                    [
                        -38.07445043727035,
                        73.5779776929328
                    ],
                    [
                        -38.07598297911338,
                        73.58030955792887
                    ],
                    [
                        -38.077507700320155,
                        73.58264114083956
                    ],
                    [
                        -38.07902058981069,
                        73.58497230429425
                    ],
                    [
                        -38.08048881008913,
                        73.58730192211824
                    ],
                    [
                        -38.08193930798084,
                        73.58963092012858
                    ],
                    [
                        -38.08336806059735,
                        73.59195916104119
                    ],
                    [
                        -38.084746018431545,
                        73.59428565001188
                    ],
                    [
                        -38.0860885546883,
                        73.59661091553085
                    ],
                    [
                        -38.08740847839753,
                        73.59893539753358
                    ],
                    [
                        -38.088736603612844,
                        73.60126015184184
                    ],
                    [
                        -38.09007600238003,
                        73.60358528332705
                    ],
                    [
                        -38.09142557641278,
                        73.6059107540253
                    ],
                    [
                        -38.09271624921643,
                        73.6082342008294
                    ],
                    [
                        -38.093987195368285,
                        73.61055696525749
                    ],
                    [
                        -38.095229537061,
                        73.61287874449528
                    ],
                    [
                        -38.09645428455569,
                        73.61519991572803
                    ],
                    [
                        -38.0976501196732,
                        73.61752009288202
                    ],
                    [
                        -38.09880657247618,
                        73.61983891932547
                    ],
                    [
                        -38.09998436929718,
                        73.62215846953703
                    ],
                    [
                        -38.101150129287944,
                        73.62447760355376
                    ],
                    [
                        -38.10229758110088,
                        73.62679610778132
                    ],
                    [
                        -38.10343318673753,
                        73.62911420320758
                    ],
                    [
                        -38.10454670790108,
                        73.63143154108732
                    ],
                    [
                        -38.105661956387834,
                        73.63374893381484
                    ],
                    [
                        -38.10677521999583,
                        73.63606625483179
                    ],
                    [
                        -38.10789722493224,
                        73.63838386962182
                    ],
                    [
                        -38.10900499633597,
                        73.64070099544185
                    ],
                    [
                        -38.110124341886845,
                        73.64301851142042
                    ],
                    [
                        -38.111261862200564,
                        73.64533664186794
                    ],
                    [
                        -38.112377420794104,
                        73.64765402050115
                    ],
                    [
                        -38.11348479007988,
                        73.64997111648991
                    ],
                    [
                        -38.11460079807255,
                        73.6522885023483
                    ],
                    [
                        -38.11571001767866,
                        73.65460565334824
                    ],
                    [
                        -38.116816509425725,
                        73.65692270770003
                    ],
                    [
                        -38.117939852947224,
                        73.65924033072177
                    ],
                    [
                        -38.119065407117986,
                        73.6615580246019
                    ],
                    [
                        -38.12020261995104,
                        73.66387611008132
                    ],
                    [
                        -38.12135570355956,
                        73.66619472977729
                    ],
                    [
                        -38.12253000001866,
                        73.66851406447242
                    ],
                    [
                        -38.12369941310749,
                        73.67083322822072
                    ],
                    [
                        -38.12485494888452,
                        73.67315191616458
                    ],
                    [
                        -38.126031758017014,
                        73.67547132044194
                    ],
                    [
                        -38.12725411770761,
                        73.67779226318041
                    ],
                    [
                        -38.12848685186266,
                        73.68011355111045
                    ],
                    [
                        -38.12973785121521,
                        73.68243545115607
                    ],
                    [
                        -38.13098699685732,
                        73.68475728151199
                    ],
                    [
                        -38.132204127141634,
                        73.68707802131877
                    ],
                    [
                        -38.1334140728092,
                        73.68939851182657
                    ],
                    [
                        -38.13462213187553,
                        73.69171893248344
                    ],
                    [
                        -38.135837420809416,
                        73.69403959163631
                    ],
                    [
                        -38.137032676001674,
                        73.69635956739168
                    ],
                    [
                        -38.13820046396521,
                        73.69867860917388
                    ],
                    [
                        -38.13935430324776,
                        73.70099717456925
                    ],
                    [
                        -38.14050454165705,
                        73.70331561350524
                    ],
                    [
                        -38.14163725017658,
                        73.70563345579589
                    ],
                    [
                        -38.142745916007414,
                        73.70795048215227
                    ],
                    [
                        -38.143837315733954,
                        73.7102669219772
                    ],
                    [
                        -38.14491976928636,
                        73.71258305645644
                    ],
                    [
                        -38.14600537923903,
                        73.71489929400342
                    ],
                    [
                        -38.14708864629411,
                        73.71721544912248
                    ],
                    [
                        -38.148166999651444,
                        73.71953143523982
                    ],
                    [
                        -38.14923605702613,
                        73.72184710484902
                    ],
                    [
                        -38.15028801270354,
                        73.72416219530378
                    ],
                    [
                        -38.151325777450296,
                        73.72647680512874
                    ],
                    [
                        -38.1523496379204,
                        73.72879094439222
                    ],
                    [
                        -38.15336751548912,
                        73.73110488009037
                    ],
                    [
                        -38.154360533449356,
                        73.73341797729542
                    ],
                    [
                        -38.15535010788947,
                        73.73573095705922
                    ],
                    [
                        -38.15633820211591,
                        73.73804388549834
                    ],
                    [
                        -38.157332441432104,
                        73.74035701898855
                    ],
                    [
                        -38.15831839954964,
                        73.74266987253597
                    ],
                    [
                        -38.15927995097932,
                        73.74498190460854
                    ],
                    [
                        -38.160207956059395,
                        73.74729280891466
                    ],
                    [
                        -38.16109917144417,
                        73.74960247747792
                    ],
                    [
                        -38.16197925973675,
                        73.75191177278887
                    ],
                    [
                        -38.1628501230502,
                        73.75422075898456
                    ],
                    [
                        -38.16369796028542,
                        73.75652897325897
                    ],
                    [
                        -38.164519206762996,
                        73.75883629665178
                    ],
                    [
                        -38.165288044720604,
                        73.7611418640649
                    ],
                    [
                        -38.16602828904725,
                        73.76344647525774
                    ],
                    [
                        -38.16674066743934,
                        73.76575015533304
                    ],
                    [
                        -38.16745962730592,
                        73.76805405931397
                    ],
                    [
                        -38.168170952552586,
                        73.77035771077067
                    ],
                    [
                        -38.16884385209516,
                        73.77266007857315
                    ],
                    [
                        -38.16948138509955,
                        73.77496126607832
                    ],
                    [
                        -38.17008750459072,
                        73.77726140645294
                    ],
                    [
                        -38.17066394978302,
                        73.77956055862802
                    ],
                    [
                        -38.17120968152452,
                        73.78185868849387
                    ],
                    [
                        -38.171714915541784,
                        73.78415546937404
                    ],
                    [
                        -38.17218750833474,
                        73.78645116493031
                    ],
                    [
                        -38.17263989279974,
                        73.78874619163511
                    ],
                    [
                        -38.173073436951746,
                        73.79104059564361
                    ],
                    [
                        -38.17349410615877,
                        73.7933345767556
                    ],
                    [
                        -38.173901265116946,
                        73.79562811399437
                    ],
                    [
                        -38.174290871198004,
                        73.79792107253712
                    ],
                    [
                        -38.17467065350366,
                        73.80021371095482
                    ],
                    [
                        -38.17502317108697,
                        73.80250544684895
                    ],
                    [
                        -38.175339063743365,
                        73.80479596813134
                    ],
                    [
                        -38.17561003057638,
                        73.80708499829912
                    ],
                    [
                        -38.17583631908281,
                        73.80937254641375
                    ],
                    [
                        -38.17603421072098,
                        73.81165915671734
                    ],
                    [
                        -38.17622715259743,
                        73.81394561222163
                    ],
                    [
                        -38.17641919565958,
                        73.81623204818362
                    ],
                    [
                        -38.17661524699694,
                        73.81851862833433
                    ],
                    [
                        -38.17681444873697,
                        73.82080532398844
                    ],
                    [
                        -38.1770160708784,
                        73.8230921107444
                    ],
                    [
                        -38.177212877511934,
                        73.82537874726609
                    ],
                    [
                        -38.17739118765405,
                        73.82766477749126
                    ],
                    [
                        -38.17753229710798,
                        73.8299495781998
                    ],
                    [
                        -38.17762629984154,
                        73.83223281980281
                    ],
                    [
                        -38.177686631076355,
                        73.83451495075576
                    ],
                    [
                        -38.17772439251287,
                        73.83679634147343
                    ],
                    [
                        -38.17774722056657,
                        73.83907724669665
                    ],
                    [
                        -38.17775843205559,
                        73.84135777712378
                    ],
                    [
                        -38.17775866625439,
                        73.84363795420731
                    ],
                    [
                        -38.17774996308186,
                        73.8459178460316
                    ],
                    [
                        -38.17773449536628,
                        73.84819752506824
                    ],
                    [
                        -38.17772844768068,
                        73.85047753025341
                    ],
                    [
                        -38.17773656176581,
                        73.85275801930558
                    ],
                    [
                        -38.177745278405816,
                        73.85503854071489
                    ],
                    [
                        -38.177728992339844,
                        73.85731824232865
                    ],
                    [
                        -38.17768878863949,
                        73.8595971605892
                    ],
                    [
                        -38.17763318158883,
                        73.86187557909125
                    ],
                    [
                        -38.17758834316389,
                        73.86415436869699
                    ],
                    [
                        -38.1775515828762,
                        73.86643343977143
                    ],
                    [
                        -38.17749765865673,
                        73.8687119526997
                    ],
                    [
                        -38.177410645517746,
                        73.87098937813094
                    ],
                    [
                        -38.177301955455384,
                        73.8732660959257
                    ],
                    [
                        -38.177183895517025,
                        73.87554251550696
                    ],
                    [
                        -38.17707407006847,
                        73.87781922219196
                    ],
                    [
                        -38.17695504202079,
                        73.88009563630456
                    ],
                    [
                        -38.17680731164671,
                        73.88237110989549
                    ],
                    [
                        -38.176637199254664,
                        73.88464585332153
                    ],
                    [
                        -38.17645250070242,
                        73.88692012586382
                    ],
                    [
                        -38.17627989310521,
                        73.88919481398013
                    ],
                    [
                        -38.17611357715043,
                        73.89146972488439
                    ],
                    [
                        -38.17594662509904,
                        73.89374462839517
                    ],
                    [
                        -38.17576213756589,
                        73.8960189632571
                    ],
                    [
                        -38.17555933213158,
                        73.89829270367855
                    ],
                    [
                        -38.175342204024524,
                        73.90056598251547
                    ],
                    [
                        -38.175103064650216,
                        73.9028385446443
                    ],
                    [
                        -38.174853270592976,
                        73.90511076730547
                    ],
                    [
                        -38.17459771711703,
                        73.9073828131019
                    ],
                    [
                        -38.17433993371328,
                        73.9096547992386
                    ],
                    [
                        -38.174081871701375,
                        73.91192679049709
                    ],
                    [
                        -38.17382534241942,
                        73.91419884698776
                    ],
                    [
                        -38.17355240903231,
                        73.91647037352018
                    ],
                    [
                        -38.17325670173819,
                        73.91874115891086
                    ],
                    [
                        -38.17294091240125,
                        73.92101129267535
                    ],
                    [
                        -38.17261705280325,
                        73.92328117345625
                    ],
                    [
                        -38.172288555766464,
                        73.92555091518973
                    ],
                    [
                        -38.17194767276379,
                        73.92782026092226
                    ],
                    [
                        -38.171603716768225,
                        73.93008951961443
                    ],
                    [
                        -38.17123166668061,
                        73.93235786156508
                    ],
                    [
                        -38.17083294634267,
                        73.93462533421629
                    ],
                    [
                        -38.170420097397496,
                        73.9368923536063
                    ],
                    [
                        -38.169990301510055,
                        73.93915882640368
                    ],
                    [
                        -38.16954949306673,
                        73.94142494946372
                    ],
                    [
                        -38.169103420387835,
                        73.94369091341429
                    ],
                    [
                        -38.168657615249145,
                        73.94595690165018
                    ],
                    [
                        -38.1682242645334,
                        73.94822331809
                    ],
                    [
                        -38.167778652277036,
                        73.95048934351735
                    ],
                    [
                        -38.167342768585506,
                        73.95275570675287
                    ],
                    [
                        -38.166902848214846,
                        73.95502195158988
                    ],
                    [
                        -38.16644415808814,
                        73.95728758988508
                    ],
                    [
                        -38.16595118931384,
                        73.95955210792364
                    ],
                    [
                        -38.16542003780194,
                        73.96181537658153
                    ],
                    [
                        -38.16486767370616,
                        73.96407795827774
                    ],
                    [
                        -38.16430945119739,
                        73.9663403617618
                    ],
                    [
                        -38.163739895834176,
                        73.96860240572488
                    ],
                    [
                        -38.163146745702726,
                        73.97086368407274
                    ],
                    [
                        -38.16252117932939,
                        73.97312390473947
                    ],
                    [
                        -38.161857835464886,
                        73.97538289030291
                    ],
                    [
                        -38.16116068714733,
                        73.97764077249475
                    ],
                    [
                        -38.16042471279164,
                        73.97989738512379
                    ],
                    [
                        -38.15965724289318,
                        73.98215297106819
                    ],
                    [
                        -38.158886040354346,
                        73.9844084498216
                    ],
                    [
                        -38.15811074459614,
                        73.98666380945156
                    ],
                    [
                        -38.15732754168202,
                        73.98891892366755
                    ],
                    [
                        -38.156533089754674,
                        73.99117368182223
                    ],
                    [
                        -38.15571581322518,
                        73.99342770062351
                    ],
                    [
                        -38.15487467796972,
                        73.99568094586562
                    ],
                    [
                        -38.15400808350882,
                        73.99793336458254
                    ],
                    [
                        -38.15310578309581,
                        74.0001846174962
                    ],
                    [
                        -38.15215941008792,
                        74.00243442757478
                    ],
                    [
                        -38.15118602518093,
                        74.00468335974739
                    ],
                    [
                        -38.150209136835734,
                        74.00693219245049
                    ],
                    [
                        -38.1491915660121,
                        74.00917969453437
                    ],
                    [
                        -38.14816845170355,
                        74.01142702956322
                    ],
                    [
                        -38.147104539970634,
                        74.01367303009094
                    ],
                    [
                        -38.146011059097475,
                        74.01591806787467
                    ],
                    [
                        -38.14489171280767,
                        74.01816226550052
                    ],
                    [
                        -38.14373019218895,
                        74.02040508277834
                    ],
                    [
                        -38.14253586932106,
                        74.02264682996376
                    ],
                    [
                        -38.14130802426252,
                        74.02488748308589
                    ],
                    [
                        -38.14005841355367,
                        74.02712743140495
                    ],
                    [
                        -38.13876175250135,
                        74.0293658372869
                    ],
                    [
                        -38.13743648985462,
                        74.03160331161706
                    ],
                    [
                        -38.13609546657646,
                        74.03384027962927
                    ],
                    [
                        -38.13472379767097,
                        74.03607624808684
                    ],
                    [
                        -38.13331828476873,
                        74.03831111082326
                    ],
                    [
                        -38.13186568675406,
                        74.04054442885864
                    ],
                    [
                        -38.13038669822815,
                        74.04277688761094
                    ],
                    [
                        -38.128898246269635,
                        74.04500904784491
                    ],
                    [
                        -38.12738969364273,
                        74.04724055693205
                    ],
                    [
                        -38.12585518376799,
                        74.04947122058083
                    ],
                    [
                        -38.12429779524222,
                        74.05170114061853
                    ],
                    [
                        -38.122717604054785,
                        74.05393031935773
                    ],
                    [
                        -38.12111368299994,
                        74.05615872584265
                    ],
                    [
                        -38.11949598282925,
                        74.05838668980275
                    ],
                    [
                        -38.117876751705545,
                        74.06061461728478
                    ],
                    [
                        -38.11625542244044,
                        74.06284248946585
                    ],
                    [
                        -38.11462574333304,
                        74.06507009896372
                    ],
                    [
                        -38.112982429383,
                        74.0672972703785
                    ],
                    [
                        -38.1113153998263,
                        74.06952366912859
                    ],
                    [
                        -38.10962398416458,
                        74.0717492727158
                    ],
                    [
                        -38.10791599259337,
                        74.0739743400467
                    ],
                    [
                        -38.10619126682052,
                        74.07619886568428
                    ],
                    [
                        -38.10444000905864,
                        74.07842252423329
                    ],
                    [
                        -38.102700626021154,
                        74.080646590323
                    ],
                    [
                        -38.10096305620538,
                        74.08287073006018
                    ],
                    [
                        -38.09921970679224,
                        74.08509469136212
                    ],
                    [
                        -38.09746231613774,
                        74.08731819981594
                    ],
                    [
                        -38.09569001073508,
                        74.08954122624678
                    ],
                    [
                        -38.093902882960926,
                        74.0917637735452
                    ],
                    [
                        -38.09209627950198,
                        74.09398568694807
                    ],
                    [
                        -38.090295120643994,
                        74.09620779417322
                    ],
                    [
                        -38.08847901670824,
                        74.09842941777522
                    ],
                    [
                        -38.08665472199653,
                        74.10065078203233
                    ],
                    [
                        -38.08481751984204,
                        74.10287173007423
                    ],
                    [
                        -38.08295117111823,
                        74.10509172191836
                    ],
                    [
                        -38.081080327819066,
                        74.10731157676577
                    ],
                    [
                        -38.07920259497009,
                        74.10953121492557
                    ],
                    [
                        -38.07730956452658,
                        74.11175035669406
                    ],
                    [
                        -38.07538838348383,
                        74.11396857436746
                    ],
                    [
                        -38.07346753349887,
                        74.11618681499765
                    ],
                    [
                        -38.07154440249316,
                        74.11840499169158
                    ],
                    [
                        -38.06961699573346,
                        74.1206230380481
                    ],
                    [
                        -38.06769275431458,
                        74.12284120164853
                    ],
                    [
                        -38.065762312399045,
                        74.125059170808
                    ],
                    [
                        -38.06384777782419,
                        74.12727768139595
                    ],
                    [
                        -38.06192038433125,
                        74.12949577590337
                    ],
                    [
                        -38.05998035683342,
                        74.13171346164036
                    ],
                    [
                        -38.057992443346684,
                        74.13392956440178
                    ],
                    [
                        -38.056039637015346,
                        74.13614684788652
                    ],
                    [
                        -38.05410071634252,
                        74.13836460565332
                    ],
                    [
                        -38.052151718173114,
                        74.14058203949277
                    ],
                    [
                        -38.050192488348266,
                        74.14279914412596
                    ],
                    [
                        -38.048218842738436,
                        74.1450157799565
                    ],
                    [
                        -38.04624543829726,
                        74.14723243534324
                    ],
                    [
                        -38.04428240669818,
                        74.14944944807166
                    ],
                    [
                        -38.042318841067896,
                        74.15166645462942
                    ],
                    [
                        -38.04035250642077,
                        74.15388338048169
                    ],
                    [
                        -38.03837733666566,
                        74.15610002326854
                    ],
                    [
                        -38.036431631413144,
                        74.15831766047796
                    ],
                    [
                        -38.034470109130574,
                        74.16053478181155
                    ],
                    [
                        -38.03249041091238,
                        74.16275130832894
                    ],
                    [
                        -38.03050139067639,
                        74.1649675352478
                    ],
                    [
                        -38.02850827483721,
                        74.16718363688264
                    ],
                    [
                        -38.02651340569167,
                        74.16939969137168
                    ],
                    [
                        -38.02450527029321,
                        74.17161531429332
                    ],
                    [
                        -38.022498600120905,
                        74.17383099738987
                    ],
                    [
                        -38.02048932240791,
                        74.17604660466456
                    ],
                    [
                        -38.0184667299612,
                        74.17826177841931
                    ],
                    [
                        -38.01642924493678,
                        74.18047646573781
                    ],
                    [
                        -38.01438335562778,
                        74.1826908831959
                    ],
                    [
                        -38.01232403078229,
                        74.18490486252128
                    ],
                    [
                        -38.01024346472557,
                        74.18711814259451
                    ],
                    [
                        -38.00816925460998,
                        74.18933164567811
                    ],
                    [
                        -38.00606977884463,
                        74.19154431456516
                    ],
                    [
                        -38.00395020818396,
                        74.19375632176286
                    ],
                    [
                        -38.001844162403685,
                        74.19596879145193
                    ],
                    [
                        -37.99973563689946,
                        74.198181188457
                    ],
                    [
                        -37.997614770271475,
                        74.20039318278944
                    ],
                    [
                        -37.99546987625235,
                        74.2026043831665
                    ],
                    [
                        -37.993327564205245,
                        74.20481567981666
                    ],
                    [
                        -37.9912028879779,
                        74.20702757674223
                    ],
                    [
                        -37.98908080732417,
                        74.20923957067275
                    ],
                    [
                        -37.986953533528435,
                        74.21145140083327
                    ],
                    [
                        -37.98482079722058,
                        74.21366305812077
                    ],
                    [
                        -37.982706295534165,
                        74.2158753362838
                    ],
                    [
                        -37.980580926917426,
                        74.21808726059818
                    ],
                    [
                        -37.97844288987774,
                        74.2202987705179
                    ],
                    [
                        -37.976297183758994,
                        74.22251003339255
                    ],
                    [
                        -37.97415152376585,
                        74.2247213077269
                    ],
                    [
                        -37.97200934141319,
                        74.2269327085806
                    ],
                    [
                        -37.96987071345668,
                        74.2291442385953
                    ],
                    [
                        -37.9677346258384,
                        74.23135586382907
                    ],
                    [
                        -37.96558077596716,
                        74.23356690328427
                    ],
                    [
                        -37.96342431911801,
                        74.2357778651322
                    ],
                    [
                        -37.961280267232404,
                        74.23798925308427
                    ],
                    [
                        -37.959135952901235,
                        74.24020064221553
                    ],
                    [
                        -37.95698454012872,
                        74.24241180305874
                    ],
                    [
                        -37.95482415723535,
                        74.24462267265966
                    ],
                    [
                        -37.95266019285885,
                        74.24683343181857
                    ],
                    [
                        -37.95048200431649,
                        74.24904372304132
                    ],
                    [
                        -37.94828700318199,
                        74.25125345913585
                    ],
                    [
                        -37.94607773376175,
                        74.25346272529191
                    ],
                    [
                        -37.943847210183336,
                        74.2556712865091
                    ],
                    [
                        -37.94162778745903,
                        74.25788022985024
                    ],
                    [
                        -37.93941439867301,
                        74.26008938519803
                    ],
                    [
                        -37.937204245226745,
                        74.26229865857644
                    ],
                    [
                        -37.934977977869885,
                        74.26450739937894
                    ],
                    [
                        -37.93274605980429,
                        74.26671595923885
                    ],
                    [
                        -37.93051286020194,
                        74.26892448504054
                    ],
                    [
                        -37.92827011284247,
                        74.27113269864141
                    ],
                    [
                        -37.926011671627684,
                        74.27334039304156
                    ],
                    [
                        -37.923744638242326,
                        74.27554780699033
                    ],
                    [
                        -37.921478689355624,
                        74.27775526610108
                    ],
                    [
                        -37.91918697960331,
                        74.27996186648076
                    ],
                    [
                        -37.91689749168625,
                        74.28216855004452
                    ],
                    [
                        -37.91462312063663,
                        74.28437575120344
                    ],
                    [
                        -37.91233663233882,
                        74.28658255272136
                    ],
                    [
                        -37.910039427322324,
                        74.28878900156961
                    ],
                    [
                        -37.90773327260057,
                        74.29099515710563
                    ],
                    [
                        -37.905433482747156,
                        74.29320153541815
                    ],
                    [
                        -37.90313290048163,
                        74.29540789532219
                    ],
                    [
                        -37.900833418969924,
                        74.29761430065437
                    ],
                    [
                        -37.89855192750649,
                        74.2998213211052
                    ],
                    [
                        -37.896265855718404,
                        74.3020281956064
                    ],
                    [
                        -37.89396068471562,
                        74.30423443418695
                    ],
                    [
                        -37.8916439543512,
                        74.30644029094483
                    ],
                    [
                        -37.88934946380673,
                        74.30864690654705
                    ],
                    [
                        -37.88704527238834,
                        74.31085320307837
                    ],
                    [
                        -37.884718853175485,
                        74.31305875735758
                    ],
                    [
                        -37.882404735135786,
                        74.31526473514543
                    ],
                    [
                        -37.88007761720854,
                        74.31747028200674
                    ],
                    [
                        -37.8777697307501,
                        74.31967648670016
                    ],
                    [
                        -37.87547292127483,
                        74.32188307403824
                    ],
                    [
                        -37.87316856208767,
                        74.32408941466448
                    ],
                    [
                        -37.8708500203924,
                        74.3262952842134
                    ],
                    [
                        -37.8685177367451,
                        74.32850069731559
                    ],
                    [
                        -37.86617728101326,
                        74.33070584208066
                    ],
                    [
                        -37.86383249742031,
                        74.3329108483916
                    ],
                    [
                        -37.86149434855905,
                        74.33511608706449
                    ],
                    [
                        -37.85914457601403,
                        74.3373209403921
                    ],
                    [
                        -37.856813371079,
                        74.33952642999819
                    ],
                    [
                        -37.85446353328586,
                        74.341731296941
                    ],
                    [
                        -37.852113477874425,
                        74.34393616437985
                    ],
                    [
                        -37.84977148256577,
                        74.3461413126481
                    ],
                    [
                        -37.84740775930443,
                        74.34834573293509
                    ],
                    [
                        -37.84504321410946,
                        74.35055013308555
                    ],
                    [
                        -37.842671070047786,
                        74.35275428345426
                    ],
                    [
                        -37.84030145136847,
                        74.35495852703006
                    ],
                    [
                        -37.83793876915717,
                        74.35716301340332
                    ],
                    [
                        -37.83556972810217,
                        74.35936729194054
                    ],
                    [
                        -37.8331964523006,
                        74.36157143455677
                    ],
                    [
                        -37.83082542649566,
                        74.363775661131
                    ],
                    [
                        -37.82844697601815,
                        74.36597964350153
                    ],
                    [
                        -37.826052875927225,
                        74.3681831024391
                    ],
                    [
                        -37.823666479688534,
                        74.37038683022784
                    ],
                    [
                        -37.821264196556825,
                        74.37259002623024
                    ],
                    [
                        -37.81887624570997,
                        74.37479371614907
                    ],
                    [
                        -37.81649381128424,
                        74.37699760090494
                    ],
                    [
                        -37.81410698607844,
                        74.37920134411232
                    ],
                    [
                        -37.81171863480034,
                        74.38140504301423
                    ],
                    [
                        -37.809332499435314,
                        74.38360882474004
                    ],
                    [
                        -37.80694929903115,
                        74.38581271378199
                    ],
                    [
                        -37.80456761218378,
                        74.38801666189164
                    ],
                    [
                        -37.8021871532952,
                        74.3902206593992
                    ],
                    [
                        -37.799813761644664,
                        74.39242490491003
                    ],
                    [
                        -37.79743634812655,
                        74.39462902140481
                    ],
                    [
                        -37.79503452817085,
                        74.39683231534204
                    ],
                    [
                        -37.79263015049318,
                        74.39903552966683
                    ],
                    [
                        -37.79023496692396,
                        74.40123906428748
                    ],
                    [
                        -37.78785218294322,
                        74.40344302851325
                    ],
                    [
                        -37.78546005066571,
                        74.40564668216705
                    ],
                    [
                        -37.78306113932707,
                        74.40785011256108
                    ],
                    [
                        -37.780654685934564,
                        74.41005329358089
                    ],
                    [
                        -37.778249112434374,
                        74.41225651199106
                    ],
                    [
                        -37.77584170265824,
                        74.41445967527049
                    ],
                    [
                        -37.773441160983964,
                        74.41666308003896
                    ],
                    [
                        -37.77104160888478,
                        74.41886652606479
                    ],
                    [
                        -37.76863798902232,
                        74.42106984095497
                    ],
                    [
                        -37.766231226886596,
                        74.42327305619699
                    ],
                    [
                        -37.76382725224553,
                        74.42547637398486
                    ],
                    [
                        -37.76144021646312,
                        74.42768027714274
                    ],
                    [
                        -37.759046588573575,
                        74.4298839631319
                    ],
                    [
                        -37.75669281692594,
                        74.432089016978
                    ],
                    [
                        -37.75434367407032,
                        74.43429423703512
                    ],
                    [
                        -37.75198545869143,
                        74.43649915564076
                    ],
                    [
                        -37.749642952124404,
                        74.43870461882233
                    ],
                    [
                        -37.74729568304879,
                        74.44090992773955
                    ],
                    [
                        -37.74495452152204,
                        74.44311545362336
                    ],
                    [
                        -37.742619202581096,
                        74.44532118754832
                    ],
                    [
                        -37.74028471897984,
                        74.44752695852816
                    ],
                    [
                        -37.737939419842796,
                        74.44973236837996
                    ],
                    [
                        -37.735597545264014,
                        74.45193790370082
                    ],
                    [
                        -37.73328428880457,
                        74.45414442596379
                    ],
                    [
                        -37.73096441476293,
                        74.45635073074928
                    ],
                    [
                        -37.72866653448155,
                        74.45855779655456
                    ],
                    [
                        -37.72635794495638,
                        74.46076450503527
                    ],
                    [
                        -37.7240608036651,
                        74.46297161414208
                    ],
                    [
                        -37.72177373926205,
                        74.4651790771659
                    ],
                    [
                        -37.71947644761484,
                        74.467386199326
                    ],
                    [
                        -37.717180054396124,
                        74.46959336132404
                    ],
                    [
                        -37.71487354021385,
                        74.47180018587471
                    ],
                    [
                        -37.712580247248845,
                        74.47400747219548
                    ],
                    [
                        -37.71029507758585,
                        74.47621504592074
                    ],
                    [
                        -37.7080066643013,
                        74.47842251778881
                    ],
                    [
                        -37.70572334662054,
                        74.480630173494
                    ],
                    [
                        -37.70342527910175,
                        74.48283733301095
                    ],
                    [
                        -37.70111845828371,
                        74.48504420162277
                    ],
                    [
                        -37.6988039970805,
                        74.48725081733096
                    ],
                    [
                        -37.69649313266184,
                        74.48945756532383
                    ],
                    [
                        -37.69415347203609,
                        74.49166333472256
                    ],
                    [
                        -37.69181017224975,
                        74.4938689879423
                    ],
                    [
                        -37.68947575308506,
                        74.49607495446361
                    ],
                    [
                        -37.68712373016598,
                        74.49828032564676
                    ],
                    [
                        -37.684765824187714,
                        74.50048550343851
                    ],
                    [
                        -37.682401431574945,
                        74.5026904670157
                    ],
                    [
                        -37.68002684320931,
                        74.50489508891151
                    ],
                    [
                        -37.67764238295845,
                        74.50709938005929
                    ],
                    [
                        -37.67524025790799,
                        74.50930307260613
                    ],
                    [
                        -37.672805991751694,
                        74.51150566888467
                    ],
                    [
                        -37.67034171352319,
                        74.51370724140936
                    ],
                    [
                        -37.66787794469331,
                        74.5159088385448
                    ],
                    [
                        -37.66539905853467,
                        74.5181099231384
                    ],
                    [
                        -37.66289958094862,
                        74.52031030667196
                    ],
                    [
                        -37.66037063120548,
                        74.52250968331481
                    ],
                    [
                        -37.657820617106076,
                        74.5247083416438
                    ],
                    [
                        -37.655265382672575,
                        74.52690682631156
                    ],
                    [
                        -37.65269173717012,
                        74.52910468329979
                    ],
                    [
                        -37.65011104400476,
                        74.53130230332975
                    ],
                    [
                        -37.64750548684472,
                        74.53349907289915
                    ],
                    [
                        -37.64488583048727,
                        74.53569536213492
                    ],
                    [
                        -37.64226052666833,
                        74.53789146182147
                    ],
                    [
                        -37.639616826408066,
                        74.54008693264322
                    ],
                    [
                        -37.63694750858998,
                        74.54228152536382
                    ],
                    [
                        -37.634253741281,
                        74.54447527965043
                    ],
                    [
                        -37.63154245012644,
                        74.54666843368359
                    ],
                    [
                        -37.62878054934847,
                        74.54885984619617
                    ],
                    [
                        -37.62605103127007,
                        74.5510523783659
                    ],
                    [
                        -37.62330477532862,
                        74.55324433643003
                    ],
                    [
                        -37.62052687852949,
                        74.5554352057393
                    ],
                    [
                        -37.61772623488955,
                        74.557625292492
                    ],
                    [
                        -37.61490614375343,
                        74.55981471003011
                    ],
                    [
                        -37.6120922915063,
                        74.56200434487558
                    ],
                    [
                        -37.6092599024044,
                        74.56419334143193
                    ],
                    [
                        -37.60641954188633,
                        74.56638206426449
                    ],
                    [
                        -37.60358863016238,
                        74.56857111518846
                    ],
                    [
                        -37.600750429908175,
                        74.57075991591088
                    ],
                    [
                        -37.59791834892419,
                        74.57294892983485
                    ],
                    [
                        -37.59506691829827,
                        74.57513727632187
                    ],
                    [
                        -37.59222158164247,
                        74.57732583504172
                    ],
                    [
                        -37.58932645985895,
                        74.57951267268291
                    ],
                    [
                        -37.58645465622171,
                        74.58170031805918
                    ],
                    [
                        -37.58360559573583,
                        74.5838887518929
                    ],
                    [
                        -37.58077359404374,
                        74.58607777795505
                    ],
                    [
                        -37.57793804599318,
                        74.58826668302153
                    ],
                    [
                        -37.575074754505586,
                        74.59045462871877
                    ],
                    [
                        -37.57221424154359,
                        74.59264267202572
                    ],
                    [
                        -37.56935229445584,
                        74.59483066701083
                    ],
                    [
                        -37.56648908031602,
                        74.59701861944403
                    ],
                    [
                        -37.563652693702934,
                        74.59920750360808
                    ],
                    [
                        -37.56080637361434,
                        74.60139604504951
                    ],
                    [
                        -37.557958069626594,
                        74.60358451934887
                    ],
                    [
                        -37.555097771306286,
                        74.60577257905628
                    ],
                    [
                        -37.552253232330806,
                        74.6079611873103
                    ],
                    [
                        -37.54938663537429,
                        74.61014903142576
                    ],
                    [
                        -37.546488539441576,
                        74.61233578294494
                    ],
                    [
                        -37.54360732471608,
                        74.61452312178194
                    ],
                    [
                        -37.54073240840118,
                        74.61671068065661
                    ],
                    [
                        -37.53784461216794,
                        74.61889779315844
                    ],
                    [
                        -37.53495090530169,
                        74.6210847012599
                    ],
                    [
                        -37.53205362673691,
                        74.6232714861569
                    ],
                    [
                        -37.52914127569451,
                        74.6254577477271
                    ],
                    [
                        -37.52621792609395,
                        74.62764362732793
                    ],
                    [
                        -37.523291663200496,
                        74.62982940606288
                    ],
                    [
                        -37.520366490751265,
                        74.63201522324279
                    ],
                    [
                        -37.51744148965792,
                        74.63420104691001
                    ],
                    [
                        -37.51450087899929,
                        74.6363863274552
                    ],
                    [
                        -37.51153657484182,
                        74.6385707828456
                    ],
                    [
                        -37.508581508743745,
                        74.6407555600163
                    ],
                    [
                        -37.505620381579746,
                        74.6429401259681
                    ],
                    [
                        -37.502675319412724,
                        74.64512525197891
                    ],
                    [
                        -37.49973260281665,
                        74.64731046004741
                    ],
                    [
                        -37.49678491668207,
                        74.64949549507942
                    ],
                    [
                        -37.493826385984775,
                        74.65168015196447
                    ],
                    [
                        -37.49086760108075,
                        74.65386480003974
                    ],
                    [
                        -37.48791641840553,
                        74.65604971358403
                    ],
                    [
                        -37.48495636214059,
                        74.65823431749635
                    ],
                    [
                        -37.481991636120526,
                        74.66041875838447
                    ],
                    [
                        -37.47901331687966,
                        74.66260272437424
                    ],
                    [
                        -37.47606824505103,
                        74.66478785202737
                    ],
                    [
                        -37.47310672434314,
                        74.66697240510295
                    ],
                    [
                        -37.47014460237918,
                        74.66915693727563
                    ],
                    [
                        -37.467199059438364,
                        74.6713420494002
                    ],
                    [
                        -37.464233525156835,
                        74.67352646261683
                    ],
                    [
                        -37.461278573647725,
                        74.6757112462364
                    ],
                    [
                        -37.45833370317504,
                        74.67789638299958
                    ],
                    [
                        -37.45538074690749,
                        74.68008123718208
                    ],
                    [
                        -37.45240909616662,
                        74.68226543708137
                    ],
                    [
                        -37.44944554581731,
                        74.68444992076611
                    ],
                    [
                        -37.44650559774617,
                        74.68663523160427
                    ],
                    [
                        -37.44356644239017,
                        74.68882057087336
                    ],
                    [
                        -37.440619569409726,
                        74.69100564028598
                    ],
                    [
                        -37.437671318182105,
                        74.69319066193053
                    ],
                    [
                        -37.43474703725737,
                        74.6953765248147
                    ],
                    [
                        -37.43179405693075,
                        74.69756138188535
                    ],
                    [
                        -37.42886598003459,
                        74.69974711331253
                    ],
                    [
                        -37.425965269732245,
                        74.70193380622545
                    ],
                    [
                        -37.42305873724304,
                        74.70412029618676
                    ],
                    [
                        -37.42017873811254,
                        74.70630771925683
                    ],
                    [
                        -37.41729938000394,
                        74.70849516668075
                    ],
                    [
                        -37.414421299625346,
                        74.71068266085955
                    ],
                    [
                        -37.411550463932926,
                        74.71287041152983
                    ],
                    [
                        -37.40868410606501,
                        74.71505832163659
                    ],
                    [
                        -37.40582895553109,
                        74.71724662790939
                    ],
                    [
                        -37.402983548508054,
                        74.71943527916908
                    ],
                    [
                        -37.400141338265385,
                        74.72162404539237
                    ],
                    [
                        -37.397297182272915,
                        74.72381274574072
                    ],
                    [
                        -37.39448871513409,
                        74.72600270462063
                    ],
                    [
                        -37.39166798037347,
                        74.72819223485025
                    ],
                    [
                        -37.388877115154955,
                        74.73038281972659
                    ],
                    [
                        -37.38608990179228,
                        74.73257353669803
                    ],
                    [
                        -37.383300828549,
                        74.73476419171857
                    ],
                    [
                        -37.3805372292349,
                        74.73695574780088
                    ],
                    [
                        -37.377793424735685,
                        74.73914800543444
                    ],
                    [
                        -37.37506513523583,
                        74.74134081424518
                    ],
                    [
                        -37.37234483731504,
                        74.74353390936388
                    ],
                    [
                        -37.369636154056025,
                        74.74572741875402
                    ],
                    [
                        -37.36694192373681,
                        74.7479214428079
                    ],
                    [
                        -37.364259253233726,
                        74.75011587980332
                    ],
                    [
                        -37.361617257642386,
                        74.75231175738627
                    ],
                    [
                        -37.358982140851126,
                        74.7545078836806
                    ],
                    [
                        -37.356343155491835,
                        74.7567038794563
                    ],
                    [
                        -37.35373589369129,
                        74.75890100134318
                    ],
                    [
                        -37.35114924645956,
                        74.76109885772084
                    ],
                    [
                        -37.34857258551429,
                        74.76329707362343
                    ],
                    [
                        -37.34600645330058,
                        74.76549566843867
                    ],
                    [
                        -37.34346763928228,
                        74.76769523567977
                    ],
                    [
                        -37.34094642094334,
                        74.7698954322969
                    ],
                    [
                        -37.338445828824916,
                        74.772096365789
                    ],
                    [
                        -37.33596437526637,
                        74.77429798398242
                    ],
                    [
                        -37.33350408777313,
                        74.77650035896517
                    ],
                    [
                        -37.33107239030492,
                        74.7787037537404
                    ],
                    [
                        -37.328653896758404,
                        74.78090762457117
                    ],
                    [
                        -37.32626399418185,
                        74.78311251613773
                    ],
                    [
                        -37.32387550738339,
                        74.78531746730675
                    ],
                    [
                        -37.3215233860358,
                        74.78752371511997
                    ],
                    [
                        -37.31919994375675,
                        74.78973098814207
                    ],
                    [
                        -37.31688213714085,
                        74.79193847102265
                    ],
                    [
                        -37.314570545553764,
                        74.79414618438508
                    ],
                    [
                        -37.31227537395558,
                        74.79635448977406
                    ],
                    [
                        -37.310006324845666,
                        74.79856373116459
                    ],
                    [
                        -37.30775432810444,
                        74.80077358766563
                    ],
                    [
                        -37.30552061857435,
                        74.80298410332006
                    ],
                    [
                        -37.30330025007136,
                        74.80519510314593
                    ],
                    [
                        -37.3010845051156,
                        74.80740627838344
                    ],
                    [
                        -37.29889055894541,
                        74.80961823796059
                    ],
                    [
                        -37.296699567439596,
                        74.81183031412225
                    ],
                    [
                        -37.29452159633347,
                        74.81404286384647
                    ],
                    [
                        -37.29233172125067,
                        74.8162550034131
                    ],
                    [
                        -37.290169668678175,
                        74.81846814172695
                    ],
                    [
                        -37.28801874983725,
                        74.82068168719083
                    ],
                    [
                        -37.28586766527756,
                        74.8228952390813
                    ],
                    [
                        -37.28372104312744,
                        74.8251089616299
                    ],
                    [
                        -37.28156610902515,
                        74.82732240155818
                    ],
                    [
                        -37.27941724176656,
                        74.82953606911477
                    ],
                    [
                        -37.277278388369254,
                        74.83175010451309
                    ],
                    [
                        -37.275136416847495,
                        74.83396404167033
                    ],
                    [
                        -37.27300099643658,
                        74.83617822389235
                    ],
                    [
                        -37.270865550725354,
                        74.83839241772988
                    ],
                    [
                        -37.26872719469321,
                        74.84060652071854
                    ],
                    [
                        -37.26657426810644,
                        74.84282011861112
                    ],
                    [
                        -37.26443505172654,
                        74.84503421597228
                    ],
                    [
                        -37.26229879323932,
                        74.8472484309457
                    ],
                    [
                        -37.260167735657596,
                        74.84946284329482
                    ],
                    [
                        -37.258030990676644,
                        74.85167706610048
                    ],
                    [
                        -37.2558686553578,
                        74.85389039178048
                    ],
                    [
                        -37.2537004456304,
                        74.85610352092115
                    ],
                    [
                        -37.251547051787114,
                        74.85831718914586
                    ],
                    [
                        -37.249397748894864,
                        74.86053101527365
                    ],
                    [
                        -37.247230523177585,
                        74.86274421639368
                    ],
                    [
                        -37.245058145639454,
                        74.86495724654613
                    ],
                    [
                        -37.24287938319505,
                        74.86717006179141
                    ],
                    [
                        -37.24069082571537,
                        74.8693825406993
                    ],
                    [
                        -37.23851982617034,
                        74.8715956565637
                    ],
                    [
                        -37.236317767110805,
                        74.87380767922194
                    ],
                    [
                        -37.234131801183345,
                        74.8760202867503
                    ],
                    [
                        -37.23194379576879,
                        74.87823283382474
                    ],
                    [
                        -37.229767662473876,
                        74.88044581578875
                    ],
                    [
                        -37.22760177867975,
                        74.88265917504232
                    ],
                    [
                        -37.22544007395715,
                        74.88487269552957
                    ],
                    [
                        -37.223277148145804,
                        74.88708618495113
                    ],
                    [
                        -37.221129403754986,
                        74.88930022768218
                    ],
                    [
                        -37.21900806713545,
                        74.89151522397496
                    ],
                    [
                        -37.21688592071277,
                        74.89373020425518
                    ],
                    [
                        -37.21476203185026,
                        74.89594513527811
                    ],
                    [
                        -37.21264532329966,
                        74.89816033509312
                    ],
                    [
                        -37.21051629296347,
                        74.90037510853298
                    ],
                    [
                        -37.20842421020738,
                        74.90259121218293
                    ],
                    [
                        -37.20630521901289,
                        74.9048063694184
                    ],
                    [
                        -37.20421043965983,
                        74.90702240309206
                    ],
                    [
                        -37.20211844297439,
                        74.9092385491705
                    ],
                    [
                        -37.20003994910563,
                        74.91145519013382
                    ],
                    [
                        -37.19798352126148,
                        74.91367263169639
                    ],
                    [
                        -37.195922745517095,
                        74.91588993162613
                    ],
                    [
                        -37.19386411386406,
                        74.91810732155605
                    ],
                    [
                        -37.191794192164544,
                        74.92032432203095
                    ],
                    [
                        -37.189724297214156,
                        74.92254133687707
                    ],
                    [
                        -37.1876695896721,
                        74.92475890735057
                    ],
                    [
                        -37.18562413962412,
                        74.92697682192956
                    ],
                    [
                        -37.183608556239214,
                        74.929195816682
                    ],
                    [
                        -37.18159668474093,
                        74.9314149579128
                    ],
                    [
                        -37.17960119933483,
                        74.93363469836754
                    ],
                    [
                        -37.17759126666682,
                        74.93585393683524
                    ],
                    [
                        -37.17558783280762,
                        74.93807342146002
                    ],
                    [
                        -37.17359311340314,
                        74.94029323149374
                    ],
                    [
                        -37.17160497692055,
                        74.94251329088155
                    ],
                    [
                        -37.169621445632266,
                        74.94473352902989
                    ],
                    [
                        -37.167645279482976,
                        74.94695404464669
                    ],
                    [
                        -37.165679091118854,
                        74.94917493121777
                    ],
                    [
                        -37.16371865126783,
                        74.9513960376717
                    ],
                    [
                        -37.161762524709,
                        74.95361731276779
                    ],
                    [
                        -37.159811474672715,
                        74.95583878385382
                    ],
                    [
                        -37.1578601247761,
                        74.95806025872815
                    ],
                    [
                        -37.1559217249623,
                        74.96028221128009
                    ],
                    [
                        -37.153977316387206,
                        74.96250396352598
                    ],
                    [
                        -37.152050754644144,
                        74.96472636878296
                    ],
                    [
                        -37.15011270610667,
                        74.96694837780592
                    ],
                    [
                        -37.14819645479477,
                        74.96917118137945
                    ],
                    [
                        -37.146281054316674,
                        74.97139403020981
                    ],
                    [
                        -37.144358715046835,
                        74.97361664554165
                    ],
                    [
                        -37.14245339881913,
                        74.9758398849254
                    ],
                    [
                        -37.14055853423611,
                        74.97806351333081
                    ],
                    [
                        -37.138664103282075,
                        74.98028717224885
                    ],
                    [
                        -37.136761465711395,
                        74.98251055235409
                    ],
                    [
                        -37.1348654672815,
                        74.98473418512201
                    ],
                    [
                        -37.132985929165564,
                        74.98695842231415
                    ],
                    [
                        -37.13110716177957,
                        74.98918270222885
                    ],
                    [
                        -37.129222805719586,
                        74.99140679711302
                    ],
                    [
                        -37.12732208665673,
                        74.99363032098478
                    ],
                    [
                        -37.12543029271103,
                        74.99585417956952
                    ],
                    [
                        -37.123553639336535,
                        74.9980785956445
                    ],
                    [
                        -37.121673134376664,
                        75.00030288888816
                    ],
                    [
                        -37.11980424836282,
                        75.00252761362545
                    ],
                    [
                        -37.11792873624914,
                        75.00475211614071
                    ],
                    [
                        -37.11604966000087,
                        75.0069765061125
                    ],
                    [
                        -37.11416717487557,
                        75.00920078907474
                    ],
                    [
                        -37.11228842051303,
                        75.01142522093262
                    ],
                    [
                        -37.11040565300047,
                        75.01364952410786
                    ],
                    [
                        -37.10852068717107,
                        75.01587376363352
                    ],
                    [
                        -37.10663896259043,
                        75.01809813454128
                    ],
                    [
                        -37.10474071675287,
                        75.02032192817002
                    ],
                    [
                        -37.1028402269359,
                        75.02254565639804
                    ],
                    [
                        -37.10090735191508,
                        75.02476823810032
                    ],
                    [
                        -37.09896463767051,
                        75.02699048169256
                    ],
                    [
                        -37.09700942480457,
                        75.0292122916635
                    ],
                    [
                        -37.095044205801344,
                        75.03143375730669
                    ],
                    [
                        -37.09306867963965,
                        75.0336548677121
                    ],
                    [
                        -37.09106024559967,
                        75.03587481168749
                    ],
                    [
                        -37.08903438885823,
                        75.03809414462863
                    ],
                    [
                        -37.086981164847636,
                        75.04031250936113
                    ],
                    [
                        -37.08490098664985,
                        75.04252992037463
                    ],
                    [
                        -37.08279638972283,
                        75.04474646835905
                    ],
                    [
                        -37.08064748374807,
                        75.04696143875094
                    ],
                    [
                        -37.07844174160865,
                        75.04917438103787
                    ],
                    [
                        -37.076174034148075,
                        75.05138511015178
                    ],
                    [
                        -37.073926356868306,
                        75.05359657079084
                    ],
                    [
                        -37.071630766362745,
                        75.0558063220899
                    ],
                    [
                        -37.06927203823383,
                        75.0580138161957
                    ],
                    [
                        -37.06686809223437,
                        75.06021969611031
                    ],
                    [
                        -37.0644263374582,
                        75.0624242273884
                    ],
                    [
                        -37.06195384386402,
                        75.06462766354774
                    ],
                    [
                        -37.05942736099722,
                        75.06682916794999
                    ],
                    [
                        -37.05685785906547,
                        75.06902913412883
                    ],
                    [
                        -37.05424782900075,
                        75.07122765085089
                    ],
                    [
                        -37.051579746252266,
                        75.07342408676519
                    ],
                    [
                        -37.04884515765481,
                        75.07561813644611
                    ],
                    [
                        -37.04604018506852,
                        75.07780965884305
                    ],
                    [
                        -37.043187397755084,
                        75.07999946491489
                    ],
                    [
                        -37.04027700176161,
                        75.082187200848
                    ],
                    [
                        -37.03730009317912,
                        75.08437254452724
                    ],
                    [
                        -37.034260208623806,
                        75.08655562169633
                    ],
                    [
                        -37.031186965183736,
                        75.08873749804619
                    ],
                    [
                        -37.02806798462162,
                        75.09091772650639
                    ],
                    [
                        -37.02490363827709,
                        75.09309631923087
                    ],
                    [
                        -37.02168826504709,
                        75.0952730707955
                    ],
                    [
                        -37.01841046367871,
                        75.09744756844796
                    ],
                    [
                        -37.01509640862718,
                        75.09962075488215
                    ],
                    [
                        -37.011757677915625,
                        75.10179304694478
                    ],
                    [
                        -37.00837663591708,
                        75.10396380715456
                    ],
                    [
                        -37.004953517951314,
                        75.1061330427202
                    ],
                    [
                        -37.001486422713924,
                        75.1083006836462
                    ],
                    [
                        -36.99795629559662,
                        75.1104660399403
                    ],
                    [
                        -36.99436101237356,
                        75.1126290327532
                    ],
                    [
                        -36.99075783688272,
                        75.11479173061858
                    ],
                    [
                        -36.9871046198881,
                        75.11695260865272
                    ],
                    [
                        -36.98338626632434,
                        75.11911111893802
                    ],
                    [
                        -36.979642677240506,
                        75.12126870345621
                    ],
                    [
                        -36.975849039485254,
                        75.12342446287859
                    ],
                    [
                        -36.972025745572076,
                        75.12557913403428
                    ],
                    [
                        -36.9681579914383,
                        75.12773217944977
                    ],
                    [
                        -36.96425685574802,
                        75.12988399903807
                    ],
                    [
                        -36.96034694972617,
                        75.1320354839328
                    ],
                    [
                        -36.95638402953618,
                        75.13418502902435
                    ],
                    [
                        -36.952354543758716,
                        75.13633214056243
                    ],
                    [
                        -36.94828178222653,
                        75.13847766131484
                    ],
                    [
                        -36.94420696872646,
                        75.14062308648947
                    ],
                    [
                        -36.94006209080569,
                        75.14276594542852
                    ],
                    [
                        -36.93598183385859,
                        75.14491112969527
                    ],
                    [
                        -36.93187092707212,
                        75.14705517857165
                    ],
                    [
                        -36.92770314983463,
                        75.149197137272
                    ],
                    [
                        -36.92351047843309,
                        75.15133816678821
                    ],
                    [
                        -36.91927716591554,
                        75.15347769299385
                    ],
                    [
                        -36.91504216668436,
                        75.15561713250021
                    ],
                    [
                        -36.91076574601647,
                        75.15775503798426
                    ],
                    [
                        -36.90647179634507,
                        75.15989227829117
                    ],
                    [
                        -36.90217031799301,
                        75.1620292172334
                    ],
                    [
                        -36.897835209138876,
                        75.16416490265509
                    ],
                    [
                        -36.8935113833085,
                        75.16630097165029
                    ],
                    [
                        -36.88914119226437,
                        75.16843532078293
                    ],
                    [
                        -36.884823773641706,
                        75.17057156769361
                    ],
                    [
                        -36.88045876110571,
                        75.1727060487592
                    ],
                    [
                        -36.87610349630835,
                        75.17484085722087
                    ],
                    [
                        -36.87178383287162,
                        75.17697693863128
                    ],
                    [
                        -36.86743596935142,
                        75.17911196137216
                    ],
                    [
                        -36.86304723089457,
                        75.18124546053117
                    ],
                    [
                        -36.858676057858375,
                        75.18337957322129
                    ],
                    [
                        -36.854320472705695,
                        75.18551422784947
                    ],
                    [
                        -36.84992874494539,
                        75.18764753030315
                    ],
                    [
                        -36.84551818564765,
                        75.18978011335554
                    ],
                    [
                        -36.841131575318386,
                        75.19191354448601
                    ],
                    [
                        -36.83673495098404,
                        75.19404657924972
                    ],
                    [
                        -36.83230728664523,
                        75.19617844582086
                    ],
                    [
                        -36.82787029129474,
                        75.19830993964067
                    ],
                    [
                        -36.82344792450304,
                        75.20044194008908
                    ],
                    [
                        -36.81901115847461,
                        75.20257338156257
                    ],
                    [
                        -36.81456382190188,
                        75.20470440414805
                    ],
                    [
                        -36.810108064768976,
                        75.20683508644572
                    ],
                    [
                        -36.80565720832439,
                        75.20896591805196
                    ],
                    [
                        -36.80119679841555,
                        75.21109636739874
                    ],
                    [
                        -36.796702327549845,
                        75.21322553198759
                    ],
                    [
                        -36.7922055556835,
                        75.21535457984446
                    ],
                    [
                        -36.78771779267754,
                        75.21748392755393
                    ],
                    [
                        -36.78325556171095,
                        75.21961418452437
                    ],
                    [
                        -36.778801592449014,
                        75.22174471519345
                    ],
                    [
                        -36.774315995521484,
                        75.22387404865034
                    ],
                    [
                        -36.769813135815006,
                        75.22600271356049
                    ],
                    [
                        -36.765344878295785,
                        75.22813262379687
                    ],
                    [
                        -36.76083170111754,
                        75.2302608441738
                    ],
                    [
                        -36.756300373744324,
                        75.2323883616969
                    ],
                    [
                        -36.75175253012158,
                        75.23451523595935
                    ],
                    [
                        -36.74719210124342,
                        75.23664161159004
                    ],
                    [
                        -36.74263313513237,
                        75.23876800771535
                    ],
                    [
                        -36.73807511190374,
                        75.24089440520135
                    ],
                    [
                        -36.73351812251605,
                        75.24302080749743
                    ],
                    [
                        -36.72895352734552,
                        75.24514689468575
                    ],
                    [
                        -36.72436410028707,
                        75.24727202814263
                    ],
                    [
                        -36.71977384333519,
                        75.24939709650668
                    ],
                    [
                        -36.7151982363603,
                        75.25152267386285
                    ],
                    [
                        -36.71061473474181,
                        75.25364792449531
                    ],
                    [
                        -36.706081392257204,
                        75.2557750028516
                    ],
                    [
                        -36.70153449920665,
                        75.25790154560588
                    ],
                    [
                        -36.696963247879566,
                        75.26002715068896
                    ],
                    [
                        -36.69241794901652,
                        75.26215368671352
                    ],
                    [
                        -36.68785227447152,
                        75.26427943250707
                    ],
                    [
                        -36.68330649958564,
                        75.26640588516308
                    ],
                    [
                        -36.67874586700599,
                        75.26853175234183
                    ],
                    [
                        -36.674180911535174,
                        75.27065742554949
                    ],
                    [
                        -36.66957466766987,
                        75.2727815280168
                    ],
                    [
                        -36.664969742912646,
                        75.27490564523669
                    ],
                    [
                        -36.660396026884754,
                        75.27703089134255
                    ],
                    [
                        -36.65580023983711,
                        75.2791552811825
                    ],
                    [
                        -36.65118378873741,
                        75.28127886624819
                    ],
                    [
                        -36.64653870073153,
                        75.28340134807321
                    ],
                    [
                        -36.64195608663427,
                        75.2855261268901
                    ],
                    [
                        -36.63732436377517,
                        75.28764903809014
                    ],
                    [
                        -36.63270597512732,
                        75.28977241260988
                    ],
                    [
                        -36.628079376640734,
                        75.29189544577666
                    ],
                    [
                        -36.62343717336903,
                        75.2940178606966
                    ],
                    [
                        -36.61877805828766,
                        75.2961396077729
                    ],
                    [
                        -36.61410184770439,
                        75.29826067936749
                    ],
                    [
                        -36.6094031675537,
                        75.30038087347647
                    ],
                    [
                        -36.60468818248308,
                        75.30250041999336
                    ],
                    [
                        -36.59996379293851,
                        75.3046195767787
                    ],
                    [
                        -36.59523094812636,
                        75.30673837900741
                    ],
                    [
                        -36.590527417577555,
                        75.30885824300148
                    ],
                    [
                        -36.58583733061241,
                        75.31097857466634
                    ],
                    [
                        -36.58108721929361,
                        75.31309661664864
                    ],
                    [
                        -36.57631916271797,
                        75.31521394644705
                    ],
                    [
                        -36.57153715252934,
                        75.31733071320687
                    ],
                    [
                        -36.56674885425985,
                        75.31944720443217
                    ],
                    [
                        -36.562004454973,
                        75.32156530719342
                    ],
                    [
                        -36.5572774400651,
                        75.32368402612728
                    ],
                    [
                        -36.552530243101074,
                        75.32580194818455
                    ],
                    [
                        -36.54772759639218,
                        75.32791774444316
                    ],
                    [
                        -36.54294896391981,
                        75.33003440570515
                    ],
                    [
                        -36.5381879863925,
                        75.33215169352246
                    ],
                    [
                        -36.5334286030588,
                        75.33426900325313
                    ],
                    [
                        -36.52869541783416,
                        75.33638726305837
                    ],
                    [
                        -36.52394206973489,
                        75.33850472479614
                    ],
                    [
                        -36.51923558112933,
                        75.34062391772356
                    ],
                    [
                        -36.5144694244545,
                        75.34274082086598
                    ],
                    [
                        -36.50975997282437,
                        75.34485982837212
                    ],
                    [
                        -36.50498497387594,
                        75.34697632193054
                    ],
                    [
                        -36.50025170094027,
                        75.34909435503167
                    ],
                    [
                        -36.49552969751926,
                        75.35121277750532
                    ],
                    [
                        -36.49079555824495,
                        75.3533307040953
                    ],
                    [
                        -36.486074716413405,
                        75.35544909725672
                    ],
                    [
                        -36.481319724573495,
                        75.35756616037713
                    ],
                    [
                        -36.476576597453516,
                        75.35968363561473
                    ],
                    [
                        -36.471849719792935,
                        75.36180168981443
                    ],
                    [
                        -36.467088864339864,
                        75.36391841879185
                    ],
                    [
                        -36.46235489821999,
                        75.36603613048334
                    ],
                    [
                        -36.457599426017204,
                        75.36815298914154
                    ],
                    [
                        -36.452881817995376,
                        75.37027124840877
                    ],
                    [
                        -36.44814628066666,
                        75.37238879044796
                    ],
                    [
                        -36.44340945410182,
                        75.37450624689221
                    ],
                    [
                        -36.43866742021875,
                        75.37662346874086
                    ],
                    [
                        -36.43391543610246,
                        75.37874027536608
                    ],
                    [
                        -36.42915527093393,
                        75.3808567336581
                    ],
                    [
                        -36.42438793696616,
                        75.38297288180239
                    ],
                    [
                        -36.419614949795644,
                        75.38508877722037
                    ],
                    [
                        -36.41483442670329,
                        75.38720434794104
                    ],
                    [
                        -36.410048522501555,
                        75.38931967578318
                    ],
                    [
                        -36.40525904210149,
                        75.39143482936069
                    ],
                    [
                        -36.4004621345972,
                        75.39354966161964
                    ],
                    [
                        -36.39563575199743,
                        75.39566333069297
                    ],
                    [
                        -36.39077949877537,
                        75.39777582007578
                    ],
                    [
                        -36.38596917665254,
                        75.39989002410239
                    ],
                    [
                        -36.381156821232835,
                        75.40200411195872
                    ],
                    [
                        -36.37634184309879,
                        75.40411806105199
                    ],
                    [
                        -36.37151498221963,
                        75.40623151709603
                    ],
                    [
                        -36.36665218093877,
                        75.40834355894032
                    ],
                    [
                        -36.36182044057569,
                        75.41045674989248
                    ],
                    [
                        -36.35701858379336,
                        75.41257104642402
                    ],
                    [
                        -36.35222474181177,
                        75.41468561211319
                    ],
                    [
                        -36.34743715115871,
                        75.41680037979295
                    ],
                    [
                        -36.342640666914264,
                        75.41891476903317
                    ],
                    [
                        -36.33782387058678,
                        75.4210283413866
                    ],
                    [
                        -36.33299707609642,
                        75.42314149175856
                    ],
                    [
                        -36.32816966726002,
                        75.42525458001002
                    ],
                    [
                        -36.32331578116449,
                        75.4273666126855
                    ],
                    [
                        -36.31857239417204,
                        75.42948285240244
                    ],
                    [
                        -36.31378403959102,
                        75.43159732762557
                    ],
                    [
                        -36.30894358486467,
                        75.43370976190418
                    ],
                    [
                        -36.30409838630051,
                        75.43582197488816
                    ],
                    [
                        -36.29928499602097,
                        75.43793537341345
                    ],
                    [
                        -36.294518896510475,
                        75.44005055528785
                    ],
                    [
                        -36.289751299163804,
                        75.44216564321583
                    ],
                    [
                        -36.28500106025957,
                        75.44428136391377
                    ],
                    [
                        -36.28024507372315,
                        75.44639682734447
                    ],
                    [
                        -36.275465793338796,
                        75.44851135646334
                    ],
                    [
                        -36.27068058822103,
                        75.45062562045587
                    ],
                    [
                        -36.265876393026865,
                        75.45273911468934
                    ],
                    [
                        -36.26109733705431,
                        75.4548535426203
                    ],
                    [
                        -36.25629681326392,
                        75.45696710473158
                    ],
                    [
                        -36.25149057895048,
                        75.45908040910373
                    ],
                    [
                        -36.24668097372508,
                        75.46119354597495
                    ],
                    [
                        -36.24187372449463,
                        75.46330673677285
                    ],
                    [
                        -36.23705128066748,
                        75.46541930241825
                    ],
                    [
                        -36.232212108932245,
                        75.46753118285196
                    ],
                    [
                        -36.22736883950043,
                        75.46964286652262
                    ],
                    [
                        -36.22252919041308,
                        75.47175465234936
                    ],
                    [
                        -36.21769103203359,
                        75.4738664579925
                    ],
                    [
                        -36.212858097219154,
                        75.47597842833667
                    ],
                    [
                        -36.20801828944816,
                        75.47809009434876
                    ],
                    [
                        -36.203166649934225,
                        75.48020126326318
                    ],
                    [
                        -36.198337331772315,
                        75.48231326074935
                    ],
                    [
                        -36.19353708274292,
                        75.4844263500601
                    ],
                    [
                        -36.18870115585417,
                        75.48653801636928
                    ],
                    [
                        -36.183847225895775,
                        75.48864894517763
                    ],
                    [
                        -36.17904441546617,
                        75.49076182420893
                    ],
                    [
                        -36.17421818598843,
                        75.49287375556767
                    ],
                    [
                        -36.16939768915259,
                        75.4949858729695
                    ],
                    [
                        -36.16463690485371,
                        75.49710027888898
                    ],
                    [
                        -36.15988847548856,
                        75.49921513119641
                    ],
                    [
                        -36.155105000980406,
                        75.50132858311387
                    ],
                    [
                        -36.15031189125087,
                        75.50344162376693
                    ],
                    [
                        -36.145511319213036,
                        75.50555433749602
                    ],
                    [
                        -36.14071388645093,
                        75.507667137687
                    ],
                    [
                        -36.135928599507864,
                        75.50978037613214
                    ],
                    [
                        -36.131108532633654,
                        75.51189222080284
                    ],
                    [
                        -36.12630367716832,
                        75.51400462325134
                    ],
                    [
                        -36.121462975783984,
                        75.51611558860988
                    ],
                    [
                        -36.116664222888716,
                        75.51822815713759
                    ],
                    [
                        -36.11184390397126,
                        75.52033984631335
                    ],
                    [
                        -36.107001256168154,
                        75.52245062529204
                    ],
                    [
                        -36.10213848040184,
                        75.52456057920686
                    ],
                    [
                        -36.09727074124014,
                        75.52667030106986
                    ],
                    [
                        -36.0923975015665,
                        75.52877976963774
                    ],
                    [
                        -36.08751365495444,
                        75.53088878451983
                    ],
                    [
                        -36.08262382914632,
                        75.53299752672106
                    ],
                    [
                        -36.07772305934573,
                        75.53510580121679
                    ],
                    [
                        -36.0727565700119,
                        75.5372114576833
                    ],
                    [
                        -36.06778893455941,
                        75.53931702836188
                    ],
                    [
                        -36.062812023167325,
                        75.54142219388984
                    ],
                    [
                        -36.05783365948878,
                        75.54352726130361
                    ],
                    [
                        -36.052850153000875,
                        75.54563208548413
                    ],
                    [
                        -36.047844596446126,
                        75.54773600123373
                    ],
                    [
                        -36.0428042819818,
                        75.54983850745806
                    ],
                    [
                        -36.037732983946945,
                        75.55193975101919
                    ],
                    [
                        -36.032642165951295,
                        75.5540401818459
                    ],
                    [
                        -36.02753371096399,
                        75.55613987317105
                    ],
                    [
                        -36.02243004143169,
                        75.55823970795548
                    ],
                    [
                        -36.017307188719585,
                        75.56033874131272
                    ],
                    [
                        -36.01213753207084,
                        75.56243588261745
                    ],
                    [
                        -36.006972072224876,
                        75.5645331424205
                    ],
                    [
                        -36.00178671815015,
                        75.56662956972025
                    ],
                    [
                        -35.99659938557176,
                        75.56872587126396
                    ],
                    [
                        -35.99136269287448,
                        75.57082017439615
                    ],
                    [
                        -35.98617514051912,
                        75.57291637119896
                    ],
                    [
                        -35.98088355286301,
                        75.57500840514717
                    ],
                    [
                        -35.97565327977603,
                        75.57710281445591
                    ],
                    [
                        -35.97039533865606,
                        75.57919607937976
                    ],
                    [
                        -35.96513632912016,
                        75.58128925211798
                    ],
                    [
                        -35.95982894038048,
                        75.58338045780779
                    ],
                    [
                        -35.954496581823975,
                        75.58547062199081
                    ],
                    [
                        -35.94931805360726,
                        75.58756683539329
                    ],
                    [
                        -35.94418773327016,
                        75.58966491488758
                    ],
                    [
                        -35.939033232516266,
                        75.59176198930115
                    ],
                    [
                        -35.93375272356206,
                        75.59385401320115
                    ],
                    [
                        -35.92836426591285,
                        75.5959416974742
                    ],
                    [
                        -35.92308500252914,
                        75.59803366837
                    ],
                    [
                        -35.91758546584121,
                        75.60011682857181
                    ],
                    [
                        -35.91226076030592,
                        75.60220688711308
                    ],
                    [
                        -35.90690144840922,
                        75.60429551634716
                    ],
                    [
                        -35.90150430660182,
                        75.60638258605388
                    ],
                    [
                        -35.89607425821998,
                        75.60846829036997
                    ],
                    [
                        -35.8906016670373,
                        75.61055224338723
                    ],
                    [
                        -35.885115109361855,
                        75.61263558246166
                    ],
                    [
                        -35.87963315336095,
                        75.6147190477502
                    ],
                    [
                        -35.87410093914209,
                        75.61680044956866
                    ],
                    [
                        -35.868454279373324,
                        75.6188772215185
                    ],
                    [
                        -35.86272962764534,
                        75.62095081363175
                    ],
                    [
                        -35.85706676304525,
                        75.62302680956968
                    ],
                    [
                        -35.85140402290475,
                        75.62510274661737
                    ],
                    [
                        -35.84581746673605,
                        75.62718166856219
                    ],
                    [
                        -35.84013539473719,
                        75.62925670555136
                    ],
                    [
                        -35.834459058404256,
                        75.63133190784419
                    ],
                    [
                        -35.828810097570276,
                        75.63340814307595
                    ],
                    [
                        -35.823130835335526,
                        75.63548310031453
                    ],
                    [
                        -35.81747647297438,
                        75.63755899225066
                    ],
                    [
                        -35.8117877635744,
                        75.63963344254468
                    ],
                    [
                        -35.80603831088257,
                        75.64170538930549
                    ],
                    [
                        -35.80026497464795,
                        75.64377630979803
                    ],
                    [
                        -35.79447842197408,
                        75.64584663141063
                    ],
                    [
                        -35.78868824401263,
                        75.64791673911367
                    ],
                    [
                        -35.7828594642753,
                        75.64998522547826
                    ],
                    [
                        -35.777049703045805,
                        75.65205440773421
                    ],
                    [
                        -35.77126351917805,
                        75.65412447069704
                    ],
                    [
                        -35.76538224336688,
                        75.65619063404758
                    ],
                    [
                        -35.759505929785966,
                        75.65825692580509
                    ],
                    [
                        -35.75363818579694,
                        75.66032349184171
                    ],
                    [
                        -35.74779662464293,
                        75.66239104354923
                    ],
                    [
                        -35.741861873349585,
                        75.66445476268501
                    ],
                    [
                        -35.73592561218103,
                        75.66651834722705
                    ],
                    [
                        -35.73001768778465,
                        75.66858300349352
                    ],
                    [
                        -35.724072608326665,
                        75.67064608488529
                    ],
                    [
                        -35.718118195312414,
                        75.67270871480827
                    ],
                    [
                        -35.71216875846043,
                        75.6747714720068
                    ],
                    [
                        -35.70620667087162,
                        75.67683364294646
                    ],
                    [
                        -35.700166128801975,
                        75.67889256040999
                    ],
                    [
                        -35.694175074174936,
                        75.68095340667514
                    ],
                    [
                        -35.68833445782873,
                        75.68302027980059
                    ],
                    [
                        -35.682284686058466,
                        75.68507859542467
                    ],
                    [
                        -35.67619110329931,
                        75.68713505432092
                    ],
                    [
                        -35.67002229820291,
                        75.68918837760545
                    ],
                    [
                        -35.663912835718506,
                        75.69124403036363
                    ],
                    [
                        -35.657761821465755,
                        75.69329791311134
                    ],
                    [
                        -35.65157743262141,
                        75.69535035597355
                    ],
                    [
                        -35.64535349468178,
                        75.69740110546049
                    ],
                    [
                        -35.6391876650917,
                        75.6994541371583
                    ],
                    [
                        -35.633088418116635,
                        75.70150980027807
                    ],
                    [
                        -35.62708349304911,
                        75.70356923027008
                    ],
                    [
                        -35.621140193900445,
                        75.70563109917353
                    ],
                    [
                        -35.615196059015624,
                        75.70769286127735
                    ],
                    [
                        -35.6095271143184,
                        75.70976578902204
                    ],
                    [
                        -35.603796736632766,
                        75.71183614515942
                    ],
                    [
                        -35.59812095149155,
                        75.71390866889652
                    ],
                    [
                        -35.59233914722515,
                        75.71597679508167
                    ],
                    [
                        -35.58647984706814,
                        75.71804168455196
                    ],
                    [
                        -35.58060935618223,
                        75.7201060470094
                    ],
                    [
                        -35.574734960013565,
                        75.72217018022685
                    ],
                    [
                        -35.568839901887145,
                        75.72423339738903
                    ],
                    [
                        -35.562964939228884,
                        75.72629736825
                    ],
                    [
                        -35.55708605963195,
                        75.72836110915972
                    ],
                    [
                        -35.55122329366397,
                        75.73042544195052
                    ],
                    [
                        -35.54532306428773,
                        75.73248816790067
                    ],
                    [
                        -35.53942535890259,
                        75.73455092740619
                    ],
                    [
                        -35.533522848178606,
                        75.73661341945827
                    ],
                    [
                        -35.52759051338371,
                        75.73867461508604
                    ],
                    [
                        -35.52159972870425,
                        75.74073333487554
                    ],
                    [
                        -35.515667641426724,
                        75.7427943970712
                    ],
                    [
                        -35.50972902094103,
                        75.74485511911746
                    ],
                    [
                        -35.503764937754276,
                        75.74691472076617
                    ],
                    [
                        -35.49777746842186,
                        75.74897328611132
                    ],
                    [
                        -35.49177503693951,
                        75.75103116119357
                    ],
                    [
                        -35.485797955795206,
                        75.75309000855542
                    ],
                    [
                        -35.47978866418411,
                        75.75514745352368
                    ],
                    [
                        -35.473722345657954,
                        75.7572024691347
                    ],
                    [
                        -35.46765820072072,
                        75.75925749835699
                    ],
                    [
                        -35.46156207307199,
                        75.76131112915424
                    ],
                    [
                        -35.45551797602448,
                        75.76336683498529
                    ],
                    [
                        -35.44945981251705,
                        75.76542188354243
                    ],
                    [
                        -35.44329320444491,
                        75.76747236587713
                    ],
                    [
                        -35.437163564005765,
                        75.76952429968188
                    ],
                    [
                        -35.43099582806508,
                        75.77157457586321
                    ],
                    [
                        -35.42483713299337,
                        75.77362514695724
                    ],
                    [
                        -35.41870494207704,
                        75.77567673824217
                    ],
                    [
                        -35.412606578291005,
                        75.77772965548787
                    ],
                    [
                        -35.406495771649915,
                        75.77978197899556
                    ],
                    [
                        -35.40039535361792,
                        75.78183465686993
                    ],
                    [
                        -35.39435216280807,
                        75.78388963731811
                    ],
                    [
                        -35.38834282112689,
                        75.78594595146264
                    ],
                    [
                        -35.38230401193422,
                        75.78800096623843
                    ],
                    [
                        -35.376201819348196,
                        75.79005326759209
                    ],
                    [
                        -35.37020504208234,
                        75.7921098840525
                    ],
                    [
                        -35.3640942311446,
                        75.7941616751106
                    ],
                    [
                        -35.35809270003665,
                        75.7962179465909
                    ],
                    [
                        -35.352032381289256,
                        75.7982716929409
                    ],
                    [
                        -35.34599190928131,
                        75.8003261931246
                    ],
                    [
                        -35.33989070436915,
                        75.80237808300667
                    ],
                    [
                        -35.333736190657085,
                        75.80442766906067
                    ],
                    [
                        -35.32757705051096,
                        75.80647698327502
                    ],
                    [
                        -35.32143750173372,
                        75.80852703843064
                    ],
                    [
                        -35.31533122107634,
                        75.81057840820813
                    ],
                    [
                        -35.30923315512928,
                        75.81263004575811
                    ],
                    [
                        -35.303060030907005,
                        75.8146784631905
                    ],
                    [
                        -35.29687752552662,
                        75.81672640855177
                    ],
                    [
                        -35.29070341004177,
                        75.81877462653497
                    ],
                    [
                        -35.28468396702685,
                        75.82082925511548
                    ],
                    [
                        -35.278632832115115,
                        75.8228824811471
                    ],
                    [
                        -35.27253499489457,
                        75.82493367233913
                    ],
                    [
                        -35.26626952013817,
                        75.82697774435063
                    ],
                    [
                        -35.26012672871637,
                        75.82902689151798
                    ],
                    [
                        -35.25400851641591,
                        75.83107699537348
                    ],
                    [
                        -35.24787220593896,
                        75.83312626160635
                    ],
                    [
                        -35.241689183112456,
                        75.83517348440677
                    ],
                    [
                        -35.23544575043243,
                        75.83721808386878
                    ],
                    [
                        -35.22920566826533,
                        75.83926274340226
                    ],
                    [
                        -35.222963870513944,
                        75.84130724966828
                    ],
                    [
                        -35.21660189339365,
                        75.84334660475602
                    ],
                    [
                        -35.21025092974671,
                        75.84538633864769
                    ],
                    [
                        -35.203891939800734,
                        75.84742564802943
                    ],
                    [
                        -35.197470364189215,
                        75.84946222701603
                    ],
                    [
                        -35.190927908829636,
                        75.85149360693069
                    ],
                    [
                        -35.18444640460215,
                        75.85352747124905
                    ],
                    [
                        -35.17799438176551,
                        75.85556249226504
                    ],
                    [
                        -35.17147341267967,
                        75.85759450404468
                    ],
                    [
                        -35.164874439073415,
                        75.85962311817909
                    ],
                    [
                        -35.158176274029714,
                        75.86164743118867
                    ],
                    [
                        -35.15142280884162,
                        75.86366929786847
                    ],
                    [
                        -35.14466628825543,
                        75.86569093162895
                    ],
                    [
                        -35.13797591155332,
                        75.86771527077293
                    ],
                    [
                        -35.13125336076889,
                        75.86973814282487
                    ],
                    [
                        -35.1244222131523,
                        75.87175629680047
                    ],
                    [
                        -35.11758480755939,
                        75.87377407795168
                    ],
                    [
                        -35.11065937460275,
                        75.87578800586253
                    ],
                    [
                        -35.10369582254168,
                        75.8778001994588
                    ],
                    [
                        -35.09676916171131,
                        75.87981385209974
                    ],
                    [
                        -35.08976429611898,
                        75.88182405967997
                    ],
                    [
                        -35.08267042655413,
                        75.88383035578808
                    ],
                    [
                        -35.075544807735376,
                        75.88583517764194
                    ],
                    [
                        -35.06845696161869,
                        75.88784149213865
                    ],
                    [
                        -35.06144967751041,
                        75.88985113076603
                    ],
                    [
                        -35.054486240931034,
                        75.8918625297499
                    ],
                    [
                        -35.04748148326969,
                        75.89387204864607
                    ],
                    [
                        -35.04047465154865,
                        75.89588136455396
                    ],
                    [
                        -35.033503511773446,
                        75.89789209501667
                    ],
                    [
                        -35.02659149708064,
                        75.89990524701957
                    ],
                    [
                        -35.01975266762676,
                        75.9019214278676
                    ],
                    [
                        -35.01289261255658,
                        75.90393659224783
                    ],
                    [
                        -35.00599525205175,
                        75.9059500484186
                    ],
                    [
                        -34.99912694167198,
                        75.90796464393762
                    ],
                    [
                        -34.992222800100365,
                        75.90997759256787
                    ],
                    [
                        -34.98533757995796,
                        75.91199124623687
                    ],
                    [
                        -34.97846639389333,
                        75.91400539611604
                    ],
                    [
                        -34.97165846759707,
                        75.91602216244107
                    ],
                    [
                        -34.964859184229816,
                        75.91803919729587
                    ],
                    [
                        -34.95804084627975,
                        75.92005530769956
                    ],
                    [
                        -34.95126943655515,
                        75.92207333759484
                    ],
                    [
                        -34.944534213520335,
                        75.92409282695165
                    ],
                    [
                        -34.93781905638508,
                        75.92611308250184
                    ],
                    [
                        -34.931023669931584,
                        75.92812977389958
                    ],
                    [
                        -34.924299132589745,
                        75.93014942433304
                    ],
                    [
                        -34.91762599720513,
                        75.9321711980012
                    ],
                    [
                        -34.91095145190663,
                        75.93419281387933
                    ],
                    [
                        -34.90424053213142,
                        75.93621275854665
                    ],
                    [
                        -34.897564638105706,
                        75.93823412168328
                    ],
                    [
                        -34.890937698486916,
                        75.94025750932371
                    ],
                    [
                        -34.88426326706136,
                        75.9422787436928
                    ],
                    [
                        -34.877584167975314,
                        75.94429967912653
                    ],
                    [
                        -34.87092765307651,
                        75.94632149808683
                    ],
                    [
                        -34.86434373340792,
                        75.94834637378449
                    ],
                    [
                        -34.85777264584371,
                        75.95037171486649
                    ],
                    [
                        -34.851109185073504,
                        75.95239294929907
                    ],
                    [
                        -34.84451873847221,
                        75.95441726355715
                    ],
                    [
                        -34.83796947943005,
                        75.95644327782804
                    ],
                    [
                        -34.831497271443475,
                        75.95847255627541
                    ],
                    [
                        -34.82492582081082,
                        75.96049742528089
                    ],
                    [
                        -34.81837516907578,
                        75.9625231096145
                    ],
                    [
                        -34.8117622148537,
                        75.96454598733882
                    ],
                    [
                        -34.80521204848915,
                        75.96657151137713
                    ],
                    [
                        -34.79873742883043,
                        75.9686002429213
                    ],
                    [
                        -34.79228097905609,
                        75.97062968146827
                    ],
                    [
                        -34.78583531368147,
                        75.9726595056116
                    ],
                    [
                        -34.779379903826516,
                        75.9746888187549
                    ],
                    [
                        -34.77296400579772,
                        75.97671977455298
                    ],
                    [
                        -34.76658257301168,
                        75.97875215484322
                    ],
                    [
                        -34.760170514354854,
                        75.98078311236412
                    ],
                    [
                        -34.75376119808387,
                        75.9828141067219
                    ],
                    [
                        -34.747245410937744,
                        75.98484035221087
                    ],
                    [
                        -34.7408365862241,
                        75.98687119969861
                    ],
                    [
                        -34.73432855542162,
                        75.98889761248002
                    ],
                    [
                        -34.72778757036065,
                        75.99092249173678
                    ],
                    [
                        -34.72123654194265,
                        75.99294684137757
                    ],
                    [
                        -34.714649706257674,
                        75.99496952890422
                    ],
                    [
                        -34.70801886862234,
                        75.99699019176435
                    ],
                    [
                        -34.70135606465497,
                        75.99900935635146
                    ],
                    [
                        -34.69465863878231,
                        76.00102690369957
                    ],
                    [
                        -34.6878753086099,
                        76.00304057376806
                    ],
                    [
                        -34.68106120958869,
                        76.00505278928033
                    ],
                    [
                        -34.67424088431268,
                        76.00706462980246
                    ],
                    [
                        -34.66736808984421,
                        76.00907405583479
                    ],
                    [
                        -34.660499383834384,
                        76.01108355905355
                    ],
                    [
                        -34.65359687217447,
                        76.01309146703734
                    ],
                    [
                        -34.64670302010269,
                        76.01509965304678
                    ],
                    [
                        -34.63967994770541,
                        76.01710202460272
                    ],
                    [
                        -34.63269856704075,
                        76.01910612951731
                    ],
                    [
                        -34.62574695119042,
                        76.02111144325056
                    ],
                    [
                        -34.61860471572731,
                        76.0231082127222
                    ],
                    [
                        -34.61134629910256,
                        76.02509972072225
                    ],
                    [
                        -34.60417981444088,
                        76.0270951812998
                    ],
                    [
                        -34.59707057863934,
                        76.02909306357353
                    ],
                    [
                        -34.5898819733017,
                        76.03108731073593
                    ],
                    [
                        -34.5826499588012,
                        76.03307951321993
                    ],
                    [
                        -34.57543023107068,
                        76.03507214163747
                    ],
                    [
                        -34.56817045833391,
                        76.03706287129627
                    ],
                    [
                        -34.561145061668384,
                        76.03906390184521
                    ],
                    [
                        -34.55410379295917,
                        76.04106411695619
                    ],
                    [
                        -34.54714438127519,
                        76.04306786594178
                    ],
                    [
                        -34.540024262861934,
                        76.04506435129129
                    ],
                    [
                        -34.53295937171024,
                        76.0470631841086
                    ],
                    [
                        -34.525966825922076,
                        76.04906513180096
                    ],
                    [
                        -34.51893171995012,
                        76.05106507351938
                    ],
                    [
                        -34.51188435120099,
                        76.0530643586193
                    ],
                    [
                        -34.50479486949138,
                        76.05506165314061
                    ],
                    [
                        -34.49764429121263,
                        76.0570561057588
                    ],
                    [
                        -34.49049871327287,
                        76.05905066727583
                    ],
                    [
                        -34.48341892309149,
                        76.06104805751697
                    ],
                    [
                        -34.47647081088991,
                        76.06305123062697
                    ],
                    [
                        -34.46947049410105,
                        76.06505196129001
                    ],
                    [
                        -34.46249137777349,
                        76.06705353492782
                    ],
                    [
                        -34.455608579209034,
                        76.06905932076876
                    ],
                    [
                        -34.448767769975184,
                        76.07106688883833
                    ],
                    [
                        -34.441951129006995,
                        76.0730754423938
                    ],
                    [
                        -34.43514813578748,
                        76.07508451082084
                    ],
                    [
                        -34.42834810875188,
                        76.07709361528771
                    ],
                    [
                        -34.421540788013125,
                        76.0791022949233
                    ],
                    [
                        -34.41474918034204,
                        76.08111158393291
                    ],
                    [
                        -34.4079635139156,
                        76.08312104381538
                    ],
                    [
                        -34.401146920190214,
                        76.08512901534819
                    ],
                    [
                        -34.394318406121386,
                        76.08713635253673
                    ],
                    [
                        -34.387471779007264,
                        76.08914277556127
                    ],
                    [
                        -34.38071871676623,
                        76.0911533184588
                    ],
                    [
                        -34.37395525672522,
                        76.09316329804113
                    ],
                    [
                        -34.36713495069479,
                        76.09517061732834
                    ],
                    [
                        -34.360330506309715,
                        76.09717855564809
                    ],
                    [
                        -34.35360024705017,
                        76.09918974918591
                    ],
                    [
                        -34.34693808085872,
                        76.10120392772866
                    ],
                    [
                        -34.34023251500113,
                        76.10321605380999
                    ],
                    [
                        -34.33358520525454,
                        76.10523072415639
                    ],
                    [
                        -34.32696316842053,
                        76.1072464496525
                    ],
                    [
                        -34.320367633079314,
                        76.10926328770952
                    ],
                    [
                        -34.31378979308355,
                        76.11128084113204
                    ],
                    [
                        -34.30719895146485,
                        76.11329771951259
                    ],
                    [
                        -34.30059073392328,
                        76.11531372365528
                    ],
                    [
                        -34.2939974582737,
                        76.11733031905334
                    ],
                    [
                        -34.28748509931469,
                        76.11935050213879
                    ],
                    [
                        -34.28102166568284,
                        76.12137282512887
                    ],
                    [
                        -34.27451830721109,
                        76.12339325350283
                    ],
                    [
                        -34.26786012002906,
                        76.12540656040892
                    ],
                    [
                        -34.26123176113026,
                        76.12742113553426
                    ],
                    [
                        -34.254709418724076,
                        76.12944044837937
                    ],
                    [
                        -34.248292778111846,
                        76.1314644916185
                    ],
                    [
                        -34.24192768748117,
                        76.13349080527678
                    ],
                    [
                        -34.23553709735853,
                        76.13551588118463
                    ],
                    [
                        -34.22911319639879,
                        76.13753936162702
                    ],
                    [
                        -34.2226857650343,
                        76.13956260305417
                    ],
                    [
                        -34.21634094843945,
                        76.14158953685444
                    ],
                    [
                        -34.21011722419329,
                        76.14362192513342
                    ],
                    [
                        -34.20374095927339,
                        76.14564727602318
                    ],
                    [
                        -34.19744738585461,
                        76.14767633031315
                    ],
                    [
                        -34.19104431888692,
                        76.14970030625679
                    ],
                    [
                        -34.184896466481234,
                        76.15173587966075
                    ],
                    [
                        -34.17867122645544,
                        76.15376784558907
                    ],
                    [
                        -34.17257312056069,
                        76.1558055628779
                    ],
                    [
                        -34.166515527871375,
                        76.15784507178803
                    ],
                    [
                        -34.1604380367817,
                        76.15988360664066
                    ],
                    [
                        -34.15426352804335,
                        76.16191763108601
                    ],
                    [
                        -34.148030083665596,
                        76.1639488858458
                    ],
                    [
                        -34.141853691705265,
                        76.16598268916547
                    ],
                    [
                        -34.13577247057242,
                        76.16802079425398
                    ],
                    [
                        -34.12974299430782,
                        76.17006121263759
                    ],
                    [
                        -34.12374579691628,
                        76.1721030531269
                    ],
                    [
                        -34.11771245162322,
                        76.17414317278654
                    ],
                    [
                        -34.111737169698166,
                        76.17618590132697
                    ],
                    [
                        -34.10568777453903,
                        76.17822516227226
                    ],
                    [
                        -34.09982850421212,
                        76.18027311097987
                    ],
                    [
                        -34.094020950028565,
                        76.18232338647607
                    ],
                    [
                        -34.08815246891377,
                        76.18437080401816
                    ],
                    [
                        -34.08225966931909,
                        76.18641704691711
                    ],
                    [
                        -34.07643943215632,
                        76.18846657926811
                    ],
                    [
                        -34.070650065676965,
                        76.19051748275614
                    ],
                    [
                        -34.06488882052889,
                        76.19256963231513
                    ],
                    [
                        -34.05917190098925,
                        76.19462377730017
                    ],
                    [
                        -34.053491990212756,
                        76.19667958238746
                    ],
                    [
                        -34.04779429730722,
                        76.19873451928716
                    ],
                    [
                        -34.04211063464945,
                        76.2007900568193
                    ],
                    [
                        -34.03642058912115,
                        76.20284525235454
                    ],
                    [
                        -34.030778297509436,
                        76.20490260862238
                    ],
                    [
                        -34.02512850836783,
                        76.20695957269315
                    ],
                    [
                        -34.01949988516051,
                        76.2090174704886
                    ],
                    [
                        -34.01389239255309,
                        76.21107630154384
                    ],
                    [
                        -34.00831043565907,
                        76.21313627099876
                    ],
                    [
                        -34.00274511659978,
                        76.21519696806868
                    ],
                    [
                        -33.997196002449996,
                        76.21725837360852
                    ],
                    [
                        -33.99165135345076,
                        76.21931994429657
                    ],
                    [
                        -33.986079379458864,
                        76.2213802061987
                    ],
                    [
                        -33.98049787676107,
                        76.22343998354238
                    ],
                    [
                        -33.974984296160805,
                        76.22550287022445
                    ],
                    [
                        -33.96950678854685,
                        76.2275673911785
                    ],
                    [
                        -33.96403239610624,
                        76.2296320176735
                    ],
                    [
                        -33.9585327196467,
                        76.23169543054476
                    ],
                    [
                        -33.952999080686304,
                        76.2337572252306
                    ],
                    [
                        -33.94755471153234,
                        76.2358231293955
                    ],
                    [
                        -33.942118494838276,
                        76.23788937491271
                    ],
                    [
                        -33.93667648412123,
                        76.23995531337978
                    ],
                    [
                        -33.93119823093887,
                        76.24201952743459
                    ],
                    [
                        -33.92570640361217,
                        76.24408307071837
                    ],
                    [
                        -33.920111231881926,
                        76.24614176147658
                    ],
                    [
                        -33.91447395116441,
                        76.24819844758916
                    ],
                    [
                        -33.90884123289399,
                        76.25025530231126
                    ],
                    [
                        -33.903211959418606,
                        76.2523122738245
                    ],
                    [
                        -33.897700039486466,
                        76.25437467569304
                    ],
                    [
                        -33.89227113258311,
                        76.25644091153052
                    ],
                    [
                        -33.887013950667225,
                        76.2585151263668
                    ],
                    [
                        -33.881793739382644,
                        76.26059103631096
                    ],
                    [
                        -33.87670543416681,
                        76.26267307740173
                    ],
                    [
                        -33.871516876466224,
                        76.26475040849489
                    ],
                    [
                        -33.86639861072179,
                        76.26683099605847
                    ],
                    [
                        -33.86132868604547,
                        76.26891381704615
                    ],
                    [
                        -33.85637844823905,
                        76.27100221035039
                    ],
                    [
                        -33.85148119946898,
                        76.27309306092884
                    ],
                    [
                        -33.8465943828763,
                        76.27518437958703
                    ],
                    [
                        -33.841711806375514,
                        76.27727587695814
                    ],
                    [
                        -33.83682683007576,
                        76.2793672423595
                    ],
                    [
                        -33.83189179726533,
                        76.28145624359169
                    ],
                    [
                        -33.82693271247643,
                        76.28354409693843
                    ],
                    [
                        -33.82194328118787,
                        76.2856305064065
                    ],
                    [
                        -33.81699852299255,
                        76.28771898773981
                    ],
                    [
                        -33.8120259466277,
                        76.28980614339277
                    ],
                    [
                        -33.80703650205856,
                        76.29189248587363
                    ],
                    [
                        -33.802031822696996,
                        76.29397809114424
                    ],
                    [
                        -33.79698158992337,
                        76.29606153545926
                    ],
                    [
                        -33.79191518638676,
                        76.29814419648864
                    ],
                    [
                        -33.786765371366485,
                        76.30022291533898
                    ],
                    [
                        -33.7815771339,
                        76.30229980205694
                    ],
                    [
                        -33.7763844753191,
                        76.30437645298245
                    ],
                    [
                        -33.77116838231305,
                        76.3064519740498
                    ],
                    [
                        -33.76588129934048,
                        76.30852412765311
                    ],
                    [
                        -33.76053713049041,
                        76.31059356463756
                    ],
                    [
                        -33.755222543129655,
                        76.312664361132
                    ],
                    [
                        -33.74990138821319,
                        76.31473481675327
                    ],
                    [
                        -33.74461125480555,
                        76.31680670147179
                    ],
                    [
                        -33.73932964593406,
                        76.31887895697238
                    ],
                    [
                        -33.73412518719291,
                        76.32095481771415
                    ],
                    [
                        -33.72899025909343,
                        76.32303392810923
                    ],
                    [
                        -33.72383353518771,
                        76.32511198482602
                    ],
                    [
                        -33.718690379168564,
                        76.32719065504735
                    ],
                    [
                        -33.713568140475026,
                        76.32927028621938
                    ],
                    [
                        -33.70846890688358,
                        76.33135097787098
                    ],
                    [
                        -33.70339797491941,
                        76.33343298114791
                    ],
                    [
                        -33.69834433498825,
                        76.33551577736854
                    ],
                    [
                        -33.69334995515558,
                        76.33760135007219
                    ],
                    [
                        -33.68835841246078,
                        76.33968703541957
                    ],
                    [
                        -33.683387619086446,
                        76.34177368033006
                    ],
                    [
                        -33.6783535965114,
                        76.3438573146719
                    ],
                    [
                        -33.67333183457833,
                        76.34594150651982
                    ],
                    [
                        -33.668201621483476,
                        76.34802054486015
                    ],
                    [
                        -33.66310943468743,
                        76.35010135785163
                    ],
                    [
                        -33.65802989683557,
                        76.3521827457187
                    ],
                    [
                        -33.6529951110832,
                        76.35426622947715
                    ],
                    [
                        -33.64798321870879,
                        76.35635077557312
                    ],
                    [
                        -33.64290694586239,
                        76.35843224922552
                    ],
                    [
                        -33.6377781167839,
                        76.36051120816883
                    ],
                    [
                        -33.63262535234846,
                        76.36258900728025
                    ],
                    [
                        -33.627430220872945,
                        76.36466477124262
                    ],
                    [
                        -33.62223324292265,
                        76.36674042085494
                    ],
                    [
                        -33.61699504024854,
                        76.36881408701147
                    ],
                    [
                        -33.61168305883421,
                        76.37088422219267
                    ],
                    [
                        -33.606295080459766,
                        76.37295071762605
                    ],
                    [
                        -33.600919001104636,
                        76.3750177458703
                    ],
                    [
                        -33.59551478381709,
                        76.37708340466239
                    ],
                    [
                        -33.59008472746267,
                        76.37914780199866
                    ],
                    [
                        -33.58463859824346,
                        76.38121140116738
                    ],
                    [
                        -33.57918945087523,
                        76.38327482254375
                    ],
                    [
                        -33.573723378532186,
                        76.38533740416442
                    ],
                    [
                        -33.568200122777604,
                        76.38739722856363
                    ],
                    [
                        -33.56268310162146,
                        76.3894573133318
                    ],
                    [
                        -33.55722026386046,
                        76.39151994324314
                    ],
                    [
                        -33.55177419256785,
                        76.39358333775535
                    ],
                    [
                        -33.54633503807672,
                        76.39564702815493
                    ],
                    [
                        -33.5408486367214,
                        76.39770843170211
                    ],
                    [
                        -33.535387301451536,
                        76.39977099601738
                    ],
                    [
                        -33.52978379573168,
                        76.4018267411737
                    ],
                    [
                        -33.52425770447938,
                        76.40388614332821
                    ],
                    [
                        -33.51878394687856,
                        76.40594800858445
                    ],
                    [
                        -33.51337176811944,
                        76.4080127812256
                    ],
                    [
                        -33.50796454896721,
                        76.41007775848128
                    ],
                    [
                        -33.50250852516631,
                        76.41214037042904
                    ],
                    [
                        -33.497016109860326,
                        76.41420120837164
                    ],
                    [
                        -33.4915784548546,
                        76.41626463110006
                    ],
                    [
                        -33.48621330583311,
                        76.41833149050643
                    ],
                    [
                        -33.48085674246482,
                        76.42039873026107
                    ],
                    [
                        -33.47548276957151,
                        76.42246510604197
                    ],
                    [
                        -33.47011131920165,
                        76.42453157183999
                    ],
                    [
                        -33.46471953422768,
                        76.42659703259037
                    ],
                    [
                        -33.459352471624165,
                        76.42866364707407
                    ],
                    [
                        -33.45387923738867,
                        76.43072514035921
                    ],
                    [
                        -33.44843147085674,
                        76.43278782142235
                    ],
                    [
                        -33.442997788629846,
                        76.43485114536307
                    ],
                    [
                        -33.437527613154515,
                        76.43691268535063
                    ],
                    [
                        -33.4320122987472,
                        76.43897202456121
                    ],
                    [
                        -33.42646016432044,
                        76.44102956038957
                    ],
                    [
                        -33.42086265954092,
                        76.44308488025248
                    ],
                    [
                        -33.415218855041665,
                        76.44513793726233
                    ],
                    [
                        -33.40951031418856,
                        76.44718784268176
                    ],
                    [
                        -33.40376070167709,
                        76.44923573145583
                    ],
                    [
                        -33.39800335133234,
                        76.45128320537746
                    ],
                    [
                        -33.39225674822057,
                        76.4533311538411
                    ],
                    [
                        -33.38644767343666,
                        76.4553760519568
                    ],
                    [
                        -33.38055128982787,
                        76.45741670011776
                    ],
                    [
                        -33.37463637964563,
                        76.45945640805748
                    ],
                    [
                        -33.36871019160122,
                        76.4614955242554
                    ],
                    [
                        -33.36274059504047,
                        76.46353249872952
                    ],
                    [
                        -33.3567102138468,
                        76.4655664909103
                    ],
                    [
                        -33.35067075930143,
                        76.46759999307397
                    ],
                    [
                        -33.3446053472467,
                        76.46963218963276
                    ],
                    [
                        -33.33852008924118,
                        76.47166337436883
                    ],
                    [
                        -33.33239562175828,
                        76.47369261065086
                    ],
                    [
                        -33.326202461102156,
                        76.4757184711982
                    ],
                    [
                        -33.319994623629675,
                        76.47774356408543
                    ],
                    [
                        -33.313730694249735,
                        76.4797658850912
                    ],
                    [
                        -33.30748534822613,
                        76.48178904485398
                    ],
                    [
                        -33.301132842945464,
                        76.48380695684574
                    ],
                    [
                        -33.29480731761144,
                        76.48582611165648
                    ],
                    [
                        -33.288467244323186,
                        76.48784449877968
                    ],
                    [
                        -33.282036165357226,
                        76.48985841121514
                    ],
                    [
                        -33.27551663473556,
                        76.49186796735897
                    ],
                    [
                        -33.26897446778572,
                        76.49387635487648
                    ],
                    [
                        -33.262467230209566,
                        76.4958863664529
                    ],
                    [
                        -33.255914625632265,
                        76.49789410539647
                    ],
                    [
                        -33.24926178256921,
                        76.4998969034118
                    ],
                    [
                        -33.242511086707296,
                        76.50189487013995
                    ],
                    [
                        -33.23571005551084,
                        76.50389030968441
                    ],
                    [
                        -33.22894481149511,
                        76.50588740811885
                    ],
                    [
                        -33.222148161370086,
                        76.50788289789618
                    ],
                    [
                        -33.2153799770668,
                        76.5098796920179
                    ],
                    [
                        -33.208572280063905,
                        76.51187448128688
                    ],
                    [
                        -33.20168576547389,
                        76.51386534783654
                    ],
                    [
                        -33.194693448040326,
                        76.51585097087573
                    ],
                    [
                        -33.187754695207126,
                        76.51783911664076
                    ],
                    [
                        -33.18081445129261,
                        76.51982710219959
                    ],
                    [
                        -33.17384354695139,
                        76.52181350346422
                    ],
                    [
                        -33.16682516192758,
                        76.52379749688295
                    ],
                    [
                        -33.159781547093104,
                        76.52578016662228
                    ],
                    [
                        -33.15276959327914,
                        76.52776429239033
                    ],
                    [
                        -33.14572325851685,
                        76.52974664619151
                    ],
                    [
                        -33.13863305645976,
                        76.5317267615389
                    ],
                    [
                        -33.13162149697544,
                        76.53371063332781
                    ],
                    [
                        -33.124589205117026,
                        76.53569339957954
                    ],
                    [
                        -33.11763981750946,
                        76.53768013748423
                    ],
                    [
                        -33.11062005937644,
                        76.53966333835554
                    ],
                    [
                        -33.10363512754742,
                        76.54164815722176
                    ],
                    [
                        -33.096655275257206,
                        76.54363313682983
                    ],
                    [
                        -33.089671485517485,
                        76.54561783493398
                    ],
                    [
                        -33.08265881982556,
                        76.54760102647771
                    ],
                    [
                        -33.07560386090149,
                        76.54958205027702
                    ],
                    [
                        -33.068545752128266,
                        76.55156282787235
                    ],
                    [
                        -33.061509935577924,
                        76.5535446104835
                    ],
                    [
                        -33.054448657347216,
                        76.5555250498911
                    ],
                    [
                        -33.047291671013305,
                        76.55750068619469
                    ],
                    [
                        -33.04008652634361,
                        76.55947385481669
                    ],
                    [
                        -33.032920648475816,
                        76.56144886052545
                    ],
                    [
                        -33.02570612139308,
                        76.56342137186247
                    ],
                    [
                        -33.01849408806757,
                        76.56539390806999
                    ],
                    [
                        -33.011257147573225,
                        76.56736511724543
                    ],
                    [
                        -33.00404549499346,
                        76.56933747590357
                    ],
                    [
                        -32.99681653146157,
                        76.57130888176583
                    ],
                    [
                        -32.98957005293604,
                        76.5732793236165
                    ],
                    [
                        -32.98226049969504,
                        76.5752465477485
                    ],
                    [
                        -32.9749112126786,
                        76.57721170432148
                    ],
                    [
                        -32.967583987567735,
                        76.57917784883348
                    ],
                    [
                        -32.96021563029918,
                        76.58114185397677
                    ],
                    [
                        -32.9527430305986,
                        76.58310059048677
                    ],
                    [
                        -32.945243331055586,
                        76.5850578742277
                    ],
                    [
                        -32.937756888951874,
                        76.587015704522
                    ],
                    [
                        -32.93034860762957,
                        76.58897730244026
                    ],
                    [
                        -32.922952455085344,
                        76.5909393961893
                    ],
                    [
                        -32.915557934354744,
                        76.5929014654582
                    ],
                    [
                        -32.90810714702233,
                        76.59486063379204
                    ],
                    [
                        -32.90073317749426,
                        76.59682351268194
                    ],
                    [
                        -32.893410614540976,
                        76.59878884399772
                    ],
                    [
                        -32.8860920933213,
                        76.60075427480021
                    ],
                    [
                        -32.878731451258346,
                        76.60271750747614
                    ],
                    [
                        -32.871285821366904,
                        76.60467640410498
                    ],
                    [
                        -32.86386849449045,
                        76.60663660378034
                    ],
                    [
                        -32.856464226856424,
                        76.60859734870063
                    ],
                    [
                        -32.84905745275696,
                        76.61055786352799
                    ],
                    [
                        -32.841718187357884,
                        76.61252164203124
                    ],
                    [
                        -32.83431910758087,
                        76.61448233251323
                    ],
                    [
                        -32.826954923163754,
                        76.61644466144962
                    ],
                    [
                        -32.81954365195976,
                        76.61840453451875
                    ],
                    [
                        -32.812125976389815,
                        76.62036398243195
                    ],
                    [
                        -32.80464801417718,
                        76.622320309518
                    ],
                    [
                        -32.79715595692997,
                        76.62427582319005
                    ],
                    [
                        -32.789671456218166,
                        76.62623160662524
                    ],
                    [
                        -32.78215156535969,
                        76.6281855090335
                    ],
                    [
                        -32.77464110955584,
                        76.63013977455151
                    ],
                    [
                        -32.76714143343566,
                        76.63209447139506
                    ],
                    [
                        -32.75962612141905,
                        76.63404827520205
                    ],
                    [
                        -32.75208843927746,
                        76.63600084689816
                    ],
                    [
                        -32.74457513442373,
                        76.6379545325125
                    ],
                    [
                        -32.73705947095428,
                        76.6399079906439
                    ],
                    [
                        -32.72950838487711,
                        76.64185955916564
                    ],
                    [
                        -32.72192495802778,
                        76.64380939054307
                    ],
                    [
                        -32.71434473595585,
                        76.64575927102356
                    ],
                    [
                        -32.706738217519266,
                        76.64770771579059
                    ],
                    [
                        -32.699172805054,
                        76.64965811783601
                    ],
                    [
                        -32.69154308969289,
                        76.65160516857051
                    ],
                    [
                        -32.68387930349714,
                        76.65355038748345
                    ],
                    [
                        -32.67622371191935,
                        76.65549590406916
                    ],
                    [
                        -32.6685536022875,
                        76.65744057279527
                    ],
                    [
                        -32.660878733061146,
                        76.65938488539375
                    ],
                    [
                        -32.65321829884257,
                        76.66132981127014
                    ],
                    [
                        -32.645534167561514,
                        76.66327342430999
                    ],
                    [
                        -32.6378690126134,
                        76.66521788072995
                    ],
                    [
                        -32.63016117166397,
                        76.66716006236962
                    ],
                    [
                        -32.6224031955225,
                        76.6690995890211
                    ],
                    [
                        -32.614705051440716,
                        76.67104202615229
                    ],
                    [
                        -32.606924301662005,
                        76.67298016117908
                    ],
                    [
                        -32.59917964319853,
                        76.67492000523319
                    ],
                    [
                        -32.591452905889604,
                        76.67686063957167
                    ],
                    [
                        -32.58372967337758,
                        76.67880133408958
                    ],
                    [
                        -32.575969789214426,
                        76.68074005036921
                    ],
                    [
                        -32.56812006428398,
                        76.68267408387153
                    ],
                    [
                        -32.560262440135496,
                        76.68460759224598
                    ],
                    [
                        -32.552390179461405,
                        76.68654023239752
                    ],
                    [
                        -32.5444927797228,
                        76.68847146897484
                    ],
                    [
                        -32.53654943496261,
                        76.69040024107203
                    ],
                    [
                        -32.52862413318037,
                        76.6923298039163
                    ],
                    [
                        -32.52070970341364,
                        76.69425979364271
                    ],
                    [
                        -32.51274333527838,
                        76.69618700916331
                    ],
                    [
                        -32.504802102494644,
                        76.69811537770514
                    ],
                    [
                        -32.4968451374116,
                        76.70004281578885
                    ],
                    [
                        -32.48884761783034,
                        76.7019680548946
                    ],
                    [
                        -32.48078622509896,
                        76.7038899006723
                    ],
                    [
                        -32.472665976584565,
                        76.70580860455856
                    ],
                    [
                        -32.464520024949465,
                        76.70772585730663
                    ],
                    [
                        -32.456303379398896,
                        76.70963935491181
                    ],
                    [
                        -32.44808274961948,
                        76.71155250682841
                    ],
                    [
                        -32.439818308606554,
                        76.71346327283767
                    ],
                    [
                        -32.431524635946325,
                        76.71537239662105
                    ],
                    [
                        -32.42317499393015,
                        76.7172785048261
                    ],
                    [
                        -32.41482646551209,
                        76.71918452153453
                    ],
                    [
                        -32.40645663685329,
                        76.72108929637915
                    ],
                    [
                        -32.39799949191511,
                        76.72298943700397
                    ],
                    [
                        -32.38945934798546,
                        76.7248851579552
                    ],
                    [
                        -32.38085925413224,
                        76.7267776373612
                    ],
                    [
                        -32.372262434888334,
                        76.72867012292872
                    ],
                    [
                        -32.36362044400912,
                        76.73056012117448
                    ],
                    [
                        -32.354948277410145,
                        76.73244840065605
                    ],
                    [
                        -32.34623533535181,
                        76.7343344125701
                    ],
                    [
                        -32.33743739306546,
                        76.73621587293778
                    ],
                    [
                        -32.32864333842506,
                        76.73809736054065
                    ],
                    [
                        -32.319846552498895,
                        76.73997853414147
                    ],
                    [
                        -32.31095634566294,
                        76.74185470897784
                    ],
                    [
                        -32.301972724484514,
                        76.74372587704318
                    ],
                    [
                        -32.29291923519921,
                        76.7455932476345
                    ],
                    [
                        -32.28379237995813,
                        76.74745663338776
                    ],
                    [
                        -32.274567192116315,
                        76.74931473477385
                    ],
                    [
                        -32.265290079886014,
                        76.75116994710292
                    ],
                    [
                        -32.255974966870696,
                        76.75302298740039
                    ],
                    [
                        -32.246574615529624,
                        76.75487140161934
                    ],
                    [
                        -32.23714412973653,
                        76.75671804201599
                    ],
                    [
                        -32.227726291780115,
                        76.758565127977
                    ],
                    [
                        -32.21823098155494,
                        76.7604079769303
                    ],
                    [
                        -32.208613131509864,
                        76.7622442375189
                    ],
                    [
                        -32.19900242447239,
                        76.76408064651953
                    ],
                    [
                        -32.189294490222615,
                        76.76591176972971
                    ],
                    [
                        -32.17970563695066,
                        76.76774886898689
                    ],
                    [
                        -32.17005945292265,
                        76.76958275796004
                    ],
                    [
                        -32.16035334845857,
                        76.77141329591969
                    ],
                    [
                        -32.15051696671178,
                        76.77323680365575
                    ],
                    [
                        -32.14059493885152,
                        76.77505559964601
                    ],
                    [
                        -32.130591114207114,
                        76.77686987637664
                    ],
                    [
                        -32.12040725661638,
                        76.77867448620228
                    ],
                    [
                        -32.11005684110844,
                        76.78047011538969
                    ],
                    [
                        -32.099544049891634,
                        76.78225696495416
                    ],
                    [
                        -32.08884485590464,
                        76.78403375726653
                    ],
                    [
                        -32.07799601121087,
                        76.78580239944054
                    ],
                    [
                        -32.06700779244578,
                        76.7875634138485
                    ],
                    [
                        -32.05597168011036,
                        76.789321591023
                    ],
                    [
                        -32.04488439551277,
                        76.79107675305256
                    ],
                    [
                        -32.0338033676323,
                        76.79283191613922
                    ],
                    [
                        -32.02272585116577,
                        76.7945869366211
                    ],
                    [
                        -32.01162442951276,
                        76.79634037014974
                    ],
                    [
                        -32.00042215949446,
                        76.79808815582716
                    ],
                    [
                        -31.98920590521635,
                        76.79983486667112
                    ],
                    [
                        -31.978009813652207,
                        76.8015823049348
                    ],
                    [
                        -31.966850758990308,
                        76.80333136524965
                    ],
                    [
                        -31.95563051141572,
                        76.80507685551713
                    ],
                    [
                        -31.944439386595096,
                        76.80682355020711
                    ],
                    [
                        -31.93330754729473,
                        76.80857305113487
                    ],
                    [
                        -31.922174244682612,
                        76.81032214444234
                    ],
                    [
                        -31.911019364445217,
                        76.81206976278958
                    ],
                    [
                        -31.89985192455499,
                        76.81381638264936
                    ],
                    [
                        -31.888656661742445,
                        76.81556119154212
                    ],
                    [
                        -31.877429606799563,
                        76.81730397519568
                    ],
                    [
                        -31.86616848233353,
                        76.81904460873358
                    ],
                    [
                        -31.854801019374623,
                        76.82077923880537
                    ],
                    [
                        -31.843420816875202,
                        76.82251284195749
                    ],
                    [
                        -31.83194103423682,
                        76.82424078411448
                    ],
                    [
                        -31.820443511190835,
                        76.82596742243618
                    ],
                    [
                        -31.809032373625822,
                        76.82769831832717
                    ],
                    [
                        -31.797529408382808,
                        76.82942395342133
                    ],
                    [
                        -31.78606049171036,
                        76.83115105244805
                    ],
                    [
                        -31.774758141168117,
                        76.83288671651417
                    ],
                    [
                        -31.763511278392933,
                        76.83462501303579
                    ],
                    [
                        -31.752188994939814,
                        76.83635892783667
                    ],
                    [
                        -31.740940237078487,
                        76.83809644647246
                    ],
                    [
                        -31.72965116965202,
                        76.83983146345436
                    ],
                    [
                        -31.71855711018039,
                        76.84157662339288
                    ],
                    [
                        -31.707733315485672,
                        76.8433359978286
                    ],
                    [
                        -31.6968463640164,
                        76.845091669937
                    ],
                    [
                        -31.685987893220513,
                        76.84684856902209
                    ],
                    [
                        -31.675237679601413,
                        76.84861099908022
                    ],
                    [
                        -31.664665393237758,
                        76.85038273093913
                    ],
                    [
                        -31.654223788712624,
                        76.85216123426727
                    ],
                    [
                        -31.643846205097287,
                        76.85394292274025
                    ],
                    [
                        -31.633544875381244,
                        76.85572846472678
                    ],
                    [
                        -31.623382050065818,
                        76.85752123567535
                    ],
                    [
                        -31.613392715795403,
                        76.85932314403325
                    ],
                    [
                        -31.603527133714103,
                        76.86113151423493
                    ],
                    [
                        -31.593701120598475,
                        76.86294179708429
                    ],
                    [
                        -31.583947396949448,
                        76.86475577101112
                    ],
                    [
                        -31.57424997877487,
                        76.86657257617082
                    ],
                    [
                        -31.56463300034941,
                        76.86839352860308
                    ],
                    [
                        -31.555078837643194,
                        76.87021767899077
                    ],
                    [
                        -31.54549280575998,
                        76.87203988690653
                    ],
                    [
                        -31.53601064330054,
                        76.87386753205145
                    ],
                    [
                        -31.526512141467055,
                        76.87569408276079
                    ],
                    [
                        -31.517087061704288,
                        76.87752442539887
                    ],
                    [
                        -31.507712754144148,
                        76.87935733308171
                    ],
                    [
                        -31.498418645407185,
                        76.8811944150257
                    ],
                    [
                        -31.48918039272947,
                        76.88303435109079
                    ],
                    [
                        -31.47999779564688,
                        76.88487713569474
                    ],
                    [
                        -31.470884756462755,
                        76.88672353332876
                    ],
                    [
                        -31.461853741740537,
                        76.88857423168032
                    ],
                    [
                        -31.452877935324256,
                        76.8904277722984
                    ],
                    [
                        -31.443908900081478,
                        76.89228151079826
                    ],
                    [
                        -31.435074627732824,
                        76.89414245279077
                    ],
                    [
                        -31.426281033836833,
                        76.89600545841337
                    ],
                    [
                        -31.417549803335362,
                        76.89787171940232
                    ],
                    [
                        -31.408916870716443,
                        76.89974321105237
                    ],
                    [
                        -31.400261958066128,
                        76.90161334538959
                    ],
                    [
                        -31.391634594654974,
                        76.90348483844481
                    ],
                    [
                        -31.383124689761342,
                        76.90536262874897
                    ],
                    [
                        -31.37472575958404,
                        76.90724637010888
                    ],
                    [
                        -31.36624956512045,
                        76.90912572708338
                    ],
                    [
                        -31.357755695890827,
                        76.91100396979091
                    ],
                    [
                        -31.349305275572732,
                        76.91288445934607
                    ],
                    [
                        -31.34083885273502,
                        76.91476392735088
                    ],
                    [
                        -31.33247966820561,
                        76.91664915896973
                    ],
                    [
                        -31.324119302817007,
                        76.91853418996217
                    ],
                    [
                        -31.315748304264748,
                        76.92041849933227
                    ],
                    [
                        -31.307323647966413,
                        76.92229971362565
                    ],
                    [
                        -31.298945291182473,
                        76.92418334368482
                    ],
                    [
                        -31.29062411823439,
                        76.92606999424252
                    ],
                    [
                        -31.282383632787184,
                        76.9279609681136
                    ],
                    [
                        -31.27420310055361,
                        76.92985512618512
                    ],
                    [
                        -31.266036904978275,
                        76.93174995157696
                    ],
                    [
                        -31.257866537923636,
                        76.93364442189183
                    ],
                    [
                        -31.24970201559923,
                        76.93553909114314
                    ],
                    [
                        -31.241598820994525,
                        76.93743703142631
                    ],
                    [
                        -31.233595753707373,
                        76.93934039655672
                    ],
                    [
                        -31.225521207696396,
                        76.94123968550504
                    ],
                    [
                        -31.21745985777864,
                        76.9431395869547
                    ],
                    [
                        -31.2093873915443,
                        76.94503875360327
                    ],
                    [
                        -31.20139304598568,
                        76.9469421363073
                    ],
                    [
                        -31.19345551073568,
                        76.94884855813287
                    ],
                    [
                        -31.185515969493174,
                        76.95075475691621
                    ],
                    [
                        -31.177568832330707,
                        76.9526604220119
                    ],
                    [
                        -31.16961354209032,
                        76.9545655219768
                    ],
                    [
                        -31.161615059466342,
                        76.95646810760509
                    ],
                    [
                        -31.153625320564256,
                        76.95837106543118
                    ],
                    [
                        -31.145692131095554,
                        76.96027705734119
                    ],
                    [
                        -31.13772082841749,
                        76.96218081592436
                    ],
                    [
                        -31.129690168607627,
                        76.96408115476555
                    ],
                    [
                        -31.121694190928682,
                        76.96598331131632
                    ],
                    [
                        -31.113677539597376,
                        76.96788420131249
                    ],
                    [
                        -31.10577908253047,
                        76.9697915710199
                    ],
                    [
                        -31.097755913457217,
                        76.97169187113587
                    ],
                    [
                        -31.089867182496548,
                        76.97359956390301
                    ],
                    [
                        -31.081909961269293,
                        76.97550332246361
                    ],
                    [
                        -31.073829472977273,
                        76.97740008009752
                    ],
                    [
                        -31.06575306294802,
                        76.97929694844403
                    ],
                    [
                        -31.05769399629978,
                        76.98119467003634
                    ],
                    [
                        -31.049584181663175,
                        76.98308943522152
                    ],
                    [
                        -31.04140147842132,
                        76.98498000037313
                    ],
                    [
                        -31.0331060912274,
                        76.98686413041712
                    ],
                    [
                        -31.02475417741714,
                        76.98874496408767
                    ],
                    [
                        -31.016384773319537,
                        76.99062468598403
                    ],
                    [
                        -31.008080298069725,
                        76.99250791884538
                    ],
                    [
                        -30.99967811558654,
                        76.99438553912832
                    ],
                    [
                        -30.991288073465352,
                        76.99626370784372
                    ],
                    [
                        -30.982859020144215,
                        76.99813955213757
                    ],
                    [
                        -30.97434951951149,
                        77.00001073970833
                    ],
                    [
                        -30.965944174179427,
                        77.00188764610775
                    ],
                    [
                        -30.957562688256207,
                        77.00376576193786
                    ],
                    [
                        -30.949178961622984,
                        77.00564361997085
                    ],
                    [
                        -30.94076043787212,
                        77.007519386536
                    ],
                    [
                        -30.932373835039744,
                        77.00939681834224
                    ],
                    [
                        -30.923999438716688,
                        77.01127480669201
                    ],
                    [
                        -30.915690914650025,
                        77.01315637951174
                    ],
                    [
                        -30.907399194307153,
                        77.01503877334399
                    ],
                    [
                        -30.899080950985482,
                        77.01691954365228
                    ],
                    [
                        -30.89081185350564,
                        77.01880296228948
                    ],
                    [
                        -30.88256739274879,
                        77.0206876483198
                    ],
                    [
                        -30.874289754741945,
                        77.02257033536564
                    ],
                    [
                        -30.866017289166404,
                        77.02445318997249
                    ],
                    [
                        -30.857738195133177,
                        77.02633554488933
                    ],
                    [
                        -30.849551403894015,
                        77.02822300047984
                    ],
                    [
                        -30.841365840771125,
                        77.03011040573334
                    ],
                    [
                        -30.833177880313404,
                        77.0319975554198
                    ],
                    [
                        -30.824936832433238,
                        77.03388157580062
                    ],
                    [
                        -30.816632274588716,
                        77.03576187166675
                    ],
                    [
                        -30.808363124435672,
                        77.037644051059
                    ],
                    [
                        -30.800128456765147,
                        77.03952806436361
                    ],
                    [
                        -30.791937674777866,
                        77.04141444846454
                    ],
                    [
                        -30.783731272872306,
                        77.04329982567307
                    ],
                    [
                        -30.77541372735363,
                        77.04517876451358
                    ],
                    [
                        -30.76712880778734,
                        77.04705943318015
                    ],
                    [
                        -30.75887982469845,
                        77.04894202273974
                    ],
                    [
                        -30.75083598660943,
                        77.05083616863972
                    ],
                    [
                        -30.742778830380164,
                        77.05272944479005
                    ],
                    [
                        -30.734744088470592,
                        77.05462388621882
                    ],
                    [
                        -30.726721735096554,
                        77.05651892323795
                    ],
                    [
                        -30.71876352633574,
                        77.05841750840065
                    ],
                    [
                        -30.710940024947558,
                        77.06032367232865
                    ],
                    [
                        -30.703198895885688,
                        77.06223443790584
                    ],
                    [
                        -30.695444746327283,
                        77.06414436428983
                    ],
                    [
                        -30.687711879955675,
                        77.0660554101874
                    ],
                    [
                        -30.68001634152424,
                        77.06796849413452
                    ],
                    [
                        -30.67233785288927,
                        77.06988245957153
                    ],
                    [
                        -30.664975929650357,
                        77.07181443817541
                    ],
                    [
                        -30.65755390542978,
                        77.07374290034336
                    ],
                    [
                        -30.650279479116694,
                        77.07567973032046
                    ],
                    [
                        -30.643076281907156,
                        77.07762056509475
                    ],
                    [
                        -30.635963739395756,
                        77.07956652204811
                    ],
                    [
                        -30.628793296632075,
                        77.0815090946779
                    ],
                    [
                        -30.621516381318425,
                        77.08344549505767
                    ],
                    [
                        -30.614162861793847,
                        77.08537742911666
                    ],
                    [
                        -30.606797064710012,
                        77.08730858211716
                    ],
                    [
                        -30.599522104382977,
                        77.08924487100101
                    ],
                    [
                        -30.59225895902575,
                        77.09118176509926
                    ],
                    [
                        -30.584904186507543,
                        77.09311332430325
                    ],
                    [
                        -30.577443998873022,
                        77.09503875042846
                    ],
                    [
                        -30.56980818978517,
                        77.09695400105193
                    ],
                    [
                        -30.56232864108238,
                        77.0988781479482
                    ],
                    [
                        -30.554584718770364,
                        77.10078700507762
                    ],
                    [
                        -30.546888991733443,
                        77.10269854189778
                    ],
                    [
                        -30.53908304498817,
                        77.10460364153549
                    ],
                    [
                        -30.531109975693536,
                        77.10649901865537
                    ],
                    [
                        -30.52288575312524,
                        77.1083798187726
                    ],
                    [
                        -30.51476964294554,
                        77.11026673414682
                    ],
                    [
                        -30.506939173415475,
                        77.11217001185334
                    ],
                    [
                        -30.499161492522482,
                        77.11407623788371
                    ],
                    [
                        -30.491299553341964,
                        77.11597750560446
                    ],
                    [
                        -30.48334285585894,
                        77.11787320264439
                    ],
                    [
                        -30.475299725634912,
                        77.11976380306773
                    ],
                    [
                        -30.467355557035592,
                        77.12166001559969
                    ],
                    [
                        -30.459243691188878,
                        77.12354642924856
                    ],
                    [
                        -30.45082209033317,
                        77.1254148148082
                    ],
                    [
                        -30.44209402871611,
                        77.12726533707098
                    ],
                    [
                        -30.43336725369125,
                        77.12911579040899
                    ],
                    [
                        -30.42448746445841,
                        77.13095723602132
                    ],
                    [
                        -30.415599294864244,
                        77.13279804410222
                    ],
                    [
                        -30.406665134155254,
                        77.13463603298891
                    ],
                    [
                        -30.397590074984176,
                        77.13646569230264
                    ],
                    [
                        -30.388498786791057,
                        77.13829424673433
                    ],
                    [
                        -30.379393169378282,
                        77.14012180530898
                    ],
                    [
                        -30.37033503119822,
                        77.14195195850323
                    ],
                    [
                        -30.361540697948357,
                        77.14379728729247
                    ],
                    [
                        -30.352885134446275,
                        77.14565054157774
                    ],
                    [
                        -30.344154962913105,
                        77.14749931605463
                    ],
                    [
                        -30.33550601761872,
                        77.14935267736395
                    ],
                    [
                        -30.32699905383384,
                        77.15121417120035
                    ],
                    [
                        -30.318590711238805,
                        77.15308128240532
                    ],
                    [
                        -30.310270098557098,
                        77.15495338398641
                    ],
                    [
                        -30.30199726083771,
                        77.1568281525299
                    ],
                    [
                        -30.29374669830377,
                        77.15870410390654
                    ],
                    [
                        -30.28557571408018,
                        77.16058458516565
                    ],
                    [
                        -30.277536912311145,
                        77.16247267470527
                    ],
                    [
                        -30.269600955705094,
                        77.16436666842311
                    ],
                    [
                        -30.261704751383558,
                        77.16626288613253
                    ],
                    [
                        -30.253848183663585,
                        77.16816132406403
                    ],
                    [
                        -30.24608329808798,
                        77.17006502978158
                    ],
                    [
                        -30.238343861836977,
                        77.17197013381278
                    ],
                    [
                        -30.230703313028737,
                        77.17388093752147
                    ],
                    [
                        -30.223040170312064,
                        77.17579033291359
                    ],
                    [
                        -30.21538629225433,
                        77.17770018516289
                    ],
                    [
                        -30.207724696487016,
                        77.17960949959406
                    ],
                    [
                        -30.200123009940196,
                        77.18152224126449
                    ],
                    [
                        -30.192580823474653,
                        77.18343839038633
                    ],
                    [
                        -30.18501336900638,
                        77.18535297666341
                    ],
                    [
                        -30.177366285266885,
                        77.1872628071382
                    ],
                    [
                        -30.169733706758716,
                        77.18917340485068
                    ],
                    [
                        -30.162108707793955,
                        77.19108436400167
                    ],
                    [
                        -30.154432017607405,
                        77.19299220156506
                    ],
                    [
                        -30.146701014239927,
                        77.19489675987674
                    ],
                    [
                        -30.138938876429204,
                        77.19679939864692
                    ],
                    [
                        -30.131064860249463,
                        77.1986953643139
                    ],
                    [
                        -30.123076695429116,
                        77.2005845152611
                    ],
                    [
                        -30.114990168711387,
                        77.20246777296566
                    ],
                    [
                        -30.10676140050055,
                        77.20434254473076
                    ],
                    [
                        -30.09846175574622,
                        77.20621302652714
                    ],
                    [
                        -30.09010664055593,
                        77.20808012151267
                    ],
                    [
                        -30.081657535812845,
                        77.20994155283435
                    ],
                    [
                        -30.073132142699826,
                        77.21179835796983
                    ],
                    [
                        -30.0645611473645,
                        77.21365234302303
                    ],
                    [
                        -30.055894329587037,
                        77.2155005373433
                    ],
                    [
                        -30.047148617329903,
                        77.21734393374985
                    ],
                    [
                        -30.038354747594138,
                        77.21918434347926
                    ],
                    [
                        -30.029497290090198,
                        77.22102084966805
                    ],
                    [
                        -30.020542530989154,
                        77.22285145138724
                    ],
                    [
                        -30.011504689717828,
                        77.22467698250044
                    ],
                    [
                        -30.00249588414601,
                        77.22650407913098
                    ],
                    [
                        -29.99345172057759,
                        77.22832892660266
                    ],
                    [
                        -29.98439991081105,
                        77.23015316555264
                    ],
                    [
                        -29.975353135031728,
                        77.23197754787422
                    ],
                    [
                        -29.96628520170645,
                        77.23380051918278
                    ],
                    [
                        -29.957235818614983,
                        77.23562443630384
                    ],
                    [
                        -29.948228902241787,
                        77.23745072225613
                    ],
                    [
                        -29.93922374740212,
                        77.23927696070878
                    ],
                    [
                        -29.930099487396614,
                        77.24109596224913
                    ],
                    [
                        -29.920911783273315,
                        77.24291102914451
                    ],
                    [
                        -29.911791599892666,
                        77.2447299540561
                    ],
                    [
                        -29.902840936498098,
                        77.24655881941786
                    ],
                    [
                        -29.894001665798466,
                        77.24839417549578
                    ],
                    [
                        -29.885161341642505,
                        77.25022932682963
                    ],
                    [
                        -29.876300887475324,
                        77.2520631354086
                    ],
                    [
                        -29.86735009456525,
                        77.25389140923254
                    ],
                    [
                        -29.858419313800912,
                        77.25572073018125
                    ],
                    [
                        -29.849552777216378,
                        77.25755374260451
                    ],
                    [
                        -29.840844506570487,
                        77.25939607171301
                    ],
                    [
                        -29.832167783434986,
                        77.2612401533513
                    ],
                    [
                        -29.823403759574532,
                        77.26307888021302
                    ],
                    [
                        -29.814654416183224,
                        77.26491834898289
                    ],
                    [
                        -29.80600445018541,
                        77.26676363261866
                    ],
                    [
                        -29.797470213587623,
                        77.26861571893583
                    ],
                    [
                        -29.788988637272066,
                        77.27047083743157
                    ],
                    [
                        -29.780523999994514,
                        77.27232685059504
                    ],
                    [
                        -29.772156976272406,
                        77.2741885991456
                    ],
                    [
                        -29.763825165664493,
                        77.27605234610868
                    ],
                    [
                        -29.75565048969328,
                        77.27792541399603
                    ],
                    [
                        -29.747676311885197,
                        77.27981041914713
                    ],
                    [
                        -29.73980365112647,
                        77.28170142908994
                    ],
                    [
                        -29.73197660747196,
                        77.28359509117503
                    ],
                    [
                        -29.724181547140507,
                        77.28549058891737
                    ],
                    [
                        -29.716474923815678,
                        77.28739132055243
                    ],
                    [
                        -29.708857329548913,
                        77.28929732790216
                    ],
                    [
                        -29.70128570920408,
                        77.29120602524738
                    ],
                    [
                        -29.69373358963882,
                        77.29311582154082
                    ],
                    [
                        -29.6861601007921,
                        77.29502425604964
                    ],
                    [
                        -29.678564312304207,
                        77.29693127136913
                    ],
                    [
                        -29.67106784681207,
                        77.29884419845042
                    ],
                    [
                        -29.66361427712771,
                        77.30075964086933
                    ],
                    [
                        -29.65621263996383,
                        77.30267814672017
                    ],
                    [
                        -29.64889039878067,
                        77.30460137693667
                    ],
                    [
                        -29.641665366622302,
                        77.30653041208997
                    ],
                    [
                        -29.634508720048117,
                        77.30846351758895
                    ],
                    [
                        -29.627404545702962,
                        77.31039973634077
                    ],
                    [
                        -29.62032639052383,
                        77.31233747296415
                    ],
                    [
                        -29.613304224041045,
                        77.31427854088311
                    ],
                    [
                        -29.606359308924166,
                        77.31622422933981
                    ],
                    [
                        -29.59951699170094,
                        77.31817607620819
                    ],
                    [
                        -29.592725607497485,
                        77.3201309611516
                    ],
                    [
                        -29.585954133685302,
                        77.32208700934063
                    ],
                    [
                        -29.579185370618237,
                        77.32404318056524
                    ],
                    [
                        -29.572483936460234,
                        77.32600338878328
                    ],
                    [
                        -29.565789669612276,
                        77.32796399290051
                    ],
                    [
                        -29.55911194793694,
                        77.32992556172292
                    ],
                    [
                        -29.552427577481524,
                        77.33188669018065
                    ],
                    [
                        -29.54569653942635,
                        77.33384495123909
                    ],
                    [
                        -29.538923281183195,
                        77.33580061216254
                    ],
                    [
                        -29.532057607171488,
                        77.3377506248996
                    ],
                    [
                        -29.52510238477913,
                        77.3396951582835
                    ],
                    [
                        -29.518047004042238,
                        77.34163356295605
                    ],
                    [
                        -29.510914168335255,
                        77.34356721197233
                    ],
                    [
                        -29.503776842235958,
                        77.3455005339075
                    ],
                    [
                        -29.496663779751856,
                        77.34743527619383
                    ],
                    [
                        -29.489627206160055,
                        77.3493746155813
                    ],
                    [
                        -29.48269231286052,
                        77.35132008877551
                    ],
                    [
                        -29.475884958593376,
                        77.35327327490984
                    ],
                    [
                        -29.469176644358228,
                        77.35523244696523
                    ],
                    [
                        -29.46254950179791,
                        77.35719652278244
                    ],
                    [
                        -29.455995354592385,
                        77.35916500896141
                    ],
                    [
                        -29.449510435026863,
                        77.36113767996258
                    ],
                    [
                        -29.443051571425176,
                        77.36311190925001
                    ],
                    [
                        -29.43665412538795,
                        77.36508985323755
                    ],
                    [
                        -29.430305068421553,
                        77.36707072092672
                    ],
                    [
                        -29.424008000410563,
                        77.36905473431997
                    ],
                    [
                        -29.41779931209287,
                        77.37104411556437
                    ],
                    [
                        -29.41166445248131,
                        77.37303798129082
                    ],
                    [
                        -29.405617856151206,
                        77.37503721588466
                    ],
                    [
                        -29.399643018079402,
                        77.37704081606503
                    ],
                    [
                        -29.393742513597665,
                        77.37904894236422
                    ],
                    [
                        -29.3878696889951,
                        77.38105874916364
                    ],
                    [
                        -29.381997178081736,
                        77.3830685661903
                    ],
                    [
                        -29.376098320417434,
                        77.38507676469064
                    ],
                    [
                        -29.370107040882004,
                        77.3870793056892
                    ],
                    [
                        -29.364011221429262,
                        77.3890754443424
                    ],
                    [
                        -29.357786824579783,
                        77.39106370614329
                    ],
                    [
                        -29.351420087986863,
                        77.39304324326486
                    ],
                    [
                        -29.344929507405013,
                        77.39501518014399
                    ],
                    [
                        -29.338077259343585,
                        77.39696495695678
                    ],
                    [
                        -29.33063518816225,
                        77.39887858658227
                    ],
                    [
                        -29.3225364343982,
                        77.40075193668466
                    ],
                    [
                        -29.314000728905018,
                        77.4025984218322
                    ],
                    [
                        -29.30536931605936,
                        77.40443892412524
                    ],
                    [
                        -29.296695713085633,
                        77.40627671774003
                    ],
                    [
                        -29.28790416325697,
                        77.40810715190626
                    ],
                    [
                        -29.279070877111575,
                        77.40993489453169
                    ],
                    [
                        -29.270153664421123,
                        77.41175735168456
                    ],
                    [
                        -29.261270070270943,
                        77.41358173740157
                    ],
                    [
                        -29.252443802103897,
                        77.41540951162398
                    ],
                    [
                        -29.243633491720104,
                        77.41723813564661
                    ],
                    [
                        -29.23480956724765,
                        77.41906579184509
                    ],
                    [
                        -29.225939930309274,
                        77.42089050386383
                    ],
                    [
                        -29.216990499933345,
                        77.4227101697159
                    ],
                    [
                        -29.207993367675154,
                        77.42452675957425
                    ],
                    [
                        -29.198830099078776,
                        77.4263329709375
                    ],
                    [
                        -29.18947631305258,
                        77.42812728629953
                    ],
                    [
                        -29.180019793302964,
                        77.42991510382149
                    ],
                    [
                        -29.170450130610124,
                        77.43169577191654
                    ],
                    [
                        -29.160820548126914,
                        77.43347256670754
                    ],
                    [
                        -29.151262593480602,
                        77.43525360956006
                    ],
                    [
                        -29.14176741215227,
                        77.43703835990596
                    ],
                    [
                        -29.132475426460974,
                        77.43883550703585
                    ],
                    [
                        -29.123338471216403,
                        77.44064208921307
                    ],
                    [
                        -29.114286354971412,
                        77.4424537754538
                    ],
                    [
                        -29.10526476340771,
                        77.44426720980033
                    ],
                    [
                        -29.096186624148174,
                        77.44607700071435
                    ],
                    [
                        -29.087031431539174,
                        77.44788187255045
                    ],
                    [
                        -29.077857631888822,
                        77.44968544299736
                    ],
                    [
                        -29.068628979882835,
                        77.45148546197993
                    ],
                    [
                        -29.05946072963642,
                        77.45328907835777
                    ],
                    [
                        -29.05027797841992,
                        77.45509164633815
                    ],
                    [
                        -29.041139322626968,
                        77.4568968050833
                    ],
                    [
                        -29.032166736648705,
                        77.45871213957668
                    ],
                    [
                        -29.02327019104573,
                        77.46053206583493
                    ],
                    [
                        -29.014387253125726,
                        77.46235270649055
                    ],
                    [
                        -29.005476706084885,
                        77.46417149765085
                    ],
                    [
                        -28.996498003335418,
                        77.46598591258699
                    ],
                    [
                        -28.987403848338722,
                        77.46779299952887
                    ],
                    [
                        -28.97822237887023,
                        77.46959450231685
                    ],
                    [
                        -28.968990082625538,
                        77.47139268852875
                    ],
                    [
                        -28.959779895478754,
                        77.47319210351743
                    ],
                    [
                        -28.950656021035915,
                        77.47499675610732
                    ],
                    [
                        -28.941540001885713,
                        77.47680175529244
                    ],
                    [
                        -28.93232272576346,
                        77.47860028624179
                    ],
                    [
                        -28.922948762994814,
                        77.48038887626085
                    ],
                    [
                        -28.913251200026625,
                        77.48215707528966
                    ],
                    [
                        -28.903305027593014,
                        77.48390954456252
                    ],
                    [
                        -28.89312429353205,
                        77.48564713951333
                    ],
                    [
                        -28.88269458107608,
                        77.4873689341002
                    ],
                    [
                        -28.87205063024132,
                        77.48907707970018
                    ],
                    [
                        -28.861298255103428,
                        77.49077818796694
                    ],
                    [
                        -28.850484083322357,
                        77.49247517249434
                    ],
                    [
                        -28.83968989121963,
                        77.49417315969522
                    ],
                    [
                        -28.82892902416634,
                        77.49587299001132
                    ],
                    [
                        -28.818213665389543,
                        77.49757543274949
                    ],
                    [
                        -28.80755052311987,
                        77.49928091468645
                    ],
                    [
                        -28.796954840769015,
                        77.50099040044928
                    ],
                    [
                        -28.78639116595443,
                        77.50270166576414
                    ],
                    [
                        -28.77587970228765,
                        77.50441598651861
                    ],
                    [
                        -28.7653440283004,
                        77.50612855275052
                    ],
                    [
                        -28.754787707853012,
                        77.50783958679077
                    ],
                    [
                        -28.74415718504994,
                        77.50954570819344
                    ],
                    [
                        -28.733422991778514,
                        77.5112450493327
                    ],
                    [
                        -28.72267790666466,
                        77.51294345866869
                    ],
                    [
                        -28.711892450624457,
                        77.51463907242814
                    ],
                    [
                        -28.70105776751404,
                        77.51633132650792
                    ],
                    [
                        -28.690189735817984,
                        77.51802122025946
                    ],
                    [
                        -28.679228958558724,
                        77.51970499052204
                    ],
                    [
                        -28.668159251043512,
                        77.52138160224561
                    ],
                    [
                        -28.65699131721769,
                        77.52305172184981
                    ],
                    [
                        -28.645685116390318,
                        77.52471279948335
                    ],
                    [
                        -28.63424446801246,
                        77.52636506189238
                    ],
                    [
                        -28.622663112526112,
                        77.52800809627392
                    ],
                    [
                        -28.611006940751334,
                        77.52964607216252
                    ],
                    [
                        -28.599379224871075,
                        77.53128554561077
                    ],
                    [
                        -28.58783135051259,
                        77.53292978861006
                    ],
                    [
                        -28.576418219793513,
                        77.53458230492075
                    ],
                    [
                        -28.56510928899655,
                        77.53624116514762
                    ],
                    [
                        -28.553850076675616,
                        77.53790290975441
                    ],
                    [
                        -28.54257433583966,
                        77.53956332075535
                    ],
                    [
                        -28.531294848747777,
                        77.5412232119015
                    ],
                    [
                        -28.520016239979793,
                        77.54288287814047
                    ],
                    [
                        -28.50873324650174,
                        77.5445419835804
                    ],
                    [
                        -28.49751190429256,
                        77.54620474821502
                    ],
                    [
                        -28.48636598131436,
                        77.54787205957112
                    ],
                    [
                        -28.47525962314683,
                        77.5495416321441
                    ],
                    [
                        -28.464226294564305,
                        77.55121561292157
                    ],
                    [
                        -28.45329671879332,
                        77.55289597813497
                    ],
                    [
                        -28.442431552686674,
                        77.55458021763138
                    ],
                    [
                        -28.43160962096837,
                        77.55626698058693
                    ],
                    [
                        -28.420591523389476,
                        77.5579409108432
                    ],
                    [
                        -28.409025615714043,
                        77.5595794103563
                    ],
                    [
                        -28.396569115104096,
                        77.56116039268151
                    ],
                    [
                        -28.383548972424872,
                        77.56270476386479
                    ],
                    [
                        -28.370411444662693,
                        77.56420809263545
                    ],
                    [
                        -28.35728167205088,
                        77.56570288279448
                    ],
                    [
                        -28.344157603150748,
                        77.56719063355423
                    ],
                    [
                        -28.331060979025484,
                        77.56865572756134
                    ],
                    [
                        -28.31804459646953,
                        77.57006029307723
                    ],
                    [
                        -28.305120044363665,
                        77.57139617951377
                    ],
                    [
                        -28.292293711472,
                        77.57265899385854
                    ],
                    [
                        -28.279548385187493,
                        77.5738612678818
                    ],
                    [
                        -28.26686244051286,
                        77.57501864501093
                    ],
                    [
                        -28.254214438704082,
                        77.57614657838135
                    ],
                    [
                        -28.24159338552412,
                        77.57725300183735
                    ],
                    [
                        -28.228984768256254,
                        77.57834833306475
                    ],
                    [
                        -28.21638266844028,
                        77.5794368221187
                    ],
                    [
                        -28.203769945075777,
                        77.58053070269098
                    ],
                    [
                        -28.19115284510085,
                        77.58162551079103
                    ],
                    [
                        -28.178513304681182,
                        77.58273409456562
                    ],
                    [
                        -28.165805422504583,
                        77.58388904457694
                    ],
                    [
                        -28.15302800230731,
                        77.58509108511863
                    ],
                    [
                        -28.140168574347616,
                        77.5863489357593
                    ],
                    [
                        -28.12719956009266,
                        77.58768199344712
                    ],
                    [
                        -28.114136405468724,
                        77.58907910964288
                    ],
                    [
                        -28.101012068335727,
                        77.59051678375522
                    ],
                    [
                        -28.087796633138687,
                        77.59201604745711
                    ],
                    [
                        -28.074944357511054,
                        77.59356099495115
                    ],
                    [
                        -28.062726296568396,
                        77.59514704183557
                    ],
                    [
                        -28.051083338955095,
                        77.59677039734174
                    ],
                    [
                        -28.039803591850355,
                        77.59841724699416
                    ],
                    [
                        -28.028618265571495,
                        77.60007001194012
                    ],
                    [
                        -28.01730661862752,
                        77.60171422418944
                    ],
                    [
                        -28.00577011304786,
                        77.60334340251353
                    ],
                    [
                        -27.99417674249769,
                        77.60496855304608
                    ],
                    [
                        -27.982620539602735,
                        77.6065958480515
                    ],
                    [
                        -27.971154634614887,
                        77.60822878518658
                    ],
                    [
                        -27.959671844579226,
                        77.6098603239934
                    ],
                    [
                        -27.948032398539876,
                        77.61148126236742
                    ],
                    [
                        -27.936235796669102,
                        77.61309154912846
                    ],
                    [
                        -27.92427823211441,
                        77.61469091474257
                    ],
                    [
                        -27.9122742539883,
                        77.61628689384911
                    ],
                    [
                        -27.900307184660626,
                        77.61788497911616
                    ],
                    [
                        -27.888302161195156,
                        77.61948023222749
                    ],
                    [
                        -27.876286283230314,
                        77.6210744391404
                    ],
                    [
                        -27.864305215931235,
                        77.62267061758372
                    ],
                    [
                        -27.852383179746017,
                        77.62427037415479
                    ],
                    [
                        -27.840463940395683,
                        77.62586999405907
                    ],
                    [
                        -27.82872777580157,
                        77.62748141759067
                    ],
                    [
                        -27.81725848403432,
                        77.62911021980675
                    ],
                    [
                        -27.806143310640856,
                        77.63076221643352
                    ],
                    [
                        -27.795509415210613,
                        77.63244588248385
                    ],
                    [
                        -27.78544654590327,
                        77.63416722492946
                    ],
                    [
                        -27.775963846573763,
                        77.63592690613257
                    ],
                    [
                        -27.766883208253258,
                        77.63771314616488
                    ],
                    [
                        -27.75798119282811,
                        77.63951112999234
                    ],
                    [
                        -27.749213718978048,
                        77.64131794156857
                    ],
                    [
                        -27.740762230446354,
                        77.64314565901347
                    ],
                    [
                        -27.732551512600455,
                        77.64498930199674
                    ],
                    [
                        -27.72443601544702,
                        77.64683920092642
                    ],
                    [
                        -27.7164216209693,
                        77.6486957542116
                    ],
                    [
                        -27.708430351035574,
                        77.65055377558343
                    ],
                    [
                        -27.70054487149613,
                        77.65241877416148
                    ],
                    [
                        -27.692791192179754,
                        77.65429249056535
                    ],
                    [
                        -27.68510699931287,
                        77.65617077932318
                    ],
                    [
                        -27.67746449817421,
                        77.65805179146489
                    ],
                    [
                        -27.66977547510653,
                        77.65992964515989
                    ],
                    [
                        -27.662113858188967,
                        77.66180927074106
                    ],
                    [
                        -27.654527565668513,
                        77.66369386866009
                    ],
                    [
                        -27.647100186291933,
                        77.66558902510853
                    ],
                    [
                        -27.63976150705949,
                        77.66749006026266
                    ],
                    [
                        -27.63252816532657,
                        77.66939809106475
                    ],
                    [
                        -27.625420344220913,
                        77.67131447257431
                    ],
                    [
                        -27.618375723801233,
                        77.67323504602572
                    ],
                    [
                        -27.611375153644346,
                        77.6751585345096
                    ],
                    [
                        -27.604481207330963,
                        77.67708912574017
                    ],
                    [
                        -27.597619212174536,
                        77.67902182978243
                    ],
                    [
                        -27.59068224452671,
                        77.68094949310515
                    ],
                    [
                        -27.583637337543703,
                        77.68286990497752
                    ],
                    [
                        -27.57648495470513,
                        77.68478309051775
                    ],
                    [
                        -27.569225437149083,
                        77.6866890665348
                    ],
                    [
                        -27.561869203341715,
                        77.68858852486639
                    ],
                    [
                        -27.554468858522974,
                        77.69048498529074
                    ],
                    [
                        -27.546973964787526,
                        77.69237506401065
                    ],
                    [
                        -27.539445863230174,
                        77.69426286874446
                    ],
                    [
                        -27.53192435938263,
                        77.69615106764876
                    ],
                    [
                        -27.52442389293757,
                        77.69804063012539
                    ],
                    [
                        -27.51688935211255,
                        77.69992785846512
                    ],
                    [
                        -27.509308306914708,
                        77.701811916093
                    ],
                    [
                        -27.501738975246056,
                        77.70369671022243
                    ],
                    [
                        -27.494234354541046,
                        77.70558580217767
                    ],
                    [
                        -27.486803283283617,
                        77.70747979000559
                    ],
                    [
                        -27.479352915637502,
                        77.70937243692543
                    ],
                    [
                        -27.471976594217427,
                        77.71127001848231
                    ],
                    [
                        -27.464700255654066,
                        77.71317428374911
                    ],
                    [
                        -27.4574364889564,
                        77.71507935753365
                    ],
                    [
                        -27.450129431700706,
                        77.7169814810667
                    ],
                    [
                        -27.442843427379486,
                        77.7188849835474
                    ],
                    [
                        -27.43556407977942,
                        77.72078889685942
                    ],
                    [
                        -27.428258029738604,
                        77.72269097442796
                    ],
                    [
                        -27.42090043705987,
                        77.72458954106432
                    ],
                    [
                        -27.41349471930387,
                        77.72648482414516
                    ],
                    [
                        -27.406038947103948,
                        77.7283766908025
                    ],
                    [
                        -27.398512327908914,
                        77.73026373584763
                    ],
                    [
                        -27.39087485472492,
                        77.73214325610526
                    ],
                    [
                        -27.383094858386563,
                        77.73401310757025
                    ],
                    [
                        -27.375173522357507,
                        77.73587336098555
                    ],
                    [
                        -27.367210226645685,
                        77.73773071791851
                    ],
                    [
                        -27.359270928482317,
                        77.73958963105599
                    ],
                    [
                        -27.35136089179026,
                        77.74145045780517
                    ],
                    [
                        -27.34352230678349,
                        77.74331605202043
                    ],
                    [
                        -27.33574255201607,
                        77.7451855650889
                    ],
                    [
                        -27.328045292069575,
                        77.74706060151846
                    ],
                    [
                        -27.320354027777302,
                        77.74893599091023
                    ],
                    [
                        -27.312746312117504,
                        77.75081698243807
                    ],
                    [
                        -27.305231916278593,
                        77.75270424291743
                    ],
                    [
                        -27.297733806593126,
                        77.75459256150097
                    ],
                    [
                        -27.290193593366844,
                        77.75647798398067
                    ],
                    [
                        -27.282605156725438,
                        77.75836009318178
                    ],
                    [
                        -27.275039883815673,
                        77.76024372491875
                    ],
                    [
                        -27.267488079176758,
                        77.76212822335394
                    ],
                    [
                        -27.259914020586663,
                        77.76401116665839
                    ],
                    [
                        -27.252301196786235,
                        77.76589143338286
                    ],
                    [
                        -27.24461787947872,
                        77.76776686800196
                    ],
                    [
                        -27.23682182337921,
                        77.76963459831327
                    ],
                    [
                        -27.22895933690411,
                        77.77149776181636
                    ],
                    [
                        -27.221160764757727,
                        77.77336520849447
                    ],
                    [
                        -27.21344511060294,
                        77.77523823389461
                    ],
                    [
                        -27.20573775976395,
                        77.77711177173714
                    ],
                    [
                        -27.19796022930942,
                        77.77898048638046
                    ],
                    [
                        -27.190098627406293,
                        77.78084342855948
                    ],
                    [
                        -27.18205889039708,
                        77.78269419304739
                    ],
                    [
                        -27.173695056754525,
                        77.7845228335611
                    ],
                    [
                        -27.16514622290942,
                        77.78633879743313
                    ],
                    [
                        -27.156405852996386,
                        77.7881416258075
                    ],
                    [
                        -27.147453601304452,
                        77.78992991770019
                    ],
                    [
                        -27.138251688712216,
                        77.79170108103013
                    ],
                    [
                        -27.128689143368042,
                        77.79344752735118
                    ],
                    [
                        -27.118833406331348,
                        77.7951738263137
                    ],
                    [
                        -27.108728520916628,
                        77.79688295741838
                    ],
                    [
                        -27.09851955942708,
                        77.79858480417093
                    ],
                    [
                        -27.088195752825634,
                        77.80027862088723
                    ],
                    [
                        -27.07785974789821,
                        77.80197141298363
                    ],
                    [
                        -27.06761750446746,
                        77.80367042584643
                    ],
                    [
                        -27.057558428751765,
                        77.80538178589774
                    ],
                    [
                        -27.047769716290563,
                        77.80711147917005
                    ],
                    [
                        -27.038344225963236,
                        77.80886588927994
                    ],
                    [
                        -27.029370128530807,
                        77.81065108782757
                    ],
                    [
                        -27.02085541236432,
                        77.81246765850982
                    ],
                    [
                        -27.01276619856654,
                        77.81431331288988
                    ],
                    [
                        -27.004970810342154,
                        77.8161790504864
                    ],
                    [
                        -26.997386263313278,
                        77.81805919800085
                    ],
                    [
                        -26.990050884845406,
                        77.81995639827574
                    ],
                    [
                        -26.98283341868282,
                        77.82186165741285
                    ],
                    [
                        -26.97575448252827,
                        77.82377639758865
                    ],
                    [
                        -26.96885787686126,
                        77.82570363416797
                    ],
                    [
                        -26.962194933993644,
                        77.8276469024934
                    ],
                    [
                        -26.955678083735094,
                        77.82960019799857
                    ],
                    [
                        -26.949212066140415,
                        77.8315569817807
                    ],
                    [
                        -26.942813202136836,
                        77.83351837802591
                    ],
                    [
                        -26.936416797775692,
                        77.83547994241154
                    ],
                    [
                        -26.930068239783463,
                        77.83744479596712
                    ],
                    [
                        -26.923783024990627,
                        77.83941400671077
                    ],
                    [
                        -26.91758240103628,
                        77.8413890391149
                    ],
                    [
                        -26.911475624523028,
                        77.84337053374963
                    ],
                    [
                        -26.905389771997687,
                        77.84535347618599
                    ],
                    [
                        -26.899294322299596,
                        77.84733576655313
                    ],
                    [
                        -26.8931606831872,
                        77.84931543609699
                    ],
                    [
                        -26.88700876160854,
                        77.85129385406911
                    ],
                    [
                        -26.880852517397944,
                        77.85327198123015
                    ],
                    [
                        -26.87466575253394,
                        77.85524801276878
                    ],
                    [
                        -26.868432983572724,
                        77.85722088063598
                    ],
                    [
                        -26.862122495048524,
                        77.85918839722947
                    ],
                    [
                        -26.855732588745116,
                        77.86115044214833
                    ],
                    [
                        -26.8492854289894,
                        77.86310854004367
                    ],
                    [
                        -26.842778674788743,
                        77.86506252693543
                    ],
                    [
                        -26.83629239064992,
                        77.86701792276675
                    ],
                    [
                        -26.829876408533067,
                        77.86897816658724
                    ],
                    [
                        -26.823501787207206,
                        77.87094126450695
                    ],
                    [
                        -26.817188900066455,
                        77.8729086246599
                    ],
                    [
                        -26.810956112599044,
                        77.87488151770991
                    ],
                    [
                        -26.80468755421721,
                        77.87685194627218
                    ],
                    [
                        -26.79827542372878,
                        77.87881246356064
                    ],
                    [
                        -26.791638741035783,
                        77.88075746896159
                    ],
                    [
                        -26.784733840242545,
                        77.88268393450198
                    ],
                    [
                        -26.7775773347715,
                        77.88459299468357
                    ],
                    [
                        -26.770209205672842,
                        77.88648739990633
                    ],
                    [
                        -26.762689494110433,
                        77.88837129026385
                    ],
                    [
                        -26.75508464828323,
                        77.8902492534578
                    ],
                    [
                        -26.7474072698556,
                        77.89212215640228
                    ],
                    [
                        -26.739643023017006,
                        77.89398900241287
                    ],
                    [
                        -26.731800685771972,
                        77.89585039390477
                    ],
                    [
                        -26.723924172788788,
                        77.89770936756285
                    ],
                    [
                        -26.715969159517545,
                        77.89956285036173
                    ],
                    [
                        -26.707941556800552,
                        77.90141124691836
                    ],
                    [
                        -26.699814849352737,
                        77.90325271427812
                    ],
                    [
                        -26.69155850260445,
                        77.9050851282432
                    ],
                    [
                        -26.683174563308626,
                        77.90690862191393
                    ],
                    [
                        -26.674597242345545,
                        77.90871862063433
                    ],
                    [
                        -26.665836331886542,
                        77.9105157900854
                    ],
                    [
                        -26.6569552722746,
                        77.91230452237419
                    ],
                    [
                        -26.647973752650724,
                        77.91408617622453
                    ],
                    [
                        -26.638866186130077,
                        77.91585896544268
                    ],
                    [
                        -26.629642948892883,
                        77.91762360145093
                    ],
                    [
                        -26.62033204483482,
                        77.91938202278803
                    ],
                    [
                        -26.610903236668765,
                        77.92113211815202
                    ],
                    [
                        -26.601338302827735,
                        77.9228726091493
                    ],
                    [
                        -26.591634400048704,
                        77.92460328608806
                    ],
                    [
                        -26.58179543771291,
                        77.92632440918656
                    ],
                    [
                        -26.571826104085723,
                        77.92803629318384
                    ],
                    [
                        -26.561753140058812,
                        77.92974079106462
                    ],
                    [
                        -26.551584324135195,
                        77.93143843598966
                    ],
                    [
                        -26.541352119460658,
                        77.9331314849905
                    ],
                    [
                        -26.53116196292986,
                        77.93482729512526
                    ],
                    [
                        -26.521043632896458,
                        77.93652795097482
                    ],
                    [
                        -26.51105937317665,
                        77.93823780996446
                    ],
                    [
                        -26.50121756166062,
                        77.93995747042442
                    ],
                    [
                        -26.49159009775711,
                        77.94169197501934
                    ],
                    [
                        -26.482238042834506,
                        77.94344561581956
                    ],
                    [
                        -26.47324652829173,
                        77.94522437591951
                    ],
                    [
                        -26.46470104004189,
                        77.94703427068339
                    ],
                    [
                        -26.456522806407044,
                        77.9488698143915
                    ],
                    [
                        -26.448688775100663,
                        77.95072941669461
                    ],
                    [
                        -26.44107733441109,
                        77.95260457499474
                    ],
                    [
                        -26.433825237389293,
                        77.95450489127971
                    ],
                    [
                        -26.4269653953063,
                        77.95643269371097
                    ],
                    [
                        -26.420374129724873,
                        77.95837932643136
                    ],
                    [
                        -26.414041471589602,
                        77.96034410260256
                    ],
                    [
                        -26.407862003013616,
                        77.96231963576508
                    ],
                    [
                        -26.40184638118465,
                        77.96430668029488
                    ],
                    [
                        -26.39600891573425,
                        77.96630624717308
                    ],
                    [
                        -26.39040205587478,
                        77.96832202550561
                    ],
                    [
                        -26.385006736169405,
                        77.97035268424645
                    ],
                    [
                        -26.379737439521456,
                        77.97239222395841
                    ],
                    [
                        -26.374624879584953,
                        77.97444280566343
                    ],
                    [
                        -26.36958316992833,
                        77.97649840020748
                    ],
                    [
                        -26.364595647499296,
                        77.97855783877084
                    ],
                    [
                        -26.35964486083093,
                        77.98061989652943
                    ],
                    [
                        -26.35471537590313,
                        77.98268348983525
                    ],
                    [
                        -26.34982352817414,
                        77.98474976732942
                    ],
                    [
                        -26.344960711337475,
                        77.98681812502475
                    ],
                    [
                        -26.34013535486002,
                        77.98888915620796
                    ],
                    [
                        -26.335345014960357,
                        77.99096268997228
                    ],
                    [
                        -26.330582255410725,
                        77.99303820429503
                    ],
                    [
                        -26.325821586323016,
                        77.99511390741787
                    ],
                    [
                        -26.321097446873637,
                        77.99719222139221
                    ],
                    [
                        -26.316387144658798,
                        77.99927155102823
                    ],
                    [
                        -26.311678607260834,
                        78.00135104749502
                    ],
                    [
                        -26.30698512459803,
                        78.0034316457776
                    ],
                    [
                        -26.302283503986175,
                        78.00551171454825
                    ],
                    [
                        -26.297565374407462,
                        78.00759066469246
                    ],
                    [
                        -26.292805442911884,
                        78.00966671609704
                    ],
                    [
                        -26.287990052002574,
                        78.0117389067511
                    ],
                    [
                        -26.283133661997784,
                        78.01380825322076
                    ],
                    [
                        -26.27820015854039,
                        78.01587221249049
                    ],
                    [
                        -26.27323423102177,
                        78.01793392886196
                    ],
                    [
                        -26.268239596577214,
                        78.0199936633095
                    ],
                    [
                        -26.263211318469754,
                        78.02205106755008
                    ],
                    [
                        -26.258153168992287,
                        78.0241064064499
                    ],
                    [
                        -26.253083867464582,
                        78.02616099775432
                    ],
                    [
                        -26.24803115345337,
                        78.02821679524399
                    ],
                    [
                        -26.242997789827967,
                        78.03027399403706
                    ],
                    [
                        -26.23798641817035,
                        78.03233278079357
                    ],
                    [
                        -26.23299565188011,
                        78.03439305840362
                    ],
                    [
                        -26.228025686865717,
                        78.03645484123149
                    ],
                    [
                        -26.22309060504894,
                        78.03851912235903
                    ],
                    [
                        -26.218190998780017,
                        78.04058594442142
                    ],
                    [
                        -26.21333020349316,
                        78.04265554343523
                    ],
                    [
                        -26.20851788308879,
                        78.04472860168626
                    ],
                    [
                        -26.203761333919683,
                        78.04680563477527
                    ],
                    [
                        -26.199048911598858,
                        78.04888582278966
                    ],
                    [
                        -26.194362328320423,
                        78.05096787693
                    ],
                    [
                        -26.189706233807385,
                        78.05305212572513
                    ],
                    [
                        -26.18507004047149,
                        78.05513782299144
                    ],
                    [
                        -26.18044344272908,
                        78.05722424215342
                    ],
                    [
                        -26.1758325129433,
                        78.05931181186048
                    ],
                    [
                        -26.171251483725925,
                        78.06140153668782
                    ],
                    [
                        -26.16669633113694,
                        78.06349313329748
                    ],
                    [
                        -26.162163349316803,
                        78.0655863406884
                    ],
                    [
                        -26.15766959492356,
                        78.06768236310481
                    ],
                    [
                        -26.153221181874414,
                        78.06978163281515
                    ],
                    [
                        -26.148827728771323,
                        78.07188482958705
                    ],
                    [
                        -26.14447267631038,
                        78.07399078539181
                    ],
                    [
                        -26.140148986761012,
                        78.07609900402709
                    ],
                    [
                        -26.135851470293794,
                        78.07820911959732
                    ],
                    [
                        -26.131584845745135,
                        78.0803214657198
                    ],
                    [
                        -26.127332607608267,
                        78.08243487738952
                    ],
                    [
                        -26.123081351439414,
                        78.08454840826775
                    ],
                    [
                        -26.11883447876651,
                        78.08666229862995
                    ],
                    [
                        -26.11458413260476,
                        78.08877599366464
                    ],
                    [
                        -26.110321659382446,
                        78.09088888214679
                    ],
                    [
                        -26.106029417573737,
                        78.09299971780754
                    ],
                    [
                        -26.101695790535956,
                        78.09510767962966
                    ],
                    [
                        -26.097316031492596,
                        78.09721243167515
                    ],
                    [
                        -26.092886005514774,
                        78.09931368110871
                    ],
                    [
                        -26.088411729063534,
                        78.10141185225122
                    ],
                    [
                        -26.083896123082006,
                        78.1035071507925
                    ],
                    [
                        -26.07934070576991,
                        78.10559968333692
                    ],
                    [
                        -26.07473817442798,
                        78.10768893307747
                    ],
                    [
                        -26.070070587119538,
                        78.10977363098807
                    ],
                    [
                        -26.065343531777437,
                        78.11185417084606
                    ],
                    [
                        -26.060554772469626,
                        78.1139303934117
                    ],
                    [
                        -26.055705818278007,
                        78.11600240412233
                    ],
                    [
                        -26.050797109219374,
                        78.11807023281726
                    ],
                    [
                        -26.04582664836991,
                        78.12013373696456
                    ],
                    [
                        -26.040785655626095,
                        78.12219229416391
                    ],
                    [
                        -26.035673021630483,
                        78.12424582426847
                    ],
                    [
                        -26.03049746524247,
                        78.12629494232486
                    ],
                    [
                        -26.02526421496919,
                        78.12834001667355
                    ],
                    [
                        -26.019979700971856,
                        78.1303815008311
                    ],
                    [
                        -26.014646879043195,
                        78.1324196026255
                    ],
                    [
                        -26.0092528142816,
                        78.13445340518788
                    ],
                    [
                        -26.003824471777776,
                        78.13648481571175
                    ],
                    [
                        -25.9983631457453,
                        78.1385139248781
                    ],
                    [
                        -25.9928707780863,
                        78.14054086927013
                    ],
                    [
                        -25.987350218329077,
                        78.14256584981764
                    ],
                    [
                        -25.981794893909537,
                        78.1445884001645
                    ],
                    [
                        -25.97618037427922,
                        78.14660678854952
                    ],
                    [
                        -25.97050894422298,
                        78.14862117503452
                    ],
                    [
                        -25.964789758783947,
                        78.15063220660197
                    ],
                    [
                        -25.959028724211205,
                        78.1526403003442
                    ],
                    [
                        -25.95322264375456,
                        78.15464522830194
                    ],
                    [
                        -25.947373858353032,
                        78.15664715496597
                    ],
                    [
                        -25.94149040332511,
                        78.15864664870952
                    ],
                    [
                        -25.9355731112158,
                        78.16064376742221
                    ],
                    [
                        -25.92962898742229,
                        78.16263900689343
                    ],
                    [
                        -25.923652244854527,
                        78.16463195564337
                    ],
                    [
                        -25.91764036610763,
                        78.16662243391555
                    ],
                    [
                        -25.911614728601542,
                        78.16861195768817
                    ],
                    [
                        -25.905553087461428,
                        78.17059894747271
                    ],
                    [
                        -25.899451197234352,
                        78.17258310057024
                    ],
                    [
                        -25.89323548499538,
                        78.17455919105898
                    ],
                    [
                        -25.886936405409855,
                        78.17652937753003
                    ],
                    [
                        -25.880609075085403,
                        78.1784975720499
                    ],
                    [
                        -25.8742516306462,
                        78.18046364113961
                    ],
                    [
                        -25.867847854598704,
                        78.18242643111921
                    ],
                    [
                        -25.861352071405708,
                        78.18438269349392
                    ],
                    [
                        -25.854791210417023,
                        78.1863343389095
                    ],
                    [
                        -25.848164147011598,
                        78.18828128460726
                    ],
                    [
                        -25.841476587642365,
                        78.19022393356789
                    ],
                    [
                        -25.83474500324008,
                        78.19216345486282
                    ],
                    [
                        -25.827977977541636,
                        78.1941004573259
                    ],
                    [
                        -25.821161602194813,
                        78.19603394950163
                    ],
                    [
                        -25.814285617097863,
                        78.19796319874243
                    ],
                    [
                        -25.80737519596064,
                        78.19988999474329
                    ],
                    [
                        -25.800439475611242,
                        78.20181498665032
                    ],
                    [
                        -25.793482802140932,
                        78.20373848291818
                    ],
                    [
                        -25.786507537547983,
                        78.20566065090725
                    ],
                    [
                        -25.77948929164801,
                        78.20757975150107
                    ],
                    [
                        -25.772432851265457,
                        78.20949612388222
                    ],
                    [
                        -25.765337867406725,
                        78.21140974133213
                    ],
                    [
                        -25.75820977276605,
                        78.21332098944603
                    ],
                    [
                        -25.75104634109084,
                        78.21522970780069
                    ],
                    [
                        -25.74385926092913,
                        78.21713672870366
                    ],
                    [
                        -25.736636129427875,
                        78.21904116578843
                    ],
                    [
                        -25.729377743689476,
                        78.22094307416197
                    ],
                    [
                        -25.722092678475757,
                        78.22284306436367
                    ],
                    [
                        -25.714767962938563,
                        78.22474020860611
                    ],
                    [
                        -25.707393751558598,
                        78.22663380144317
                    ],
                    [
                        -25.699966357219967,
                        78.22852357678515
                    ],
                    [
                        -25.692489316254115,
                        78.23040978458118
                    ],
                    [
                        -25.684963583112623,
                        78.23229249040567
                    ],
                    [
                        -25.677389700057745,
                        78.23417173039535
                    ],
                    [
                        -25.669793214665802,
                        78.23604932954399
                    ],
                    [
                        -25.66216918777346,
                        78.23792493322371
                    ],
                    [
                        -25.654519619744512,
                        78.23979868313022
                    ],
                    [
                        -25.64684442809728,
                        78.24167057198125
                    ],
                    [
                        -25.63915136238583,
                        78.2435411533799
                    ],
                    [
                        -25.63142565909277,
                        78.24540936879126
                    ],
                    [
                        -25.62364380471162,
                        78.24727353152547
                    ],
                    [
                        -25.615801221622736,
                        78.24913331023534
                    ],
                    [
                        -25.607910895225913,
                        78.25098963236043
                    ],
                    [
                        -25.60000044773761,
                        78.25284447606462
                    ],
                    [
                        -25.59207857093536,
                        78.25469846374575
                    ],
                    [
                        -25.584158775029852,
                        78.25655256426977
                    ],
                    [
                        -25.57623325175886,
                        78.25840621741337
                    ],
                    [
                        -25.568272094259257,
                        78.26025727566692
                    ],
                    [
                        -25.560299421041503,
                        78.26210746910924
                    ],
                    [
                        -25.552325633962784,
                        78.26395754440539
                    ],
                    [
                        -25.54434492131271,
                        78.26580708396406
                    ],
                    [
                        -25.5363563064697,
                        78.26765601726528
                    ],
                    [
                        -25.528356162412184,
                        78.26950408313824
                    ],
                    [
                        -25.520349945879484,
                        78.27135167344042
                    ],
                    [
                        -25.512340409200682,
                        78.27319898591722
                    ],
                    [
                        -25.504299166499976,
                        78.27504397769547
                    ],
                    [
                        -25.496225084376494,
                        78.27688656530735
                    ],
                    [
                        -25.488136262978117,
                        78.27872805012487
                    ],
                    [
                        -25.48004229616412,
                        78.28056912235343
                    ],
                    [
                        -25.471936774465387,
                        78.28240931998288
                    ],
                    [
                        -25.4638047443741,
                        78.28424756468584
                    ],
                    [
                        -25.455653665334815,
                        78.28608439264771
                    ],
                    [
                        -25.447499428032827,
                        78.28792094869078
                    ],
                    [
                        -25.439344161245263,
                        78.28975738628561
                    ],
                    [
                        -25.431200255402256,
                        78.29159459952479
                    ],
                    [
                        -25.42308161461453,
                        78.29343359280992
                    ],
                    [
                        -25.414984418464446,
                        78.29527409203506
                    ],
                    [
                        -25.406899534619278,
                        78.2971154391408
                    ],
                    [
                        -25.39880740501766,
                        78.29895622213589
                    ],
                    [
                        -25.39070635037674,
                        78.3007963193281
                    ],
                    [
                        -25.382610162653126,
                        78.3026367271851
                    ],
                    [
                        -25.374526226823015,
                        78.30447798008903
                    ],
                    [
                        -25.366455882352504,
                        78.30632017580213
                    ],
                    [
                        -25.358397701441703,
                        78.30816321199688
                    ],
                    [
                        -25.350368969816863,
                        78.31000834045221
                    ],
                    [
                        -25.342358891894435,
                        78.3118547816554
                    ],
                    [
                        -25.33435035456205,
                        78.31370129775674
                    ],
                    [
                        -25.32634618286662,
                        78.31554809357665
                    ],
                    [
                        -25.318360825037775,
                        78.31739621625334
                    ],
                    [
                        -25.310397635102106,
                        78.31924591012087
                    ],
                    [
                        -25.30244013158994,
                        78.32109598191526
                    ],
                    [
                        -25.29449461614218,
                        78.3229468890269
                    ],
                    [
                        -25.286559530016795,
                        78.32479851924218
                    ],
                    [
                        -25.278639213072122,
                        78.32665118816485
                    ],
                    [
                        -25.27073340520214,
                        78.32850487792481
                    ],
                    [
                        -25.26283105164159,
                        78.33035878703646
                    ],
                    [
                        -25.2549456871215,
                        78.3322138985849
                    ],
                    [
                        -25.247067080472895,
                        78.33406947060442
                    ],
                    [
                        -25.239182729802142,
                        78.33592459533875
                    ],
                    [
                        -25.2312878812255,
                        78.3377789270841
                    ],
                    [
                        -25.22338358768486,
                        78.33963254185775
                    ],
                    [
                        -25.21549050890296,
                        78.34148694138882
                    ],
                    [
                        -25.20761497748236,
                        78.34334258703733
                    ],
                    [
                        -25.19973742726903,
                        78.34519805650999
                    ],
                    [
                        -25.19184694481396,
                        78.34705255561485
                    ],
                    [
                        -25.183939247941183,
                        78.34890577198189
                    ],
                    [
                        -25.176026741541108,
                        78.35075860789749
                    ],
                    [
                        -25.168120964896804,
                        78.35261190360083
                    ],
                    [
                        -25.160222937759364,
                        78.35446573389704
                    ],
                    [
                        -25.15232644713772,
                        78.35631964661414
                    ],
                    [
                        -25.1444363298684,
                        78.35817399451663
                    ],
                    [
                        -25.136556332275905,
                        78.36002905124447
                    ],
                    [
                        -25.128693702919932,
                        78.3618853461556
                    ],
                    [
                        -25.12084162168557,
                        78.36374238286149
                    ],
                    [
                        -25.112990376813666,
                        78.36559945342684
                    ],
                    [
                        -25.10515350586338,
                        78.36745754611827
                    ],
                    [
                        -25.09734048111388,
                        78.3693173534606
                    ],
                    [
                        -25.089533425026495,
                        78.37117757138496
                    ],
                    [
                        -25.081721556296074,
                        78.37303741278744
                    ],
                    [
                        -25.073901724150428,
                        78.37489664727227
                    ],
                    [
                        -25.06608363863182,
                        78.37675598416729
                    ],
                    [
                        -25.058254733854717,
                        78.37861450502271
                    ],
                    [
                        -25.050395386911234,
                        78.38047077434058
                    ],
                    [
                        -25.04249703219009,
                        78.38232416387584
                    ],
                    [
                        -25.034566767427876,
                        78.38417519073029
                    ],
                    [
                        -25.026630887511576,
                        78.38602577755036
                    ],
                    [
                        -25.018702140944374,
                        78.38787685739423
                    ],
                    [
                        -25.010756192866626,
                        78.38972664882186
                    ],
                    [
                        -25.002802093882725,
                        78.3915758138428
                    ],
                    [
                        -24.99485112334592,
                        78.39342517848937
                    ],
                    [
                        -24.986895576776657,
                        78.39527417841701
                    ],
                    [
                        -24.978942521431446,
                        78.39712333154748
                    ],
                    [
                        -24.971007753834588,
                        78.3989737964707
                    ],
                    [
                        -24.963066885526974,
                        78.40082378555188
                    ],
                    [
                        -24.955108330611804,
                        78.4026724485
                    ],
                    [
                        -24.94715245348472,
                        78.40452127886788
                    ],
                    [
                        -24.93919573648605,
                        78.4063700187031
                    ],
                    [
                        -24.931212445431132,
                        78.40821677844465
                    ],
                    [
                        -24.92320296438682,
                        78.41006158480356
                    ],
                    [
                        -24.915188599692677,
                        78.41190600165697
                    ],
                    [
                        -24.907179043476656,
                        78.41375074108964
                    ],
                    [
                        -24.89915633637377,
                        78.41559448331816
                    ],
                    [
                        -24.891109806411492,
                        78.41743644293997
                    ],
                    [
                        -24.883046464573802,
                        78.41927713427074
                    ],
                    [
                        -24.87496876176284,
                        78.42111673670588
                    ],
                    [
                        -24.86689535128475,
                        78.42295662220654
                    ],
                    [
                        -24.858802208396774,
                        78.42479502263039
                    ],
                    [
                        -24.85066004195588,
                        78.42662978006679
                    ],
                    [
                        -24.842484549490056,
                        78.42846204775834
                    ],
                    [
                        -24.834301665048358,
                        78.43029373442585
                    ],
                    [
                        -24.826138015597948,
                        78.4321268020301
                    ],
                    [
                        -24.817975421810576,
                        78.43395991176583
                    ],
                    [
                        -24.80978789998338,
                        78.43579114782527
                    ],
                    [
                        -24.801586461361744,
                        78.43762132093559
                    ],
                    [
                        -24.793380388119182,
                        78.43945111517635
                    ],
                    [
                        -24.785177191910414,
                        78.44128108474227
                    ],
                    [
                        -24.776947022248716,
                        78.44310902629432
                    ],
                    [
                        -24.768702909416366,
                        78.44493590044273
                    ],
                    [
                        -24.76047812111514,
                        78.44676416373642
                    ],
                    [
                        -24.752299303779843,
                        78.44859578631429
                    ],
                    [
                        -24.744184743189884,
                        78.450432122617
                    ],
                    [
                        -24.73617719955612,
                        78.45227633785987
                    ],
                    [
                        -24.728300333297813,
                        78.45413018822472
                    ],
                    [
                        -24.72058582061904,
                        78.45599602442572
                    ],
                    [
                        -24.71309168360885,
                        78.45787814839403
                    ],
                    [
                        -24.705835368395142,
                        78.45977786304339
                    ],
                    [
                        -24.698820226149735,
                        78.46169542848885
                    ],
                    [
                        -24.6920131957818,
                        78.46362840867587
                    ],
                    [
                        -24.685326915648247,
                        78.4655703442976
                    ],
                    [
                        -24.67864758095143,
                        78.46751281240194
                    ],
                    [
                        -24.671911401812395,
                        78.46945108826864
                    ],
                    [
                        -24.66509779943062,
                        78.4713836448837
                    ],
                    [
                        -24.658162915716854,
                        78.47330722888374
                    ],
                    [
                        -24.651044913772953,
                        78.47521725149
                    ],
                    [
                        -24.6437294598932,
                        78.47711264129447
                    ],
                    [
                        -24.636255694461884,
                        78.47899629074985
                    ],
                    [
                        -24.628657900731493,
                        78.48087073442524
                    ],
                    [
                        -24.620942393668866,
                        78.48273643415591
                    ],
                    [
                        -24.613162015571458,
                        78.48459730486064
                    ],
                    [
                        -24.605421268690073,
                        78.48646110004732
                    ],
                    [
                        -24.597823218502736,
                        78.48833547439243
                    ],
                    [
                        -24.590405934011358,
                        78.49022326296982
                    ],
                    [
                        -24.583106601228963,
                        78.49211980942049
                    ],
                    [
                        -24.575823089564363,
                        78.49401753172951
                    ],
                    [
                        -24.56847492354296,
                        78.4959104502614
                    ],
                    [
                        -24.560990477295622,
                        78.49779323766566
                    ],
                    [
                        -24.553308855110338,
                        78.49966135915301
                    ],
                    [
                        -24.545413951787754,
                        78.5015136061101
                    ],
                    [
                        -24.537304919700034,
                        78.50334990313094
                    ],
                    [
                        -24.529013934818597,
                        78.50517263150932
                    ],
                    [
                        -24.520599733326698,
                        78.50698615177036
                    ],
                    [
                        -24.512132704351927,
                        78.50879569691001
                    ],
                    [
                        -24.503655971816663,
                        78.51060447536362
                    ],
                    [
                        -24.495181331581772,
                        78.51241336540781
                    ],
                    [
                        -24.486748883558153,
                        78.51422535563499
                    ],
                    [
                        -24.478398662288452,
                        78.51604343324712
                    ],
                    [
                        -24.470164105978746,
                        78.51787009695767
                    ],
                    [
                        -24.462037298573417,
                        78.51970476372772
                    ],
                    [
                        -24.45397307857743,
                        78.52154407101085
                    ],
                    [
                        -24.445898570955812,
                        78.52338258440338
                    ],
                    [
                        -24.437747900910995,
                        78.52521538613435
                    ],
                    [
                        -24.42947639045707,
                        78.52703913567348
                    ],
                    [
                        -24.421075501357556,
                        78.5288531877998
                    ],
                    [
                        -24.41255005353019,
                        78.53065789434125
                    ],
                    [
                        -24.40390077201654,
                        78.53245330132238
                    ],
                    [
                        -24.395132014303485,
                        78.53423972618239
                    ],
                    [
                        -24.386290063418812,
                        78.53602062177488
                    ],
                    [
                        -24.37736255791757,
                        78.53779505837227
                    ],
                    [
                        -24.36839033770818,
                        78.5395660859427
                    ],
                    [
                        -24.359341493326998,
                        78.54133131287915
                    ],
                    [
                        -24.350200962605825,
                        78.5430896058777
                    ],
                    [
                        -24.340983672556813,
                        78.54484207631032
                    ],
                    [
                        -24.331666035598246,
                        78.54658695113748
                    ],
                    [
                        -24.322305674761385,
                        78.54832854187184
                    ],
                    [
                        -24.312922253699796,
                        78.55006831972648
                    ],
                    [
                        -24.303497891431654,
                        78.55180494186742
                    ],
                    [
                        -24.294071778136292,
                        78.55354134576007
                    ],
                    [
                        -24.284696137637088,
                        78.55528145123314
                    ],
                    [
                        -24.275413556217927,
                        78.55702845987364
                    ],
                    [
                        -24.266224209573007,
                        78.55878239211877
                    ],
                    [
                        -24.25715818374554,
                        78.56054551555958
                    ],
                    [
                        -24.24823490249974,
                        78.56231929921074
                    ],
                    [
                        -24.239406632938486,
                        78.56410016484337
                    ],
                    [
                        -24.2306256318991,
                        78.56588452881459
                    ],
                    [
                        -24.221866244162445,
                        78.56767046459127
                    ],
                    [
                        -24.213135916561964,
                        78.56945853416859
                    ],
                    [
                        -24.204401778885604,
                        78.57124626545976
                    ],
                    [
                        -24.19564683222675,
                        78.57303237839278
                    ],
                    [
                        -24.186854703268754,
                        78.57481563844439
                    ],
                    [
                        -24.17801114194844,
                        78.57659496952932
                    ],
                    [
                        -24.169118697745173,
                        78.57837056030814
                    ],
                    [
                        -24.16020177963144,
                        78.58014424762531
                    ],
                    [
                        -24.1512714331686,
                        78.58191686285134
                    ],
                    [
                        -24.142311305079986,
                        78.5836871715183
                    ],
                    [
                        -24.133279406203354,
                        78.58545200307121
                    ],
                    [
                        -24.12415507236289,
                        78.5872097925757
                    ],
                    [
                        -24.11500983600977,
                        78.58896593480912
                    ],
                    [
                        -24.105929820315257,
                        78.59072693369184
                    ],
                    [
                        -24.096925032870967,
                        78.59249355030242
                    ],
                    [
                        -24.087956895806897,
                        78.59426287438036
                    ],
                    [
                        -24.079013526160416,
                        78.59603401025522
                    ],
                    [
                        -24.070092759915227,
                        78.59780679616223
                    ],
                    [
                        -24.061203497572173,
                        78.5995819071992
                    ],
                    [
                        -24.052326815102166,
                        78.6013579136
                    ],
                    [
                        -24.04345939685376,
                        78.6031345653845
                    ],
                    [
                        -24.03457650787884,
                        78.60490999029655
                    ],
                    [
                        -24.02565468833147,
                        78.60668241034011
                    ],
                    [
                        -24.016707978382716,
                        78.60845288673511
                    ],
                    [
                        -24.007882234049877,
                        78.61023247305728
                    ],
                    [
                        -23.99921433422132,
                        78.61202397393531
                    ],
                    [
                        -23.99066638376998,
                        78.61382452620927
                    ],
                    [
                        -23.982271316814735,
                        78.61563663632276
                    ],
                    [
                        -23.974055565848186,
                        78.61746231989324
                    ],
                    [
                        -23.965950651688043,
                        78.61929639040638
                    ],
                    [
                        -23.95792333177822,
                        78.6211363308182
                    ],
                    [
                        -23.9499357761454,
                        78.6229792729934
                    ],
                    [
                        -23.941985006970288,
                        78.62482499317156
                    ],
                    [
                        -23.934053707652676,
                        78.62667217789911
                    ],
                    [
                        -23.92611835692134,
                        78.62851904084141
                    ],
                    [
                        -23.91810315749371,
                        78.63035981996927
                    ],
                    [
                        -23.909945210140545,
                        78.63218972801437
                    ],
                    [
                        -23.901570967941403,
                        78.6340031625791
                    ],
                    [
                        -23.89296989721957,
                        78.63579930866796
                    ],
                    [
                        -23.884132494530956,
                        78.63757742809989
                    ],
                    [
                        -23.87508747521901,
                        78.63933969062629
                    ],
                    [
                        -23.865931110330337,
                        78.64109341270662
                    ],
                    [
                        -23.856721631045538,
                        78.64284302218667
                    ],
                    [
                        -23.84768480621384,
                        78.64460571932199
                    ],
                    [
                        -23.83889156695541,
                        78.64638692340453
                    ],
                    [
                        -23.830098566905342,
                        78.64816809690608
                    ],
                    [
                        -23.821291917768768,
                        78.6499481807068
                    ],
                    [
                        -23.812612222241935,
                        78.6517379010328
                    ],
                    [
                        -23.803954280871444,
                        78.65352923825323
                    ],
                    [
                        -23.795345878050245,
                        78.65532431494108
                    ],
                    [
                        -23.786707875956424,
                        78.65711709159142
                    ],
                    [
                        -23.77806374247204,
                        78.65890935887958
                    ],
                    [
                        -23.76942258171495,
                        78.66070181211583
                    ],
                    [
                        -23.760840825012888,
                        78.66249876445113
                    ],
                    [
                        -23.752337809559723,
                        78.66430169820462
                    ],
                    [
                        -23.74395330736396,
                        78.66611365991368
                    ],
                    [
                        -23.735749687418902,
                        78.66793942772563
                    ],
                    [
                        -23.72769084817829,
                        78.66977625067301
                    ],
                    [
                        -23.719701671865216,
                        78.67161838880277
                    ],
                    [
                        -23.71168902799466,
                        78.67345871741283
                    ],
                    [
                        -23.703594938135556,
                        78.67529279604179
                    ],
                    [
                        -23.695422984259686,
                        78.67712089431978
                    ],
                    [
                        -23.687190199011624,
                        78.67894431250225
                    ],
                    [
                        -23.67896542862609,
                        78.68076832252129
                    ],
                    [
                        -23.670772694333582,
                        78.68259476615523
                    ],
                    [
                        -23.662591802281934,
                        78.68442209724431
                    ],
                    [
                        -23.654385927510933,
                        78.68624749259722
                    ],
                    [
                        -23.64614813692469,
                        78.68807041899618
                    ],
                    [
                        -23.63786144714246,
                        78.68988957150428
                    ],
                    [
                        -23.629580273978924,
                        78.69170912360745
                    ],
                    [
                        -23.621333232589077,
                        78.6935312725399
                    ],
                    [
                        -23.613128012838892,
                        78.69535661100726
                    ],
                    [
                        -23.604944941167165,
                        78.6971836305372
                    ],
                    [
                        -23.596693438566753,
                        78.69900537340925
                    ],
                    [
                        -23.588310868093178,
                        78.70081702186769
                    ],
                    [
                        -23.579801754720354,
                        78.70261891565696
                    ],
                    [
                        -23.571178518155943,
                        78.70441200175682
                    ],
                    [
                        -23.56240910567527,
                        78.70619380737209
                    ],
                    [
                        -23.553552695014897,
                        78.70796887585833
                    ],
                    [
                        -23.544693821087478,
                        78.70974370742552
                    ],
                    [
                        -23.535891860774623,
                        78.71152287322171
                    ],
                    [
                        -23.527123658651288,
                        78.71330459410181
                    ],
                    [
                        -23.518323015034074,
                        78.71508377305781
                    ],
                    [
                        -23.509561078839507,
                        78.71686589030698
                    ],
                    [
                        -23.50080365957134,
                        78.7186483133276
                    ],
                    [
                        -23.492054732938076,
                        78.72043134907787
                    ],
                    [
                        -23.483285259681566,
                        78.72221275871887
                    ],
                    [
                        -23.474557357853186,
                        78.72399733301198
                    ],
                    [
                        -23.46581782136822,
                        78.72578096918043
                    ],
                    [
                        -23.457063298537197,
                        78.72756340786034
                    ],
                    [
                        -23.44827802469607,
                        78.7293434309646
                    ],
                    [
                        -23.4394979886137,
                        78.73112381608871
                    ],
                    [
                        -23.43069051868489,
                        78.73290203962972
                    ],
                    [
                        -23.42189119076786,
                        78.73468084912435
                    ],
                    [
                        -23.413094842059248,
                        78.73645984616431
                    ],
                    [
                        -23.404270101129526,
                        78.73823660530651
                    ],
                    [
                        -23.39539400989526,
                        78.74000934899682
                    ],
                    [
                        -23.386475094012678,
                        78.7417787334642
                    ],
                    [
                        -23.377419786982802,
                        78.74353751436414
                    ],
                    [
                        -23.368220416833253,
                        78.74528508815375
                    ],
                    [
                        -23.35912240717777,
                        78.74704045083762
                    ],
                    [
                        -23.35006257024918,
                        78.74879871490795
                    ],
                    [
                        -23.341177908537666,
                        78.75057049951917
                    ],
                    [
                        -23.332379507147166,
                        78.75234892492058
                    ],
                    [
                        -23.323455074483014,
                        78.75411753711374
                    ],
                    [
                        -23.314058936576124,
                        78.75584951711298
                    ],
                    [
                        -23.30437433178126,
                        78.75755904632345
                    ],
                    [
                        -23.29454283180215,
                        78.75925708995089
                    ],
                    [
                        -23.284742214812947,
                        78.76095743915337
                    ],
                    [
                        -23.2745912616069,
                        78.7626304876828
                    ],
                    [
                        -23.264055944851457,
                        78.7642735617114
                    ],
                    [
                        -23.253079959654702,
                        78.7658822497394
                    ],
                    [
                        -23.241752637122584,
                        78.76746345622605
                    ],
                    [
                        -23.2301484047637,
                        78.76902293624254
                    ],
                    [
                        -23.218071270551476,
                        78.77054540517503
                    ],
                    [
                        -23.20556840384177,
                        78.77203448388022
                    ],
                    [
                        -23.19259390404157,
                        78.7734865460926
                    ],
                    [
                        -23.179240525618606,
                        78.77490876501754
                    ],
                    [
                        -23.165452389692085,
                        78.77629673316848
                    ],
                    [
                        -23.15142134239412,
                        78.77766536640101
                    ],
                    [
                        -23.137332160000128,
                        78.77902906229889
                    ],
                    [
                        -23.123021166217608,
                        78.7803750224233
                    ],
                    [
                        -23.108774902696027,
                        78.78172562124388
                    ],
                    [
                        -23.094400045088488,
                        78.78306574238972
                    ],
                    [
                        -23.079947952478562,
                        78.78439938854646
                    ],
                    [
                        -23.065167422147333,
                        78.78570687039235
                    ],
                    [
                        -23.050030413060878,
                        78.78698594145182
                    ],
                    [
                        -23.034830347957232,
                        78.78825956360153
                    ],
                    [
                        -23.019584971130335,
                        78.78949643642576
                    ],
                    [
                        -23.004327225041017,
                        78.79073684790724
                    ],
                    [
                        -22.989028713147118,
                        78.7919944440627
                    ],
                    [
                        -22.97382826243197,
                        78.7932024682855
                    ],
                    [
                        -22.958575579907546,
                        78.79443320496878
                    ],
                    [
                        -22.94336944315706,
                        78.79563921056238
                    ],
                    [
                        -22.928203136203386,
                        78.79682376647263
                    ],
                    [
                        -22.913112176157302,
                        78.79796991872246
                    ],
                    [
                        -22.898044951055052,
                        78.79910245828584
                    ],
                    [
                        -22.88312192846772,
                        78.80016382888815
                    ],
                    [
                        -22.86829464357358,
                        78.80117735774292
                    ],
                    [
                        -22.853503769720103,
                        78.80217147684722
                    ],
                    [
                        -22.83872507876488,
                        78.80315778647154
                    ],
                    [
                        -22.82399523365487,
                        78.80411883555689
                    ],
                    [
                        -22.809363993344657,
                        78.80503099518587
                    ],
                    [
                        -22.79486755846939,
                        78.80587716188329
                    ],
                    [
                        -22.78050576233526,
                        78.80665757145138
                    ],
                    [
                        -22.766256385415296,
                        78.80738293101898
                    ],
                    [
                        -22.752027713281475,
                        78.80809689522836
                    ],
                    [
                        -22.737803611185893,
                        78.80880714106237
                    ],
                    [
                        -22.72360089831756,
                        78.80950570593392
                    ],
                    [
                        -22.70946822162107,
                        78.81016958090879
                    ],
                    [
                        -22.69543576240362,
                        78.8107845637507
                    ],
                    [
                        -22.681454752119674,
                        78.81137382158565
                    ],
                    [
                        -22.667389611054055,
                        78.81200146545338
                    ],
                    [
                        -22.653414203519784,
                        78.81258532815824
                    ],
                    [
                        -22.639546297293293,
                        78.81311712470435
                    ],
                    [
                        -22.625835172071714,
                        78.81357373820772
                    ],
                    [
                        -22.6121156304528,
                        78.81403314981704
                    ],
                    [
                        -22.59833527768637,
                        78.81452001629789
                    ],
                    [
                        -22.584603605390043,
                        78.81498277405925
                    ],
                    [
                        -22.570915643459422,
                        78.81542381059364
                    ],
                    [
                        -22.55722973985571,
                        78.81586273630529
                    ],
                    [
                        -22.5436362953375,
                        78.81625712275995
                    ],
                    [
                        -22.53005275398996,
                        78.8166457865726
                    ],
                    [
                        -22.51644167631197,
                        78.81704628771419
                    ],
                    [
                        -22.502832533653507,
                        78.81744479638748
                    ],
                    [
                        -22.48915004205874,
                        78.81787655303192
                    ],
                    [
                        -22.475415461051746,
                        78.81833154238193
                    ],
                    [
                        -22.461657129132615,
                        78.8187964688527
                    ],
                    [
                        -22.44801747308866,
                        78.81920479036323
                    ],
                    [
                        -22.434518165658893,
                        78.81954651114886
                    ],
                    [
                        -22.42110635518003,
                        78.81984641957771
                    ],
                    [
                        -22.407754320634968,
                        78.82011752148514
                    ],
                    [
                        -22.394383400155238,
                        78.82039651339444
                    ],
                    [
                        -22.381021945518075,
                        78.82067018218618
                    ],
                    [
                        -22.367823197783895,
                        78.82086725984978
                    ],
                    [
                        -22.354817366664268,
                        78.82097385606717
                    ],
                    [
                        -22.341876026241728,
                        78.82104980565333
                    ],
                    [
                        -22.32890045968584,
                        78.8211409957944
                    ],
                    [
                        -22.315857924049624,
                        78.82126258731228
                    ],
                    [
                        -22.302745566266516,
                        78.82141584318735
                    ],
                    [
                        -22.289616109806975,
                        78.82157627223492
                    ],
                    [
                        -22.276442418101077,
                        78.82175642467372
                    ],
                    [
                        -22.2632263355797,
                        78.82195540740224
                    ],
                    [
                        -22.250014836910232,
                        78.82215146085181
                    ],
                    [
                        -22.23685885351335,
                        78.82232105468067
                    ],
                    [
                        -22.22378734376208,
                        78.82245086749128
                    ],
                    [
                        -22.21080066502928,
                        78.82254081141654
                    ],
                    [
                        -22.197913397384564,
                        78.82258423822122
                    ],
                    [
                        -22.185125102676057,
                        78.82258143771823
                    ],
                    [
                        -22.17242685270106,
                        78.82253660868594
                    ],
                    [
                        -22.15978870588472,
                        78.8224636122861
                    ],
                    [
                        -22.147239726980878,
                        78.82234912737879
                    ],
                    [
                        -22.134759187811607,
                        78.8222027594926
                    ],
                    [
                        -22.12233988373253,
                        78.82202787598862
                    ],
                    [
                        -22.10983018305288,
                        78.8218941666208
                    ],
                    [
                        -22.097065158463813,
                        78.8218772563112
                    ],
                    [
                        -22.083868458872868,
                        78.82205781671168
                    ],
                    [
                        -22.070395905712612,
                        78.82236403491581
                    ],
                    [
                        -22.05663645752035,
                        78.82280071069167
                    ],
                    [
                        -22.04250513709341,
                        78.82340646103312
                    ],
                    [
                        -22.028111471594702,
                        78.82413081747944
                    ],
                    [
                        -22.013552557138514,
                        78.82492913512313
                    ],
                    [
                        -21.99824590840255,
                        78.8260672175413
                    ],
                    [
                        -21.984744199491637,
                        78.82744038652278
                    ],
                    [
                        -21.97182239438662,
                        78.82886098493196
                    ],
                    [
                        -21.959245748681816,
                        78.83030973937616
                    ],
                    [
                        -21.946538558219405,
                        78.83174746931523
                    ],
                    [
                        -21.934023456157405,
                        78.83320077355881
                    ],
                    [
                        -21.921525197832914,
                        78.83465521215486
                    ],
                    [
                        -21.90900344400656,
                        78.83610745649813
                    ],
                    [
                        -21.89654580278259,
                        78.83756474116629
                    ],
                    [
                        -21.88417505934463,
                        78.83902895699289
                    ],
                    [
                        -21.872061423006237,
                        78.84051418799444
                    ],
                    [
                        -21.859808979001553,
                        78.8419877125236
                    ],
                    [
                        -21.84748815273231,
                        78.84345534336887
                    ],
                    [
                        -21.835173895588632,
                        78.84492327877717
                    ],
                    [
                        -21.822615581486836,
                        78.84637075817473
                    ],
                    [
                        -21.81004037767051,
                        78.84781658024635
                    ],
                    [
                        -21.797439085730524,
                        78.84925998044757
                    ],
                    [
                        -21.784649387313408,
                        78.85068749010941
                    ],
                    [
                        -21.771632989798913,
                        78.8520959081353
                    ],
                    [
                        -21.758759699107404,
                        78.85351591606415
                    ],
                    [
                        -21.74603971026888,
                        78.85494837871173
                    ],
                    [
                        -21.733408522296212,
                        78.85638795335042
                    ],
                    [
                        -21.720692634592186,
                        78.85782022214183
                    ],
                    [
                        -21.707847064970384,
                        78.8592414323756
                    ],
                    [
                        -21.695092080638908,
                        78.86066990429946
                    ],
                    [
                        -21.68192545273114,
                        78.8620638210173
                    ],
                    [
                        -21.66856740897227,
                        78.86344148193695
                    ],
                    [
                        -21.655180339121802,
                        78.86481640133965
                    ],
                    [
                        -21.641529533238206,
                        78.86616899690242
                    ],
                    [
                        -21.627683938424624,
                        78.86750498805358
                    ],
                    [
                        -21.61332404253917,
                        78.86879766597482
                    ],
                    [
                        -21.59855278174081,
                        78.87005555839947
                    ],
                    [
                        -21.583895247154604,
                        78.87132250739445
                    ],
                    [
                        -21.569518662418947,
                        78.87261251953154
                    ],
                    [
                        -21.555482778072896,
                        78.87393063677422
                    ],
                    [
                        -21.541867684635555,
                        78.87528361417809
                    ],
                    [
                        -21.528134907141986,
                        78.87662638805377
                    ],
                    [
                        -21.51406635542248,
                        78.87794065815291
                    ],
                    [
                        -21.49953674972508,
                        78.87921586827643
                    ],
                    [
                        -21.484205538765316,
                        78.88042336534512
                    ],
                    [
                        -21.468711837945254,
                        78.88155904299106
                    ],
                    [
                        -21.453612687329144,
                        78.88251788463973
                    ],
                    [
                        -21.438912649299123,
                        78.88329829768202
                    ],
                    [
                        -21.424644529175236,
                        78.88388619501715
                    ],
                    [
                        -21.410629400149393,
                        78.88436101474991
                    ],
                    [
                        -21.396876374848087,
                        78.88471897495195
                    ],
                    [
                        -21.383259226723425,
                        78.88501598295426
                    ],
                    [
                        -21.3697428624051,
                        78.88526762755498
                    ],
                    [
                        -21.356328619238546,
                        78.88547340952118
                    ],
                    [
                        -21.34291595219291,
                        78.8856776726241
                    ],
                    [
                        -21.329616820648344,
                        78.8858311733042
                    ],
                    [
                        -21.316332549959117,
                        78.88597738421367
                    ],
                    [
                        -21.30315914371055,
                        78.88607414501065
                    ],
                    [
                        -21.289947536625792,
                        78.88618699166125
                    ],
                    [
                        -21.276871012878296,
                        78.88623986634138
                    ],
                    [
                        -21.26395717650416,
                        78.88622077713983
                    ],
                    [
                        -21.25110440500354,
                        78.88617438741724
                    ],
                    [
                        -21.238284347225513,
                        78.8861131625163
                    ],
                    [
                        -21.225442245610886,
                        78.8860610952461
                    ],
                    [
                        -21.212561428398256,
                        78.88602546114895
                    ],
                    [
                        -21.19964189721262,
                        78.88600622922252
                    ],
                    [
                        -21.186778815189538,
                        78.88596179368535
                    ],
                    [
                        -21.174015273245505,
                        78.88587338508987
                    ],
                    [
                        -21.161253305047634,
                        78.88578383098424
                    ],
                    [
                        -21.148493969805763,
                        78.88569267106656
                    ],
                    [
                        -21.135769267089287,
                        78.88558596076132
                    ],
                    [
                        -21.122974031715707,
                        78.88550953641247
                    ],
                    [
                        -21.110153009857743,
                        78.88544386411002
                    ],
                    [
                        -21.097245727648364,
                        78.88541523436938
                    ],
                    [
                        -21.084231427953515,
                        78.88543260469262
                    ],
                    [
                        -21.071133074062473,
                        78.88548591166438
                    ],
                    [
                        -21.05786536289867,
                        78.88561213111234
                    ],
                    [
                        -21.04441060808618,
                        78.88581879895204
                    ],
                    [
                        -21.03072692252761,
                        78.88612392314103
                    ],
                    [
                        -21.01698051790802,
                        78.88645527174556
                    ],
                    [
                        -21.003200072967687,
                        78.88680037043711
                    ],
                    [
                        -20.98954752185665,
                        78.88708910531322
                    ],
                    [
                        -20.975993239086645,
                        78.88733440197583
                    ],
                    [
                        -20.96254390257751,
                        78.88753345902734
                    ],
                    [
                        -20.94916886163183,
                        78.88769960572506
                    ],
                    [
                        -20.93588048948359,
                        78.88782756347925
                    ],
                    [
                        -20.92267962142306,
                        78.88791704400836
                    ],
                    [
                        -20.909475780116544,
                        78.88800712820661
                    ],
                    [
                        -20.896375741829267,
                        78.888051806832
                    ],
                    [
                        -20.883382772977917,
                        78.8880497568458
                    ],
                    [
                        -20.87047032281923,
                        78.88801248933318
                    ],
                    [
                        -20.857562278740115,
                        78.88797280354505
                    ],
                    [
                        -20.844593026621514,
                        78.88795890713892
                    ],
                    [
                        -20.83162579674033,
                        78.88794359039504
                    ],
                    [
                        -20.818739181078612,
                        78.88789311404345
                    ],
                    [
                        -20.80602788227976,
                        78.88776690623955
                    ],
                    [
                        -20.80602788227976,
                        78.88776690623955
                    ],
                    [
                        -20.793316874587124,
                        78.88764015482518
                    ],
                    [
                        -20.780729527724198,
                        78.88745998677415
                    ],
                    [
                        -20.768197007538916,
                        78.88725597754097
                    ],
                    [
                        -20.755737926580064,
                        78.88702019924912
                    ],
                    [
                        -20.743354807752613,
                        78.88675162541371
                    ],
                    [
                        -20.731030001320203,
                        78.88645785758722
                    ],
                    [
                        -20.71882670463013,
                        78.88611192654517
                    ],
                    [
                        -20.706649652366192,
                        78.8857546105162
                    ],
                    [
                        -20.694449066485614,
                        78.88540717968363
                    ],
                    [
                        -20.682380628600104,
                        78.8850031866192
                    ],
                    [
                        -20.67051035984249,
                        78.88451456233271
                    ],
                    [
                        -20.658814433379415,
                        78.88395159264954
                    ],
                    [
                        -20.566036611351844,
                        78.88014000138654
                    ],
                    [
                        -20.473322998501192,
                        78.8762994724981
                    ],
                    [
                        -20.38067401321713,
                        78.87243003670501
                    ],
                    [
                        -20.288090071954343,
                        78.86853172491665
                    ],
                    [
                        -20.195571589224297,
                        78.86460456822992
                    ],
                    [
                        -20.10311897758709,
                        78.86064859792806
                    ],
                    [
                        -20.010732647643543,
                        78.85666384547945
                    ],
                    [
                        -19.91841300802729,
                        78.8526503425366
                    ],
                    [
                        -19.826160465397077,
                        78.8486081209349
                    ],
                    [
                        -19.73397542442922,
                        78.84453721269155
                    ],
                    [
                        -19.64185828781013,
                        78.8404376500043
                    ],
                    [
                        -19.54980945622903,
                        78.83630946525041
                    ],
                    [
                        -19.45782932837078,
                        78.83215269098542
                    ],
                    [
                        -19.365918300908838,
                        78.827967359942
                    ],
                    [
                        -19.27407676849835,
                        78.82375350502876
                    ],
                    [
                        -19.182305123769453,
                        78.8195111593292
                    ],
                    [
                        -19.090603757320554,
                        78.81524035610032
                    ],
                    [
                        -18.998973057711897,
                        78.81094112877165
                    ],
                    [
                        -18.90741341145919,
                        78.80661351094398
                    ],
                    [
                        -18.815925203027387,
                        78.80225753638815
                    ]
                ]
            }
        }
    ]
}
