{
    "type": "FeatureCollection",
    "features": [
        {
            "type": "Feature",
            "properties": {
                "name": "Greenland Glacier 0252",
                "object": "transect",
                "component": "landice",
                "author": "Matthew Hoffman, converted from Felikson et al. (2020) Zenodo dataset",
                "tags": "Greenland_Ice_Sheet;flowline;zenodo_4284759;glacier_0252;nigerlikasik_br\u00e6",
                "citation": "Felikson, Denis, Catania, Ginny, Bartholomaus, Timothy, Morlighem, Mathieu, & No\u00ebl, Brice. (2020). Inland limits to diffusion of thinning along Greenland Ice Sheet outlet glaciers (v1.0) [Data set]. Zenodo. https://doi.org/10.5281/zenodo.4284759",
                "license": "CC-BY-4.0",
                "officialName": "Nigerlikasik Br\u00e6",
                "foreignName": "Nigerlikasik Br\u00e6"
            },
            "geometry": {
                "type": "LineString",
                "coordinates": [
                    [
                        -44.43397238041102,
                        63.62033009103849
                    ],
                    [
                        -44.43492141165484,
                        63.61814205114504
                    ],
                    [
                        -44.43323974347106,
                        63.62032686871124
                    ],
                    [
                        -44.43398349754397,
                        63.618137931802394
                    ],
                    [
                        -44.43888495644427,
                        63.6192946401905
                    ],
                    [
                        -44.44049142268343,
                        63.61710943346176
                    ],
                    [
                        -44.44090610176015,
                        63.61491905703023
                    ],
                    [
                        -44.44145845559821,
                        63.61272929586946
                    ],
                    [
                        -44.44556765402195,
                        63.610554919618316
                    ],
                    [
                        -44.448507398250285,
                        63.60837542884962
                    ],
                    [
                        -44.453474835256735,
                        63.60639626433714
                    ],
                    [
                        -44.458411679806574,
                        63.6058213071614
                    ],
                    [
                        -44.46334647654132,
                        63.60533290356488
                    ],
                    [
                        -44.462660790575626,
                        63.60313797498474
                    ],
                    [
                        -44.46296174089794,
                        63.60094718242937
                    ],
                    [
                        -44.46790893808531,
                        63.599814754929454
                    ],
                    [
                        -44.47284105484504,
                        63.599390655262184
                    ],
                    [
                        -44.47776858540051,
                        63.5991823814247
                    ],
                    [
                        -44.482720140739865,
                        63.59778515901738
                    ],
                    [
                        -44.48767659777158,
                        63.596116654838674
                    ],
                    [
                        -44.492631087683044,
                        63.59451429133242
                    ],
                    [
                        -44.49706313520724,
                        63.59233973025263
                    ],
                    [
                        -44.50200730325505,
                        63.59119814491301
                    ],
                    [
                        -44.50694367030964,
                        63.59043721706894
                    ],
                    [
                        -44.51189325605497,
                        63.588969634541115
                    ],
                    [
                        -44.5168404812972,
                        63.587596481555586
                    ],
                    [
                        -44.52178457726374,
                        63.58636173726342
                    ],
                    [
                        -44.526730283292956,
                        63.5850141824888
                    ],
                    [
                        -44.53167636090678,
                        63.58361773056302
                    ],
                    [
                        -44.536620766969584,
                        63.58228336060855
                    ],
                    [
                        -44.54156761722324,
                        63.580783926403804
                    ],
                    [
                        -44.546515363372606,
                        63.57920116432877
                    ],
                    [
                        -44.55144943533316,
                        63.57702665735908
                    ],
                    [
                        -44.55471081857415,
                        63.57484620046646
                    ],
                    [
                        -44.558459848244674,
                        63.572667357284175
                    ],
                    [
                        -44.56273384387187,
                        63.57049021246046
                    ],
                    [
                        -44.56699722627698,
                        63.56831291100534
                    ],
                    [
                        -44.57135351165346,
                        63.566135799194996
                    ],
                    [
                        -44.575467542565235,
                        63.56395776098054
                    ],
                    [
                        -44.579785226956446,
                        63.56178027822208
                    ],
                    [
                        -44.58441610807313,
                        63.559603684827565
                    ],
                    [
                        -44.58826762585564,
                        63.55742445088909
                    ],
                    [
                        -44.59172161129437,
                        63.555243859783644
                    ],
                    [
                        -44.595781825815386,
                        63.55306510531671
                    ],
                    [
                        -44.59948783954636,
                        63.55088513968894
                    ],
                    [
                        -44.60229247350103,
                        63.548702300321715
                    ],
                    [
                        -44.60520696849064,
                        63.54651975777329
                    ],
                    [
                        -44.60852288314097,
                        63.544338393649014
                    ],
                    [
                        -44.61167897247647,
                        63.54215648130104
                    ],
                    [
                        -44.61443109838625,
                        63.539973299587004
                    ],
                    [
                        -44.617007550225466,
                        63.5377895553046
                    ],
                    [
                        -44.61963795185402,
                        63.53560593934572
                    ],
                    [
                        -44.62186740978641,
                        63.533421109434244
                    ],
                    [
                        -44.62398053260371,
                        63.53123592012599
                    ],
                    [
                        -44.626416816248515,
                        63.52905165689688
                    ],
                    [
                        -44.62870863580682,
                        63.526866949724166
                    ],
                    [
                        -44.63059161259777,
                        63.52468104557454
                    ],
                    [
                        -44.632319189118384,
                        63.52249468852221
                    ],
                    [
                        -44.63437826667774,
                        63.52030927291451
                    ],
                    [
                        -44.63638074175497,
                        63.51812368379963
                    ],
                    [
                        -44.637802826941375,
                        63.51593644625605
                    ],
                    [
                        -44.63890774062311,
                        63.51374832029928
                    ],
                    [
                        -44.640345046737465,
                        63.51156113662236
                    ],
                    [
                        -44.642073970145915,
                        63.509374770499576
                    ],
                    [
                        -44.64400045246932,
                        63.50718894930413
                    ],
                    [
                        -44.646212127661606,
                        63.50500390601638
                    ],
                    [
                        -44.64813320483513,
                        63.50281804758379
                    ],
                    [
                        -44.65004697758954,
                        63.50063216027746
                    ],
                    [
                        -44.65193885142208,
                        63.49844620480029
                    ],
                    [
                        -44.65353043114446,
                        63.496259430130515
                    ],
                    [
                        -44.65478914878325,
                        63.49407175957268
                    ],
                    [
                        -44.65636097720091,
                        63.491884935890596
                    ],
                    [
                        -44.65802771797264,
                        63.489698365851304
                    ],
                    [
                        -44.660717437732245,
                        63.48751450570363
                    ],
                    [
                        -44.66352425169151,
                        63.485330916696164
                    ],
                    [
                        -44.666342557597936,
                        63.48314731630733
                    ],
                    [
                        -44.66923120043009,
                        63.48096385567187
                    ],
                    [
                        -44.67332722681052,
                        63.47878343382709
                    ],
                    [
                        -44.677984940369086,
                        63.476604314545526
                    ],
                    [
                        -44.6807604021513,
                        63.47442037057704
                    ],
                    [
                        -44.68328244315041,
                        63.4722357603266
                    ],
                    [
                        -44.685452519895804,
                        63.47005025667383
                    ],
                    [
                        -44.68774551730458,
                        63.467865035831345
                    ],
                    [
                        -44.691227767032615,
                        63.46568266635779
                    ],
                    [
                        -44.69560135878736,
                        63.463502344173335
                    ],
                    [
                        -44.699635396842936,
                        63.46132109731111
                    ],
                    [
                        -44.703063521217125,
                        63.45913834026944
                    ],
                    [
                        -44.70629689827621,
                        63.45695506515887
                    ],
                    [
                        -44.70924991831849,
                        63.454771092228995
                    ],
                    [
                        -44.71219067758656,
                        63.4525870437078
                    ],
                    [
                        -44.714986512066346,
                        63.45040262511966
                    ],
                    [
                        -44.71727667516821,
                        63.44821704959274
                    ],
                    [
                        -44.71916385914439,
                        63.446030569365085
                    ],
                    [
                        -44.72086776358972,
                        63.44384368140559
                    ],
                    [
                        -44.72238768030623,
                        63.44165639140199
                    ],
                    [
                        -44.72375275096983,
                        63.4394687687289
                    ],
                    [
                        -44.72489250993243,
                        63.437280666777696
                    ],
                    [
                        -44.726029709085864,
                        63.43509256863395
                    ],
                    [
                        -44.72734398058443,
                        63.43290485732409
                    ],
                    [
                        -44.72887795119288,
                        63.43071761782569
                    ],
                    [
                        -44.730736321301,
                        63.42853106277895
                    ],
                    [
                        -44.732677612845315,
                        63.42634467373613
                    ],
                    [
                        -44.73462428078853,
                        63.42415828607832
                    ],
                    [
                        -44.737106850803436,
                        63.42197299125193
                    ],
                    [
                        -44.73947123248705,
                        63.41978742735155
                    ],
                    [
                        -44.74160493967388,
                        63.41760137360354
                    ],
                    [
                        -44.743725206824955,
                        63.41541527704899
                    ],
                    [
                        -44.74535462786666,
                        63.413228188336895
                    ],
                    [
                        -44.74670825200355,
                        63.41104055227756
                    ],
                    [
                        -44.7478393318961,
                        63.40885248256487
                    ],
                    [
                        -44.7486992983247,
                        63.406663889521894
                    ],
                    [
                        -44.74930982641741,
                        63.40447482101496
                    ],
                    [
                        -44.74976960749156,
                        63.402285473784055
                    ],
                    [
                        -44.750042468859036,
                        63.40009577863946
                    ],
                    [
                        -44.74997264497244,
                        63.39790543199997
                    ],
                    [
                        -44.74974452314597,
                        63.39571479443662
                    ],
                    [
                        -44.74947872240013,
                        63.39352410160948
                    ],
                    [
                        -44.74930515424788,
                        63.391333608272205
                    ],
                    [
                        -44.749155776480066,
                        63.38914318124575
                    ],
                    [
                        -44.74907868662333,
                        63.38695291512256
                    ],
                    [
                        -44.74914346003492,
                        63.3847629467406
                    ],
                    [
                        -44.74928365344574,
                        63.38257314552707
                    ],
                    [
                        -44.74936951461986,
                        63.380383256676744
                    ],
                    [
                        -44.7494346571077,
                        63.378193346239975
                    ],
                    [
                        -44.74948461215198,
                        63.3760034250931
                    ],
                    [
                        -44.7493699250043,
                        63.373813199942
                    ],
                    [
                        -44.74928397084091,
                        63.37162305018972
                    ],
                    [
                        -44.749510331880096,
                        63.36943353269561
                    ],
                    [
                        -44.74965003551143,
                        63.36724386403823
                    ],
                    [
                        -44.749463100344386,
                        63.36505357361484
                    ],
                    [
                        -44.749014590489466,
                        63.36286278781806
                    ],
                    [
                        -44.748669294674016,
                        63.36067222274091
                    ],
                    [
                        -44.74822626821826,
                        63.35848148294143
                    ],
                    [
                        -44.74774769967634,
                        63.35629069032104
                    ],
                    [
                        -44.74765358193031,
                        63.35410067585941
                    ],
                    [
                        -44.74773357819484,
                        63.35191102483136
                    ],
                    [
                        -44.74807760355542,
                        63.34972191459241
                    ],
                    [
                        -44.748542678888164,
                        63.347533061340734
                    ],
                    [
                        -44.74843750891749,
                        63.34534310220052
                    ],
                    [
                        -44.74823269571652,
                        63.34315296539464
                    ],
                    [
                        -44.74818516354058,
                        63.3409631579901
                    ],
                    [
                        -44.74793857853265,
                        63.3387729763604
                    ],
                    [
                        -44.747388786814156,
                        63.336582212956394
                    ],
                    [
                        -44.74698605976816,
                        63.3343917580753
                    ],
                    [
                        -44.74679796973136,
                        63.33220174740322
                    ],
                    [
                        -44.747123024468905,
                        63.330012774495
                    ],
                    [
                        -44.74732108009532,
                        63.32782356829666
                    ],
                    [
                        -44.747459889150875,
                        63.32563426360547
                    ],
                    [
                        -44.74750950305195,
                        63.32344480126044
                    ],
                    [
                        -44.74747542330552,
                        63.321255192228314
                    ],
                    [
                        -44.747350161488946,
                        63.31906542155826
                    ],
                    [
                        -44.74789645084257,
                        63.31687700033796
                    ],
                    [
                        -44.74838936640891,
                        63.31468849068447
                    ],
                    [
                        -44.74876051783682,
                        63.31249975834117
                    ],
                    [
                        -44.7489332969003,
                        63.31031065335627
                    ],
                    [
                        -44.74992711960144,
                        63.30812318186713
                    ],
                    [
                        -44.75447640199227,
                        63.305942625381086
                    ],
                    [
                        -44.759362460774916,
                        63.303910457524516
                    ],
                    [
                        -44.76226573276745,
                        63.301726541574304
                    ],
                    [
                        -44.763962096232554,
                        63.29954034801305
                    ],
                    [
                        -44.76605863542147,
                        63.29735488733858
                    ],
                    [
                        -44.7687739873636,
                        63.29517053719602
                    ],
                    [
                        -44.77331591966295,
                        63.29298941444833
                    ],
                    [
                        -44.77764051520636,
                        63.29080777060676
                    ],
                    [
                        -44.782522272508686,
                        63.28872840474381
                    ],
                    [
                        -44.78626541267467,
                        63.28654551282444
                    ],
                    [
                        -44.79022938909969,
                        63.28436289510791
                    ],
                    [
                        -44.795106366691456,
                        63.282603512460454
                    ],
                    [
                        -44.799979490022714,
                        63.28125523161458
                    ],
                    [
                        -44.80438578775998,
                        63.279072916810435
                    ],
                    [
                        -44.80926023236359,
                        63.277389782538144
                    ],
                    [
                        -44.814127109254926,
                        63.27666865767355
                    ],
                    [
                        -44.81899200378906,
                        63.276191127579004
                    ],
                    [
                        -44.8238585735266,
                        63.27544164937382
                    ],
                    [
                        -44.828729334174625,
                        63.27401803519395
                    ],
                    [
                        -44.83300519487709,
                        63.271834622091326
                    ],
                    [
                        -44.83785868580281,
                        63.269651822854485
                    ],
                    [
                        -44.84272973742513,
                        63.267873889105225
                    ],
                    [
                        -44.84760074429947,
                        63.26598970110327
                    ],
                    [
                        -44.852470882004475,
                        63.26413298210297
                    ],
                    [
                        -44.85733753165585,
                        63.26278043608425
                    ],
                    [
                        -44.8622037909486,
                        63.26140529454915
                    ],
                    [
                        -44.86707156631709,
                        63.25963486192312
                    ],
                    [
                        -44.87193873444516,
                        63.25785207547921
                    ],
                    [
                        -44.87680292864405,
                        63.25655149238083
                    ],
                    [
                        -44.88166549987232,
                        63.25549791456079
                    ],
                    [
                        -44.88652975501134,
                        63.25397067928579
                    ],
                    [
                        -44.891394012952624,
                        63.252305790220476
                    ],
                    [
                        -44.89625921682982,
                        63.25024912677682
                    ],
                    [
                        -44.900974174704686,
                        63.24806400397244
                    ],
                    [
                        -44.905836875258586,
                        63.24626520382172
                    ],
                    [
                        -44.91069747242192,
                        63.24487868842298
                    ],
                    [
                        -44.91555659620699,
                        63.243783049757624
                    ],
                    [
                        -44.92041469131198,
                        63.242887302304446
                    ],
                    [
                        -44.925273333196664,
                        63.24168588545174
                    ],
                    [
                        -44.930132066512655,
                        63.240283377996974
                    ],
                    [
                        -44.93498952369984,
                        63.2391781494534
                    ],
                    [
                        -44.93984573943408,
                        63.23842740284638
                    ],
                    [
                        -44.94470147194402,
                        63.237770357081445
                    ],
                    [
                        -44.949557184366746,
                        63.23699690111515
                    ],
                    [
                        -44.95441307887305,
                        63.23595527760553
                    ],
                    [
                        -44.9592692469701,
                        63.234491537570925
                    ],
                    [
                        -44.96412499738685,
                        63.23293216133795
                    ],
                    [
                        -44.968979852569085,
                        63.2316301452694
                    ],
                    [
                        -44.97383374461038,
                        63.230795961739155
                    ],
                    [
                        -44.978687002340365,
                        63.23035069582178
                    ],
                    [
                        -44.98353999688022,
                        63.2300558213916
                    ],
                    [
                        -44.98839294976697,
                        63.229606843513345
                    ],
                    [
                        -44.993245799495796,
                        63.22890705904973
                    ],
                    [
                        -44.9980984009479,
                        63.22800913585108
                    ],
                    [
                        -45.00295066428796,
                        63.227103253141806
                    ],
                    [
                        -45.00780263050629,
                        63.226339809133364
                    ],
                    [
                        -45.01265439420269,
                        63.225748053167074
                    ],
                    [
                        -45.017506077950166,
                        63.22536613305071
                    ],
                    [
                        -45.02235770681724,
                        63.22508637960456
                    ],
                    [
                        -45.02720910501903,
                        63.22468712506826
                    ],
                    [
                        -45.03206010357486,
                        63.22408634926685
                    ],
                    [
                        -45.03691059743882,
                        63.22328990299682
                    ],
                    [
                        -45.04176053157849,
                        63.222331855692566
                    ],
                    [
                        -45.046610191870286,
                        63.22142114683352
                    ],
                    [
                        -45.05146002929505,
                        63.22077090631173
                    ],
                    [
                        -45.056310167317626,
                        63.22037050237421
                    ],
                    [
                        -45.06116026006814,
                        63.220014298788804
                    ],
                    [
                        -45.06601002140253,
                        63.21958047747408
                    ],
                    [
                        -45.07085934228725,
                        63.2190451783276
                    ],
                    [
                        -45.07570825217091,
                        63.21843793659757
                    ],
                    [
                        -45.08055703773791,
                        63.21786372819498
                    ],
                    [
                        -45.085405206052144,
                        63.21716769594513
                    ],
                    [
                        -45.09025235535398,
                        63.21625435933708
                    ],
                    [
                        -45.0950987389118,
                        63.21522576790045
                    ],
                    [
                        -45.099944793447534,
                        63.21421163901468
                    ],
                    [
                        -45.10479109483933,
                        63.2133520448768
                    ],
                    [
                        -45.109638038076746,
                        63.212719645206036
                    ],
                    [
                        -45.11448594750101,
                        63.21235884097239
                    ],
                    [
                        -45.11933446953011,
                        63.21215991687874
                    ],
                    [
                        -45.12418313266989,
                        63.212005731033585
                    ],
                    [
                        -45.129030693975096,
                        63.21164214429364
                    ],
                    [
                        -45.13387647427441,
                        63.21096070386252
                    ],
                    [
                        -45.13872070198013,
                        63.21003726915965
                    ],
                    [
                        -45.14356583064629,
                        63.209338266589086
                    ],
                    [
                        -45.14841168860051,
                        63.208811806503114
                    ],
                    [
                        -45.1532573256818,
                        63.20828118956904
                    ],
                    [
                        -45.158103220495896,
                        63.20782507827741
                    ],
                    [
                        -45.162948879132756,
                        63.20735843214942
                    ],
                    [
                        -45.167794071345675,
                        63.206846668194956
                    ],
                    [
                        -45.17263787807913,
                        63.20615589161297
                    ],
                    [
                        -45.177479148812424,
                        63.20513307497378
                    ],
                    [
                        -45.1823180107973,
                        63.20382267901597
                    ],
                    [
                        -45.18715612761311,
                        63.202476881060726
                    ],
                    [
                        -45.19199534546174,
                        63.201347078684854
                    ],
                    [
                        -45.196835561592714,
                        63.200403849517734
                    ],
                    [
                        -45.201676060289685,
                        63.19954196320449
                    ],
                    [
                        -45.20651630715857,
                        63.19868875643607
                    ],
                    [
                        -45.21135764197467,
                        63.19800761692912
                    ],
                    [
                        -45.216199932444056,
                        63.19747115977752
                    ],
                    [
                        -45.22104160771352,
                        63.19688602196559
                    ],
                    [
                        -45.22588158675645,
                        63.19613150707866
                    ],
                    [
                        -45.230719242743554,
                        63.19514796294491
                    ],
                    [
                        -45.23555609927198,
                        63.19411682619402
                    ],
                    [
                        -45.240392610704816,
                        63.19308986223607
                    ],
                    [
                        -45.24522941629951,
                        63.19213426858301
                    ],
                    [
                        -45.25006706906085,
                        63.191303126970354
                    ],
                    [
                        -45.254905538571144,
                        63.190586267576165
                    ],
                    [
                        -45.25974379794463,
                        63.18987500051266
                    ],
                    [
                        -45.26458164549972,
                        63.18914928785151
                    ],
                    [
                        -45.2694186761078,
                        63.18837098682747
                    ],
                    [
                        -45.274255057694816,
                        63.187558716509926
                    ],
                    [
                        -45.2790923832261,
                        63.18686195158216
                    ],
                    [
                        -45.28393057543872,
                        63.186267748683655
                    ],
                    [
                        -45.28876977310549,
                        63.185783391915436
                    ],
                    [
                        -45.2936086256077,
                        63.185284394067764
                    ],
                    [
                        -45.298444917531455,
                        63.18457933434608
                    ],
                    [
                        -45.30327809776207,
                        63.18363101723212
                    ],
                    [
                        -45.30811036902612,
                        63.182635912220654
                    ],
                    [
                        -45.31294422618966,
                        63.181802537555114
                    ],
                    [
                        -45.3177790293475,
                        63.181071396001954
                    ],
                    [
                        -45.32261028602981,
                        63.180077421616964
                    ],
                    [
                        -45.327437790400474,
                        63.178815943350344
                    ],
                    [
                        -45.33226373602454,
                        63.177469495072856
                    ],
                    [
                        -45.33708908427682,
                        63.17611554453844
                    ],
                    [
                        -45.34191518121316,
                        63.17485632853654
                    ],
                    [
                        -45.34674152758295,
                        63.17365061556872
                    ],
                    [
                        -45.351569295459996,
                        63.172582524981
                    ],
                    [
                        -45.3563983271899,
                        63.171635018484075
                    ],
                    [
                        -45.36122955802732,
                        63.17087030961542
                    ],
                    [
                        -45.36606387502954,
                        63.17034392014705
                    ],
                    [
                        -45.370899360597676,
                        63.1699126585572
                    ],
                    [
                        -45.37573082263108,
                        63.16921500976848
                    ],
                    [
                        -45.38055524679127,
                        63.168055971716754
                    ],
                    [
                        -45.38537248374179,
                        63.166442777747186
                    ],
                    [
                        -45.39018783991345,
                        63.164744402901086
                    ],
                    [
                        -45.395006298584015,
                        63.16329070438674
                    ],
                    [
                        -45.399829986055884,
                        63.162210612846145
                    ],
                    [
                        -45.40465685295037,
                        63.16135961784368
                    ],
                    [
                        -45.40948691954762,
                        63.16073091602261
                    ],
                    [
                        -45.41431989018395,
                        63.16029825830536
                    ],
                    [
                        -45.41915337565564,
                        63.15990721387811
                    ],
                    [
                        -45.423984619958865,
                        63.15938797285847
                    ],
                    [
                        -45.42881106860508,
                        63.15859053773564
                    ],
                    [
                        -45.433634346646436,
                        63.15762125662873
                    ],
                    [
                        -45.43845468243659,
                        63.156499272913855
                    ],
                    [
                        -45.4432692797505,
                        63.15506611150233
                    ],
                    [
                        -45.44808005783266,
                        63.153442731685764
                    ],
                    [
                        -45.452896549575385,
                        63.1521805624464
                    ],
                    [
                        -45.457721139394444,
                        63.15140322405202
                    ],
                    [
                        -45.4625503371271,
                        63.15090006106435
                    ],
                    [
                        -45.467379168145754,
                        63.1503867830017
                    ],
                    [
                        -45.47220607554607,
                        63.14977825945371
                    ],
                    [
                        -45.477032512505026,
                        63.14915631417286
                    ],
                    [
                        -45.481854982332386,
                        63.14833329410717
                    ],
                    [
                        -45.48667277241326,
                        63.14727721020544
                    ],
                    [
                        -45.49148621624437,
                        63.146012473279285
                    ],
                    [
                        -45.49629834787936,
                        63.144703568091465
                    ],
                    [
                        -45.50111233688854,
                        63.14351569472415
                    ],
                    [
                        -45.505924220560345,
                        63.14224238911692
                    ],
                    [
                        -45.510731719670844,
                        63.14077037318441
                    ],
                    [
                        -45.51552896601938,
                        63.13881009682679
                    ],
                    [
                        -45.52024361737827,
                        63.1366028235877
                    ],
                    [
                        -45.52481365311451,
                        63.13439599062331
                    ],
                    [
                        -45.529605991147626,
                        63.13230479514235
                    ],
                    [
                        -45.53440303286531,
                        63.130479176636264
                    ],
                    [
                        -45.53920238393655,
                        63.1287969376031
                    ],
                    [
                        -45.54400186117558,
                        63.127150225478815
                    ],
                    [
                        -45.548800646732246,
                        63.12549945811877
                    ],
                    [
                        -45.55359481148953,
                        63.123660652554506
                    ],
                    [
                        -45.55838567499277,
                        63.12169990528594
                    ],
                    [
                        -45.56317740537264,
                        63.119812279968386
                    ],
                    [
                        -45.56797085322437,
                        63.11803478160605
                    ],
                    [
                        -45.57276284140792,
                        63.11622075159365
                    ],
                    [
                        -45.57755249634542,
                        63.114331842634826
                    ],
                    [
                        -45.58233821161289,
                        63.11229830525222
                    ],
                    [
                        -45.58712505917171,
                        63.11034779670441
                    ],
                    [
                        -45.59191123078314,
                        63.10839903613502
                    ],
                    [
                        -45.59669609910858,
                        63.10642468941843
                    ],
                    [
                        -45.601481713610156,
                        63.10451378659438
                    ],
                    [
                        -45.606269969857614,
                        63.102745980939275
                    ],
                    [
                        -45.611057062593304,
                        63.100956288124294
                    ],
                    [
                        -45.61584362867662,
                        63.09917205179205
                    ],
                    [
                        -45.620630676551656,
                        63.09743532107034
                    ],
                    [
                        -45.62541772911045,
                        63.095725202208456
                    ],
                    [
                        -45.63020461494964,
                        63.0940340258204
                    ],
                    [
                        -45.63499101874542,
                        63.09234846742751
                    ],
                    [
                        -45.63977624480354,
                        63.09064016084833
                    ],
                    [
                        -45.64455768621327,
                        63.08880457863046
                    ],
                    [
                        -45.64933486469577,
                        63.086825374360444
                    ],
                    [
                        -45.65411061190089,
                        63.084818087173645
                    ],
                    [
                        -45.65888815439811,
                        63.08291050223286
                    ],
                    [
                        -45.663663167013496,
                        63.08093120198912
                    ],
                    [
                        -45.66844253346125,
                        63.07914920733667
                    ],
                    [
                        -45.67322773175487,
                        63.0776173760423
                    ],
                    [
                        -45.67801616496307,
                        63.0762309429082
                    ],
                    [
                        -45.68280773842391,
                        63.07498326321622
                    ],
                    [
                        -45.687595760277475,
                        63.0736186010025
                    ],
                    [
                        -45.692379960035645,
                        63.072129212969905
                    ],
                    [
                        -45.6971621799181,
                        63.070586303975965
                    ],
                    [
                        -45.70194562784738,
                        63.0691097067626
                    ],
                    [
                        -45.70672920083203,
                        63.06765752397696
                    ],
                    [
                        -45.711514228931996,
                        63.066277841434996
                    ],
                    [
                        -45.71630079050651,
                        63.0649720552163
                    ],
                    [
                        -45.72108741568331,
                        63.06368572257618
                    ],
                    [
                        -45.72586942229174,
                        63.062250806992736
                    ],
                    [
                        -45.73064891310868,
                        63.060745004849636
                    ],
                    [
                        -45.73542763371097,
                        63.05923138015169
                    ],
                    [
                        -45.74020517070268,
                        63.05769556110131
                    ],
                    [
                        -45.74498165214965,
                        63.05614243574252
                    ],
                    [
                        -45.749756764119496,
                        63.05456144220627
                    ],
                    [
                        -45.75452758451309,
                        63.0528524130359
                    ],
                    [
                        -45.759298983404705,
                        63.05118450080576
                    ],
                    [
                        -45.76407100612118,
                        63.04955847974122
                    ],
                    [
                        -45.768847031557215,
                        63.048087850505944
                    ],
                    [
                        -45.77362680987666,
                        63.046761356078505
                    ],
                    [
                        -45.77841575462046,
                        63.045757213785485
                    ],
                    [
                        -45.783208044195895,
                        63.04487623808826
                    ],
                    [
                        -45.78800101693685,
                        63.044028346323266
                    ],
                    [
                        -45.792791470998495,
                        63.043107902635306
                    ],
                    [
                        -45.79757450155503,
                        63.04195626170017
                    ],
                    [
                        -45.802346838619115,
                        63.04047152507672
                    ],
                    [
                        -45.807107546589556,
                        63.03862939551916
                    ],
                    [
                        -45.81186403931122,
                        63.0366736414761
                    ],
                    [
                        -45.816622431956716,
                        63.03480103144067
                    ],
                    [
                        -45.82138307936004,
                        63.03302136964813
                    ],
                    [
                        -45.826139785749696,
                        63.031137934441546
                    ],
                    [
                        -45.83089766198371,
                        63.029312532135116
                    ],
                    [
                        -45.835655306706784,
                        63.02750054035269
                    ],
                    [
                        -45.840417055718504,
                        63.025835984221416
                    ],
                    [
                        -45.845178050548256,
                        63.0241667928506
                    ],
                    [
                        -45.84992952023619,
                        63.02222446211443
                    ],
                    [
                        -45.85468749654022,
                        63.02050170883761
                    ],
                    [
                        -45.85946059246706,
                        63.01925576619573
                    ],
                    [
                        -45.86423985260871,
                        63.01820906966027
                    ],
                    [
                        -45.869018949219864,
                        63.01716881093563
                    ],
                    [
                        -45.873795116410676,
                        63.016052483614345
                    ],
                    [
                        -45.87857091625141,
                        63.01493723299589
                    ],
                    [
                        -45.88334925163954,
                        63.01390859147648
                    ],
                    [
                        -45.888133506231824,
                        63.01306435417166
                    ],
                    [
                        -45.89292176779728,
                        63.01234581616868
                    ],
                    [
                        -45.897708401741696,
                        63.01158755964773
                    ],
                    [
                        -45.902489456959266,
                        63.01067622597205
                    ],
                    [
                        -45.907262978443086,
                        63.00955811376705
                    ],
                    [
                        -45.912029133387165,
                        63.0082412179517
                    ],
                    [
                        -45.91679631614466,
                        63.00696703357487
                    ],
                    [
                        -45.92156418580902,
                        63.00572526756213
                    ],
                    [
                        -45.92633012352332,
                        63.004441797822246
                    ],
                    [
                        -45.93109620569894,
                        63.00317533401788
                    ],
                    [
                        -45.935868382673554,
                        63.002091204968785
                    ],
                    [
                        -45.94063980602385,
                        63.00099703363813
                    ],
                    [
                        -45.94540855199161,
                        62.99983997008509
                    ],
                    [
                        -45.95017816321868,
                        62.998718064233714
                    ],
                    [
                        -45.954945787908436,
                        62.99755300394597
                    ],
                    [
                        -45.959710629746375,
                        62.99632381129415
                    ],
                    [
                        -45.964475971790904,
                        62.99512009973753
                    ],
                    [
                        -45.96923791788744,
                        62.99383677475656
                    ],
                    [
                        -45.97399903528073,
                        62.99254365885572
                    ],
                    [
                        -45.97875854174014,
                        62.99122006918523
                    ],
                    [
                        -45.98351869854289,
                        62.989926344947456
                    ],
                    [
                        -45.98827673608837,
                        62.98858903670945
                    ],
                    [
                        -45.993030145916755,
                        62.9871429415326
                    ],
                    [
                        -45.99777885961217,
                        62.985587808804844
                    ],
                    [
                        -46.00252307398609,
                        62.9839302837086
                    ],
                    [
                        -46.007266248162935,
                        62.98226129092358
                    ],
                    [
                        -46.01200865380859,
                        62.98058798244996
                    ],
                    [
                        -46.01675025350543,
                        62.97890945515468
                    ],
                    [
                        -46.02149483685424,
                        62.977322476487466
                    ],
                    [
                        -46.0262370606388,
                        62.97569006871215
                    ],
                    [
                        -46.030975076640246,
                        62.973966115497326
                    ],
                    [
                        -46.035712126902276,
                        62.972233459348026
                    ],
                    [
                        -46.04045169358541,
                        62.97057946911267
                    ],
                    [
                        -46.04519596622632,
                        62.96905770277601
                    ],
                    [
                        -46.04994350856468,
                        62.96763071743379
                    ],
                    [
                        -46.05469379448144,
                        62.96628423668023
                    ],
                    [
                        -46.059442078848825,
                        62.96490039341291
                    ],
                    [
                        -46.064186590825074,
                        62.963436286119496
                    ],
                    [
                        -46.06892747172913,
                        62.96189641687622
                    ],
                    [
                        -46.07366391735817,
                        62.96026223978994
                    ],
                    [
                        -46.078394448946554,
                        62.95849921366424
                    ],
                    [
                        -46.083122440893725,
                        62.956690262166475
                    ],
                    [
                        -46.087842091778704,
                        62.95469686098489
                    ],
                    [
                        -46.0925559355905,
                        62.95258186388566
                    ],
                    [
                        -46.097243822337944,
                        62.95035440721691
                    ],
                    [
                        -46.101698679434946,
                        62.94812883013232
                    ],
                    [
                        -46.10604549360894,
                        62.94590405882216
                    ],
                    [
                        -46.110201703112416,
                        62.94368083348896
                    ],
                    [
                        -46.11409269451739,
                        62.94145983439441
                    ],
                    [
                        -46.11812823618027,
                        62.93923744384965
                    ],
                    [
                        -46.1223213419422,
                        62.937013531457836
                    ],
                    [
                        -46.12653962108618,
                        62.93478926737202
                    ],
                    [
                        -46.13065992810762,
                        62.93256575652204
                    ],
                    [
                        -46.135303897537796,
                        62.93033739629928
                    ],
                    [
                        -46.13993680467394,
                        62.92810897783103
                    ],
                    [
                        -46.14428185903697,
                        62.92588302246936
                    ],
                    [
                        -46.14886784600311,
                        62.923654728139674
                    ],
                    [
                        -46.153577636954864,
                        62.92168470678918
                    ],
                    [
                        -46.15830183975826,
                        62.92005548661941
                    ],
                    [
                        -46.16302849680936,
                        62.918494447344905
                    ],
                    [
                        -46.16774935872842,
                        62.91681625897543
                    ],
                    [
                        -46.1724649788229,
                        62.91503464053067
                    ],
                    [
                        -46.17717361772195,
                        62.91311221602754
                    ],
                    [
                        -46.18187606355468,
                        62.911068058067414
                    ],
                    [
                        -46.186573488142564,
                        62.90892938570472
                    ],
                    [
                        -46.19126720544019,
                        62.90672611069461
                    ],
                    [
                        -46.195747479053146,
                        62.9044972126634
                    ],
                    [
                        -46.19995159381482,
                        62.90227080658862
                    ],
                    [
                        -46.20372608170911,
                        62.900048391914225
                    ],
                    [
                        -46.20760837733655,
                        62.89782484096021
                    ],
                    [
                        -46.21102846108965,
                        62.895605642565855
                    ],
                    [
                        -46.21471704324135,
                        62.8933837679607
                    ],
                    [
                        -46.21871504413055,
                        62.89115879562519
                    ],
                    [
                        -46.22295762654608,
                        62.88893132695207
                    ],
                    [
                        -46.22721906928644,
                        62.88670354361981
                    ],
                    [
                        -46.23129357263113,
                        62.8844774627226
                    ],
                    [
                        -46.23501941672497,
                        62.88225469437914
                    ],
                    [
                        -46.23866838963096,
                        62.88003258804449
                    ],
                    [
                        -46.24211449375776,
                        62.87781239784119
                    ],
                    [
                        -46.245849745088265,
                        62.875589256588775
                    ],
                    [
                        -46.24941684309976,
                        62.87336769256941
                    ],
                    [
                        -46.25302373281751,
                        62.871145643735126
                    ],
                    [
                        -46.25638903475558,
                        62.868925924998635
                    ],
                    [
                        -46.260040922572806,
                        62.866703251770176
                    ],
                    [
                        -46.26354494567625,
                        62.86448197576132
                    ],
                    [
                        -46.26724210405568,
                        62.862258664584516
                    ],
                    [
                        -46.2706807446247,
                        62.8600378778723
                    ],
                    [
                        -46.273985329800055,
                        62.85781837304201
                    ],
                    [
                        -46.27711659201228,
                        62.855600560946584
                    ],
                    [
                        -46.28005482593896,
                        62.85338465614356
                    ],
                    [
                        -46.28306992149827,
                        62.8511679107653
                    ],
                    [
                        -46.28665959182528,
                        62.84894521161352
                    ],
                    [
                        -46.29058138782592,
                        62.84671900442138
                    ],
                    [
                        -46.29393965258746,
                        62.84449850671476
                    ],
                    [
                        -46.29706657496607,
                        62.84228032764477
                    ],
                    [
                        -46.300477039059096,
                        62.84005914303957
                    ],
                    [
                        -46.30426734759718,
                        62.83783392674559
                    ],
                    [
                        -46.30835945265326,
                        62.835605458341654
                    ],
                    [
                        -46.312044239736906,
                        62.83338113533182
                    ],
                    [
                        -46.3156108541844,
                        62.8311579585612
                    ],
                    [
                        -46.31916503996464,
                        62.82893482490265
                    ],
                    [
                        -46.32301092730768,
                        62.826708523590945
                    ],
                    [
                        -46.32714360405518,
                        62.824479079071224
                    ],
                    [
                        -46.33094930478871,
                        62.822252986176316
                    ],
                    [
                        -46.33473344387954,
                        62.82002702076278
                    ],
                    [
                        -46.33864504588789,
                        62.81779959182521
                    ],
                    [
                        -46.34286344406905,
                        62.815568763939915
                    ],
                    [
                        -46.347222902397725,
                        62.81333628876959
                    ],
                    [
                        -46.351378137453544,
                        62.81110587873366
                    ],
                    [
                        -46.355121225445835,
                        62.80887980558035
                    ],
                    [
                        -46.358911283409675,
                        62.80665312392615
                    ],
                    [
                        -46.36316349150338,
                        62.80442130838191
                    ],
                    [
                        -46.36746827478821,
                        62.8021887863789
                    ],
                    [
                        -46.37212753886665,
                        62.79997703883914
                    ],
                    [
                        -46.3767875290086,
                        62.79779393442338
                    ],
                    [
                        -46.38142433421757,
                        62.795557314372616
                    ],
                    [
                        -46.385961522165616,
                        62.793321637707486
                    ],
                    [
                        -46.390619757589164,
                        62.79114899425373
                    ],
                    [
                        -46.39527791743768,
                        62.788989280409794
                    ],
                    [
                        -46.39993762184855,
                        62.78687272550533
                    ],
                    [
                        -46.40460373006745,
                        62.78488966564799
                    ],
                    [
                        -46.40927242583217,
                        62.78296775015852
                    ],
                    [
                        -46.41393385704085,
                        62.78092355760891
                    ],
                    [
                        -46.41859378350322,
                        62.778864806558964
                    ],
                    [
                        -46.423255570172316,
                        62.776853676562055
                    ],
                    [
                        -46.42791983181093,
                        62.77490100603802
                    ],
                    [
                        -46.43258883435303,
                        62.773047744450416
                    ],
                    [
                        -46.437264180494005,
                        62.77132220614593
                    ],
                    [
                        -46.44193248805263,
                        62.76947956605868
                    ],
                    [
                        -46.44658356775991,
                        62.76733603659954
                    ],
                    [
                        -46.45122889067839,
                        62.76510195211965
                    ],
                    [
                        -46.45587315661657,
                        62.76286290868762
                    ],
                    [
                        -46.46020289051615,
                        62.76062711726185
                    ],
                    [
                        -46.464245818397735,
                        62.75839454851788
                    ],
                    [
                        -46.468009516291026,
                        62.75616514203434
                    ],
                    [
                        -46.47171022419634,
                        62.75393637694075
                    ],
                    [
                        -46.475313893366234,
                        62.75170866104739
                    ],
                    [
                        -46.478736339374706,
                        62.74948299948773
                    ],
                    [
                        -46.48213475199373,
                        62.747257542697035
                    ],
                    [
                        -46.48569288963379,
                        62.745030107153646
                    ],
                    [
                        -46.48938037227691,
                        62.742801041024805
                    ],
                    [
                        -46.49309659433207,
                        62.74057153529033
                    ],
                    [
                        -46.496816876483116,
                        62.738341883091586
                    ],
                    [
                        -46.50041967067279,
                        62.736113544589244
                    ],
                    [
                        -46.50425022698694,
                        62.733882371358824
                    ],
                    [
                        -46.508532780104865,
                        62.73164563263205
                    ],
                    [
                        -46.512888387444946,
                        62.72940787338486
                    ],
                    [
                        -46.51741128755871,
                        62.727167940237344
                    ],
                    [
                        -46.521940830910324,
                        62.72492777338164
                    ],
                    [
                        -46.52617081794389,
                        62.722691116534705
                    ],
                    [
                        -46.530297143141574,
                        62.72045559911896
                    ],
                    [
                        -46.534556734020114,
                        62.718218318455335
                    ],
                    [
                        -46.538965373664,
                        62.715979065833594
                    ],
                    [
                        -46.543440277752985,
                        62.713738849057
                    ],
                    [
                        -46.5479664524088,
                        62.711497846802516
                    ],
                    [
                        -46.55259507086048,
                        62.709290480051
                    ],
                    [
                        -46.55723139272601,
                        62.70722619887163
                    ],
                    [
                        -46.56186807185001,
                        62.70518003251432
                    ],
                    [
                        -46.56649477124389,
                        62.70297822889718
                    ],
                    [
                        -46.5709798832049,
                        62.70073695856982
                    ],
                    [
                        -46.57545380586809,
                        62.698495679261974
                    ],
                    [
                        -46.57991478724457,
                        62.696254414372504
                    ],
                    [
                        -46.58441999528751,
                        62.69401243887307
                    ],
                    [
                        -46.58904185593079,
                        62.69179351648871
                    ],
                    [
                        -46.59366443017961,
                        62.68959909517481
                    ],
                    [
                        -46.59827040255435,
                        62.68735536270074
                    ],
                    [
                        -46.60281694850116,
                        62.685112234767075
                    ],
                    [
                        -46.60743613782708,
                        62.682899940441374
                    ],
                    [
                        -46.61205635896515,
                        62.68071702058
                    ],
                    [
                        -46.616674690045144,
                        62.67851564271482
                    ],
                    [
                        -46.62129130066151,
                        62.67629871143239
                    ],
                    [
                        -46.62580667907332,
                        62.67405520204082
                    ],
                    [
                        -46.63019283364501,
                        62.67181323047771
                    ],
                    [
                        -46.634499521176956,
                        62.66957215796322
                    ],
                    [
                        -46.638836703284085,
                        62.66733054639143
                    ],
                    [
                        -46.64323652237505,
                        62.6650879684364
                    ],
                    [
                        -46.64750723870327,
                        62.66284695355966
                    ],
                    [
                        -46.6515482784163,
                        62.660608849119164
                    ],
                    [
                        -46.65534454928382,
                        62.658373878754816
                    ],
                    [
                        -46.65906880887121,
                        62.65613976403125
                    ],
                    [
                        -46.66276228784009,
                        62.6539059610282
                    ],
                    [
                        -46.666603426365484,
                        62.65167008414614
                    ],
                    [
                        -46.67065259303463,
                        62.64943130915385
                    ],
                    [
                        -46.67479692083027,
                        62.647191133591534
                    ],
                    [
                        -46.67908862524378,
                        62.644948843302565
                    ],
                    [
                        -46.683401090156366,
                        62.64270613506537
                    ],
                    [
                        -46.68780361073686,
                        62.640462066920335
                    ],
                    [
                        -46.69233096233669,
                        62.63821615610238
                    ],
                    [
                        -46.69693538150003,
                        62.63601582772922
                    ],
                    [
                        -46.70153809505596,
                        62.63380082374513
                    ],
                    [
                        -46.7061396751942,
                        62.63158009995641
                    ],
                    [
                        -46.71074450180897,
                        62.62942121411245
                    ],
                    [
                        -46.71535307107674,
                        62.627331306797934
                    ],
                    [
                        -46.71996720186897,
                        62.62533772609974
                    ],
                    [
                        -46.724578693781865,
                        62.6233142954162
                    ],
                    [
                        -46.72919364006925,
                        62.62135419511367
                    ],
                    [
                        -46.73381133942126,
                        62.61944625873953
                    ],
                    [
                        -46.73843091959451,
                        62.61757684128094
                    ],
                    [
                        -46.743052075146714,
                        62.61574101796383
                    ],
                    [
                        -46.74767079867991,
                        62.61387802649851
                    ],
                    [
                        -46.75228074054157,
                        62.61189245999154
                    ],
                    [
                        -46.756887157315106,
                        62.6098642098393
                    ],
                    [
                        -46.76149606699092,
                        62.60788375833146
                    ],
                    [
                        -46.766105429700694,
                        62.60592025557171
                    ],
                    [
                        -46.77071377158854,
                        62.60395160152965
                    ],
                    [
                        -46.77532265734555,
                        62.60200109611861
                    ],
                    [
                        -46.779936391548375,
                        62.60013243652903
                    ],
                    [
                        -46.78454857473166,
                        62.59825033603152
                    ],
                    [
                        -46.78915945741915,
                        62.596358590346455
                    ],
                    [
                        -46.79377473581817,
                        62.59454110866282
                    ],
                    [
                        -46.79838803627778,
                        62.59270375600313
                    ],
                    [
                        -46.80299480160713,
                        62.59077993975175
                    ],
                    [
                        -46.80760212566965,
                        62.58887393316122
                    ],
                    [
                        -46.812213323677476,
                        62.587033911305504
                    ],
                    [
                        -46.81682797452936,
                        62.58525326029201
                    ],
                    [
                        -46.82144540253026,
                        62.583521739535605
                    ],
                    [
                        -46.82606538407696,
                        62.58183574842266
                    ],
                    [
                        -46.83068580754969,
                        62.58016448060152
                    ],
                    [
                        -46.83530562315796,
                        62.578492715922636
                    ],
                    [
                        -46.839928818581356,
                        62.576877709165494
                    ],
                    [
                        -46.84455196038548,
                        62.57526986642203
                    ],
                    [
                        -46.849174156455994,
                        62.57365638754717
                    ],
                    [
                        -46.85380020824759,
                        62.57210574365272
                    ],
                    [
                        -46.858432662345386,
                        62.57065367911234
                    ],
                    [
                        -46.86306547808359,
                        62.56921379835545
                    ],
                    [
                        -46.86769839015929,
                        62.5677822573887
                    ],
                    [
                        -46.87233243766577,
                        62.56637365954965
                    ],
                    [
                        -46.87696186454113,
                        62.56490679349909
                    ],
                    [
                        -46.88158908717397,
                        62.56341601946925
                    ],
                    [
                        -46.886215499357164,
                        62.56192103817513
                    ],
                    [
                        -46.89084006091716,
                        62.56040733844167
                    ],
                    [
                        -46.89546281194026,
                        62.55887561197048
                    ],
                    [
                        -46.90008485294316,
                        62.55734129617455
                    ],
                    [
                        -46.90470632530666,
                        62.55580637011169
                    ],
                    [
                        -46.90932269578006,
                        62.55420807003076
                    ],
                    [
                        -46.91393149578162,
                        62.55251274387574
                    ],
                    [
                        -46.91852955372547,
                        62.5506773655666
                    ],
                    [
                        -46.92311867227252,
                        62.54872769731295
                    ],
                    [
                        -46.9277012101487,
                        62.546696886493834
                    ],
                    [
                        -46.93227676703846,
                        62.54458001329838
                    ],
                    [
                        -46.93684676146621,
                        62.54239703630681
                    ],
                    [
                        -46.941411782627995,
                        62.54015643225808
                    ],
                    [
                        -46.94580178969256,
                        62.53790379728647
                    ],
                    [
                        -46.94990685442118,
                        62.5356554969294
                    ],
                    [
                        -46.953678090742635,
                        62.53341233073939
                    ],
                    [
                        -46.9573414265596,
                        62.531170763952034
                    ],
                    [
                        -46.961237320740295,
                        62.528925421191346
                    ],
                    [
                        -46.9653199037147,
                        62.52667700685096
                    ],
                    [
                        -46.96931329115818,
                        62.52442988498955
                    ],
                    [
                        -46.97317304192374,
                        62.52218477199948
                    ],
                    [
                        -46.97721344715715,
                        62.51993666735444
                    ],
                    [
                        -46.98177010603809,
                        62.517680449122494
                    ],
                    [
                        -46.98633532331858,
                        62.51554848134012
                    ],
                    [
                        -46.99090156073538,
                        62.51343970193989
                    ],
                    [
                        -46.99546676264647,
                        62.511326682252346
                    ],
                    [
                        -47.00003159504766,
                        62.50921826402925
                    ],
                    [
                        -47.00460149746477,
                        62.50718626049777
                    ],
                    [
                        -47.00917449751441,
                        62.50520416918128
                    ],
                    [
                        -47.013753388669016,
                        62.50330839104688
                    ],
                    [
                        -47.0183381781721,
                        62.501498447548926
                    ],
                    [
                        -47.022924935514226,
                        62.49972231135213
                    ],
                    [
                        -47.02751722603297,
                        62.498026330202435
                    ],
                    [
                        -47.03211441831634,
                        62.496401742385835
                    ],
                    [
                        -47.036714369798375,
                        62.49482020978097
                    ],
                    [
                        -47.04131461932984,
                        62.49324950936945
                    ],
                    [
                        -47.045915896070895,
                        62.49169900933652
                    ],
                    [
                        -47.050522736218035,
                        62.490227180582316
                    ],
                    [
                        -47.05513257679153,
                        62.48880046430317
                    ],
                    [
                        -47.05973873618654,
                        62.48733261821466
                    ],
                    [
                        -47.064341316631534,
                        62.485825222551334
                    ],
                    [
                        -47.06894115608924,
                        62.48428926582494
                    ],
                    [
                        -47.07353866111188,
                        62.482730127835346
                    ],
                    [
                        -47.0781318038275,
                        62.48112209894434
                    ],
                    [
                        -47.08271863332088,
                        62.479440669706506
                    ],
                    [
                        -47.08730270918185,
                        62.47773150642815
                    ],
                    [
                        -47.09188757114664,
                        62.47603963303611
                    ],
                    [
                        -47.09647721264914,
                        62.47441542531276
                    ],
                    [
                        -47.10107006386741,
                        62.472838644428016
                    ],
                    [
                        -47.10566202632786,
                        62.47125739068533
                    ],
                    [
                        -47.11025013107472,
                        62.46963439465508
                    ],
                    [
                        -47.11483861728387,
                        62.46802306051672
                    ],
                    [
                        -47.11942761848169,
                        62.466424983120156
                    ],
                    [
                        -47.124009737936596,
                        62.46474774575337
                    ],
                    [
                        -47.128584936744716,
                        62.46299136059828
                    ],
                    [
                        -47.13315944497977,
                        62.46123376577066
                    ],
                    [
                        -47.13773602314553,
                        62.45950921043613
                    ],
                    [
                        -47.142311490235116,
                        62.457778109324316
                    ],
                    [
                        -47.146884991207315,
                        62.45602993899589
                    ],
                    [
                        -47.15146272511653,
                        62.45434122365337
                    ],
                    [
                        -47.15604676177839,
                        62.452737055722395
                    ],
                    [
                        -47.16063593663755,
                        62.45120261195852
                    ],
                    [
                        -47.16523052855952,
                        62.44974087433841
                    ],
                    [
                        -47.169833044328975,
                        62.44838203693875
                    ],
                    [
                        -47.17444030177387,
                        62.44708663542936
                    ],
                    [
                        -47.17905030209777,
                        62.445829939080184
                    ],
                    [
                        -47.18366843294414,
                        62.44467716418162
                    ],
                    [
                        -47.18829659459343,
                        62.443650702787146
                    ],
                    [
                        -47.19292724569366,
                        62.442658523528266
                    ],
                    [
                        -47.197556219809876,
                        62.44165010682007
                    ],
                    [
                        -47.202184221168814,
                        62.440634037947525
                    ],
                    [
                        -47.20680761373866,
                        62.43956664346202
                    ],
                    [
                        -47.21142519720597,
                        62.438433836183194
                    ],
                    [
                        -47.21604462163105,
                        62.43732762586989
                    ],
                    [
                        -47.22066275603815,
                        62.43621043213858
                    ],
                    [
                        -47.225273730117536,
                        62.43501231174714
                    ],
                    [
                        -47.22988164179069,
                        62.43378252971693
                    ],
                    [
                        -47.23448696164588,
                        62.43252686682901
                    ],
                    [
                        -47.23908868802063,
                        62.431233605066815
                    ],
                    [
                        -47.243690533337386,
                        62.42994688849075
                    ],
                    [
                        -47.24829539382962,
                        62.428700870626095
                    ],
                    [
                        -47.25290472110764,
                        62.427512409532234
                    ],
                    [
                        -47.2575186578365,
                        62.426382835802805
                    ],
                    [
                        -47.262134730990624,
                        62.42528277267148
                    ],
                    [
                        -47.26675014809552,
                        62.42417933696048
                    ],
                    [
                        -47.27136290883173,
                        62.42304916728451
                    ],
                    [
                        -47.27597273987035,
                        62.42188923402411
                    ],
                    [
                        -47.28058053173495,
                        62.420710081126096
                    ],
                    [
                        -47.285186791964264,
                        62.41951771896058
                    ],
                    [
                        -47.289797092015746,
                        62.41837683238406
                    ],
                    [
                        -47.29441202398837,
                        62.41729396826245
                    ],
                    [
                        -47.29902983358344,
                        62.41624851954477
                    ],
                    [
                        -47.30364701194,
                        62.4151998155276
                    ],
                    [
                        -47.30826348240725,
                        62.41414699279015
                    ],
                    [
                        -47.31287866306928,
                        62.41308339306474
                    ],
                    [
                        -47.31749372629866,
                        62.41202251408862
                    ],
                    [
                        -47.32211074772865,
                        62.410988079057
                    ],
                    [
                        -47.32672974343403,
                        62.40998011584757
                    ],
                    [
                        -47.331341885406154,
                        62.408897892716006
                    ],
                    [
                        -47.335947092696365,
                        62.40774092073082
                    ],
                    [
                        -47.34055499724831,
                        62.40661894410846
                    ],
                    [
                        -47.34516631038094,
                        62.40553981649786
                    ],
                    [
                        -47.34977569231548,
                        62.40444292258192
                    ],
                    [
                        -47.35438252480698,
                        62.40332138819036
                    ],
                    [
                        -47.35898427268403,
                        62.40214680373961
                    ],
                    [
                        -47.36358009438828,
                        62.40091001295848
                    ],
                    [
                        -47.36818166968663,
                        62.39974240458018
                    ],
                    [
                        -47.37279309895157,
                        62.39868949672673
                    ],
                    [
                        -47.37740448623329,
                        62.39764003464936
                    ],
                    [
                        -47.382007949547614,
                        62.39650607533141
                    ],
                    [
                        -47.386603558355866,
                        62.395288871275504
                    ],
                    [
                        -47.39119487574789,
                        62.394028488414385
                    ],
                    [
                        -47.395785288425046,
                        62.3927627345405
                    ],
                    [
                        -47.400371994832746,
                        62.39146062194683
                    ],
                    [
                        -47.40495457044483,
                        62.390117661891686
                    ],
                    [
                        -47.40953533365902,
                        62.38875965361339
                    ],
                    [
                        -47.4141148908745,
                        62.38739335611675
                    ],
                    [
                        -47.418695687248906,
                        62.38604568513815
                    ],
                    [
                        -47.423280828173915,
                        62.38475059957155
                    ],
                    [
                        -47.42787050834528,
                        62.38350993865071
                    ],
                    [
                        -47.432460171572274,
                        62.382273607613605
                    ],
                    [
                        -47.43705236207499,
                        62.38106933476988
                    ],
                    [
                        -47.4416497108311,
                        62.37992558854418
                    ],
                    [
                        -47.44625020444218,
                        62.378820151664655
                    ],
                    [
                        -47.450852014467316,
                        62.37773297664223
                    ],
                    [
                        -47.455453475971645,
                        62.3766459338995
                    ],
                    [
                        -47.460055359181034,
                        62.37556734669161
                    ],
                    [
                        -47.46465783267615,
                        62.374498986471224
                    ],
                    [
                        -47.469259450530636,
                        62.373425225735204
                    ],
                    [
                        -47.47386124062015,
                        62.37235714191398
                    ],
                    [
                        -47.47846777241684,
                        62.37134373051918
                    ],
                    [
                        -47.48307899810978,
                        62.37038417969292
                    ],
                    [
                        -47.487692500806325,
                        62.369452357175476
                    ],
                    [
                        -47.49230460495112,
                        62.36850889017908
                    ],
                    [
                        -47.49691442162167,
                        62.36754437341989
                    ],
                    [
                        -47.50152463382165,
                        62.36658744638192
                    ],
                    [
                        -47.50613520149482,
                        62.3656376421051
                    ],
                    [
                        -47.510746280533,
                        62.36469657278689
                    ],
                    [
                        -47.51535880869763,
                        62.36377410680171
                    ],
                    [
                        -47.51997365119619,
                        62.36287927552438
                    ],
                    [
                        -47.524588846077876,
                        62.36199125733984
                    ],
                    [
                        -47.52920184348731,
                        62.361083197074265
                    ],
                    [
                        -47.53381172465677,
                        62.36014555616772
                    ],
                    [
                        -47.53842011841381,
                        62.35919556244293
                    ],
                    [
                        -47.54302891024541,
                        62.35825300569992
                    ],
                    [
                        -47.54764046391172,
                        62.357342529177174
                    ],
                    [
                        -47.55225391055352,
                        62.35645490416864
                    ],
                    [
                        -47.55686869395648,
                        62.355584220644424
                    ],
                    [
                        -47.56148580046354,
                        62.354740632847104
                    ],
                    [
                        -47.56610527462735,
                        62.35392445799338
                    ],
                    [
                        -47.57072466308875,
                        62.3531101574016
                    ],
                    [
                        -47.57534242381234,
                        62.35228178865098
                    ],
                    [
                        -47.57995783794391,
                        62.35143201174256
                    ],
                    [
                        -47.584572491783625,
                        62.350577270768056
                    ],
                    [
                        -47.589188729753914,
                        62.349741685710754
                    ],
                    [
                        -47.593807266511284,
                        62.34893248706245
                    ],
                    [
                        -47.59842825292312,
                        62.348151080606954
                    ],
                    [
                        -47.60305090840104,
                        62.34738933959077
                    ],
                    [
                        -47.607673482519296,
                        62.3466292964603
                    ],
                    [
                        -47.61229385843142,
                        62.34584937622775
                    ],
                    [
                        -47.61690905855052,
                        62.345019400536806
                    ],
                    [
                        -47.621518219215815,
                        62.34413086131062
                    ],
                    [
                        -47.626123291300544,
                        62.34320383327731
                    ],
                    [
                        -47.630727372906385,
                        62.34226985927401
                    ],
                    [
                        -47.63533096230398,
                        62.34133400703162
                    ],
                    [
                        -47.63993435950344,
                        62.34039931051639
                    ],
                    [
                        -47.64453734588834,
                        62.33946356274781
                    ],
                    [
                        -47.649139325212985,
                        62.338520777345046
                    ],
                    [
                        -47.653740353239726,
                        62.337571549075356
                    ],
                    [
                        -47.65834021044522,
                        62.33661371193214
                    ],
                    [
                        -47.662938791188424,
                        62.33564625307797
                    ],
                    [
                        -47.66753489964734,
                        62.33465728642646
                    ],
                    [
                        -47.67212744505929,
                        62.333636052859994
                    ],
                    [
                        -47.67671471499048,
                        62.332565682083214
                    ],
                    [
                        -47.68129748749143,
                        62.331454146664626
                    ],
                    [
                        -47.68587855622552,
                        62.33032934666699
                    ],
                    [
                        -47.69045943707128,
                        62.32920634997766
                    ],
                    [
                        -47.69503951005427,
                        62.32807902138857
                    ],
                    [
                        -47.69961683291393,
                        62.32692822364449
                    ],
                    [
                        -47.70419220176215,
                        62.32576191240966
                    ],
                    [
                        -47.70876614104472,
                        62.32458531983344
                    ],
                    [
                        -47.71333704105251,
                        62.32338269666888
                    ],
                    [
                        -47.71790605175611,
                        62.3221654390504
                    ],
                    [
                        -47.72247489906643,
                        62.32095050257272
                    ],
                    [
                        -47.7270417224065,
                        62.319719703105186
                    ],
                    [
                        -47.73160643632529,
                        62.3184722843821
                    ],
                    [
                        -47.736170243547896,
                        62.31722003541846
                    ],
                    [
                        -47.7407316220679,
                        62.31594818629068
                    ],
                    [
                        -47.745288545969196,
                        62.31463717313556
                    ],
                    [
                        -47.74984196472546,
                        62.3132963833358
                    ],
                    [
                        -47.75439505637884,
                        62.31195669869188
                    ],
                    [
                        -47.75894949332803,
                        62.31063426278778
                    ],
                    [
                        -47.763504984284744,
                        62.3093261832932
                    ],
                    [
                        -47.76805910732418,
                        62.308009077649636
                    ],
                    [
                        -47.77261329104905,
                        62.306696717617186
                    ],
                    [
                        -47.777166621563474,
                        62.3053803108791
                    ],
                    [
                        -47.78171845128652,
                        62.304053672421304
                    ],
                    [
                        -47.786267719552335,
                        62.30270670570329
                    ],
                    [
                        -47.79081250176491,
                        62.30132112838952
                    ],
                    [
                        -47.79535217392655,
                        62.299891173625255
                    ],
                    [
                        -47.79988641627799,
                        62.29841400654325
                    ],
                    [
                        -47.80441572354352,
                        62.29689455055995
                    ],
                    [
                        -47.8089393911879,
                        62.2953263175772
                    ],
                    [
                        -47.813459244763806,
                        62.2937268309822
                    ],
                    [
                        -47.81797500262492,
                        62.29209357099819
                    ],
                    [
                        -47.82248668232983,
                        62.29042685923329
                    ],
                    [
                        -47.826994915655035,
                        62.288732807528284
                    ],
                    [
                        -47.83150169482029,
                        62.28703030011996
                    ],
                    [
                        -47.83600736745659,
                        62.285322643124566
                    ],
                    [
                        -47.84050742601522,
                        62.283567544869946
                    ],
                    [
                        -47.84499765979405,
                        62.281725753847915
                    ],
                    [
                        -47.849478271940434,
                        62.27979956460422
                    ],
                    [
                        -47.85395333409409,
                        62.277827406821174
                    ],
                    [
                        -47.85842594666571,
                        62.27583841582404
                    ],
                    [
                        -47.862893881664895,
                        62.273811907829995
                    ],
                    [
                        -47.86735260535118,
                        62.27170587183199
                    ],
                    [
                        -47.87179894025746,
                        62.2694911441196
                    ],
                    [
                        -47.87614210075401,
                        62.267206652479295
                    ],
                    [
                        -47.88028225424805,
                        62.26492677217636
                    ],
                    [
                        -47.884216590994946,
                        62.26265159080491
                    ],
                    [
                        -47.887884489720236,
                        62.26038255473968
                    ],
                    [
                        -47.89131263276711,
                        62.25811906107465
                    ],
                    [
                        -47.89463097265041,
                        62.25585806786505
                    ],
                    [
                        -47.89796124231057,
                        62.253596711509985
                    ],
                    [
                        -47.90129994873491,
                        62.251335073497906
                    ],
                    [
                        -47.90452172796206,
                        62.249076119137634
                    ],
                    [
                        -47.90760604200923,
                        62.24682034472104
                    ],
                    [
                        -47.91056045763944,
                        62.24456758192126
                    ],
                    [
                        -47.91339107830606,
                        62.24231769593472
                    ],
                    [
                        -47.91603728711167,
                        62.24007213627013
                    ],
                    [
                        -47.91848867730779,
                        62.23783116333929
                    ],
                    [
                        -47.920816227612924,
                        62.235593100396116
                    ],
                    [
                        -47.92302383828947,
                        62.23335786223486
                    ],
                    [
                        -47.92513011504559,
                        62.23112501238335
                    ],
                    [
                        -47.92713823348012,
                        62.22889448083192
                    ],
                    [
                        -47.92912053457313,
                        62.226664545615684
                    ],
                    [
                        -47.93112390618362,
                        62.2244340877087
                    ],
                    [
                        -47.93316012275943,
                        62.22220282438381
                    ],
                    [
                        -47.9352262988745,
                        62.219970822877976
                    ],
                    [
                        -47.93739473812768,
                        62.217736349694
                    ],
                    [
                        -47.93973638112331,
                        62.21549769819336
                    ],
                    [
                        -47.94228218088253,
                        62.2132541147641
                    ],
                    [
                        -47.945050765127604,
                        62.2110051381227
                    ],
                    [
                        -47.948041849244895,
                        62.20875075878364
                    ],
                    [
                        -47.951239367178154,
                        62.20649134599824
                    ],
                    [
                        -47.9546281656107,
                        62.20422724770387
                    ],
                    [
                        -47.95824424878558,
                        62.201957577983656
                    ],
                    [
                        -47.96208638520137,
                        62.19968234518727
                    ],
                    [
                        -47.96614533810367,
                        62.19740175031626
                    ],
                    [
                        -47.970376674839564,
                        62.19511684762016
                    ],
                    [
                        -47.974717226831906,
                        62.19282915180237
                    ],
                    [
                        -47.97898068311103,
                        62.1905431806931
                    ],
                    [
                        -47.98305776334167,
                        62.188261603676395
                    ],
                    [
                        -47.986991139242726,
                        62.18598339993009
                    ],
                    [
                        -47.990960768228,
                        62.18370419012215
                    ],
                    [
                        -47.994877737872386,
                        62.181426144550905
                    ],
                    [
                        -47.99898246531686,
                        62.179143381745654
                    ],
                    [
                        -48.00320825114798,
                        62.176857517419506
                    ],
                    [
                        -48.00728924028883,
                        62.174575067579866
                    ],
                    [
                        -48.01112525023844,
                        62.17229851120093
                    ],
                    [
                        -48.014705814174675,
                        62.17002813040878
                    ],
                    [
                        -48.01827750326287,
                        62.167757870364056
                    ],
                    [
                        -48.021801298481485,
                        62.165488695046164
                    ],
                    [
                        -48.025258029962224,
                        62.163221082622975
                    ],
                    [
                        -48.02884947110773,
                        62.16095004622444
                    ],
                    [
                        -48.03256232789633,
                        62.158675902598965
                    ],
                    [
                        -48.03636561849954,
                        62.15639940867369
                    ],
                    [
                        -48.040285391085426,
                        62.15411990829875
                    ],
                    [
                        -48.04452042853796,
                        62.151832443668006
                    ],
                    [
                        -48.04893709363671,
                        62.14965512357081
                    ],
                    [
                        -48.05337010175035,
                        62.14762730883165
                    ],
                    [
                        -48.05781596033502,
                        62.145717784836776
                    ],
                    [
                        -48.06227005288332,
                        62.14388567624537
                    ],
                    [
                        -48.066734797780356,
                        62.14215178176071
                    ],
                    [
                        -48.07121075224356,
                        62.14052054825143
                    ],
                    [
                        -48.075698082815066,
                        62.13899299282822
                    ],
                    [
                        -48.0801887592005,
                        62.13749883061774
                    ],
                    [
                        -48.08467821774591,
                        62.135998281824136
                    ],
                    [
                        -48.08916223908084,
                        62.134454776491644
                    ],
                    [
                        -48.09364794958412,
                        62.13293021732843
                    ],
                    [
                        -48.09813930436177,
                        62.13145873170273
                    ],
                    [
                        -48.102633181571136,
                        62.130013132572046
                    ],
                    [
                        -48.10712316183354,
                        62.128537944493544
                    ],
                    [
                        -48.11161021218637,
                        62.127041619514095
                    ],
                    [
                        -48.11610210017624,
                        62.125591051955645
                    ],
                    [
                        -48.120600139000764,
                        62.124197328259434
                    ],
                    [
                        -48.1250962586742,
                        62.12279099558391
                    ],
                    [
                        -48.12958426234429,
                        62.12131903096457
                    ],
                    [
                        -48.134056564557014,
                        62.11971682802098
                    ],
                    [
                        -48.13850877536669,
                        62.11794742690867
                    ],
                    [
                        -48.14294559331725,
                        62.11605158708784
                    ],
                    [
                        -48.147363689350215,
                        62.11400146116353
                    ],
                    [
                        -48.151595929199964,
                        62.11171035567384
                    ],
                    [
                        -48.155375542475106,
                        62.10943079733117
                    ],
                    [
                        -48.159040134999664,
                        62.10715410157198
                    ],
                    [
                        -48.16286512074022,
                        62.10487314895398
                    ],
                    [
                        -48.166990493679926,
                        62.102584293884775
                    ],
                    [
                        -48.17134736387323,
                        62.10028929279151
                    ],
                    [
                        -48.175670505889876,
                        62.09799501614614
                    ],
                    [
                        -48.17961453351279,
                        62.095710460802096
                    ],
                    [
                        -48.1830330332549,
                        62.09343948233098
                    ],
                    [
                        -48.18607748093221,
                        62.09117817560683
                    ],
                    [
                        -48.18901403758281,
                        62.088919619168486
                    ],
                    [
                        -48.19199871331822,
                        62.08665974252021
                    ],
                    [
                        -48.19513108895691,
                        62.08439593549196
                    ],
                    [
                        -48.19853600259316,
                        62.08212491468783
                    ],
                    [
                        -48.20227915613287,
                        62.079844931883
                    ],
                    [
                        -48.206355371718956,
                        62.077556089896504
                    ],
                    [
                        -48.21073815069855,
                        62.07530211011957
                    ],
                    [
                        -48.21514258566088,
                        62.07323495556354
                    ],
                    [
                        -48.219557753678124,
                        62.07126281102202
                    ],
                    [
                        -48.223986682401964,
                        62.069410516273656
                    ],
                    [
                        -48.22841855921416,
                        62.06758767111348
                    ],
                    [
                        -48.232852274447346,
                        62.065784941546184
                    ],
                    [
                        -48.23729453750821,
                        62.06405790165087
                    ],
                    [
                        -48.241748358047346,
                        62.062431183421495
                    ],
                    [
                        -48.246210840478646,
                        62.060880433044304
                    ],
                    [
                        -48.250677203380526,
                        62.05936584357197
                    ],
                    [
                        -48.255146103255406,
                        62.057876185124634
                    ],
                    [
                        -48.25962401241685,
                        62.05646469032481
                    ],
                    [
                        -48.26411859049897,
                        62.055194078663675
                    ],
                    [
                        -48.26863378527419,
                        62.05409622741898
                    ],
                    [
                        -48.27317124970326,
                        62.05318400377443
                    ],
                    [
                        -48.277731007739334,
                        62.052456847704356
                    ],
                    [
                        -48.2823098877489,
                        62.051888041733285
                    ],
                    [
                        -48.2869052192209,
                        62.051455105405346
                    ],
                    [
                        -48.291515006101555,
                        62.05114118311597
                    ],
                    [
                        -48.29613711446686,
                        62.05092838617026
                    ],
                    [
                        -48.30077006257695,
                        62.05080423129801
                    ],
                    [
                        -48.30541287734444,
                        62.050760437288915
                    ],
                    [
                        -48.31006569579682,
                        62.05079777742403
                    ],
                    [
                        -48.31472779216171,
                        62.05091002686336
                    ],
                    [
                        -48.319397069944245,
                        62.0510799016362
                    ],
                    [
                        -48.32407074357666,
                        62.051284645965026
                    ],
                    [
                        -48.328745044757696,
                        62.05149370176131
                    ],
                    [
                        -48.33341627819148,
                        62.0516772717866
                    ],
                    [
                        -48.33808061698885,
                        62.051804667638635
                    ],
                    [
                        -48.34273622960259,
                        62.05186140716966
                    ],
                    [
                        -48.347381112704944,
                        62.05183170967701
                    ],
                    [
                        -48.35201273151776,
                        62.051695621774556
                    ],
                    [
                        -48.35662688907778,
                        62.05141999591418
                    ],
                    [
                        -48.36122052432479,
                        62.050980940288085
                    ],
                    [
                        -48.365792206740956,
                        62.0503677009766
                    ],
                    [
                        -48.370341088621686,
                        62.04957422084581
                    ],
                    [
                        -48.37486882397655,
                        62.048614382088275
                    ],
                    [
                        -48.379375740001834,
                        62.04749143987134
                    ],
                    [
                        -48.38386067573285,
                        62.04619681124911
                    ],
                    [
                        -48.38832751148463,
                        62.044761925864
                    ],
                    [
                        -48.392779678064535,
                        62.04321448850286
                    ],
                    [
                        -48.39721810759786,
                        62.04156229736722
                    ],
                    [
                        -48.401641868243374,
                        62.03979838428362
                    ],
                    [
                        -48.406056562529095,
                        62.037967368404246
                    ],
                    [
                        -48.41047040639467,
                        62.03613424035761
                    ],
                    [
                        -48.41488721375743,
                        62.03432902382904
                    ],
                    [
                        -48.41931251707381,
                        62.03259510279729
                    ],
                    [
                        -48.42375177876885,
                        62.03097509582245
                    ],
                    [
                        -48.428203295710375,
                        62.02945522243131
                    ],
                    [
                        -48.432666701367815,
                        62.02803223599325
                    ],
                    [
                        -48.43714045089083,
                        62.02669368837479
                    ],
                    [
                        -48.44162509835801,
                        62.02544358808279
                    ],
                    [
                        -48.446121775967626,
                        62.024290432044154
                    ],
                    [
                        -48.45063037487084,
                        62.02323300272448
                    ],
                    [
                        -48.45515002817856,
                        62.022264188250865
                    ],
                    [
                        -48.45968033454964,
                        62.0213805294668
                    ],
                    [
                        -48.46422040326592,
                        62.02057478515305
                    ],
                    [
                        -48.46876961932609,
                        62.01984188725505
                    ],
                    [
                        -48.47332742067756,
                        62.019177202634744
                    ],
                    [
                        -48.47789378702936,
                        62.018580309717876
                    ],
                    [
                        -48.48246552647851,
                        62.01802629888735
                    ],
                    [
                        -48.48704153574352,
                        62.01750649528824
                    ],
                    [
                        -48.49161926502704,
                        62.01700112862608
                    ],
                    [
                        -48.49619774433523,
                        62.016502681889726
                    ],
                    [
                        -48.50077758999552,
                        62.016015862201165
                    ],
                    [
                        -48.50535888625896,
                        62.01554127048833
                    ],
                    [
                        -48.50994292169017,
                        62.01508873146416
                    ],
                    [
                        -48.51452792552426,
                        62.01464461007783
                    ],
                    [
                        -48.5191102779104,
                        62.014181211389975
                    ],
                    [
                        -48.52368529159857,
                        62.01366283679641
                    ],
                    [
                        -48.528250977552304,
                        62.013074536773956
                    ],
                    [
                        -48.53280717800649,
                        62.012415377781366
                    ],
                    [
                        -48.537352867489616,
                        62.01167783285584
                    ],
                    [
                        -48.54188527343882,
                        62.01084114551726
                    ],
                    [
                        -48.546401500548235,
                        62.009883730640766
                    ],
                    [
                        -48.550893234453284,
                        62.0087430607323
                    ],
                    [
                        -48.555353989537046,
                        62.00737074500269
                    ],
                    [
                        -48.55977321637923,
                        62.0056879093984
                    ],
                    [
                        -48.56414588826684,
                        62.00365772012197
                    ],
                    [
                        -48.568260444163656,
                        62.00135522110122
                    ],
                    [
                        -48.5716726230128,
                        61.99907320023734
                    ],
                    [
                        -48.57458015895229,
                        61.99680591326307
                    ],
                    [
                        -48.57711969135065,
                        61.99454938299454
                    ],
                    [
                        -48.579447083301524,
                        61.99229904974854
                    ],
                    [
                        -48.58164765741014,
                        61.99005241532841
                    ],
                    [
                        -48.58383767669406,
                        61.987806062495075
                    ],
                    [
                        -48.586082142477025,
                        61.98555807566853
                    ],
                    [
                        -48.58861383483212,
                        61.9833015839941
                    ],
                    [
                        -48.59177390068752,
                        61.9810264936021
                    ],
                    [
                        -48.59607012610548,
                        61.97871773762352
                    ],
                    [
                        -48.60046279248139,
                        61.97688914756163
                    ],
                    [
                        -48.60489672489028,
                        61.975373082850076
                    ],
                    [
                        -48.60935960689342,
                        61.974076553556415
                    ],
                    [
                        -48.61384490550401,
                        61.97295009409132
                    ],
                    [
                        -48.6183464214484,
                        61.97194695377053
                    ],
                    [
                        -48.622858032564466,
                        61.97102117789035
                    ],
                    [
                        -48.62737634555058,
                        61.97014729228156
                    ],
                    [
                        -48.6318997936247,
                        61.96931348948457
                    ],
                    [
                        -48.63642689193803,
                        61.96850862605478
                    ],
                    [
                        -48.64095581384842,
                        61.96771908459909
                    ],
                    [
                        -48.64548403974521,
                        61.96692619467069
                    ],
                    [
                        -48.65001154044927,
                        61.966129752856425
                    ],
                    [
                        -48.65454085900134,
                        61.96534851320641
                    ],
                    [
                        -48.65907466229621,
                        61.96460205020935
                    ],
                    [
                        -48.66361583278786,
                        61.96391142767682
                    ],
                    [
                        -48.66817048157843,
                        61.96332131333289
                    ],
                    [
                        -48.672749001109196,
                        61.96290755244304
                    ],
                    [
                        -48.677360641671434,
                        61.96273724499255
                    ],
                    [
                        -48.68200685600907,
                        61.9628201046407
                    ],
                    [
                        -48.68667922255915,
                        61.96309364305904
                    ],
                    [
                        -48.691364408975986,
                        61.96345985066287
                    ],
                    [
                        -48.69605366395439,
                        61.96385459940815
                    ],
                    [
                        -48.70074650317054,
                        61.964274254350016
                    ],
                    [
                        -48.70544388638802,
                        61.96472569514773
                    ],
                    [
                        -48.71014661416021,
                        61.965214610212236
                    ],
                    [
                        -48.71485649876605,
                        61.9657539930333
                    ],
                    [
                        -48.71958124538488,
                        61.96639943567106
                    ],
                    [
                        -48.71958124538488,
                        61.96639943567106
                    ],
                    [
                        -48.724306218134025,
                        61.96704469666412
                    ],
                    [
                        -48.729048682954684,
                        61.967814462061284
                    ],
                    [
                        -48.733799426104206,
                        61.96864179652414
                    ],
                    [
                        -48.7385456896932,
                        61.96943458423393
                    ],
                    [
                        -48.74328453528656,
                        61.97017182204054
                    ],
                    [
                        -48.748017360016284,
                        61.97086376197503
                    ],
                    [
                        -48.75275415220237,
                        61.97158224315217
                    ],
                    [
                        -48.78800424839343,
                        61.976901868041026
                    ],
                    [
                        -48.82326824533399,
                        61.9822114033381
                    ],
                    [
                        -48.858546124515996,
                        61.9875108423077
                    ],
                    [
                        -48.89383786737466,
                        61.99280017822198
                    ],
                    [
                        -48.92914345528855,
                        61.99807940436097
                    ],
                    [
                        -48.964462869579556,
                        62.003348514012615
                    ],
                    [
                        -48.999796091512906,
                        62.00860750047282
                    ],
                    [
                        -49.03514310229716,
                        62.01385635704545
                    ],
                    [
                        -49.07050388308425,
                        62.0190950770424
                    ],
                    [
                        -49.10587841496943,
                        62.02432365378363
                    ],
                    [
                        -49.141266678991336,
                        62.02954208059712
                    ],
                    [
                        -49.17666865613196,
                        62.03475035081901
                    ],
                    [
                        -49.21208432731669,
                        62.03994845779355
                    ],
                    [
                        -49.24751367341425,
                        62.045136394873204
                    ],
                    [
                        -49.282956675236804,
                        62.05031415541858
                    ],
                    [
                        -49.3184133135399,
                        62.055481732798604
                    ],
                    [
                        -49.3538835690225,
                        62.060639120390384
                    ],
                    [
                        -49.38936742232698,
                        62.06578631157941
                    ],
                    [
                        -49.42486485403916,
                        62.07092329975946
                    ],
                    [
                        -49.4603758446883,
                        62.0760500783327
                    ]
                ]
            }
        }
    ]
}
