{
    "type": "FeatureCollection",
    "groupName": "enterGroupName",
    "features": [
        {
            "type": "Feature",
            "properties": {
                "name": "ice_shelf_extended_amery",
                "component": "landice",
                "object": "region",
                "tags": "ais_ice_shelf_calving_calibration",
                "author": "Xylar Asay-Davis",
                "constituents": "Amery_2; Amery_3; Amery_1",
                "history": "07/28/26 15:52 : pn2294260.lanl.gov : mhoffman : /Users/mhoffman/Documents/PROJECTS/FAnSSIE/CODE/geometric_features : scripts/extend_north_simple.py;"
            },
            "geometry": {
                "type": "Polygon",
                "coordinates": [
                    [
                        [
                            94.763642,
                            -76.262333
                        ],
                        [
                            94.766818,
                            -76.27138
                        ],
                        [
                            94.769998,
                            -76.280426
                        ],
                        [
                            94.773182,
                            -76.289473
                        ],
                        [
                            94.776371,
                            -76.298519
                        ],
                        [
                            94.779564,
                            -76.307566
                        ],
                        [
                            94.782761,
                            -76.316613
                        ],
                        [
                            94.785962,
                            -76.32566
                        ],
                        [
                            94.789168,
                            -76.334708
                        ],
                        [
                            94.792378,
                            -76.343755
                        ],
                        [
                            94.795592,
                            -76.352802
                        ],
                        [
                            94.798811,
                            -76.36185
                        ],
                        [
                            94.802034,
                            -76.370898
                        ],
                        [
                            94.805261,
                            -76.379946
                        ],
                        [
                            94.808493,
                            -76.388994
                        ],
                        [
                            94.790883,
                            -76.393898
                        ],
                        [
                            94.77326,
                            -76.3988
                        ],
                        [
                            94.776474,
                            -76.407849
                        ],
                        [
                            94.779693,
                            -76.416898
                        ],
                        [
                            94.782916,
                            -76.425947
                        ],
                        [
                            94.786144,
                            -76.434996
                        ],
                        [
                            94.789376,
                            -76.444045
                        ],
                        [
                            94.792612,
                            -76.453095
                        ],
                        [
                            94.795853,
                            -76.462144
                        ],
                        [
                            94.799098,
                            -76.471194
                        ],
                        [
                            94.802347,
                            -76.480244
                        ],
                        [
                            94.805601,
                            -76.489293
                        ],
                        [
                            94.808859,
                            -76.498343
                        ],
                        [
                            94.812122,
                            -76.507393
                        ],
                        [
                            94.815389,
                            -76.516444
                        ],
                        [
                            94.818661,
                            -76.525494
                        ],
                        [
                            94.821937,
                            -76.534545
                        ],
                        [
                            94.825217,
                            -76.543595
                        ],
                        [
                            94.828502,
                            -76.552646
                        ],
                        [
                            94.831791,
                            -76.561697
                        ],
                        [
                            94.835085,
                            -76.570748
                        ],
                        [
                            94.838383,
                            -76.579799
                        ],
                        [
                            94.820531,
                            -76.584707
                        ],
                        [
                            94.802666,
                            -76.589614
                        ],
                        [
                            94.805947,
                            -76.598665
                        ],
                        [
                            94.788058,
                            -76.603571
                        ],
                        [
                            94.770155,
                            -76.608476
                        ],
                        [
                            94.773418,
                            -76.617529
                        ],
                        [
                            94.776686,
                            -76.626581
                        ],
                        [
                            94.779958,
                            -76.635634
                        ],
                        [
                            94.783235,
                            -76.644687
                        ],
                        [
                            94.786516,
                            -76.65374
                        ],
                        [
                            94.789802,
                            -76.662794
                        ],
                        [
                            94.793092,
                            -76.671847
                        ],
                        [
                            94.796387,
                            -76.6809
                        ],
                        [
                            94.799686,
                            -76.689954
                        ],
                        [
                            94.80299,
                            -76.699008
                        ],
                        [
                            94.806298,
                            -76.708062
                        ],
                        [
                            94.78826,
                            -76.712969
                        ],
                        [
                            94.770209,
                            -76.717874
                        ],
                        [
                            94.752144,
                            -76.722779
                        ],
                        [
                            94.734066,
                            -76.727682
                        ],
                        [
                            94.715975,
                            -76.732584
                        ],
                        [
                            94.69787,
                            -76.737484
                        ],
                        [
                            94.679751,
                            -76.742384
                        ],
                        [
                            94.661619,
                            -76.747282
                        ],
                        [
                            94.643473,
                            -76.752179
                        ],
                        [
                            94.625314,
                            -76.757074
                        ],
                        [
                            94.628514,
                            -76.766132
                        ],
                        [
                            94.61033,
                            -76.771026
                        ],
                        [
                            94.592133,
                            -76.77592
                        ],
                        [
                            94.595314,
                            -76.784977
                        ],
                        [
                            94.616721,
                            -76.789142
                        ],
                        [
                            94.656346,
                            -76.788407
                        ],
                        [
                            94.677778,
                            -76.792566
                        ],
                        [
                            94.699224,
                            -76.796723
                        ],
                        [
                            94.720683,
                            -76.800878
                        ],
                        [
                            94.742155,
                            -76.805032
                        ],
                        [
                            94.763642,
                            -76.809184
                        ],
                        [
                            94.785142,
                            -76.813333
                        ],
                        [
                            94.806655,
                            -76.817482
                        ],
                        [
                            94.809996,
                            -76.826537
                        ],
                        [
                            94.813342,
                            -76.835593
                        ],
                        [
                            94.816692,
                            -76.84465
                        ],
                        [
                            94.820047,
                            -76.853706
                        ],
                        [
                            94.823406,
                            -76.862762
                        ],
                        [
                            94.82677,
                            -76.871819
                        ],
                        [
                            94.848394,
                            -76.875964
                        ],
                        [
                            94.870031,
                            -76.880107
                        ],
                        [
                            94.873432,
                            -76.889163
                        ],
                        [
                            94.876838,
                            -76.898219
                        ],
                        [
                            94.880249,
                            -76.907276
                        ],
                        [
                            94.883664,
                            -76.916332
                        ],
                        [
                            94.887084,
                            -76.925389
                        ],
                        [
                            94.890509,
                            -76.934446
                        ],
                        [
                            94.893939,
                            -76.943503
                        ],
                        [
                            94.915704,
                            -76.947643
                        ],
                        [
                            94.937483,
                            -76.95178
                        ],
                        [
                            94.94095,
                            -76.960837
                        ],
                        [
                            94.944422,
                            -76.969894
                        ],
                        [
                            94.966247,
                            -76.974029
                        ],
                        [
                            94.988087,
                            -76.978163
                        ],
                        [
                            94.991597,
                            -76.98722
                        ],
                        [
                            94.995111,
                            -76.996276
                        ],
                        [
                            94.998631,
                            -77.005333
                        ],
                        [
                            95.002156,
                            -77.014389
                        ],
                        [
                            95.005685,
                            -77.023446
                        ],
                        [
                            95.00922,
                            -77.032503
                        ],
                        [
                            95.01276,
                            -77.04156
                        ],
                        [
                            95.016304,
                            -77.050617
                        ],
                        [
                            95.03829,
                            -77.054747
                        ],
                        [
                            95.06029,
                            -77.058875
                        ],
                        [
                            95.063873,
                            -77.067932
                        ],
                        [
                            95.085904,
                            -77.072058
                        ],
                        [
                            95.107949,
                            -77.076183
                        ],
                        [
                            95.11157,
                            -77.085239
                        ],
                        [
                            95.115197,
                            -77.094295
                        ],
                        [
                            95.118829,
                            -77.103352
                        ],
                        [
                            95.100353,
                            -77.108285
                        ],
                        [
                            95.081864,
                            -77.113217
                        ],
                        [
                            95.085477,
                            -77.122275
                        ],
                        [
                            95.089096,
                            -77.131332
                        ],
                        [
                            95.070568,
                            -77.136264
                        ],
                        [
                            95.052027,
                            -77.141194
                        ],
                        [
                            95.033471,
                            -77.146123
                        ],
                        [
                            95.0149,
                            -77.15105
                        ],
                        [
                            95.018477,
                            -77.160109
                        ],
                        [
                            94.99988,
                            -77.165036
                        ],
                        [
                            94.981269,
                            -77.169961
                        ],
                        [
                            94.984827,
                            -77.179021
                        ],
                        [
                            94.96619,
                            -77.183945
                        ],
                        [
                            94.947538,
                            -77.188868
                        ],
                        [
                            94.951077,
                            -77.197929
                        ],
                        [
                            94.954621,
                            -77.20699
                        ],
                        [
                            94.935931,
                            -77.211912
                        ],
                        [
                            94.917226,
                            -77.216833
                        ],
                        [
                            94.898507,
                            -77.221753
                        ],
                        [
                            94.879774,
                            -77.226672
                        ],
                        [
                            94.883275,
                            -77.235734
                        ],
                        [
                            94.864514,
                            -77.240651
                        ],
                        [
                            94.84574,
                            -77.245568
                        ],
                        [
                            94.849222,
                            -77.254631
                        ],
                        [
                            94.852709,
                            -77.263694
                        ],
                        [
                            94.856201,
                            -77.272757
                        ],
                        [
                            94.859698,
                            -77.28182
                        ],
                        [
                            94.8632,
                            -77.290883
                        ],
                        [
                            94.866707,
                            -77.299947
                        ],
                        [
                            94.870219,
                            -77.309011
                        ],
                        [
                            94.873736,
                            -77.318074
                        ],
                        [
                            94.877259,
                            -77.327138
                        ],
                        [
                            94.880786,
                            -77.336202
                        ],
                        [
                            94.861875,
                            -77.34112
                        ],
                        [
                            94.842949,
                            -77.346037
                        ],
                        [
                            94.846456,
                            -77.355102
                        ],
                        [
                            94.849969,
                            -77.364167
                        ],
                        [
                            94.853488,
                            -77.373232
                        ],
                        [
                            94.857011,
                            -77.382297
                        ],
                        [
                            94.860539,
                            -77.391362
                        ],
                        [
                            94.864072,
                            -77.400427
                        ],
                        [
                            94.845057,
                            -77.405345
                        ],
                        [
                            94.826027,
                            -77.410261
                        ],
                        [
                            94.829541,
                            -77.419327
                        ],
                        [
                            94.83306,
                            -77.428393
                        ],
                        [
                            94.813989,
                            -77.433309
                        ],
                        [
                            94.794904,
                            -77.438224
                        ],
                        [
                            94.798403,
                            -77.447291
                        ],
                        [
                            94.801907,
                            -77.456358
                        ],
                        [
                            94.805416,
                            -77.465425
                        ],
                        [
                            94.808931,
                            -77.474492
                        ],
                        [
                            94.81245,
                            -77.483559
                        ],
                        [
                            94.815975,
                            -77.492627
                        ],
                        [
                            94.819504,
                            -77.501694
                        ],
                        [
                            94.823039,
                            -77.510762
                        ],
                        [
                            94.826579,
                            -77.51983
                        ],
                        [
                            94.830124,
                            -77.528898
                        ],
                        [
                            94.810898,
                            -77.533814
                        ],
                        [
                            94.791657,
                            -77.538729
                        ],
                        [
                            94.814436,
                            -77.542882
                        ],
                        [
                            94.856467,
                            -77.542115
                        ],
                        [
                            94.879274,
                            -77.546263
                        ],
                        [
                            94.902096,
                            -77.550409
                        ],
                        [
                            94.924934,
                            -77.554553
                        ],
                        [
                            94.928562,
                            -77.56362
                        ],
                        [
                            94.932194,
                            -77.572687
                        ],
                        [
                            94.955084,
                            -77.576829
                        ],
                        [
                            94.977988,
                            -77.580968
                        ],
                        [
                            94.981662,
                            -77.590035
                        ],
                        [
                            95.004601,
                            -77.594172
                        ],
                        [
                            95.027554,
                            -77.598308
                        ],
                        [
                            95.03127,
                            -77.607374
                        ],
                        [
                            95.034992,
                            -77.616441
                        ],
                        [
                            95.01571,
                            -77.621373
                        ],
                        [
                            94.996414,
                            -77.626304
                        ],
                        [
                            95.000115,
                            -77.635371
                        ],
                        [
                            95.003822,
                            -77.644438
                        ],
                        [
                            95.007535,
                            -77.653506
                        ],
                        [
                            95.011253,
                            -77.662574
                        ],
                        [
                            95.014976,
                            -77.671641
                        ],
                        [
                            95.018705,
                            -77.680709
                        ],
                        [
                            94.999316,
                            -77.685641
                        ],
                        [
                            94.979911,
                            -77.690571
                        ],
                        [
                            94.98362,
                            -77.69964
                        ],
                        [
                            94.987334,
                            -77.708708
                        ],
                        [
                            94.991054,
                            -77.717777
                        ],
                        [
                            94.994779,
                            -77.726846
                        ],
                        [
                            94.975307,
                            -77.731776
                        ],
                        [
                            94.955819,
                            -77.736705
                        ],
                        [
                            94.959524,
                            -77.745775
                        ],
                        [
                            94.940007,
                            -77.750703
                        ],
                        [
                            94.920474,
                            -77.755629
                        ],
                        [
                            94.924159,
                            -77.7647
                        ],
                        [
                            94.904597,
                            -77.769625
                        ],
                        [
                            94.88502,
                            -77.774549
                        ],
                        [
                            94.888683,
                            -77.78362
                        ],
                        [
                            94.869076,
                            -77.788543
                        ],
                        [
                            94.849454,
                            -77.793465
                        ],
                        [
                            94.853096,
                            -77.802537
                        ],
                        [
                            94.856744,
                            -77.811609
                        ],
                        [
                            94.860398,
                            -77.820682
                        ],
                        [
                            94.864057,
                            -77.829754
                        ],
                        [
                            94.867721,
                            -77.838827
                        ],
                        [
                            94.848016,
                            -77.843749
                        ],
                        [
                            94.828295,
                            -77.848669
                        ],
                        [
                            94.831939,
                            -77.857743
                        ],
                        [
                            94.812188,
                            -77.862662
                        ],
                        [
                            94.792422,
                            -77.86758
                        ],
                        [
                            94.796044,
                            -77.876655
                        ],
                        [
                            94.799671,
                            -77.885729
                        ],
                        [
                            94.779862,
                            -77.890646
                        ],
                        [
                            94.760036,
                            -77.895562
                        ],
                        [
                            94.763642,
                            -77.904637
                        ],
                        [
                            94.767253,
                            -77.913713
                        ],
                        [
                            94.747384,
                            -77.918628
                        ],
                        [
                            94.727499,
                            -77.923542
                        ],
                        [
                            94.731088,
                            -77.932618
                        ],
                        [
                            94.734683,
                            -77.941694
                        ],
                        [
                            94.738284,
                            -77.95077
                        ],
                        [
                            94.718341,
                            -77.955684
                        ],
                        [
                            94.698383,
                            -77.960596
                        ],
                        [
                            94.701961,
                            -77.969673
                        ],
                        [
                            94.681972,
                            -77.974584
                        ],
                        [
                            94.661967,
                            -77.979493
                        ],
                        [
                            94.665523,
                            -77.988571
                        ],
                        [
                            94.669085,
                            -77.997649
                        ],
                        [
                            94.649036,
                            -78.002558
                        ],
                        [
                            94.62897,
                            -78.007465
                        ],
                        [
                            94.608887,
                            -78.012371
                        ],
                        [
                            94.588788,
                            -78.017276
                        ],
                        [
                            94.5923,
                            -78.026355
                        ],
                        [
                            94.595817,
                            -78.035435
                        ],
                        [
                            94.59934,
                            -78.044514
                        ],
                        [
                            94.579182,
                            -78.049418
                        ],
                        [
                            94.559008,
                            -78.054321
                        ],
                        [
                            94.562508,
                            -78.063402
                        ],
                        [
                            94.566014,
                            -78.072482
                        ],
                        [
                            94.569525,
                            -78.081562
                        ],
                        [
                            94.549292,
                            -78.086465
                        ],
                        [
                            94.529042,
                            -78.091366
                        ],
                        [
                            94.53253,
                            -78.100447
                        ],
                        [
                            94.512249,
                            -78.105347
                        ],
                        [
                            94.491952,
                            -78.110245
                        ],
                        [
                            94.515729,
                            -78.114428
                        ],
                        [
                            94.539523,
                            -78.11861
                        ],
                        [
                            94.563333,
                            -78.122789
                        ],
                        [
                            94.587161,
                            -78.126966
                        ],
                        [
                            94.590704,
                            -78.136047
                        ],
                        [
                            94.614568,
                            -78.140222
                        ],
                        [
                            94.638449,
                            -78.144395
                        ],
                        [
                            94.642038,
                            -78.153476
                        ],
                        [
                            94.621711,
                            -78.158384
                        ],
                        [
                            94.601368,
                            -78.163291
                        ],
                        [
                            94.604933,
                            -78.172372
                        ],
                        [
                            94.608504,
                            -78.181454
                        ],
                        [
                            94.588115,
                            -78.18636
                        ],
                        [
                            94.567709,
                            -78.191265
                        ],
                        [
                            94.571257,
                            -78.200347
                        ],
                        [
                            94.57481,
                            -78.20943
                        ],
                        [
                            94.578369,
                            -78.218512
                        ],
                        [
                            94.557903,
                            -78.223416
                        ],
                        [
                            94.537419,
                            -78.228319
                        ],
                        [
                            94.516919,
                            -78.233221
                        ],
                        [
                            94.496401,
                            -78.23812
                        ],
                        [
                            94.499907,
                            -78.247204
                        ],
                        [
                            94.503419,
                            -78.256289
                        ],
                        [
                            94.482855,
                            -78.261188
                        ],
                        [
                            94.462274,
                            -78.266085
                        ],
                        [
                            94.465762,
                            -78.27517
                        ],
                        [
                            94.489867,
                            -78.279357
                        ],
                        [
                            94.513988,
                            -78.283541
                        ],
                        [
                            94.517523,
                            -78.292626
                        ],
                        [
                            94.521062,
                            -78.301711
                        ],
                        [
                            94.524607,
                            -78.310795
                        ],
                        [
                            94.503955,
                            -78.315696
                        ],
                        [
                            94.483286,
                            -78.320596
                        ],
                        [
                            94.486807,
                            -78.329681
                        ],
                        [
                            94.490334,
                            -78.338767
                        ],
                        [
                            94.493867,
                            -78.347853
                        ],
                        [
                            94.473136,
                            -78.352752
                        ],
                        [
                            94.452387,
                            -78.35765
                        ],
                        [
                            94.455895,
                            -78.366736
                        ],
                        [
                            94.459409,
                            -78.375823
                        ],
                        [
                            94.462929,
                            -78.384909
                        ],
                        [
                            94.466453,
                            -78.393996
                        ],
                        [
                            94.445628,
                            -78.398894
                        ],
                        [
                            94.424784,
                            -78.40379
                        ],
                        [
                            94.428285,
                            -78.412877
                        ],
                        [
                            94.431791,
                            -78.421965
                        ],
                        [
                            94.4109,
                            -78.42686
                        ],
                        [
                            94.389991,
                            -78.431754
                        ],
                        [
                            94.393473,
                            -78.440842
                        ],
                        [
                            94.39696,
                            -78.449931
                        ],
                        [
                            94.400452,
                            -78.459019
                        ],
                        [
                            94.40395,
                            -78.468108
                        ],
                        [
                            94.407454,
                            -78.477197
                        ],
                        [
                            94.410963,
                            -78.486286
                        ],
                        [
                            94.414478,
                            -78.495375
                        ],
                        [
                            94.417999,
                            -78.504464
                        ],
                        [
                            94.421525,
                            -78.513553
                        ],
                        [
                            94.425056,
                            -78.522642
                        ],
                        [
                            94.403978,
                            -78.527538
                        ],
                        [
                            94.382881,
                            -78.532432
                        ],
                        [
                            94.361766,
                            -78.537324
                        ],
                        [
                            94.340634,
                            -78.542216
                        ],
                        [
                            94.319482,
                            -78.547105
                        ],
                        [
                            94.298313,
                            -78.551993
                        ],
                        [
                            94.301758,
                            -78.561085
                        ],
                        [
                            94.280555,
                            -78.565971
                        ],
                        [
                            94.259334,
                            -78.570857
                        ],
                        [
                            94.262754,
                            -78.579949
                        ],
                        [
                            94.266179,
                            -78.589041
                        ],
                        [
                            94.269609,
                            -78.598134
                        ],
                        [
                            94.248323,
                            -78.603018
                        ],
                        [
                            94.227019,
                            -78.607902
                        ],
                        [
                            94.230423,
                            -78.616995
                        ],
                        [
                            94.209085,
                            -78.621877
                        ],
                        [
                            94.187728,
                            -78.626757
                        ],
                        [
                            94.191106,
                            -78.635851
                        ],
                        [
                            94.194491,
                            -78.644945
                        ],
                        [
                            94.219285,
                            -78.649158
                        ],
                        [
                            94.244097,
                            -78.653368
                        ],
                        [
                            94.24753,
                            -78.662462
                        ],
                        [
                            94.250967,
                            -78.671555
                        ],
                        [
                            94.254411,
                            -78.680649
                        ],
                        [
                            94.232962,
                            -78.685534
                        ],
                        [
                            94.211494,
                            -78.690416
                        ],
                        [
                            94.214911,
                            -78.699511
                        ],
                        [
                            94.218334,
                            -78.708606
                        ],
                        [
                            94.196816,
                            -78.713488
                        ],
                        [
                            94.175279,
                            -78.718368
                        ],
                        [
                            94.178675,
                            -78.727463
                        ],
                        [
                            94.182077,
                            -78.736559
                        ],
                        [
                            94.160489,
                            -78.741438
                        ],
                        [
                            94.138883,
                            -78.746316
                        ],
                        [
                            94.142258,
                            -78.755413
                        ],
                        [
                            94.145639,
                            -78.764509
                        ],
                        [
                            94.149025,
                            -78.773606
                        ],
                        [
                            94.127351,
                            -78.778483
                        ],
                        [
                            94.105658,
                            -78.783359
                        ],
                        [
                            94.109017,
                            -78.792456
                        ],
                        [
                            94.112382,
                            -78.801553
                        ],
                        [
                            94.115752,
                            -78.810651
                        ],
                        [
                            94.119128,
                            -78.819748
                        ],
                        [
                            94.122509,
                            -78.828846
                        ],
                        [
                            94.100716,
                            -78.833722
                        ],
                        [
                            94.078903,
                            -78.838596
                        ],
                        [
                            94.082257,
                            -78.847694
                        ],
                        [
                            94.060409,
                            -78.852567
                        ],
                        [
                            94.038541,
                            -78.857439
                        ],
                        [
                            94.041868,
                            -78.866538
                        ],
                        [
                            94.019965,
                            -78.871408
                        ],
                        [
                            93.998042,
                            -78.876277
                        ],
                        [
                            94.001341,
                            -78.885377
                        ],
                        [
                            93.979382,
                            -78.890244
                        ],
                        [
                            93.957405,
                            -78.89511
                        ],
                        [
                            93.935407,
                            -78.899974
                        ],
                        [
                            93.913391,
                            -78.904837
                        ],
                        [
                            93.916628,
                            -78.913938
                        ],
                        [
                            93.919871,
                            -78.923039
                        ],
                        [
                            93.923119,
                            -78.932141
                        ],
                        [
                            93.901033,
                            -78.937003
                        ],
                        [
                            93.878927,
                            -78.941863
                        ],
                        [
                            93.882146,
                            -78.950965
                        ],
                        [
                            93.860004,
                            -78.955824
                        ],
                        [
                            93.837842,
                            -78.960682
                        ],
                        [
                            93.81566,
                            -78.965538
                        ],
                        [
                            93.793459,
                            -78.970392
                        ],
                        [
                            93.771237,
                            -78.975245
                        ],
                        [
                            93.748997,
                            -78.980096
                        ],
                        [
                            93.726736,
                            -78.984945
                        ],
                        [
                            93.704456,
                            -78.989793
                        ],
                        [
                            93.682156,
                            -78.994639
                        ],
                        [
                            93.659836,
                            -78.999484
                        ],
                        [
                            93.637497,
                            -79.004327
                        ],
                        [
                            93.615137,
                            -79.009168
                        ],
                        [
                            93.592758,
                            -79.014008
                        ],
                        [
                            93.570359,
                            -79.018846
                        ],
                        [
                            93.547941,
                            -79.023683
                        ],
                        [
                            93.525502,
                            -79.028518
                        ],
                        [
                            93.528452,
                            -79.037625
                        ],
                        [
                            93.531407,
                            -79.046732
                        ],
                        [
                            93.534367,
                            -79.055839
                        ],
                        [
                            93.537332,
                            -79.064946
                        ],
                        [
                            93.540302,
                            -79.074054
                        ],
                        [
                            93.517756,
                            -79.078889
                        ],
                        [
                            93.49519,
                            -79.083722
                        ],
                        [
                            93.498129,
                            -79.09283
                        ],
                        [
                            93.475525,
                            -79.097662
                        ],
                        [
                            93.452901,
                            -79.102492
                        ],
                        [
                            93.430257,
                            -79.10732
                        ],
                        [
                            93.407592,
                            -79.112147
                        ],
                        [
                            93.384907,
                            -79.116972
                        ],
                        [
                            93.362202,
                            -79.121795
                        ],
                        [
                            93.339477,
                            -79.126617
                        ],
                        [
                            93.316731,
                            -79.131437
                        ],
                        [
                            93.319533,
                            -79.140548
                        ],
                        [
                            93.296749,
                            -79.145366
                        ],
                        [
                            93.273945,
                            -79.150183
                        ],
                        [
                            93.25112,
                            -79.154999
                        ],
                        [
                            93.228275,
                            -79.159812
                        ],
                        [
                            93.20541,
                            -79.164624
                        ],
                        [
                            93.182524,
                            -79.169435
                        ],
                        [
                            93.159618,
                            -79.174243
                        ],
                        [
                            93.111104,
                            -79.174742
                        ],
                        [
                            93.088155,
                            -79.179546
                        ],
                        [
                            93.065185,
                            -79.184347
                        ],
                        [
                            93.042194,
                            -79.189147
                        ],
                        [
                            93.019183,
                            -79.193945
                        ],
                        [
                            92.970575,
                            -79.194422
                        ],
                        [
                            92.921962,
                            -79.194891
                        ],
                        [
                            92.898885,
                            -79.199681
                        ],
                        [
                            92.875787,
                            -79.204468
                        ],
                        [
                            92.827125,
                            -79.204922
                        ],
                        [
                            92.803984,
                            -79.209704
                        ],
                        [
                            92.780822,
                            -79.214485
                        ],
                        [
                            92.73211,
                            -79.214924
                        ],
                        [
                            92.708905,
                            -79.219699
                        ],
                        [
                            92.68568,
                            -79.224472
                        ],
                        [
                            92.636919,
                            -79.224896
                        ],
                        [
                            92.61365,
                            -79.229664
                        ],
                        [
                            92.59036,
                            -79.23443
                        ],
                        [
                            92.54155,
                            -79.234838
                        ],
                        [
                            92.518217,
                            -79.239599
                        ],
                        [
                            92.494863,
                            -79.244358
                        ],
                        [
                            92.471489,
                            -79.249115
                        ],
                        [
                            92.448094,
                            -79.253871
                        ],
                        [
                            92.399189,
                            -79.254256
                        ],
                        [
                            92.375751,
                            -79.259006
                        ],
                        [
                            92.352291,
                            -79.263755
                        ],
                        [
                            92.32881,
                            -79.268501
                        ],
                        [
                            92.305309,
                            -79.273246
                        ],
                        [
                            92.281787,
                            -79.277989
                        ],
                        [
                            92.258243,
                            -79.28273
                        ],
                        [
                            92.234679,
                            -79.287469
                        ],
                        [
                            92.211094,
                            -79.292207
                        ],
                        [
                            92.187488,
                            -79.296943
                        ],
                        [
                            92.163861,
                            -79.301677
                        ],
                        [
                            92.140212,
                            -79.306409
                        ],
                        [
                            92.116543,
                            -79.31114
                        ],
                        [
                            92.092853,
                            -79.315869
                        ],
                        [
                            92.069141,
                            -79.320596
                        ],
                        [
                            92.045408,
                            -79.325321
                        ],
                        [
                            92.021655,
                            -79.330044
                        ],
                        [
                            91.99788,
                            -79.334766
                        ],
                        [
                            91.974084,
                            -79.339486
                        ],
                        [
                            91.950267,
                            -79.344204
                        ],
                        [
                            91.926428,
                            -79.34892
                        ],
                        [
                            91.902568,
                            -79.353635
                        ],
                        [
                            91.878687,
                            -79.358347
                        ],
                        [
                            91.854785,
                            -79.363058
                        ],
                        [
                            91.830862,
                            -79.367767
                        ],
                        [
                            91.806917,
                            -79.372475
                        ],
                        [
                            91.78295,
                            -79.37718
                        ],
                        [
                            91.758963,
                            -79.381884
                        ],
                        [
                            91.760485,
                            -79.391009
                        ],
                        [
                            91.762009,
                            -79.400134
                        ],
                        [
                            91.73796,
                            -79.404836
                        ],
                        [
                            91.71389,
                            -79.409537
                        ],
                        [
                            91.715377,
                            -79.418663
                        ],
                        [
                            91.691264,
                            -79.423361
                        ],
                        [
                            91.66713,
                            -79.428058
                        ],
                        [
                            91.642975,
                            -79.432753
                        ],
                        [
                            91.593214,
                            -79.433011
                        ],
                        [
                            91.569014,
                            -79.4377
                        ],
                        [
                            91.544792,
                            -79.442388
                        ],
                        [
                            91.520549,
                            -79.447073
                        ],
                        [
                            91.496284,
                            -79.451757
                        ],
                        [
                            91.471998,
                            -79.456439
                        ],
                        [
                            91.44769,
                            -79.461119
                        ],
                        [
                            91.42336,
                            -79.465798
                        ],
                        [
                            91.399008,
                            -79.470474
                        ],
                        [
                            91.349062,
                            -79.470693
                        ],
                        [
                            91.324666,
                            -79.475364
                        ],
                        [
                            91.325823,
                            -79.484492
                        ],
                        [
                            91.301384,
                            -79.489161
                        ],
                        [
                            91.276923,
                            -79.493828
                        ],
                        [
                            91.27804,
                            -79.502957
                        ],
                        [
                            91.253537,
                            -79.507622
                        ],
                        [
                            91.229012,
                            -79.512286
                        ],
                        [
                            91.230088,
                            -79.521415
                        ],
                        [
                            91.20552,
                            -79.526077
                        ],
                        [
                            91.18093,
                            -79.530737
                        ],
                        [
                            91.156318,
                            -79.535395
                        ],
                        [
                            91.131683,
                            -79.540051
                        ],
                        [
                            91.132678,
                            -79.549181
                        ],
                        [
                            91.108,
                            -79.553835
                        ],
                        [
                            91.0833,
                            -79.558488
                        ],
                        [
                            91.084254,
                            -79.567618
                        ],
                        [
                            91.059511,
                            -79.572269
                        ],
                        [
                            91.034745,
                            -79.576918
                        ],
                        [
                            91.035657,
                            -79.586049
                        ],
                        [
                            91.010848,
                            -79.590696
                        ],
                        [
                            90.986017,
                            -79.595341
                        ],
                        [
                            90.986888,
                            -79.604472
                        ],
                        [
                            90.962013,
                            -79.609115
                        ],
                        [
                            90.937115,
                            -79.613757
                        ],
                        [
                            90.912195,
                            -79.618396
                        ],
                        [
                            90.887253,
                            -79.623034
                        ],
                        [
                            90.862288,
                            -79.62767
                        ],
                        [
                            90.837301,
                            -79.632303
                        ],
                        [
                            90.812292,
                            -79.636935
                        ],
                        [
                            90.787259,
                            -79.641565
                        ],
                        [
                            90.762205,
                            -79.646193
                        ],
                        [
                            90.737128,
                            -79.650819
                        ],
                        [
                            90.712028,
                            -79.655443
                        ],
                        [
                            90.686906,
                            -79.660065
                        ],
                        [
                            90.661761,
                            -79.664685
                        ],
                        [
                            90.61086,
                            -79.664787
                        ],
                        [
                            90.58567,
                            -79.669401
                        ],
                        [
                            90.560457,
                            -79.674013
                        ],
                        [
                            90.535221,
                            -79.678624
                        ],
                        [
                            90.509962,
                            -79.683232
                        ],
                        [
                            90.484681,
                            -79.687838
                        ],
                        [
                            90.459377,
                            -79.692443
                        ],
                        [
                            90.434051,
                            -79.697045
                        ],
                        [
                            90.408701,
                            -79.701646
                        ],
                        [
                            90.383329,
                            -79.706244
                        ],
                        [
                            90.357934,
                            -79.710841
                        ],
                        [
                            90.332516,
                            -79.715435
                        ],
                        [
                            90.332814,
                            -79.724569
                        ],
                        [
                            90.30735,
                            -79.729162
                        ],
                        [
                            90.281864,
                            -79.733753
                        ],
                        [
                            90.256355,
                            -79.738341
                        ],
                        [
                            90.230823,
                            -79.742928
                        ],
                        [
                            90.23103,
                            -79.752063
                        ],
                        [
                            90.231237,
                            -79.761197
                        ],
                        [
                            90.231445,
                            -79.770332
                        ],
                        [
                            90.231653,
                            -79.779467
                        ],
                        [
                            90.231861,
                            -79.788602
                        ],
                        [
                            90.206192,
                            -79.793188
                        ],
                        [
                            90.180499,
                            -79.797771
                        ],
                        [
                            90.154783,
                            -79.802352
                        ],
                        [
                            90.129044,
                            -79.806931
                        ],
                        [
                            90.103282,
                            -79.811508
                        ],
                        [
                            90.077496,
                            -79.816083
                        ],
                        [
                            90.051688,
                            -79.820656
                        ],
                        [
                            90.025855,
                            -79.825227
                        ],
                        [
                            90.025879,
                            -79.834363
                        ],
                        [
                            90.025902,
                            -79.843498
                        ],
                        [
                            90.0,
                            -79.848068
                        ],
                        [
                            89.974074,
                            -79.852635
                        ],
                        [
                            89.948125,
                            -79.8572
                        ],
                        [
                            89.922153,
                            -79.861763
                        ],
                        [
                            89.896156,
                            -79.866323
                        ],
                        [
                            89.844235,
                            -79.866303
                        ],
                        [
                            89.818192,
                            -79.870857
                        ],
                        [
                            89.792125,
                            -79.87541
                        ],
                        [
                            89.740157,
                            -79.875373
                        ],
                        [
                            89.714043,
                            -79.879919
                        ],
                        [
                            89.687906,
                            -79.884464
                        ],
                        [
                            89.635892,
                            -79.88441
                        ],
                        [
                            89.609708,
                            -79.888948
                        ],
                        [
                            89.5835,
                            -79.893484
                        ],
                        [
                            89.557269,
                            -79.898018
                        ],
                        [
                            89.531014,
                            -79.90255
                        ],
                        [
                            89.504735,
                            -79.90708
                        ],
                        [
                            89.478432,
                            -79.911607
                        ],
                        [
                            89.452106,
                            -79.916133
                        ],
                        [
                            89.425756,
                            -79.920657
                        ],
                        [
                            89.399383,
                            -79.925178
                        ],
                        [
                            89.372985,
                            -79.929698
                        ],
                        [
                            89.346564,
                            -79.934215
                        ],
                        [
                            89.320119,
                            -79.93873
                        ],
                        [
                            89.293649,
                            -79.943243
                        ],
                        [
                            89.267157,
                            -79.947754
                        ],
                        [
                            89.24064,
                            -79.952263
                        ],
                        [
                            89.214099,
                            -79.95677
                        ],
                        [
                            89.161713,
                            -79.95664
                        ],
                        [
                            89.135125,
                            -79.961141
                        ],
                        [
                            89.108513,
                            -79.965639
                        ],
                        [
                            89.056082,
                            -79.965493
                        ],
                        [
                            89.029423,
                            -79.969984
                        ],
                        [
                            89.002739,
                            -79.974474
                        ],
                        [
                            88.950264,
                            -79.974311
                        ],
                        [
                            88.897789,
                            -79.974139
                        ],
                        [
                            88.872069,
                            -79.969482
                        ],
                        [
                            88.846374,
                            -79.964824
                        ],
                        [
                            88.793951,
                            -79.964635
                        ],
                        [
                            88.741531,
                            -79.964439
                        ],
                        [
                            88.689113,
                            -79.964234
                        ],
                        [
                            88.636696,
                            -79.964021
                        ],
                        [
                            88.611125,
                            -79.959344
                        ],
                        [
                            88.585577,
                            -79.954664
                        ],
                        [
                            88.560053,
                            -79.949983
                        ],
                        [
                            88.534553,
                            -79.9453
                        ],
                        [
                            88.509077,
                            -79.940615
                        ],
                        [
                            88.483624,
                            -79.935928
                        ],
                        [
                            88.431361,
                            -79.935682
                        ],
                        [
                            88.405958,
                            -79.930989
                        ],
                        [
                            88.380578,
                            -79.926294
                        ],
                        [
                            88.328368,
                            -79.926032
                        ],
                        [
                            88.27616,
                            -79.925761
                        ],
                        [
                            88.223956,
                            -79.925482
                        ],
                        [
                            88.171754,
                            -79.925195
                        ],
                        [
                            88.119555,
                            -79.924899
                        ],
                        [
                            88.06736,
                            -79.924595
                        ],
                        [
                            88.040371,
                            -79.929006
                        ],
                        [
                            88.013357,
                            -79.933415
                        ],
                        [
                            87.98632,
                            -79.937821
                        ],
                        [
                            87.984481,
                            -79.946953
                        ],
                        [
                            87.957395,
                            -79.951357
                        ],
                        [
                            87.930285,
                            -79.955759
                        ],
                        [
                            87.928391,
                            -79.96489
                        ],
                        [
                            87.901231,
                            -79.96929
                        ],
                        [
                            87.874048,
                            -79.973687
                        ],
                        [
                            87.872099,
                            -79.982819
                        ],
                        [
                            87.844866,
                            -79.987214
                        ],
                        [
                            87.817608,
                            -79.991607
                        ],
                        [
                            87.815604,
                            -80.000738
                        ],
                        [
                            87.813597,
                            -80.00987
                        ],
                        [
                            87.786263,
                            -80.01426
                        ],
                        [
                            87.758905,
                            -80.018649
                        ],
                        [
                            87.756842,
                            -80.02778
                        ],
                        [
                            87.754775,
                            -80.036912
                        ],
                        [
                            87.727341,
                            -80.041298
                        ],
                        [
                            87.699882,
                            -80.045681
                        ],
                        [
                            87.6724,
                            -80.050062
                        ],
                        [
                            87.644893,
                            -80.054441
                        ],
                        [
                            87.642717,
                            -80.063572
                        ],
                        [
                            87.615159,
                            -80.067949
                        ],
                        [
                            87.587577,
                            -80.072323
                        ],
                        [
                            87.55997,
                            -80.076695
                        ],
                        [
                            87.532339,
                            -80.081065
                        ],
                        [
                            87.504683,
                            -80.085433
                        ],
                        [
                            87.477003,
                            -80.089798
                        ],
                        [
                            87.449299,
                            -80.094161
                        ],
                        [
                            87.42157,
                            -80.098522
                        ],
                        [
                            87.393816,
                            -80.10288
                        ],
                        [
                            87.340705,
                            -80.10246
                        ],
                        [
                            87.287597,
                            -80.102032
                        ],
                        [
                            87.259775,
                            -80.106379
                        ],
                        [
                            87.231927,
                            -80.110724
                        ],
                        [
                            87.17878,
                            -80.110279
                        ],
                        [
                            87.125638,
                            -80.109824
                        ],
                        [
                            87.072501,
                            -80.109362
                        ],
                        [
                            87.019369,
                            -80.108891
                        ],
                        [
                            86.966242,
                            -80.108411
                        ],
                        [
                            86.91312,
                            -80.107923
                        ],
                        [
                            86.860004,
                            -80.107427
                        ],
                        [
                            86.806893,
                            -80.106922
                        ],
                        [
                            86.753787,
                            -80.106409
                        ],
                        [
                            86.700687,
                            -80.105887
                        ],
                        [
                            86.647593,
                            -80.105357
                        ],
                        [
                            86.594504,
                            -80.104818
                        ],
                        [
                            86.56637,
                            -80.109107
                        ],
                        [
                            86.538211,
                            -80.113394
                        ],
                        [
                            86.485085,
                            -80.112838
                        ],
                        [
                            86.431965,
                            -80.112273
                        ],
                        [
                            86.403738,
                            -80.116549
                        ],
                        [
                            86.375487,
                            -80.120822
                        ],
                        [
                            86.347211,
                            -80.125093
                        ],
                        [
                            86.318911,
                            -80.129361
                        ],
                        [
                            86.290586,
                            -80.133627
                        ],
                        [
                            86.262237,
                            -80.13789
                        ],
                        [
                            86.233862,
                            -80.142152
                        ],
                        [
                            86.205464,
                            -80.14641
                        ],
                        [
                            86.17704,
                            -80.150667
                        ],
                        [
                            86.148592,
                            -80.154921
                        ],
                        [
                            86.120119,
                            -80.159173
                        ],
                        [
                            86.091621,
                            -80.163422
                        ],
                        [
                            86.063099,
                            -80.167669
                        ],
                        [
                            86.034552,
                            -80.171913
                        ],
                        [
                            86.00598,
                            -80.176155
                        ],
                        [
                            85.977383,
                            -80.180395
                        ],
                        [
                            85.923928,
                            -80.179749
                        ],
                        [
                            85.895285,
                            -80.183982
                        ],
                        [
                            85.866618,
                            -80.188212
                        ],
                        [
                            85.837925,
                            -80.19244
                        ],
                        [
                            85.834027,
                            -80.201557
                        ],
                        [
                            85.805281,
                            -80.205782
                        ],
                        [
                            85.776511,
                            -80.210005
                        ],
                        [
                            85.747715,
                            -80.214225
                        ],
                        [
                            85.718894,
                            -80.218443
                        ],
                        [
                            85.690048,
                            -80.222658
                        ],
                        [
                            85.636381,
                            -80.221967
                        ],
                        [
                            85.582721,
                            -80.221267
                        ],
                        [
                            85.553808,
                            -80.225471
                        ],
                        [
                            85.52487,
                            -80.229672
                        ],
                        [
                            85.495907,
                            -80.233871
                        ],
                        [
                            85.466919,
                            -80.238068
                        ],
                        [
                            85.437906,
                            -80.242262
                        ],
                        [
                            85.408868,
                            -80.246453
                        ],
                        [
                            85.379805,
                            -80.250642
                        ],
                        [
                            85.350717,
                            -80.254829
                        ],
                        [
                            85.296896,
                            -80.254083
                        ],
                        [
                            85.243084,
                            -80.253329
                        ],
                        [
                            85.189281,
                            -80.252567
                        ],
                        [
                            85.135486,
                            -80.251796
                        ],
                        [
                            85.081699,
                            -80.251017
                        ],
                        [
                            85.027921,
                            -80.250229
                        ],
                        [
                            85.003386,
                            -80.245278
                        ],
                        [
                            84.978876,
                            -80.240326
                        ],
                        [
                            84.949647,
                            -80.244478
                        ],
                        [
                            84.920392,
                            -80.248627
                        ],
                        [
                            84.866641,
                            -80.247813
                        ],
                        [
                            84.812899,
                            -80.246991
                        ],
                        [
                            84.783578,
                            -80.251129
                        ],
                        [
                            84.754233,
                            -80.255264
                        ],
                        [
                            84.724863,
                            -80.259396
                        ],
                        [
                            84.695467,
                            -80.263526
                        ],
                        [
                            84.666046,
                            -80.267654
                        ],
                        [
                            84.636601,
                            -80.271779
                        ],
                        [
                            84.60713,
                            -80.275901
                        ],
                        [
                            84.577634,
                            -80.280021
                        ],
                        [
                            84.548113,
                            -80.284138
                        ],
                        [
                            84.518567,
                            -80.288253
                        ],
                        [
                            84.488996,
                            -80.292365
                        ],
                        [
                            84.459399,
                            -80.296475
                        ],
                        [
                            84.429778,
                            -80.300582
                        ],
                        [
                            84.400131,
                            -80.304686
                        ],
                        [
                            84.370459,
                            -80.308788
                        ],
                        [
                            84.340762,
                            -80.312888
                        ],
                        [
                            84.311039,
                            -80.316985
                        ],
                        [
                            84.305646,
                            -80.326082
                        ],
                        [
                            84.275868,
                            -80.330176
                        ],
                        [
                            84.246065,
                            -80.334267
                        ],
                        [
                            84.216236,
                            -80.338356
                        ],
                        [
                            84.186381,
                            -80.342442
                        ],
                        [
                            84.156502,
                            -80.346526
                        ],
                        [
                            84.102273,
                            -80.345591
                        ],
                        [
                            84.072348,
                            -80.349667
                        ],
                        [
                            84.042397,
                            -80.35374
                        ],
                        [
                            84.012421,
                            -80.357811
                        ],
                        [
                            83.98242,
                            -80.36188
                        ],
                        [
                            83.928121,
                            -80.360917
                        ],
                        [
                            83.898074,
                            -80.364978
                        ],
                        [
                            83.868002,
                            -80.369036
                        ],
                        [
                            83.813675,
                            -80.368055
                        ],
                        [
                            83.759359,
                            -80.367066
                        ],
                        [
                            83.705054,
                            -80.366068
                        ],
                        [
                            83.65076,
                            -80.365061
                        ],
                        [
                            83.596478,
                            -80.364045
                        ],
                        [
                            83.542207,
                            -80.363021
                        ],
                        [
                            83.487949,
                            -80.361989
                        ],
                        [
                            83.433701,
                            -80.360947
                        ],
                        [
                            83.379466,
                            -80.359898
                        ],
                        [
                            83.325243,
                            -80.358839
                        ],
                        [
                            83.271031,
                            -80.357772
                        ],
                        [
                            83.216832,
                            -80.356697
                        ],
                        [
                            83.162645,
                            -80.355612
                        ],
                        [
                            83.132293,
                            -80.359606
                        ],
                        [
                            83.101917,
                            -80.363596
                        ],
                        [
                            83.071515,
                            -80.367585
                        ],
                        [
                            83.041087,
                            -80.37157
                        ],
                        [
                            83.010635,
                            -80.375553
                        ],
                        [
                            82.980157,
                            -80.379533
                        ],
                        [
                            82.925868,
                            -80.378411
                        ],
                        [
                            82.871592,
                            -80.377281
                        ],
                        [
                            82.817328,
                            -80.376142
                        ],
                        [
                            82.786769,
                            -80.380104
                        ],
                        [
                            82.756183,
                            -80.384064
                        ],
                        [
                            82.725573,
                            -80.388022
                        ],
                        [
                            82.694937,
                            -80.391977
                        ],
                        [
                            82.664276,
                            -80.395928
                        ],
                        [
                            82.633589,
                            -80.399878
                        ],
                        [
                            82.602878,
                            -80.403824
                        ],
                        [
                            82.57214,
                            -80.407768
                        ],
                        [
                            82.51774,
                            -80.406582
                        ],
                        [
                            82.494128,
                            -80.401453
                        ],
                        [
                            82.470542,
                            -80.396322
                        ],
                        [
                            82.439774,
                            -80.400254
                        ],
                        [
                            82.408981,
                            -80.404183
                        ],
                        [
                            82.354622,
                            -80.402971
                        ],
                        [
                            82.323785,
                            -80.406892
                        ],
                        [
                            82.292923,
                            -80.410811
                        ],
                        [
                            82.262036,
                            -80.414727
                        ],
                        [
                            82.231123,
                            -80.418641
                        ],
                        [
                            82.176705,
                            -80.4174
                        ],
                        [
                            82.1223,
                            -80.416151
                        ],
                        [
                            82.091326,
                            -80.420052
                        ],
                        [
                            82.060326,
                            -80.42395
                        ],
                        [
                            82.0059,
                            -80.422683
                        ],
                        [
                            81.951488,
                            -80.421407
                        ],
                        [
                            81.897091,
                            -80.420122
                        ],
                        [
                            81.842708,
                            -80.418829
                        ],
                        [
                            81.788341,
                            -80.417527
                        ],
                        [
                            81.765096,
                            -80.412349
                        ],
                        [
                            81.741876,
                            -80.407168
                        ],
                        [
                            81.687588,
                            -80.405851
                        ],
                        [
                            81.664426,
                            -80.400665
                        ],
                        [
                            81.641289,
                            -80.395478
                        ],
                        [
                            81.587082,
                            -80.394145
                        ],
                        [
                            81.564003,
                            -80.388952
                        ],
                        [
                            81.540949,
                            -80.383759
                        ],
                        [
                            81.51792,
                            -80.378564
                        ],
                        [
                            81.494915,
                            -80.373367
                        ],
                        [
                            81.440854,
                            -80.37201
                        ],
                        [
                            81.417907,
                            -80.366809
                        ],
                        [
                            81.394986,
                            -80.361605
                        ],
                        [
                            81.341005,
                            -80.360233
                        ],
                        [
                            81.287039,
                            -80.358852
                        ],
                        [
                            81.264208,
                            -80.35364
                        ],
                        [
                            81.241401,
                            -80.348427
                        ],
                        [
                            81.218618,
                            -80.343212
                        ],
                        [
                            81.195861,
                            -80.337995
                        ],
                        [
                            81.142041,
                            -80.336592
                        ],
                        [
                            81.119341,
                            -80.33137
                        ],
                        [
                            81.096665,
                            -80.326147
                        ],
                        [
                            81.074014,
                            -80.320923
                        ],
                        [
                            81.051387,
                            -80.315697
                        ],
                        [
                            81.028785,
                            -80.31047
                        ],
                        [
                            81.006208,
                            -80.305241
                        ],
                        [
                            80.983654,
                            -80.30001
                        ],
                        [
                            80.961126,
                            -80.294779
                        ],
                        [
                            80.938621,
                            -80.289546
                        ],
                        [
                            80.916141,
                            -80.284311
                        ],
                        [
                            80.893686,
                            -80.279075
                        ],
                        [
                            80.871254,
                            -80.273837
                        ],
                        [
                            80.81784,
                            -80.272383
                        ],
                        [
                            80.795465,
                            -80.26714
                        ],
                        [
                            80.773114,
                            -80.261896
                        ],
                        [
                            80.71978,
                            -80.260426
                        ],
                        [
                            80.697486,
                            -80.255177
                        ],
                        [
                            80.675216,
                            -80.249927
                        ],
                        [
                            80.65297,
                            -80.244676
                        ],
                        [
                            80.630748,
                            -80.239422
                        ],
                        [
                            80.577559,
                            -80.23793
                        ],
                        [
                            80.546544,
                            -80.241689
                        ],
                        [
                            80.515505,
                            -80.245446
                        ],
                        [
                            80.484441,
                            -80.2492
                        ],
                        [
                            80.475511,
                            -80.258215
                        ],
                        [
                            80.444391,
                            -80.261965
                        ],
                        [
                            80.413248,
                            -80.265713
                        ],
                        [
                            80.404235,
                            -80.274727
                        ],
                        [
                            80.395207,
                            -80.283741
                        ],
                        [
                            80.363974,
                            -80.287483
                        ],
                        [
                            80.332717,
                            -80.291223
                        ],
                        [
                            80.323606,
                            -80.300236
                        ],
                        [
                            80.292292,
                            -80.303972
                        ],
                        [
                            80.260953,
                            -80.307705
                        ],
                        [
                            80.229591,
                            -80.311436
                        ],
                        [
                            80.176068,
                            -80.30988
                        ],
                        [
                            80.122563,
                            -80.308316
                        ],
                        [
                            80.069075,
                            -80.306744
                        ],
                        [
                            80.015605,
                            -80.305163
                        ],
                        [
                            79.993592,
                            -80.299868
                        ],
                        [
                            79.971603,
                            -80.294571
                        ],
                        [
                            79.918216,
                            -80.292975
                        ],
                        [
                            79.886769,
                            -80.296674
                        ],
                        [
                            79.855299,
                            -80.30037
                        ],
                        [
                            79.801899,
                            -80.298755
                        ],
                        [
                            79.748517,
                            -80.297132
                        ],
                        [
                            79.695154,
                            -80.295501
                        ],
                        [
                            79.673339,
                            -80.290186
                        ],
                        [
                            79.651548,
                            -80.284868
                        ],
                        [
                            79.629781,
                            -80.27955
                        ],
                        [
                            79.608037,
                            -80.27423
                        ],
                        [
                            79.586318,
                            -80.268909
                        ],
                        [
                            79.564623,
                            -80.263587
                        ],
                        [
                            79.533138,
                            -80.267252
                        ],
                        [
                            79.501628,
                            -80.270915
                        ],
                        [
                            79.448451,
                            -80.269246
                        ],
                        [
                            79.416903,
                            -80.272901
                        ],
                        [
                            79.385332,
                            -80.276553
                        ],
                        [
                            79.332144,
                            -80.274865
                        ],
                        [
                            79.278975,
                            -80.273168
                        ],
                        [
                            79.24735,
                            -80.276808
                        ],
                        [
                            79.215702,
                            -80.280444
                        ],
                        [
                            79.162523,
                            -80.278729
                        ],
                        [
                            79.109362,
                            -80.277006
                        ],
                        [
                            79.087912,
                            -80.271653
                        ],
                        [
                            79.066485,
                            -80.266299
                        ],
                        [
                            79.01341,
                            -80.264561
                        ],
                        [
                            78.960354,
                            -80.262815
                        ],
                        [
                            78.907317,
                            -80.26106
                        ],
                        [
                            78.886013,
                            -80.255694
                        ],
                        [
                            78.864733,
                            -80.250328
                        ],
                        [
                            78.833029,
                            -80.253928
                        ],
                        [
                            78.801301,
                            -80.257526
                        ],
                        [
                            78.748322,
                            -80.255746
                        ],
                        [
                            78.695362,
                            -80.253958
                        ],
                        [
                            78.642423,
                            -80.252162
                        ],
                        [
                            78.61063,
                            -80.255742
                        ],
                        [
                            78.578814,
                            -80.259319
                        ],
                        [
                            78.525866,
                            -80.257504
                        ],
                        [
                            78.472939,
                            -80.255682
                        ],
                        [
                            78.441072,
                            -80.259245
                        ],
                        [
                            78.409182,
                            -80.262806
                        ],
                        [
                            78.356248,
                            -80.260965
                        ],
                        [
                            78.324321,
                            -80.264518
                        ],
                        [
                            78.292371,
                            -80.268068
                        ],
                        [
                            78.260397,
                            -80.271615
                        ],
                        [
                            78.2284,
                            -80.275158
                        ],
                        [
                            78.196379,
                            -80.278699
                        ],
                        [
                            78.185295,
                            -80.287648
                        ],
                        [
                            78.153218,
                            -80.291184
                        ],
                        [
                            78.121117,
                            -80.294718
                        ],
                        [
                            78.109944,
                            -80.303664
                        ],
                        [
                            78.077786,
                            -80.307194
                        ],
                        [
                            78.045604,
                            -80.310721
                        ],
                        [
                            78.013398,
                            -80.314245
                        ],
                        [
                            77.981169,
                            -80.317765
                        ],
                        [
                            77.948916,
                            -80.321283
                        ],
                        [
                            77.895751,
                            -80.31937
                        ],
                        [
                            77.863461,
                            -80.322879
                        ],
                        [
                            77.831149,
                            -80.326386
                        ],
                        [
                            77.798812,
                            -80.329889
                        ],
                        [
                            77.766453,
                            -80.33339
                        ],
                        [
                            77.713257,
                            -80.331448
                        ],
                        [
                            77.660082,
                            -80.329499
                        ],
                        [
                            77.627673,
                            -80.332986
                        ],
                        [
                            77.595241,
                            -80.33647
                        ],
                        [
                            77.562785,
                            -80.339951
                        ],
                        [
                            77.530306,
                            -80.343429
                        ],
                        [
                            77.497803,
                            -80.346904
                        ],
                        [
                            77.465277,
                            -80.350376
                        ],
                        [
                            77.432727,
                            -80.353845
                        ],
                        [
                            77.400153,
                            -80.357311
                        ],
                        [
                            77.367557,
                            -80.360773
                        ],
                        [
                            77.334936,
                            -80.364233
                        ],
                        [
                            77.302292,
                            -80.367689
                        ],
                        [
                            77.290271,
                            -80.376609
                        ],
                        [
                            77.278228,
                            -80.385528
                        ],
                        [
                            77.266162,
                            -80.394446
                        ],
                        [
                            77.254074,
                            -80.403365
                        ],
                        [
                            77.241963,
                            -80.412283
                        ],
                        [
                            77.229829,
                            -80.421201
                        ],
                        [
                            77.196952,
                            -80.424647
                        ],
                        [
                            77.164051,
                            -80.428091
                        ],
                        [
                            77.131127,
                            -80.431531
                        ],
                        [
                            77.098178,
                            -80.434969
                        ],
                        [
                            77.065206,
                            -80.438403
                        ],
                        [
                            77.03221,
                            -80.441834
                        ],
                        [
                            76.99919,
                            -80.445262
                        ],
                        [
                            76.966147,
                            -80.448687
                        ],
                        [
                            76.953708,
                            -80.457595
                        ],
                        [
                            76.920605,
                            -80.461015
                        ],
                        [
                            76.887478,
                            -80.464433
                        ],
                        [
                            76.874945,
                            -80.473338
                        ],
                        [
                            76.862388,
                            -80.482244
                        ],
                        [
                            76.849807,
                            -80.491149
                        ],
                        [
                            76.816549,
                            -80.49456
                        ],
                        [
                            76.783267,
                            -80.497967
                        ],
                        [
                            76.770591,
                            -80.50687
                        ],
                        [
                            76.73725,
                            -80.510273
                        ],
                        [
                            76.703884,
                            -80.513673
                        ],
                        [
                            76.691112,
                            -80.522572
                        ],
                        [
                            76.657686,
                            -80.525968
                        ],
                        [
                            76.624236,
                            -80.52936
                        ],
                        [
                            76.590762,
                            -80.53275
                        ],
                        [
                            76.557264,
                            -80.536135
                        ],
                        [
                            76.523742,
                            -80.539518
                        ],
                        [
                            76.490196,
                            -80.542898
                        ],
                        [
                            76.477182,
                            -80.55179
                        ],
                        [
                            76.443576,
                            -80.555165
                        ],
                        [
                            76.409945,
                            -80.558537
                        ],
                        [
                            76.396833,
                            -80.567426
                        ],
                        [
                            76.383697,
                            -80.576315
                        ],
                        [
                            76.370535,
                            -80.585204
                        ],
                        [
                            76.357349,
                            -80.594092
                        ],
                        [
                            76.344138,
                            -80.60298
                        ],
                        [
                            76.330901,
                            -80.611867
                        ],
                        [
                            76.31764,
                            -80.620754
                        ],
                        [
                            76.304353,
                            -80.629641
                        ],
                        [
                            76.270403,
                            -80.633
                        ],
                        [
                            76.236429,
                            -80.636356
                        ],
                        [
                            76.223043,
                            -80.645239
                        ],
                        [
                            76.20963,
                            -80.654123
                        ],
                        [
                            76.175557,
                            -80.657472
                        ],
                        [
                            76.14146,
                            -80.660819
                        ],
                        [
                            76.127947,
                            -80.669699
                        ],
                        [
                            76.114408,
                            -80.678579
                        ],
                        [
                            76.080211,
                            -80.68192
                        ],
                        [
                            76.045989,
                            -80.685258
                        ],
                        [
                            76.03235,
                            -80.694135
                        ],
                        [
                            76.052981,
                            -80.699677
                        ],
                        [
                            76.073637,
                            -80.705217
                        ],
                        [
                            76.039326,
                            -80.708554
                        ],
                        [
                            76.004991,
                            -80.711888
                        ],
                        [
                            75.991273,
                            -80.720763
                        ],
                        [
                            76.011939,
                            -80.726308
                        ],
                        [
                            76.03263,
                            -80.731851
                        ],
                        [
                            76.018908,
                            -80.740728
                        ],
                        [
                            76.00516,
                            -80.749605
                        ],
                        [
                            75.991386,
                            -80.758481
                        ],
                        [
                            75.977584,
                            -80.767357
                        ],
                        [
                            75.943007,
                            -80.770685
                        ],
                        [
                            75.908405,
                            -80.77401
                        ],
                        [
                            75.8945,
                            -80.782882
                        ],
                        [
                            75.880569,
                            -80.791755
                        ],
                        [
                            75.86661,
                            -80.800627
                        ],
                        [
                            75.831867,
                            -80.803944
                        ],
                        [
                            75.797099,
                            -80.807258
                        ],
                        [
                            75.783035,
                            -80.816127
                        ],
                        [
                            75.748203,
                            -80.819436
                        ],
                        [
                            75.713346,
                            -80.822742
                        ],
                        [
                            75.699177,
                            -80.831608
                        ],
                        [
                            75.684981,
                            -80.840473
                        ],
                        [
                            75.65002,
                            -80.843773
                        ],
                        [
                            75.615034,
                            -80.847069
                        ],
                        [
                            75.600732,
                            -80.855932
                        ],
                        [
                            75.586402,
                            -80.864793
                        ],
                        [
                            75.572044,
                            -80.873655
                        ],
                        [
                            75.557659,
                            -80.882515
                        ],
                        [
                            75.543245,
                            -80.891376
                        ],
                        [
                            75.528802,
                            -80.900236
                        ],
                        [
                            75.493554,
                            -80.903521
                        ],
                        [
                            75.458281,
                            -80.906802
                        ],
                        [
                            75.443731,
                            -80.915659
                        ],
                        [
                            75.429152,
                            -80.924515
                        ],
                        [
                            75.393773,
                            -80.92779
                        ],
                        [
                            75.358368,
                            -80.931062
                        ],
                        [
                            75.343681,
                            -80.939915
                        ],
                        [
                            75.308211,
                            -80.943182
                        ],
                        [
                            75.272715,
                            -80.946445
                        ],
                        [
                            75.257918,
                            -80.955295
                        ],
                        [
                            75.243093,
                            -80.964144
                        ],
                        [
                            75.228238,
                            -80.972993
                        ],
                        [
                            75.213354,
                            -80.981841
                        ],
                        [
                            75.198441,
                            -80.990689
                        ],
                        [
                            75.183498,
                            -80.999536
                        ],
                        [
                            75.168526,
                            -81.008383
                        ],
                        [
                            75.153524,
                            -81.017229
                        ],
                        [
                            75.117678,
                            -81.020477
                        ],
                        [
                            75.081806,
                            -81.023723
                        ],
                        [
                            75.066692,
                            -81.032566
                        ],
                        [
                            75.030753,
                            -81.035806
                        ],
                        [
                            74.994787,
                            -81.039043
                        ],
                        [
                            74.958796,
                            -81.042276
                        ],
                        [
                            74.922778,
                            -81.045506
                        ],
                        [
                            74.886734,
                            -81.048732
                        ],
                        [
                            74.850664,
                            -81.051955
                        ],
                        [
                            74.814568,
                            -81.055174
                        ],
                        [
                            74.778446,
                            -81.05839
                        ],
                        [
                            74.762973,
                            -81.067221
                        ],
                        [
                            74.747468,
                            -81.076051
                        ],
                        [
                            74.731933,
                            -81.08488
                        ],
                        [
                            74.716367,
                            -81.093709
                        ],
                        [
                            74.70077,
                            -81.102537
                        ],
                        [
                            74.664413,
                            -81.105742
                        ],
                        [
                            74.628031,
                            -81.108943
                        ],
                        [
                            74.612319,
                            -81.117768
                        ],
                        [
                            74.596575,
                            -81.126592
                        ],
                        [
                            74.560082,
                            -81.129787
                        ],
                        [
                            74.523563,
                            -81.132978
                        ],
                        [
                            74.507703,
                            -81.141799
                        ],
                        [
                            74.491812,
                            -81.150619
                        ],
                        [
                            74.475889,
                            -81.159438
                        ],
                        [
                            74.439216,
                            -81.162621
                        ],
                        [
                            74.402517,
                            -81.165801
                        ],
                        [
                            74.386477,
                            -81.174616
                        ],
                        [
                            74.370404,
                            -81.183432
                        ],
                        [
                            74.3543,
                            -81.192246
                        ],
                        [
                            74.338163,
                            -81.20106
                        ],
                        [
                            74.358907,
                            -81.206702
                        ],
                        [
                            74.379677,
                            -81.212343
                        ],
                        [
                            74.363529,
                            -81.221159
                        ],
                        [
                            74.326556,
                            -81.224331
                        ],
                        [
                            74.289557,
                            -81.227499
                        ],
                        [
                            74.273289,
                            -81.236311
                        ],
                        [
                            74.256989,
                            -81.245122
                        ],
                        [
                            74.240656,
                            -81.253932
                        ],
                        [
                            74.203499,
                            -81.257093
                        ],
                        [
                            74.166316,
                            -81.260249
                        ],
                        [
                            74.129106,
                            -81.263402
                        ],
                        [
                            74.091868,
                            -81.266551
                        ],
                        [
                            74.075327,
                            -81.275354
                        ],
                        [
                            74.038019,
                            -81.278498
                        ],
                        [
                            74.000685,
                            -81.281639
                        ],
                        [
                            73.984022,
                            -81.290438
                        ],
                        [
                            73.967326,
                            -81.299237
                        ],
                        [
                            73.950596,
                            -81.308036
                        ],
                        [
                            73.933833,
                            -81.316833
                        ],
                        [
                            73.917034,
                            -81.325631
                        ],
                        [
                            73.900202,
                            -81.334427
                        ],
                        [
                            73.883336,
                            -81.343223
                        ],
                        [
                            73.866434,
                            -81.352018
                        ],
                        [
                            73.849499,
                            -81.360813
                        ],
                        [
                            73.811738,
                            -81.363935
                        ],
                        [
                            73.77395,
                            -81.367053
                        ],
                        [
                            73.75689,
                            -81.375843
                        ],
                        [
                            73.739795,
                            -81.384633
                        ],
                        [
                            73.70189,
                            -81.387744
                        ],
                        [
                            73.663957,
                            -81.390852
                        ],
                        [
                            73.625997,
                            -81.393955
                        ],
                        [
                            73.588009,
                            -81.397055
                        ],
                        [
                            73.570699,
                            -81.405838
                        ],
                        [
                            73.532638,
                            -81.408932
                        ],
                        [
                            73.49455,
                            -81.412023
                        ],
                        [
                            73.477113,
                            -81.420801
                        ],
                        [
                            73.459641,
                            -81.429579
                        ],
                        [
                            73.442132,
                            -81.438356
                        ],
                        [
                            73.424587,
                            -81.447133
                        ],
                        [
                            73.407007,
                            -81.455908
                        ],
                        [
                            73.368663,
                            -81.458987
                        ],
                        [
                            73.330291,
                            -81.462061
                        ],
                        [
                            73.312582,
                            -81.470833
                        ],
                        [
                            73.274137,
                            -81.473902
                        ],
                        [
                            73.235664,
                            -81.476967
                        ],
                        [
                            73.217826,
                            -81.485734
                        ],
                        [
                            73.199951,
                            -81.494501
                        ],
                        [
                            73.182039,
                            -81.503267
                        ],
                        [
                            73.16409,
                            -81.512032
                        ],
                        [
                            73.146104,
                            -81.520797
                        ],
                        [
                            73.107371,
                            -81.523849
                        ],
                        [
                            73.06861,
                            -81.526898
                        ],
                        [
                            73.050492,
                            -81.535658
                        ],
                        [
                            73.011657,
                            -81.538701
                        ],
                        [
                            72.972793,
                            -81.54174
                        ],
                        [
                            72.933901,
                            -81.544776
                        ],
                        [
                            72.894981,
                            -81.547807
                        ],
                        [
                            72.856033,
                            -81.550835
                        ],
                        [
                            72.796499,
                            -81.548131
                        ],
                        [
                            72.757514,
                            -81.551149
                        ],
                        [
                            72.718502,
                            -81.554163
                        ],
                        [
                            72.69801,
                            -81.54843
                        ],
                        [
                            72.677546,
                            -81.542696
                        ],
                        [
                            72.618128,
                            -81.539965
                        ],
                        [
                            72.558747,
                            -81.537224
                        ],
                        [
                            72.538406,
                            -81.531483
                        ],
                        [
                            72.518091,
                            -81.525741
                        ],
                        [
                            72.458844,
                            -81.522985
                        ],
                        [
                            72.399635,
                            -81.520221
                        ],
                        [
                            72.340465,
                            -81.517447
                        ],
                        [
                            72.281334,
                            -81.514665
                        ],
                        [
                            72.222242,
                            -81.511873
                        ],
                        [
                            72.163188,
                            -81.509073
                        ],
                        [
                            72.104174,
                            -81.506264
                        ],
                        [
                            72.0452,
                            -81.503445
                        ],
                        [
                            72.025288,
                            -81.497678
                        ],
                        [
                            72.005403,
                            -81.491909
                        ],
                        [
                            71.946561,
                            -81.489076
                        ],
                        [
                            71.887758,
                            -81.486234
                        ],
                        [
                            71.828995,
                            -81.483382
                        ],
                        [
                            71.809277,
                            -81.477604
                        ],
                        [
                            71.789586,
                            -81.471824
                        ],
                        [
                            71.769922,
                            -81.466044
                        ],
                        [
                            71.750284,
                            -81.460263
                        ],
                        [
                            71.730674,
                            -81.45448
                        ],
                        [
                            71.74997,
                            -81.445785
                        ],
                        [
                            71.788824,
                            -81.442869
                        ],
                        [
                            71.827651,
                            -81.439949
                        ],
                        [
                            71.808034,
                            -81.43417
                        ],
                        [
                            71.788444,
                            -81.428391
                        ],
                        [
                            71.768881,
                            -81.422611
                        ],
                        [
                            71.749344,
                            -81.41683
                        ],
                        [
                            71.729833,
                            -81.411048
                        ],
                        [
                            71.671639,
                            -81.408173
                        ],
                        [
                            71.6522,
                            -81.402387
                        ],
                        [
                            71.632788,
                            -81.3966
                        ],
                        [
                            71.574725,
                            -81.393711
                        ],
                        [
                            71.5167,
                            -81.390813
                        ],
                        [
                            71.458715,
                            -81.387906
                        ],
                        [
                            71.439466,
                            -81.382109
                        ],
                        [
                            71.420243,
                            -81.376312
                        ],
                        [
                            71.362389,
                            -81.37339
                        ],
                        [
                            71.343237,
                            -81.367589
                        ],
                        [
                            71.36273,
                            -81.358914
                        ],
                        [
                            71.382183,
                            -81.350238
                        ],
                        [
                            71.401597,
                            -81.341561
                        ],
                        [
                            71.420972,
                            -81.332884
                        ],
                        [
                            71.440308,
                            -81.324205
                        ],
                        [
                            71.459605,
                            -81.315526
                        ],
                        [
                            71.478863,
                            -81.306845
                        ],
                        [
                            71.498083,
                            -81.298164
                        ],
                        [
                            71.479007,
                            -81.29237
                        ],
                        [
                            71.459956,
                            -81.286576
                        ],
                        [
                            71.440931,
                            -81.28078
                        ],
                        [
                            71.383706,
                            -81.277862
                        ],
                        [
                            71.36475,
                            -81.272062
                        ],
                        [
                            71.34582,
                            -81.266262
                        ],
                        [
                            71.288722,
                            -81.26333
                        ],
                        [
                            71.269862,
                            -81.257525
                        ],
                        [
                            71.251027,
                            -81.251721
                        ],
                        [
                            71.232216,
                            -81.245915
                        ],
                        [
                            71.213431,
                            -81.240108
                        ],
                        [
                            71.194671,
                            -81.2343
                        ],
                        [
                            71.175936,
                            -81.228492
                        ],
                        [
                            71.157225,
                            -81.222682
                        ],
                        [
                            71.13854,
                            -81.216872
                        ],
                        [
                            71.081834,
                            -81.213908
                        ],
                        [
                            71.063217,
                            -81.208094
                        ],
                        [
                            71.044625,
                            -81.202279
                        ],
                        [
                            70.988045,
                            -81.199302
                        ],
                        [
                            70.931504,
                            -81.196316
                        ],
                        [
                            70.893462,
                            -81.199144
                        ],
                        [
                            70.855396,
                            -81.201969
                        ],
                        [
                            70.798883,
                            -81.198962
                        ],
                        [
                            70.760787,
                            -81.201777
                        ],
                        [
                            70.722666,
                            -81.204589
                        ],
                        [
                            70.666182,
                            -81.201562
                        ],
                        [
                            70.609737,
                            -81.198528
                        ],
                        [
                            70.571582,
                            -81.201323
                        ],
                        [
                            70.533403,
                            -81.204115
                        ],
                        [
                            70.4952,
                            -81.206903
                        ],
                        [
                            70.456972,
                            -81.209687
                        ],
                        [
                            70.400548,
                            -81.206621
                        ],
                        [
                            70.362291,
                            -81.209396
                        ],
                        [
                            70.32401,
                            -81.212166
                        ],
                        [
                            70.267617,
                            -81.20908
                        ],
                        [
                            70.249552,
                            -81.203226
                        ],
                        [
                            70.231512,
                            -81.197371
                        ],
                        [
                            70.175246,
                            -81.194271
                        ],
                        [
                            70.157274,
                            -81.188413
                        ],
                        [
                            70.139326,
                            -81.182554
                        ],
                        [
                            70.121401,
                            -81.176694
                        ],
                        [
                            70.103501,
                            -81.170834
                        ],
                        [
                            70.085624,
                            -81.164972
                        ],
                        [
                            70.067771,
                            -81.15911
                        ],
                        [
                            70.049942,
                            -81.153247
                        ],
                        [
                            70.032136,
                            -81.147383
                        ],
                        [
                            69.97626,
                            -81.144253
                        ],
                        [
                            69.920423,
                            -81.141115
                        ],
                        [
                            69.864626,
                            -81.137969
                        ],
                        [
                            69.808869,
                            -81.134814
                        ],
                        [
                            69.753152,
                            -81.13165
                        ],
                        [
                            69.715019,
                            -81.134358
                        ],
                        [
                            69.676863,
                            -81.137062
                        ],
                        [
                            69.621179,
                            -81.133879
                        ],
                        [
                            69.565535,
                            -81.130688
                        ],
                        [
                            69.52735,
                            -81.133377
                        ],
                        [
                            69.489141,
                            -81.136061
                        ],
                        [
                            69.433531,
                            -81.13285
                        ],
                        [
                            69.395296,
                            -81.135525
                        ],
                        [
                            69.357038,
                            -81.138196
                        ],
                        [
                            69.301463,
                            -81.134965
                        ],
                        [
                            69.263179,
                            -81.137627
                        ],
                        [
                            69.224871,
                            -81.140285
                        ],
                        [
                            69.186541,
                            -81.142938
                        ],
                        [
                            69.148188,
                            -81.145588
                        ],
                        [
                            69.092643,
                            -81.142326
                        ],
                        [
                            69.054265,
                            -81.144966
                        ],
                        [
                            69.015863,
                            -81.147602
                        ],
                        [
                            68.977438,
                            -81.150234
                        ],
                        [
                            68.93899,
                            -81.152862
                        ],
                        [
                            68.90052,
                            -81.155486
                        ],
                        [
                            68.862026,
                            -81.158107
                        ],
                        [
                            68.80651,
                            -81.154802
                        ],
                        [
                            68.767991,
                            -81.157412
                        ],
                        [
                            68.72945,
                            -81.160019
                        ],
                        [
                            68.673972,
                            -81.156694
                        ],
                        [
                            68.635406,
                            -81.159291
                        ],
                        [
                            68.596817,
                            -81.161884
                        ],
                        [
                            68.541377,
                            -81.158539
                        ],
                        [
                            68.502764,
                            -81.161122
                        ],
                        [
                            68.464129,
                            -81.163702
                        ],
                        [
                            68.42547,
                            -81.166277
                        ],
                        [
                            68.38679,
                            -81.168848
                        ],
                        [
                            68.331386,
                            -81.165472
                        ],
                        [
                            68.292681,
                            -81.168034
                        ],
                        [
                            68.253954,
                            -81.170591
                        ],
                        [
                            68.215204,
                            -81.173144
                        ],
                        [
                            68.176432,
                            -81.175693
                        ],
                        [
                            68.137638,
                            -81.178239
                        ],
                        [
                            68.09882,
                            -81.18078
                        ],
                        [
                            68.059981,
                            -81.183317
                        ],
                        [
                            68.021119,
                            -81.18585
                        ],
                        [
                            67.982235,
                            -81.18838
                        ],
                        [
                            67.959813,
                            -81.196865
                        ],
                        [
                            67.920862,
                            -81.199388
                        ],
                        [
                            67.881889,
                            -81.201907
                        ],
                        [
                            67.859336,
                            -81.210386
                        ],
                        [
                            67.836739,
                            -81.218864
                        ],
                        [
                            67.797655,
                            -81.221374
                        ],
                        [
                            67.758548,
                            -81.22388
                        ],
                        [
                            67.735818,
                            -81.232352
                        ],
                        [
                            67.696645,
                            -81.234852
                        ],
                        [
                            67.657449,
                            -81.237348
                        ],
                        [
                            67.61823,
                            -81.239839
                        ],
                        [
                            67.57899,
                            -81.242326
                        ],
                        [
                            67.539726,
                            -81.24481
                        ],
                        [
                            67.500441,
                            -81.247289
                        ],
                        [
                            67.461133,
                            -81.249764
                        ],
                        [
                            67.421803,
                            -81.252235
                        ],
                        [
                            67.398672,
                            -81.260687
                        ],
                        [
                            67.375496,
                            -81.269138
                        ],
                        [
                            67.336054,
                            -81.2716
                        ],
                        [
                            67.29659,
                            -81.274058
                        ],
                        [
                            67.257103,
                            -81.276512
                        ],
                        [
                            67.217594,
                            -81.278961
                        ],
                        [
                            67.178063,
                            -81.281407
                        ],
                        [
                            67.13851,
                            -81.283849
                        ],
                        [
                            67.098934,
                            -81.286286
                        ],
                        [
                            67.043296,
                            -81.282719
                        ],
                        [
                            67.027279,
                            -81.276719
                        ],
                        [
                            67.011283,
                            -81.270718
                        ],
                        [
                            66.955781,
                            -81.267139
                        ],
                        [
                            66.939853,
                            -81.261135
                        ],
                        [
                            66.923946,
                            -81.25513
                        ],
                        [
                            66.908061,
                            -81.249125
                        ],
                        [
                            66.931636,
                            -81.240703
                        ],
                        [
                            66.915772,
                            -81.234698
                        ],
                        [
                            66.89993,
                            -81.228693
                        ],
                        [
                            66.88411,
                            -81.222687
                        ],
                        [
                            66.828965,
                            -81.219089
                        ],
                        [
                            66.813211,
                            -81.21308
                        ],
                        [
                            66.797478,
                            -81.207071
                        ],
                        [
                            66.742467,
                            -81.20346
                        ],
                        [
                            66.726801,
                            -81.197448
                        ],
                        [
                            66.711155,
                            -81.191435
                        ],
                        [
                            66.656278,
                            -81.187812
                        ],
                        [
                            66.640698,
                            -81.181796
                        ],
                        [
                            66.625139,
                            -81.175779
                        ],
                        [
                            66.570395,
                            -81.172144
                        ],
                        [
                            66.531167,
                            -81.174521
                        ],
                        [
                            66.491917,
                            -81.176895
                        ],
                        [
                            66.452647,
                            -81.179264
                        ],
                        [
                            66.413355,
                            -81.181629
                        ],
                        [
                            66.374042,
                            -81.18399
                        ],
                        [
                            66.334708,
                            -81.186347
                        ],
                        [
                            66.295352,
                            -81.188699
                        ],
                        [
                            66.271308,
                            -81.19708
                        ],
                        [
                            66.247218,
                            -81.205459
                        ],
                        [
                            66.223081,
                            -81.213837
                        ],
                        [
                            66.198899,
                            -81.222213
                        ],
                        [
                            66.17467,
                            -81.230587
                        ],
                        [
                            66.150394,
                            -81.23896
                        ],
                        [
                            66.110752,
                            -81.241294
                        ],
                        [
                            66.071089,
                            -81.243623
                        ],
                        [
                            66.046677,
                            -81.25199
                        ],
                        [
                            66.006948,
                            -81.254312
                        ],
                        [
                            65.967198,
                            -81.256631
                        ],
                        [
                            65.927427,
                            -81.258945
                        ],
                        [
                            65.872456,
                            -81.255207
                        ],
                        [
                            65.817532,
                            -81.251461
                        ],
                        [
                            65.802418,
                            -81.24541
                        ],
                        [
                            65.787326,
                            -81.239359
                        ],
                        [
                            65.772255,
                            -81.233307
                        ],
                        [
                            65.757204,
                            -81.227255
                        ],
                        [
                            65.702505,
                            -81.223492
                        ],
                        [
                            65.68752,
                            -81.217437
                        ],
                        [
                            65.672555,
                            -81.211381
                        ],
                        [
                            65.657611,
                            -81.205325
                        ],
                        [
                            65.642688,
                            -81.199268
                        ],
                        [
                            65.588213,
                            -81.195489
                        ],
                        [
                            65.533785,
                            -81.191702
                        ],
                        [
                            65.51897,
                            -81.185641
                        ],
                        [
                            65.504176,
                            -81.179578
                        ],
                        [
                            65.449883,
                            -81.175779
                        ],
                        [
                            65.435153,
                            -81.169715
                        ],
                        [
                            65.420443,
                            -81.163649
                        ],
                        [
                            65.366284,
                            -81.159838
                        ],
                        [
                            65.351638,
                            -81.15377
                        ],
                        [
                            65.337013,
                            -81.147702
                        ],
                        [
                            65.322407,
                            -81.141633
                        ],
                        [
                            65.307822,
                            -81.135563
                        ],
                        [
                            65.253884,
                            -81.131736
                        ],
                        [
                            65.199992,
                            -81.127901
                        ],
                        [
                            65.160603,
                            -81.130133
                        ],
                        [
                            65.121194,
                            -81.132362
                        ],
                        [
                            65.081765,
                            -81.134586
                        ],
                        [
                            65.056721,
                            -81.142886
                        ],
                        [
                            65.017229,
                            -81.145104
                        ],
                        [
                            64.977717,
                            -81.147317
                        ],
                        [
                            64.952539,
                            -81.15561
                        ],
                        [
                            64.912964,
                            -81.157816
                        ],
                        [
                            64.873369,
                            -81.160019
                        ],
                        [
                            64.833754,
                            -81.162217
                        ],
                        [
                            64.794119,
                            -81.164411
                        ],
                        [
                            64.768719,
                            -81.172692
                        ],
                        [
                            64.729021,
                            -81.174879
                        ],
                        [
                            64.689303,
                            -81.177061
                        ],
                        [
                            64.663768,
                            -81.185335
                        ],
                        [
                            64.623986,
                            -81.187511
                        ],
                        [
                            64.584185,
                            -81.189683
                        ],
                        [
                            64.558514,
                            -81.197949
                        ],
                        [
                            64.518649,
                            -81.200114
                        ],
                        [
                            64.478765,
                            -81.202275
                        ],
                        [
                            64.438861,
                            -81.204431
                        ],
                        [
                            64.398937,
                            -81.206583
                        ],
                        [
                            64.358994,
                            -81.208731
                        ],
                        [
                            64.319031,
                            -81.210874
                        ],
                        [
                            64.279049,
                            -81.213013
                        ],
                        [
                            64.225093,
                            -81.209037
                        ],
                        [
                            64.185096,
                            -81.211166
                        ],
                        [
                            64.14508,
                            -81.213291
                        ],
                        [
                            64.091183,
                            -81.209295
                        ],
                        [
                            64.037336,
                            -81.205292
                        ],
                        [
                            63.983537,
                            -81.20128
                        ],
                        [
                            63.929788,
                            -81.197261
                        ],
                        [
                            63.876088,
                            -81.193235
                        ],
                        [
                            63.822438,
                            -81.189201
                        ],
                        [
                            63.782435,
                            -81.191287
                        ],
                        [
                            63.742413,
                            -81.193369
                        ],
                        [
                            63.702372,
                            -81.195446
                        ],
                        [
                            63.662312,
                            -81.197519
                        ],
                        [
                            63.622233,
                            -81.199588
                        ],
                        [
                            63.582135,
                            -81.201653
                        ],
                        [
                            63.542019,
                            -81.203714
                        ],
                        [
                            63.501883,
                            -81.20577
                        ],
                        [
                            63.448329,
                            -81.201682
                        ],
                        [
                            63.408181,
                            -81.203728
                        ],
                        [
                            63.381364,
                            -81.211912
                        ],
                        [
                            63.354496,
                            -81.220095
                        ],
                        [
                            63.327578,
                            -81.228276
                        ],
                        [
                            63.30061,
                            -81.236455
                        ],
                        [
                            63.313958,
                            -81.2426
                        ],
                        [
                            63.327326,
                            -81.248745
                        ],
                        [
                            63.286933,
                            -81.250778
                        ],
                        [
                            63.246521,
                            -81.252807
                        ],
                        [
                            63.2194,
                            -81.260981
                        ],
                        [
                            63.178925,
                            -81.263002
                        ],
                        [
                            63.138431,
                            -81.26502
                        ],
                        [
                            63.097919,
                            -81.267033
                        ],
                        [
                            63.057387,
                            -81.269041
                        ],
                        [
                            63.016837,
                            -81.271046
                        ],
                        [
                            62.976269,
                            -81.273046
                        ],
                        [
                            62.935681,
                            -81.275041
                        ],
                        [
                            62.895075,
                            -81.277032
                        ],
                        [
                            62.854451,
                            -81.279019
                        ],
                        [
                            62.813808,
                            -81.281002
                        ],
                        [
                            62.773146,
                            -81.28298
                        ],
                        [
                            62.732466,
                            -81.284954
                        ],
                        [
                            62.704761,
                            -81.29309
                        ],
                        [
                            62.664018,
                            -81.295057
                        ],
                        [
                            62.623257,
                            -81.297019
                        ],
                        [
                            62.582477,
                            -81.298976
                        ],
                        [
                            62.541678,
                            -81.30093
                        ],
                        [
                            62.500861,
                            -81.302878
                        ],
                        [
                            62.460026,
                            -81.304823
                        ],
                        [
                            62.419173,
                            -81.306763
                        ],
                        [
                            62.378301,
                            -81.308699
                        ],
                        [
                            62.350188,
                            -81.316809
                        ],
                        [
                            62.309253,
                            -81.318738
                        ],
                        [
                            62.2683,
                            -81.320661
                        ],
                        [
                            62.227329,
                            -81.322581
                        ],
                        [
                            62.18634,
                            -81.324496
                        ],
                        [
                            62.145333,
                            -81.326407
                        ],
                        [
                            62.104307,
                            -81.328313
                        ],
                        [
                            62.063264,
                            -81.330215
                        ],
                        [
                            62.050672,
                            -81.324026
                        ],
                        [
                            62.038098,
                            -81.317836
                        ],
                        [
                            61.984561,
                            -81.31354
                        ],
                        [
                            61.931077,
                            -81.309236
                        ],
                        [
                            61.877646,
                            -81.304925
                        ],
                        [
                            61.865223,
                            -81.29873
                        ],
                        [
                            61.852819,
                            -81.292535
                        ],
                        [
                            61.79953,
                            -81.288212
                        ],
                        [
                            61.746293,
                            -81.283882
                        ],
                        [
                            61.69311,
                            -81.279545
                        ],
                        [
                            61.680856,
                            -81.273344
                        ],
                        [
                            61.668619,
                            -81.267143
                        ],
                        [
                            61.615577,
                            -81.262795
                        ],
                        [
                            61.562588,
                            -81.25844
                        ],
                        [
                            61.550456,
                            -81.252235
                        ],
                        [
                            61.538342,
                            -81.24603
                        ],
                        [
                            61.485493,
                            -81.241664
                        ],
                        [
                            61.432697,
                            -81.23729
                        ],
                        [
                            61.420687,
                            -81.231081
                        ],
                        [
                            61.408694,
                            -81.224872
                        ],
                        [
                            61.356038,
                            -81.220488
                        ],
                        [
                            61.303435,
                            -81.216096
                        ],
                        [
                            61.250885,
                            -81.211697
                        ],
                        [
                            61.198388,
                            -81.207291
                        ],
                        [
                            61.145943,
                            -81.202877
                        ],
                        [
                            61.134183,
                            -81.196659
                        ],
                        [
                            61.12244,
                            -81.190442
                        ],
                        [
                            61.081835,
                            -81.192237
                        ],
                        [
                            61.041213,
                            -81.194028
                        ],
                        [
                            60.988927,
                            -81.189592
                        ],
                        [
                            60.948299,
                            -81.191373
                        ],
                        [
                            60.907654,
                            -81.193149
                        ],
                        [
                            60.866992,
                            -81.194921
                        ],
                        [
                            60.826314,
                            -81.196688
                        ],
                        [
                            60.78562,
                            -81.198451
                        ],
                        [
                            60.744909,
                            -81.20021
                        ],
                        [
                            60.704183,
                            -81.201964
                        ],
                        [
                            60.674874,
                            -81.209946
                        ],
                        [
                            60.634088,
                            -81.211692
                        ],
                        [
                            60.593285,
                            -81.213434
                        ],
                        [
                            60.552467,
                            -81.215172
                        ],
                        [
                            60.511632,
                            -81.216905
                        ],
                        [
                            60.482098,
                            -81.224872
                        ],
                        [
                            60.441204,
                            -81.226598
                        ],
                        [
                            60.400294,
                            -81.228319
                        ],
                        [
                            60.359367,
                            -81.230036
                        ],
                        [
                            60.318425,
                            -81.231748
                        ],
                        [
                            60.277466,
                            -81.233456
                        ],
                        [
                            60.236492,
                            -81.235159
                        ],
                        [
                            60.195502,
                            -81.236858
                        ],
                        [
                            60.154495,
                            -81.238552
                        ],
                        [
                            60.113473,
                            -81.240242
                        ],
                        [
                            60.061389,
                            -81.235677
                        ],
                        [
                            60.020362,
                            -81.237357
                        ],
                        [
                            59.97932,
                            -81.239032
                        ],
                        [
                            59.927313,
                            -81.234449
                        ],
                        [
                            59.886267,
                            -81.236114
                        ],
                        [
                            59.845205,
                            -81.237775
                        ],
                        [
                            59.793276,
                            -81.233173
                        ],
                        [
                            59.741403,
                            -81.228564
                        ],
                        [
                            59.700348,
                            -81.230208
                        ],
                        [
                            59.659279,
                            -81.231849
                        ],
                        [
                            59.607484,
                            -81.227221
                        ],
                        [
                            59.555744,
                            -81.222586
                        ],
                        [
                            59.504059,
                            -81.217945
                        ],
                        [
                            59.46301,
                            -81.219563
                        ],
                        [
                            59.421947,
                            -81.221178
                        ],
                        [
                            59.411392,
                            -81.214909
                        ],
                        [
                            59.400853,
                            -81.20864
                        ],
                        [
                            59.349332,
                            -81.203977
                        ],
                        [
                            59.33885,
                            -81.197706
                        ],
                        [
                            59.328383,
                            -81.191435
                        ],
                        [
                            59.317931,
                            -81.185163
                        ],
                        [
                            59.307494,
                            -81.178892
                        ],
                        [
                            59.297072,
                            -81.17262
                        ],
                        [
                            59.286665,
                            -81.166348
                        ],
                        [
                            59.276273,
                            -81.160076
                        ],
                        [
                            59.265895,
                            -81.153803
                        ],
                        [
                            59.225102,
                            -81.155396
                        ],
                        [
                            59.184294,
                            -81.156984
                        ],
                        [
                            59.133191,
                            -81.152292
                        ],
                        [
                            59.082141,
                            -81.147592
                        ],
                        [
                            59.041344,
                            -81.149165
                        ],
                        [
                            59.000532,
                            -81.150733
                        ],
                        [
                            58.949563,
                            -81.146015
                        ],
                        [
                            58.90875,
                            -81.147573
                        ],
                        [
                            58.867922,
                            -81.149127
                        ],
                        [
                            58.82708,
                            -81.150676
                        ],
                        [
                            58.786223,
                            -81.15222
                        ],
                        [
                            58.735361,
                            -81.147474
                        ],
                        [
                            58.694503,
                            -81.149008
                        ],
                        [
                            58.653631,
                            -81.150538
                        ],
                        [
                            58.612745,
                            -81.152064
                        ],
                        [
                            58.571845,
                            -81.153585
                        ],
                        [
                            58.530931,
                            -81.155101
                        ],
                        [
                            58.490002,
                            -81.156613
                        ],
                        [
                            58.44906,
                            -81.158121
                        ],
                        [
                            58.408104,
                            -81.159624
                        ],
                        [
                            58.357403,
                            -81.154825
                        ],
                        [
                            58.316447,
                            -81.156318
                        ],
                        [
                            58.275476,
                            -81.157807
                        ],
                        [
                            58.224858,
                            -81.15299
                        ],
                        [
                            58.174296,
                            -81.148167
                        ],
                        [
                            58.123789,
                            -81.143337
                        ],
                        [
                            58.073337,
                            -81.1385
                        ],
                        [
                            58.022941,
                            -81.133656
                        ],
                        [
                            57.972599,
                            -81.128806
                        ],
                        [
                            57.922313,
                            -81.123949
                        ],
                        [
                            57.872083,
                            -81.119084
                        ],
                        [
                            57.821907,
                            -81.114214
                        ],
                        [
                            57.771787,
                            -81.109336
                        ],
                        [
                            57.721722,
                            -81.104452
                        ],
                        [
                            57.671712,
                            -81.099561
                        ],
                        [
                            57.621758,
                            -81.094663
                        ],
                        [
                            57.580959,
                            -81.096075
                        ],
                        [
                            57.540147,
                            -81.097482
                        ],
                        [
                            57.499322,
                            -81.098885
                        ],
                        [
                            57.458484,
                            -81.100283
                        ],
                        [
                            57.417633,
                            -81.101677
                        ],
                        [
                            57.385745,
                            -81.109388
                        ],
                        [
                            57.34484,
                            -81.110774
                        ],
                        [
                            57.303924,
                            -81.112155
                        ],
                        [
                            57.262994,
                            -81.113532
                        ],
                        [
                            57.222052,
                            -81.114904
                        ],
                        [
                            57.181097,
                            -81.116272
                        ],
                        [
                            57.140129,
                            -81.117636
                        ],
                        [
                            57.099149,
                            -81.118994
                        ],
                        [
                            57.058156,
                            -81.120349
                        ],
                        [
                            57.01715,
                            -81.121698
                        ],
                        [
                            56.967437,
                            -81.116713
                        ],
                        [
                            56.926434,
                            -81.118052
                        ],
                        [
                            56.88542,
                            -81.119387
                        ],
                        [
                            56.835793,
                            -81.114384
                        ],
                        [
                            56.794782,
                            -81.115709
                        ],
                        [
                            56.753758,
                            -81.11703
                        ],
                        [
                            56.70422,
                            -81.112009
                        ],
                        [
                            56.695729,
                            -81.105671
                        ],
                        [
                            56.687251,
                            -81.099334
                        ],
                        [
                            56.637849,
                            -81.094304
                        ],
                        [
                            56.588503,
                            -81.089267
                        ],
                        [
                            56.580116,
                            -81.082928
                        ],
                        [
                            56.571742,
                            -81.076588
                        ],
                        [
                            56.522532,
                            -81.071543
                        ],
                        [
                            56.473377,
                            -81.066491
                        ],
                        [
                            56.465095,
                            -81.060149
                        ],
                        [
                            56.456823,
                            -81.053807
                        ],
                        [
                            56.407804,
                            -81.048746
                        ],
                        [
                            56.358841,
                            -81.04368
                        ],
                        [
                            56.318085,
                            -81.044952
                        ],
                        [
                            56.277318,
                            -81.04622
                        ],
                        [
                            56.228442,
                            -81.041136
                        ],
                        [
                            56.179622,
                            -81.036045
                        ],
                        [
                            56.138876,
                            -81.037297
                        ],
                        [
                            56.098119,
                            -81.038545
                        ],
                        [
                            56.05735,
                            -81.039789
                        ],
                        [
                            56.01657,
                            -81.041028
                        ],
                        [
                            55.967872,
                            -81.035909
                        ],
                        [
                            55.927097,
                            -81.037138
                        ],
                        [
                            55.886312,
                            -81.038362
                        ],
                        [
                            55.837703,
                            -81.033227
                        ],
                        [
                            55.796923,
                            -81.034441
                        ],
                        [
                            55.756131,
                            -81.035651
                        ],
                        [
                            55.707612,
                            -81.030498
                        ],
                        [
                            55.659149,
                            -81.025339
                        ],
                        [
                            55.610742,
                            -81.020173
                        ],
                        [
                            55.562391,
                            -81.015001
                        ],
                        [
                            55.514096,
                            -81.009823
                        ],
                        [
                            55.465857,
                            -81.004638
                        ],
                        [
                            55.417673,
                            -80.999447
                        ],
                        [
                            55.369546,
                            -80.99425
                        ],
                        [
                            55.321474,
                            -80.989046
                        ],
                        [
                            55.273458,
                            -80.983837
                        ],
                        [
                            55.225497,
                            -80.97862
                        ],
                        [
                            55.177592,
                            -80.973398
                        ],
                        [
                            55.129743,
                            -80.96817
                        ],
                        [
                            55.08195,
                            -80.962935
                        ],
                        [
                            55.034212,
                            -80.957694
                        ],
                        [
                            54.98653,
                            -80.952446
                        ],
                        [
                            54.938903,
                            -80.947193
                        ],
                        [
                            54.891332,
                            -80.941933
                        ],
                        [
                            54.843816,
                            -80.936668
                        ],
                        [
                            54.796355,
                            -80.931396
                        ],
                        [
                            54.755902,
                            -80.932494
                        ],
                        [
                            54.715439,
                            -80.933588
                        ],
                        [
                            54.674965,
                            -80.934678
                        ],
                        [
                            54.634482,
                            -80.935763
                        ],
                        [
                            54.587149,
                            -80.930464
                        ],
                        [
                            54.546675,
                            -80.931539
                        ],
                        [
                            54.506191,
                            -80.93261
                        ],
                        [
                            54.465697,
                            -80.933677
                        ],
                        [
                            54.425194,
                            -80.934738
                        ],
                        [
                            54.377989,
                            -80.929412
                        ],
                        [
                            54.330841,
                            -80.924079
                        ],
                        [
                            54.283747,
                            -80.918741
                        ],
                        [
                            54.277139,
                            -80.912355
                        ],
                        [
                            54.270541,
                            -80.90597
                        ],
                        [
                            54.223577,
                            -80.900624
                        ],
                        [
                            54.176669,
                            -80.895271
                        ],
                        [
                            54.170154,
                            -80.888884
                        ],
                        [
                            54.163647,
                            -80.882497
                        ],
                        [
                            54.116868,
                            -80.877137
                        ],
                        [
                            54.070144,
                            -80.871771
                        ],
                        [
                            54.029871,
                            -80.872789
                        ],
                        [
                            53.98959,
                            -80.873802
                        ],
                        [
                            53.942958,
                            -80.86842
                        ],
                        [
                            53.896382,
                            -80.863031
                        ],
                        [
                            53.849861,
                            -80.857637
                        ],
                        [
                            53.803395,
                            -80.852237
                        ],
                        [
                            53.756984,
                            -80.846831
                        ],
                        [
                            53.750797,
                            -80.840436
                        ],
                        [
                            53.744619,
                            -80.834042
                        ],
                        [
                            53.698335,
                            -80.828629
                        ],
                        [
                            53.652106,
                            -80.823209
                        ],
                        [
                            53.612002,
                            -80.82418
                        ],
                        [
                            53.57189,
                            -80.825147
                        ],
                        [
                            53.525753,
                            -80.819711
                        ],
                        [
                            53.485652,
                            -80.820668
                        ],
                        [
                            53.445541,
                            -80.82162
                        ],
                        [
                            53.399498,
                            -80.816168
                        ],
                        [
                            53.35351,
                            -80.81071
                        ],
                        [
                            53.31343,
                            -80.811648
                        ],
                        [
                            53.273342,
                            -80.812581
                        ],
                        [
                            53.227447,
                            -80.807107
                        ],
                        [
                            53.181607,
                            -80.801627
                        ],
                        [
                            53.141549,
                            -80.802546
                        ],
                        [
                            53.101483,
                            -80.80346
                        ],
                        [
                            53.055737,
                            -80.797964
                        ],
                        [
                            53.015683,
                            -80.798868
                        ],
                        [
                            52.97562,
                            -80.799768
                        ],
                        [
                            52.929968,
                            -80.794256
                        ],
                        [
                            52.889918,
                            -80.795147
                        ],
                        [
                            52.855387,
                            -80.802441
                        ],
                        [
                            52.815294,
                            -80.803323
                        ],
                        [
                            52.76972,
                            -80.79779
                        ],
                        [
                            52.729639,
                            -80.798663
                        ],
                        [
                            52.68955,
                            -80.799531
                        ],
                        [
                            52.644072,
                            -80.793982
                        ],
                        [
                            52.598649,
                            -80.788428
                        ],
                        [
                            52.55328,
                            -80.782869
                        ],
                        [
                            52.507967,
                            -80.777303
                        ],
                        [
                            52.462709,
                            -80.771732
                        ],
                        [
                            52.417505,
                            -80.766156
                        ],
                        [
                            52.377529,
                            -80.766989
                        ],
                        [
                            52.337546,
                            -80.767817
                        ],
                        [
                            52.292438,
                            -80.762224
                        ],
                        [
                            52.247384,
                            -80.756626
                        ],
                        [
                            52.202386,
                            -80.751022
                        ],
                        [
                            52.157442,
                            -80.745413
                        ],
                        [
                            52.112553,
                            -80.739798
                        ],
                        [
                            52.067718,
                            -80.734177
                        ],
                        [
                            52.022938,
                            -80.728551
                        ],
                        [
                            51.978213,
                            -80.722919
                        ],
                        [
                            51.933542,
                            -80.717282
                        ],
                        [
                            51.888926,
                            -80.711639
                        ],
                        [
                            51.844364,
                            -80.70599
                        ],
                        [
                            51.799856,
                            -80.700336
                        ],
                        [
                            51.755403,
                            -80.694677
                        ],
                        [
                            51.711004,
                            -80.689011
                        ],
                        [
                            51.66666,
                            -80.683341
                        ],
                        [
                            51.626977,
                            -80.684089
                        ],
                        [
                            51.587288,
                            -80.684834
                        ],
                        [
                            51.543039,
                            -80.679147
                        ],
                        [
                            51.498844,
                            -80.673456
                        ],
                        [
                            51.454704,
                            -80.667759
                        ],
                        [
                            51.410617,
                            -80.662056
                        ],
                        [
                            51.366585,
                            -80.656348
                        ],
                        [
                            51.322607,
                            -80.650635
                        ],
                        [
                            51.278683,
                            -80.644916
                        ],
                        [
                            51.234812,
                            -80.639192
                        ],
                        [
                            51.190996,
                            -80.633462
                        ],
                        [
                            51.147233,
                            -80.627727
                        ],
                        [
                            51.103524,
                            -80.621986
                        ],
                        [
                            51.059869,
                            -80.61624
                        ],
                        [
                            51.016268,
                            -80.610489
                        ],
                        [
                            50.97272,
                            -80.604733
                        ],
                        [
                            50.929226,
                            -80.598971
                        ],
                        [
                            50.885785,
                            -80.593203
                        ],
                        [
                            50.881731,
                            -80.58677
                        ],
                        [
                            50.877682,
                            -80.580337
                        ],
                        [
                            50.834359,
                            -80.574564
                        ],
                        [
                            50.79109,
                            -80.568785
                        ],
                        [
                            50.747873,
                            -80.563001
                        ],
                        [
                            50.70471,
                            -80.557211
                        ],
                        [
                            50.661601,
                            -80.551416
                        ],
                        [
                            50.618544,
                            -80.545617
                        ],
                        [
                            50.57554,
                            -80.539811
                        ],
                        [
                            50.53259,
                            -80.534001
                        ],
                        [
                            50.489692,
                            -80.528185
                        ],
                        [
                            50.446847,
                            -80.522364
                        ],
                        [
                            50.404055,
                            -80.516538
                        ],
                        [
                            50.361316,
                            -80.510707
                        ],
                        [
                            50.31863,
                            -80.50487
                        ],
                        [
                            50.275996,
                            -80.499028
                        ],
                        [
                            50.233415,
                            -80.493181
                        ],
                        [
                            50.190887,
                            -80.487329
                        ],
                        [
                            50.148411,
                            -80.481472
                        ],
                        [
                            50.105988,
                            -80.475609
                        ],
                        [
                            50.063617,
                            -80.469742
                        ],
                        [
                            50.021298,
                            -80.463869
                        ],
                        [
                            49.979032,
                            -80.457991
                        ],
                        [
                            49.936818,
                            -80.452108
                        ],
                        [
                            49.894657,
                            -80.44622
                        ],
                        [
                            49.852547,
                            -80.440327
                        ],
                        [
                            49.81049,
                            -80.434429
                        ],
                        [
                            49.768485,
                            -80.428525
                        ],
                        [
                            49.726532,
                            -80.422617
                        ],
                        [
                            49.684631,
                            -80.416703
                        ],
                        [
                            49.642782,
                            -80.410785
                        ],
                        [
                            49.600984,
                            -80.404861
                        ],
                        [
                            49.559239,
                            -80.398933
                        ],
                        [
                            49.517545,
                            -80.392999
                        ],
                        [
                            49.514496,
                            -80.386554
                        ],
                        [
                            49.511451,
                            -80.380109
                        ],
                        [
                            49.469869,
                            -80.37417
                        ],
                        [
                            49.428339,
                            -80.368225
                        ],
                        [
                            49.386859,
                            -80.362276
                        ],
                        [
                            49.383908,
                            -80.35583
                        ],
                        [
                            49.38096,
                            -80.349384
                        ],
                        [
                            49.339592,
                            -80.343429
                        ],
                        [
                            49.298275,
                            -80.337469
                        ],
                        [
                            49.29539,
                            -80.331023
                        ],
                        [
                            49.292509,
                            -80.324576
                        ],
                        [
                            49.251302,
                            -80.318611
                        ],
                        [
                            49.248455,
                            -80.312164
                        ],
                        [
                            49.245611,
                            -80.305717
                        ],
                        [
                            49.204513,
                            -80.299746
                        ],
                        [
                            49.163466,
                            -80.293771
                        ],
                        [
                            49.12247,
                            -80.28779
                        ],
                        [
                            49.084252,
                            -80.288253
                        ],
                        [
                            49.04603,
                            -80.288711
                        ],
                        [
                            49.005128,
                            -80.282716
                        ],
                        [
                            48.964277,
                            -80.276717
                        ],
                        [
                            48.923476,
                            -80.270713
                        ],
                        [
                            48.885316,
                            -80.271153
                        ],
                        [
                            48.847153,
                            -80.271589
                        ],
                        [
                            48.806446,
                            -80.26557
                        ],
                        [
                            48.76579,
                            -80.259547
                        ],
                        [
                            48.725185,
                            -80.253519
                        ],
                        [
                            48.68463,
                            -80.247486
                        ],
                        [
                            48.644126,
                            -80.241448
                        ],
                        [
                            48.606069,
                            -80.241857
                        ],
                        [
                            48.568008,
                            -80.242262
                        ],
                        [
                            48.527598,
                            -80.23621
                        ],
                        [
                            48.487239,
                            -80.230154
                        ],
                        [
                            48.446929,
                            -80.224093
                        ],
                        [
                            48.444642,
                            -80.21764
                        ],
                        [
                            48.442358,
                            -80.211188
                        ],
                        [
                            48.440077,
                            -80.204736
                        ],
                        [
                            48.437799,
                            -80.198284
                        ],
                        [
                            48.435524,
                            -80.191832
                        ],
                        [
                            48.433252,
                            -80.185381
                        ],
                        [
                            48.393161,
                            -80.179313
                        ],
                        [
                            48.353119,
                            -80.173242
                        ],
                        [
                            48.313127,
                            -80.167165
                        ],
                        [
                            48.273185,
                            -80.161084
                        ],
                        [
                            48.271027,
                            -80.154631
                        ],
                        [
                            48.268872,
                            -80.148178
                        ],
                        [
                            48.229034,
                            -80.142092
                        ],
                        [
                            48.191346,
                            -80.142454
                        ],
                        [
                            48.153656,
                            -80.142812
                        ],
                        [
                            48.113912,
                            -80.136712
                        ],
                        [
                            48.074217,
                            -80.130607
                        ],
                        [
                            48.034571,
                            -80.124498
                        ],
                        [
                            47.994975,
                            -80.118384
                        ],
                        [
                            47.95737,
                            -80.118719
                        ],
                        [
                            47.919762,
                            -80.11905
                        ],
                        [
                            47.880259,
                            -80.112923
                        ],
                        [
                            47.840806,
                            -80.106791
                        ],
                        [
                            47.801401,
                            -80.100654
                        ],
                        [
                            47.799566,
                            -80.094199
                        ],
                        [
                            47.797732,
                            -80.087744
                        ],
                        [
                            47.75843,
                            -80.081603
                        ],
                        [
                            47.719178,
                            -80.075456
                        ],
                        [
                            47.679974,
                            -80.069305
                        ],
                        [
                            47.640819,
                            -80.06315
                        ],
                        [
                            47.601713,
                            -80.05699
                        ],
                        [
                            47.600015,
                            -80.050535
                        ],
                        [
                            47.635653,
                            -80.043784
                        ],
                        [
                            47.633936,
                            -80.037329
                        ],
                        [
                            47.594936,
                            -80.031168
                        ],
                        [
                            47.557648,
                            -80.031459
                        ],
                        [
                            47.520359,
                            -80.031745
                        ],
                        [
                            47.483067,
                            -80.032027
                        ],
                        [
                            47.445774,
                            -80.032305
                        ],
                        [
                            47.40691,
                            -80.026122
                        ],
                        [
                            47.368095,
                            -80.019935
                        ],
                        [
                            47.329328,
                            -80.013744
                        ],
                        [
                            47.327815,
                            -80.007287
                        ],
                        [
                            47.326304,
                            -80.000831
                        ],
                        [
                            47.287637,
                            -79.994634
                        ],
                        [
                            47.249019,
                            -79.988434
                        ],
                        [
                            47.210449,
                            -79.982228
                        ],
                        [
                            47.171927,
                            -79.976019
                        ],
                        [
                            47.133453,
                            -79.969805
                        ],
                        [
                            47.095027,
                            -79.963586
                        ],
                        [
                            47.056648,
                            -79.957363
                        ],
                        [
                            47.018318,
                            -79.951136
                        ],
                        [
                            46.980035,
                            -79.944904
                        ],
                        [
                            46.9418,
                            -79.938668
                        ],
                        [
                            46.903612,
                            -79.932427
                        ],
                        [
                            46.865472,
                            -79.926182
                        ],
                        [
                            46.82738,
                            -79.919932
                        ],
                        [
                            46.789335,
                            -79.913679
                        ],
                        [
                            46.751337,
                            -79.907421
                        ],
                        [
                            46.750211,
                            -79.900963
                        ],
                        [
                            46.749087,
                            -79.894505
                        ],
                        [
                            46.711186,
                            -79.888243
                        ],
                        [
                            46.673333,
                            -79.881976
                        ],
                        [
                            46.635528,
                            -79.875704
                        ],
                        [
                            46.597769,
                            -79.869429
                        ],
                        [
                            46.561057,
                            -79.869607
                        ],
                        [
                            46.524344,
                            -79.869781
                        ],
                        [
                            46.486676,
                            -79.863492
                        ],
                        [
                            46.449056,
                            -79.8572
                        ],
                        [
                            46.411482,
                            -79.850903
                        ],
                        [
                            46.374835,
                            -79.85106
                        ],
                        [
                            46.338186,
                            -79.851213
                        ],
                        [
                            46.300704,
                            -79.844903
                        ],
                        [
                            46.263269,
                            -79.838589
                        ],
                        [
                            46.22588,
                            -79.832271
                        ],
                        [
                            46.188539,
                            -79.825948
                        ],
                        [
                            46.151243,
                            -79.819621
                        ],
                        [
                            46.15051,
                            -79.813163
                        ],
                        [
                            46.149777,
                            -79.806704
                        ],
                        [
                            46.149045,
                            -79.800246
                        ],
                        [
                            46.148314,
                            -79.793788
                        ],
                        [
                            46.111162,
                            -79.787456
                        ],
                        [
                            46.110456,
                            -79.780998
                        ],
                        [
                            46.109751,
                            -79.77454
                        ],
                        [
                            46.109047,
                            -79.768082
                        ],
                        [
                            46.108343,
                            -79.761623
                        ],
                        [
                            46.107641,
                            -79.755165
                        ],
                        [
                            46.106939,
                            -79.748707
                        ],
                        [
                            46.106239,
                            -79.742249
                        ],
                        [
                            46.105539,
                            -79.735791
                        ],
                        [
                            46.068624,
                            -79.729456
                        ],
                        [
                            46.067949,
                            -79.722998
                        ],
                        [
                            46.067275,
                            -79.71654
                        ],
                        [
                            46.030454,
                            -79.710201
                        ],
                        [
                            46.029804,
                            -79.703743
                        ],
                        [
                            46.029155,
                            -79.697285
                        ],
                        [
                            46.028507,
                            -79.690828
                        ],
                        [
                            46.027859,
                            -79.68437
                        ],
                        [
                            46.027213,
                            -79.677913
                        ],
                        [
                            46.026567,
                            -79.671455
                        ],
                        [
                            46.025922,
                            -79.664998
                        ],
                        [
                            46.025278,
                            -79.658541
                        ],
                        [
                            45.98869,
                            -79.652197
                        ],
                        [
                            45.98807,
                            -79.645739
                        ],
                        [
                            45.987451,
                            -79.639282
                        ],
                        [
                            45.950954,
                            -79.632934
                        ],
                        [
                            45.914503,
                            -79.626582
                        ],
                        [
                            45.878096,
                            -79.620226
                        ],
                        [
                            45.877547,
                            -79.613769
                        ],
                        [
                            45.876999,
                            -79.607312
                        ],
                        [
                            45.876452,
                            -79.600855
                        ],
                        [
                            45.875905,
                            -79.594398
                        ],
                        [
                            45.839635,
                            -79.588038
                        ],
                        [
                            45.80341,
                            -79.581673
                        ],
                        [
                            45.802909,
                            -79.575217
                        ],
                        [
                            45.802409,
                            -79.56876
                        ],
                        [
                            45.766274,
                            -79.562391
                        ],
                        [
                            45.730183,
                            -79.556019
                        ],
                        [
                            45.694137,
                            -79.549642
                        ],
                        [
                            45.658134,
                            -79.543262
                        ],
                        [
                            45.622176,
                            -79.536877
                        ],
                        [
                            45.586262,
                            -79.530489
                        ],
                        [
                            45.550392,
                            -79.524096
                        ],
                        [
                            45.514566,
                            -79.517699
                        ],
                        [
                            45.478784,
                            -79.511299
                        ],
                        [
                            45.443045,
                            -79.504894
                        ],
                        [
                            45.407351,
                            -79.498485
                        ],
                        [
                            45.3717,
                            -79.492073
                        ],
                        [
                            45.336094,
                            -79.485656
                        ],
                        [
                            45.30053,
                            -79.479236
                        ],
                        [
                            45.265011,
                            -79.472811
                        ],
                        [
                            45.229535,
                            -79.466383
                        ],
                        [
                            45.194103,
                            -79.45995
                        ],
                        [
                            45.158714,
                            -79.453514
                        ],
                        [
                            45.123368,
                            -79.447073
                        ],
                        [
                            45.088066,
                            -79.440629
                        ],
                        [
                            45.052807,
                            -79.434181
                        ],
                        [
                            45.017592,
                            -79.427729
                        ],
                        [
                            44.982419,
                            -79.421273
                        ],
                        [
                            44.98243,
                            -79.414817
                        ],
                        [
                            44.982441,
                            -79.408361
                        ],
                        [
                            44.947355,
                            -79.401902
                        ],
                        [
                            44.947387,
                            -79.395446
                        ],
                        [
                            44.947419,
                            -79.38899
                        ],
                        [
                            44.912419,
                            -79.382527
                        ],
                        [
                            44.877461,
                            -79.37606
                        ],
                        [
                            44.877536,
                            -79.369604
                        ],
                        [
                            44.877611,
                            -79.363149
                        ],
                        [
                            44.842738,
                            -79.356678
                        ],
                        [
                            44.842834,
                            -79.350223
                        ],
                        [
                            44.84293,
                            -79.343768
                        ],
                        [
                            44.808143,
                            -79.337293
                        ],
                        [
                            44.773398,
                            -79.330814
                        ],
                        [
                            44.738695,
                            -79.324332
                        ],
                        [
                            44.704035,
                            -79.317846
                        ],
                        [
                            44.704215,
                            -79.311391
                        ],
                        [
                            44.704395,
                            -79.304936
                        ],
                        [
                            44.669819,
                            -79.298446
                        ],
                        [
                            44.635285,
                            -79.291953
                        ],
                        [
                            44.635506,
                            -79.285498
                        ],
                        [
                            44.635727,
                            -79.279044
                        ],
                        [
                            44.601276,
                            -79.272547
                        ],
                        [
                            44.566868,
                            -79.266046
                        ],
                        [
                            44.532502,
                            -79.259541
                        ],
                        [
                            44.498177,
                            -79.253032
                        ],
                        [
                            44.463895,
                            -79.24652
                        ],
                        [
                            44.429654,
                            -79.240004
                        ],
                        [
                            44.395454,
                            -79.233484
                        ],
                        [
                            44.360912,
                            -79.233414
                        ],
                        [
                            44.326369,
                            -79.23334
                        ],
                        [
                            44.292254,
                            -79.226809
                        ],
                        [
                            44.257734,
                            -79.226727
                        ],
                        [
                            44.223214,
                            -79.226642
                        ],
                        [
                            44.189183,
                            -79.220099
                        ],
                        [
                            44.154685,
                            -79.220006
                        ],
                        [
                            44.120188,
                            -79.219908
                        ],
                        [
                            44.086242,
                            -79.213354
                        ],
                        [
                            44.052337,
                            -79.206797
                        ],
                        [
                            44.018473,
                            -79.200235
                        ],
                        [
                            43.984651,
                            -79.19367
                        ],
                        [
                            43.95087,
                            -79.187101
                        ],
                        [
                            43.91713,
                            -79.180529
                        ],
                        [
                            43.883432,
                            -79.173953
                        ],
                        [
                            43.849775,
                            -79.167373
                        ],
                        [
                            43.816159,
                            -79.16079
                        ],
                        [
                            43.782584,
                            -79.154203
                        ],
                        [
                            43.783312,
                            -79.147751
                        ],
                        [
                            43.784039,
                            -79.1413
                        ],
                        [
                            43.784765,
                            -79.134848
                        ],
                        [
                            43.785491,
                            -79.128397
                        ],
                        [
                            43.786216,
                            -79.121945
                        ],
                        [
                            43.8211,
                            -79.115629
                        ],
                        [
                            43.821803,
                            -79.109177
                        ],
                        [
                            43.822505,
                            -79.102726
                        ],
                        [
                            43.823205,
                            -79.096275
                        ],
                        [
                            43.823906,
                            -79.089824
                        ],
                        [
                            43.824605,
                            -79.083373
                        ],
                        [
                            43.825303,
                            -79.076922
                        ],
                        [
                            43.826001,
                            -79.070471
                        ],
                        [
                            43.826697,
                            -79.06402
                        ],
                        [
                            43.827393,
                            -79.057569
                        ],
                        [
                            43.828089,
                            -79.051118
                        ],
                        [
                            43.828783,
                            -79.044667
                        ],
                        [
                            43.829476,
                            -79.038217
                        ],
                        [
                            43.830169,
                            -79.031766
                        ],
                        [
                            43.796982,
                            -79.025182
                        ],
                        [
                            43.763836,
                            -79.018595
                        ],
                        [
                            43.764566,
                            -79.012144
                        ],
                        [
                            43.765295,
                            -79.005694
                        ],
                        [
                            43.732227,
                            -78.999103
                        ],
                        [
                            43.699199,
                            -78.992509
                        ],
                        [
                            43.66621,
                            -78.985911
                        ],
                        [
                            43.666996,
                            -78.979461
                        ],
                        [
                            43.66778,
                            -78.973012
                        ],
                        [
                            43.634869,
                            -78.966411
                        ],
                        [
                            43.601998,
                            -78.959806
                        ],
                        [
                            43.602819,
                            -78.953357
                        ],
                        [
                            43.603639,
                            -78.946908
                        ],
                        [
                            43.570845,
                            -78.9403
                        ],
                        [
                            43.53809,
                            -78.933688
                        ],
                        [
                            43.505374,
                            -78.927073
                        ],
                        [
                            43.472698,
                            -78.920454
                        ],
                        [
                            43.440061,
                            -78.913832
                        ],
                        [
                            43.407463,
                            -78.907207
                        ],
                        [
                            43.373954,
                            -78.907026
                        ],
                        [
                            43.340446,
                            -78.906841
                        ],
                        [
                            43.341416,
                            -78.900393
                        ],
                        [
                            43.342385,
                            -78.893945
                        ],
                        [
                            43.343353,
                            -78.887497
                        ],
                        [
                            43.34432,
                            -78.88105
                        ],
                        [
                            43.345286,
                            -78.874602
                        ],
                        [
                            43.346251,
                            -78.868155
                        ],
                        [
                            43.347214,
                            -78.861707
                        ],
                        [
                            43.348176,
                            -78.85526
                        ],
                        [
                            43.315806,
                            -78.848625
                        ],
                        [
                            43.316785,
                            -78.842178
                        ],
                        [
                            43.317764,
                            -78.835731
                        ],
                        [
                            43.285468,
                            -78.829093
                        ],
                        [
                            43.253211,
                            -78.822452
                        ],
                        [
                            43.254225,
                            -78.816005
                        ],
                        [
                            43.255237,
                            -78.809558
                        ],
                        [
                            43.256248,
                            -78.803112
                        ],
                        [
                            43.257258,
                            -78.796666
                        ],
                        [
                            43.258267,
                            -78.790219
                        ],
                        [
                            43.259275,
                            -78.783773
                        ],
                        [
                            43.227165,
                            -78.777129
                        ],
                        [
                            43.195093,
                            -78.770482
                        ],
                        [
                            43.161998,
                            -78.770277
                        ],
                        [
                            43.128904,
                            -78.770068
                        ],
                        [
                            43.096911,
                            -78.76341
                        ],
                        [
                            43.064956,
                            -78.756749
                        ],
                        [
                            43.033039,
                            -78.750084
                        ],
                        [
                            43.00116,
                            -78.743416
                        ],
                        [
                            42.96932,
                            -78.736745
                        ],
                        [
                            42.937517,
                            -78.73007
                        ],
                        [
                            42.904546,
                            -78.729836
                        ],
                        [
                            42.871577,
                            -78.729598
                        ],
                        [
                            42.839853,
                            -78.722913
                        ],
                        [
                            42.808167,
                            -78.716224
                        ],
                        [
                            42.776518,
                            -78.709532
                        ],
                        [
                            42.777795,
                            -78.703089
                        ],
                        [
                            42.77907,
                            -78.696645
                        ],
                        [
                            42.747494,
                            -78.68995
                        ],
                        [
                            42.748786,
                            -78.683507
                        ],
                        [
                            42.750076,
                            -78.677064
                        ],
                        [
                            42.718572,
                            -78.670366
                        ],
                        [
                            42.687105,
                            -78.663665
                        ],
                        [
                            42.655676,
                            -78.65696
                        ],
                        [
                            42.624284,
                            -78.650253
                        ],
                        [
                            42.59293,
                            -78.643541
                        ],
                        [
                            42.594304,
                            -78.637099
                        ],
                        [
                            42.595677,
                            -78.630658
                        ],
                        [
                            42.564394,
                            -78.623944
                        ],
                        [
                            42.565782,
                            -78.617502
                        ],
                        [
                            42.567169,
                            -78.61106
                        ],
                        [
                            42.535957,
                            -78.604344
                        ],
                        [
                            42.504782,
                            -78.597624
                        ],
                        [
                            42.472206,
                            -78.597341
                        ],
                        [
                            42.439633,
                            -78.597055
                        ],
                        [
                            42.408535,
                            -78.590324
                        ],
                        [
                            42.377474,
                            -78.583591
                        ],
                        [
                            42.34645,
                            -78.576854
                        ],
                        [
                            42.315463,
                            -78.570114
                        ],
                        [
                            42.284513,
                            -78.56337
                        ],
                        [
                            42.253599,
                            -78.556624
                        ],
                        [
                            42.222722,
                            -78.549874
                        ],
                        [
                            42.191882,
                            -78.543121
                        ],
                        [
                            42.161078,
                            -78.536365
                        ],
                        [
                            42.130311,
                            -78.529605
                        ],
                        [
                            42.09958,
                            -78.522843
                        ],
                        [
                            42.068886,
                            -78.516077
                        ],
                        [
                            42.038228,
                            -78.509308
                        ],
                        [
                            42.007607,
                            -78.502535
                        ],
                        [
                            41.977021,
                            -78.49576
                        ],
                        [
                            41.978725,
                            -78.489323
                        ],
                        [
                            41.980426,
                            -78.482886
                        ],
                        [
                            41.982126,
                            -78.476449
                        ],
                        [
                            41.983823,
                            -78.470012
                        ],
                        [
                            41.985519,
                            -78.463575
                        ],
                        [
                            41.987212,
                            -78.457139
                        ],
                        [
                            41.988904,
                            -78.450702
                        ],
                        [
                            41.990594,
                            -78.444265
                        ],
                        [
                            41.992282,
                            -78.437829
                        ],
                        [
                            41.993968,
                            -78.431392
                        ],
                        [
                            41.995653,
                            -78.424956
                        ],
                        [
                            41.997335,
                            -78.418519
                        ],
                        [
                            41.999016,
                            -78.412083
                        ],
                        [
                            42.000694,
                            -78.405647
                        ],
                        [
                            42.002371,
                            -78.399211
                        ],
                        [
                            42.036031,
                            -78.39311
                        ],
                        [
                            42.037686,
                            -78.386673
                        ],
                        [
                            42.039339,
                            -78.380237
                        ],
                        [
                            42.040991,
                            -78.373801
                        ],
                        [
                            42.042641,
                            -78.367365
                        ],
                        [
                            42.044288,
                            -78.360929
                        ],
                        [
                            42.014056,
                            -78.354159
                        ],
                        [
                            42.015718,
                            -78.347724
                        ],
                        [
                            42.017378,
                            -78.341288
                        ],
                        [
                            41.987212,
                            -78.334515
                        ],
                        [
                            41.988886,
                            -78.32808
                        ],
                        [
                            41.990559,
                            -78.321645
                        ],
                        [
                            41.992229,
                            -78.31521
                        ],
                        [
                            41.993897,
                            -78.308775
                        ],
                        [
                            41.96383,
                            -78.302
                        ],
                        [
                            41.965512,
                            -78.295565
                        ],
                        [
                            41.967192,
                            -78.289131
                        ],
                        [
                            41.968871,
                            -78.282696
                        ],
                        [
                            41.970548,
                            -78.276261
                        ],
                        [
                            41.940578,
                            -78.269485
                        ],
                        [
                            41.942268,
                            -78.26305
                        ],
                        [
                            41.943957,
                            -78.256616
                        ],
                        [
                            41.945643,
                            -78.250182
                        ],
                        [
                            41.947328,
                            -78.243748
                        ],
                        [
                            41.949011,
                            -78.237314
                        ],
                        [
                            41.950692,
                            -78.23088
                        ],
                        [
                            41.92085,
                            -78.224102
                        ],
                        [
                            41.922545,
                            -78.217668
                        ],
                        [
                            41.924237,
                            -78.211234
                        ],
                        [
                            41.925928,
                            -78.204801
                        ],
                        [
                            41.927617,
                            -78.198367
                        ],
                        [
                            41.929305,
                            -78.191934
                        ],
                        [
                            41.962408,
                            -78.185844
                        ],
                        [
                            41.964074,
                            -78.17941
                        ],
                        [
                            41.965739,
                            -78.172977
                        ],
                        [
                            41.998769,
                            -78.166882
                        ],
                        [
                            42.031766,
                            -78.160784
                        ],
                        [
                            42.033391,
                            -78.154351
                        ],
                        [
                            42.035014,
                            -78.147917
                        ],
                        [
                            42.067939,
                            -78.141815
                        ],
                        [
                            42.069541,
                            -78.135381
                        ],
                        [
                            42.071142,
                            -78.128948
                        ],
                        [
                            42.072741,
                            -78.122514
                        ],
                        [
                            42.074338,
                            -78.116081
                        ],
                        [
                            42.075934,
                            -78.109648
                        ],
                        [
                            42.046326,
                            -78.102884
                        ],
                        [
                            42.016752,
                            -78.096118
                        ],
                        [
                            41.987212,
                            -78.089348
                        ],
                        [
                            41.957706,
                            -78.082576
                        ],
                        [
                            41.928234,
                            -78.0758
                        ],
                        [
                            41.897109,
                            -78.075453
                        ],
                        [
                            41.865986,
                            -78.075103
                        ],
                        [
                            41.834865,
                            -78.074749
                        ],
                        [
                            41.803746,
                            -78.074391
                        ],
                        [
                            41.774382,
                            -78.067599
                        ],
                        [
                            41.745052,
                            -78.060804
                        ],
                        [
                            41.715756,
                            -78.054006
                        ],
                        [
                            41.717537,
                            -78.047576
                        ],
                        [
                            41.719317,
                            -78.041146
                        ],
                        [
                            41.690084,
                            -78.034345
                        ],
                        [
                            41.691876,
                            -78.027915
                        ],
                        [
                            41.693667,
                            -78.021485
                        ],
                        [
                            41.664496,
                            -78.014682
                        ],
                        [
                            41.635359,
                            -78.007876
                        ],
                        [
                            41.606256,
                            -78.001067
                        ],
                        [
                            41.608088,
                            -77.994638
                        ],
                        [
                            41.609919,
                            -77.988209
                        ],
                        [
                            41.580878,
                            -77.981398
                        ],
                        [
                            41.55187,
                            -77.974584
                        ],
                        [
                            41.522895,
                            -77.967766
                        ],
                        [
                            41.493953,
                            -77.960946
                        ],
                        [
                            41.49584,
                            -77.954518
                        ],
                        [
                            41.497725,
                            -77.94809
                        ],
                        [
                            41.468845,
                            -77.941268
                        ],
                        [
                            41.439998,
                            -77.934442
                        ],
                        [
                            41.441909,
                            -77.928015
                        ],
                        [
                            41.443819,
                            -77.921588
                        ],
                        [
                            41.445726,
                            -77.915161
                        ],
                        [
                            41.447632,
                            -77.908734
                        ],
                        [
                            41.418875,
                            -77.901906
                        ],
                        [
                            41.420793,
                            -77.89548
                        ],
                        [
                            41.422709,
                            -77.889053
                        ],
                        [
                            41.424622,
                            -77.882626
                        ],
                        [
                            41.457129,
                            -77.876599
                        ],
                        [
                            41.459022,
                            -77.870173
                        ],
                        [
                            41.460913,
                            -77.863746
                        ],
                        [
                            41.462803,
                            -77.85732
                        ],
                        [
                            41.46469,
                            -77.850893
                        ],
                        [
                            41.466575,
                            -77.844467
                        ],
                        [
                            41.468458,
                            -77.838041
                        ],
                        [
                            41.47034,
                            -77.831614
                        ],
                        [
                            41.441754,
                            -77.82479
                        ],
                        [
                            41.4132,
                            -77.817963
                        ],
                        [
                            41.415107,
                            -77.811538
                        ],
                        [
                            41.417012,
                            -77.805112
                        ],
                        [
                            41.388519,
                            -77.798283
                        ],
                        [
                            41.360057,
                            -77.79145
                        ],
                        [
                            41.331628,
                            -77.784615
                        ],
                        [
                            41.303231,
                            -77.777777
                        ],
                        [
                            41.274865,
                            -77.770936
                        ],
                        [
                            41.246532,
                            -77.764092
                        ],
                        [
                            41.218231,
                            -77.757246
                        ],
                        [
                            41.189961,
                            -77.750396
                        ],
                        [
                            41.161723,
                            -77.743543
                        ],
                        [
                            41.133517,
                            -77.736688
                        ],
                        [
                            41.105343,
                            -77.72983
                        ],
                        [
                            41.107399,
                            -77.723408
                        ],
                        [
                            41.109453,
                            -77.716985
                        ],
                        [
                            41.081338,
                            -77.710125
                        ],
                        [
                            41.053254,
                            -77.703261
                        ],
                        [
                            41.025202,
                            -77.696395
                        ],
                        [
                            40.997182,
                            -77.689526
                        ],
                        [
                            40.969193,
                            -77.682655
                        ],
                        [
                            40.941236,
                            -77.67578
                        ],
                        [
                            40.911161,
                            -77.675323
                        ],
                        [
                            40.881089,
                            -77.674862
                        ],
                        [
                            40.853198,
                            -77.667978
                        ],
                        [
                            40.82534,
                            -77.661092
                        ],
                        [
                            40.797512,
                            -77.654202
                        ],
                        [
                            40.799717,
                            -77.647783
                        ],
                        [
                            40.801919,
                            -77.641364
                        ],
                        [
                            40.774149,
                            -77.634473
                        ],
                        [
                            40.746411,
                            -77.627579
                        ],
                        [
                            40.718704,
                            -77.620682
                        ],
                        [
                            40.720944,
                            -77.614264
                        ],
                        [
                            40.723181,
                            -77.607846
                        ],
                        [
                            40.693281,
                            -77.607364
                        ],
                        [
                            40.663383,
                            -77.606879
                        ],
                        [
                            40.635769,
                            -77.599974
                        ],
                        [
                            40.608186,
                            -77.593066
                        ],
                        [
                            40.580633,
                            -77.586155
                        ],
                        [
                            40.550792,
                            -77.585657
                        ],
                        [
                            40.520952,
                            -77.585156
                        ],
                        [
                            40.493467,
                            -77.578236
                        ],
                        [
                            40.466012,
                            -77.571314
                        ],
                        [
                            40.438588,
                            -77.564388
                        ],
                        [
                            40.411195,
                            -77.55746
                        ],
                        [
                            40.383833,
                            -77.55053
                        ],
                        [
                            40.356501,
                            -77.543596
                        ],
                        [
                            40.3292,
                            -77.53666
                        ],
                        [
                            40.299488,
                            -77.536134
                        ],
                        [
                            40.269778,
                            -77.535605
                        ],
                        [
                            40.272235,
                            -77.529192
                        ],
                        [
                            40.27469,
                            -77.522779
                        ],
                        [
                            40.247481,
                            -77.515835
                        ],
                        [
                            40.249945,
                            -77.509422
                        ],
                        [
                            40.252407,
                            -77.50301
                        ],
                        [
                            40.225254,
                            -77.496063
                        ],
                        [
                            40.198131,
                            -77.489114
                        ],
                        [
                            40.171038,
                            -77.482163
                        ],
                        [
                            40.143976,
                            -77.475208
                        ],
                        [
                            40.116944,
                            -77.468251
                        ],
                        [
                            40.087404,
                            -77.467702
                        ],
                        [
                            40.057867,
                            -77.467149
                        ],
                        [
                            40.030901,
                            -77.460183
                        ],
                        [
                            40.003965,
                            -77.453215
                        ],
                        [
                            39.977059,
                            -77.446244
                        ],
                        [
                            39.950183,
                            -77.43927
                        ],
                        [
                            39.952785,
                            -77.432861
                        ],
                        [
                            39.955385,
                            -77.426452
                        ],
                        [
                            39.928563,
                            -77.419477
                        ],
                        [
                            39.901772,
                            -77.412498
                        ],
                        [
                            39.875011,
                            -77.405517
                        ],
                        [
                            39.848279,
                            -77.398534
                        ],
                        [
                            39.821578,
                            -77.391547
                        ],
                        [
                            39.794906,
                            -77.384558
                        ],
                        [
                            39.765579,
                            -77.383973
                        ],
                        [
                            39.736254,
                            -77.383385
                        ],
                        [
                            39.709647,
                            -77.376387
                        ],
                        [
                            39.68307,
                            -77.369387
                        ],
                        [
                            39.685795,
                            -77.362982
                        ],
                        [
                            39.688516,
                            -77.356577
                        ],
                        [
                            39.661993,
                            -77.349575
                        ],
                        [
                            39.635499,
                            -77.34257
                        ],
                        [
                            39.638242,
                            -77.336166
                        ],
                        [
                            39.667452,
                            -77.336765
                        ],
                        [
                            39.696664,
                            -77.337361
                        ],
                        [
                            39.725879,
                            -77.337954
                        ],
                        [
                            39.752414,
                            -77.34495
                        ],
                        [
                            39.781649,
                            -77.345536
                        ],
                        [
                            39.810887,
                            -77.34612
                        ],
                        [
                            39.840128,
                            -77.3467
                        ],
                        [
                            39.869372,
                            -77.347277
                        ],
                        [
                            39.898618,
                            -77.34785
                        ],
                        [
                            39.927867,
                            -77.348421
                        ],
                        [
                            39.957119,
                            -77.348988
                        ],
                        [
                            39.986373,
                            -77.349552
                        ],
                        [
                            40.01563,
                            -77.350112
                        ],
                        [
                            40.044889,
                            -77.350669
                        ],
                        [
                            40.074151,
                            -77.351223
                        ],
                        [
                            40.105922,
                            -77.345365
                        ],
                        [
                            40.135174,
                            -77.345912
                        ],
                        [
                            40.164429,
                            -77.346456
                        ],
                        [
                            40.196146,
                            -77.340587
                        ],
                        [
                            40.227832,
                            -77.334713
                        ],
                        [
                            40.259489,
                            -77.328836
                        ],
                        [
                            40.291117,
                            -77.322956
                        ],
                        [
                            40.322715,
                            -77.317071
                        ],
                        [
                            40.325102,
                            -77.31066
                        ],
                        [
                            40.327487,
                            -77.30425
                        ],
                        [
                            40.359021,
                            -77.298361
                        ],
                        [
                            40.361387,
                            -77.29195
                        ],
                        [
                            40.363749,
                            -77.285539
                        ],
                        [
                            40.39522,
                            -77.279646
                        ],
                        [
                            40.397563,
                            -77.273235
                        ],
                        [
                            40.399904,
                            -77.266824
                        ],
                        [
                            40.402243,
                            -77.260413
                        ],
                        [
                            40.404579,
                            -77.254002
                        ],
                        [
                            40.406913,
                            -77.247592
                        ],
                        [
                            40.380223,
                            -77.240665
                        ],
                        [
                            40.382567,
                            -77.234254
                        ],
                        [
                            40.384908,
                            -77.227844
                        ],
                        [
                            40.387248,
                            -77.221433
                        ],
                        [
                            40.389584,
                            -77.215023
                        ],
                        [
                            40.391919,
                            -77.208613
                        ],
                        [
                            40.394251,
                            -77.202203
                        ],
                        [
                            40.39658,
                            -77.195793
                        ],
                        [
                            40.427813,
                            -77.189897
                        ],
                        [
                            40.459017,
                            -77.183997
                        ],
                        [
                            40.461311,
                            -77.177587
                        ],
                        [
                            40.463602,
                            -77.171177
                        ],
                        [
                            40.494743,
                            -77.165273
                        ],
                        [
                            40.525856,
                            -77.159366
                        ],
                        [
                            40.556939,
                            -77.153455
                        ],
                        [
                            40.587994,
                            -77.14754
                        ],
                        [
                            40.590217,
                            -77.141129
                        ],
                        [
                            40.592437,
                            -77.134718
                        ],
                        [
                            40.623429,
                            -77.128799
                        ],
                        [
                            40.654393,
                            -77.122877
                        ],
                        [
                            40.685329,
                            -77.116951
                        ],
                        [
                            40.687497,
                            -77.110539
                        ],
                        [
                            40.689663,
                            -77.104128
                        ],
                        [
                            40.720536,
                            -77.098198
                        ],
                        [
                            40.722684,
                            -77.091786
                        ],
                        [
                            40.724829,
                            -77.085375
                        ],
                        [
                            40.726972,
                            -77.078963
                        ],
                        [
                            40.729113,
                            -77.072552
                        ],
                        [
                            40.731252,
                            -77.06614
                        ],
                        [
                            40.733388,
                            -77.059729
                        ],
                        [
                            40.764135,
                            -77.053794
                        ],
                        [
                            40.766253,
                            -77.047383
                        ],
                        [
                            40.768369,
                            -77.040971
                        ],
                        [
                            40.799055,
                            -77.035032
                        ],
                        [
                            40.801153,
                            -77.028621
                        ],
                        [
                            40.803248,
                            -77.02221
                        ],
                        [
                            40.805342,
                            -77.015798
                        ],
                        [
                            40.778918,
                            -77.008915
                        ],
                        [
                            40.781021,
                            -77.002504
                        ],
                        [
                            40.783123,
                            -76.996093
                        ],
                        [
                            40.785222,
                            -76.989682
                        ],
                        [
                            40.815778,
                            -76.983742
                        ],
                        [
                            40.846306,
                            -76.977798
                        ],
                        [
                            40.876806,
                            -76.971851
                        ],
                        [
                            40.907277,
                            -76.9659
                        ],
                        [
                            40.937721,
                            -76.959945
                        ],
                        [
                            40.968136,
                            -76.953987
                        ],
                        [
                            40.996537,
                            -76.954438
                        ],
                        [
                            41.02494,
                            -76.954885
                        ],
                        [
                            41.053345,
                            -76.955329
                        ],
                        [
                            41.081751,
                            -76.95577
                        ],
                        [
                            41.11209,
                            -76.949794
                        ],
                        [
                            41.140487,
                            -76.950229
                        ],
                        [
                            41.168885,
                            -76.95066
                        ],
                        [
                            41.197285,
                            -76.951088
                        ],
                        [
                            41.225688,
                            -76.951512
                        ],
                        [
                            41.254092,
                            -76.951934
                        ],
                        [
                            41.282497,
                            -76.952352
                        ],
                        [
                            41.310905,
                            -76.952767
                        ],
                        [
                            41.339314,
                            -76.953179
                        ],
                        [
                            41.367726,
                            -76.953588
                        ],
                        [
                            41.396139,
                            -76.953994
                        ],
                        [
                            41.426328,
                            -76.947981
                        ],
                        [
                            41.428101,
                            -76.941566
                        ],
                        [
                            41.429872,
                            -76.935151
                        ],
                        [
                            41.431642,
                            -76.928736
                        ],
                        [
                            41.433409,
                            -76.922321
                        ],
                        [
                            41.435175,
                            -76.915906
                        ],
                        [
                            41.408622,
                            -76.90909
                        ],
                        [
                            41.410399,
                            -76.902675
                        ],
                        [
                            41.412173,
                            -76.896261
                        ],
                        [
                            41.385673,
                            -76.889443
                        ],
                        [
                            41.3592,
                            -76.882622
                        ],
                        [
                            41.332755,
                            -76.875799
                        ],
                        [
                            41.334564,
                            -76.869385
                        ],
                        [
                            41.336372,
                            -76.862972
                        ],
                        [
                            41.309978,
                            -76.856146
                        ],
                        [
                            41.311796,
                            -76.849733
                        ],
                        [
                            41.313612,
                            -76.84332
                        ],
                        [
                            41.315426,
                            -76.836907
                        ],
                        [
                            41.345382,
                            -76.830905
                        ],
                        [
                            41.37531,
                            -76.8249
                        ],
                        [
                            41.405211,
                            -76.818891
                        ],
                        [
                            41.406977,
                            -76.812477
                        ],
                        [
                            41.408741,
                            -76.806064
                        ],
                        [
                            41.438583,
                            -76.800052
                        ],
                        [
                            41.468398,
                            -76.794036
                        ],
                        [
                            41.47013,
                            -76.787622
                        ],
                        [
                            41.47186,
                            -76.781209
                        ],
                        [
                            41.473588,
                            -76.774795
                        ],
                        [
                            41.475314,
                            -76.768382
                        ],
                        [
                            41.477039,
                            -76.761969
                        ],
                        [
                            41.478762,
                            -76.755555
                        ],
                        [
                            41.508458,
                            -76.749535
                        ],
                        [
                            41.510164,
                            -76.743122
                        ],
                        [
                            41.511868,
                            -76.736709
                        ],
                        [
                            41.513571,
                            -76.730296
                        ],
                        [
                            41.515272,
                            -76.723883
                        ],
                        [
                            41.516971,
                            -76.71747
                        ],
                        [
                            41.518669,
                            -76.711057
                        ],
                        [
                            41.548246,
                            -76.705032
                        ],
                        [
                            41.577796,
                            -76.699005
                        ],
                        [
                            41.607319,
                            -76.692973
                        ],
                        [
                            41.636815,
                            -76.686939
                        ],
                        [
                            41.666284,
                            -76.6809
                        ],
                        [
                            41.695727,
                            -76.674859
                        ],
                        [
                            41.697332,
                            -76.668445
                        ],
                        [
                            41.698936,
                            -76.662032
                        ],
                        [
                            41.728321,
                            -76.655987
                        ],
                        [
                            41.75768,
                            -76.649938
                        ],
                        [
                            41.787011,
                            -76.643886
                        ],
                        [
                            41.788569,
                            -76.637472
                        ],
                        [
                            41.790125,
                            -76.631059
                        ],
                        [
                            41.791679,
                            -76.624645
                        ],
                        [
                            41.765527,
                            -76.617871
                        ],
                        [
                            41.767092,
                            -76.611458
                        ],
                        [
                            41.768655,
                            -76.605044
                        ],
                        [
                            41.742553,
                            -76.598268
                        ],
                        [
                            41.714891,
                            -76.597901
                        ],
                        [
                            41.68723,
                            -76.597532
                        ],
                        [
                            41.68883,
                            -76.591119
                        ],
                        [
                            41.690429,
                            -76.584707
                        ],
                        [
                            41.664406,
                            -76.577922
                        ],
                        [
                            41.666015,
                            -76.57151
                        ],
                        [
                            41.667623,
                            -76.565098
                        ],
                        [
                            41.64165,
                            -76.558312
                        ],
                        [
                            41.614074,
                            -76.557934
                        ],
                        [
                            41.586498,
                            -76.557553
                        ],
                        [
                            41.560582,
                            -76.550758
                        ],
                        [
                            41.534692,
                            -76.54396
                        ],
                        [
                            41.508829,
                            -76.53716
                        ],
                        [
                            41.510507,
                            -76.530749
                        ],
                        [
                            41.512184,
                            -76.524339
                        ],
                        [
                            41.51386,
                            -76.517929
                        ],
                        [
                            41.515534,
                            -76.511518
                        ],
                        [
                            41.517206,
                            -76.505108
                        ],
                        [
                            41.546329,
                            -76.499086
                        ],
                        [
                            41.575425,
                            -76.493061
                        ],
                        [
                            41.604495,
                            -76.487033
                        ],
                        [
                            41.633539,
                            -76.481001
                        ],
                        [
                            41.662557,
                            -76.474966
                        ],
                        [
                            41.691549,
                            -76.468927
                        ],
                        [
                            41.720515,
                            -76.462885
                        ],
                        [
                            41.749454,
                            -76.45684
                        ],
                        [
                            41.778368,
                            -76.450791
                        ],
                        [
                            41.807255,
                            -76.444739
                        ],
                        [
                            41.836116,
                            -76.438684
                        ],
                        [
                            41.863454,
                            -76.439037
                        ],
                        [
                            41.890794,
                            -76.439386
                        ],
                        [
                            41.919606,
                            -76.433321
                        ],
                        [
                            41.946935,
                            -76.433665
                        ],
                        [
                            41.974266,
                            -76.434005
                        ],
                        [
                            42.001598,
                            -76.434343
                        ],
                        [
                            42.027512,
                            -76.44109
                        ],
                        [
                            42.053452,
                            -76.447834
                        ],
                        [
                            42.080814,
                            -76.448162
                        ],
                        [
                            42.108178,
                            -76.448488
                        ],
                        [
                            42.106795,
                            -76.454901
                        ],
                        [
                            42.10541,
                            -76.461314
                        ],
                        [
                            42.131429,
                            -76.46805
                        ],
                        [
                            42.157473,
                            -76.474784
                        ],
                        [
                            42.184893,
                            -76.475101
                        ],
                        [
                            42.213648,
                            -76.469001
                        ],
                        [
                            42.242378,
                            -76.462897
                        ],
                        [
                            42.271081,
                            -76.456791
                        ],
                        [
                            42.299758,
                            -76.45068
                        ],
                        [
                            42.328409,
                            -76.444567
                        ],
                        [
                            42.355771,
                            -76.444865
                        ],
                        [
                            42.383134,
                            -76.44516
                        ],
                        [
                            42.411735,
                            -76.439037
                        ],
                        [
                            42.44031,
                            -76.43291
                        ],
                        [
                            42.46886,
                            -76.426781
                        ],
                        [
                            42.496188,
                            -76.427063
                        ],
                        [
                            42.523518,
                            -76.427342
                        ],
                        [
                            42.552017,
                            -76.421203
                        ],
                        [
                            42.580491,
                            -76.41506
                        ],
                        [
                            42.607798,
                            -76.41533
                        ],
                        [
                            42.635106,
                            -76.415596
                        ],
                        [
                            42.66353,
                            -76.409444
                        ],
                        [
                            42.690827,
                            -76.409704
                        ],
                        [
                            42.718126,
                            -76.409961
                        ],
                        [
                            42.746499,
                            -76.4038
                        ],
                        [
                            42.773787,
                            -76.404051
                        ],
                        [
                            42.801075,
                            -76.404299
                        ],
                        [
                            42.829399,
                            -76.398127
                        ],
                        [
                            42.857697,
                            -76.391953
                        ],
                        [
                            42.885969,
                            -76.385775
                        ],
                        [
                            42.913223,
                            -76.38601
                        ],
                        [
                            42.940477,
                            -76.386243
                        ],
                        [
                            42.968699,
                            -76.380056
                        ],
                        [
                            42.996896,
                            -76.373865
                        ],
                        [
                            43.024127,
                            -76.374088
                        ],
                        [
                            43.051359,
                            -76.374308
                        ],
                        [
                            43.078592,
                            -76.374525
                        ],
                        [
                            43.105826,
                            -76.374738
                        ],
                        [
                            43.133061,
                            -76.374949
                        ],
                        [
                            43.160297,
                            -76.375157
                        ],
                        [
                            43.187534,
                            -76.375361
                        ],
                        [
                            43.214771,
                            -76.375563
                        ],
                        [
                            43.242009,
                            -76.375761
                        ],
                        [
                            43.268425,
                            -76.382374
                        ],
                        [
                            43.295677,
                            -76.382567
                        ],
                        [
                            43.322931,
                            -76.382756
                        ],
                        [
                            43.350185,
                            -76.382943
                        ],
                        [
                            43.378212,
                            -76.376708
                        ],
                        [
                            43.405454,
                            -76.376888
                        ],
                        [
                            43.432698,
                            -76.377065
                        ],
                        [
                            43.459942,
                            -76.377239
                        ],
                        [
                            43.487187,
                            -76.37741
                        ],
                        [
                            43.515139,
                            -76.37116
                        ],
                        [
                            43.542372,
                            -76.371325
                        ],
                        [
                            43.569606,
                            -76.371487
                        ],
                        [
                            43.596841,
                            -76.371646
                        ],
                        [
                            43.624076,
                            -76.371801
                        ],
                        [
                            43.651312,
                            -76.371954
                        ],
                        [
                            43.678548,
                            -76.372104
                        ],
                        [
                            43.705785,
                            -76.37225
                        ],
                        [
                            43.733023,
                            -76.372394
                        ],
                        [
                            43.760261,
                            -76.372534
                        ],
                        [
                            43.7875,
                            -76.372671
                        ],
                        [
                            43.814739,
                            -76.372806
                        ],
                        [
                            43.841979,
                            -76.372937
                        ],
                        [
                            43.869219,
                            -76.373065
                        ],
                        [
                            43.895935,
                            -76.37961
                        ],
                        [
                            43.922677,
                            -76.386151
                        ],
                        [
                            43.949445,
                            -76.39269
                        ],
                        [
                            43.976239,
                            -76.399225
                        ],
                        [
                            44.003533,
                            -76.399339
                        ],
                        [
                            44.004008,
                            -76.392919
                        ],
                        [
                            44.004482,
                            -76.386499
                        ],
                        [
                            44.032212,
                            -76.38019
                        ],
                        [
                            44.059916,
                            -76.373877
                        ],
                        [
                            44.087594,
                            -76.367562
                        ],
                        [
                            44.088027,
                            -76.361142
                        ],
                        [
                            44.08846,
                            -76.354723
                        ],
                        [
                            44.116086,
                            -76.348404
                        ],
                        [
                            44.143686,
                            -76.342083
                        ],
                        [
                            44.171259,
                            -76.335758
                        ],
                        [
                            44.171652,
                            -76.329339
                        ],
                        [
                            44.172045,
                            -76.32292
                        ],
                        [
                            44.199566,
                            -76.316592
                        ],
                        [
                            44.227062,
                            -76.310261
                        ],
                        [
                            44.254533,
                            -76.303927
                        ],
                        [
                            44.254885,
                            -76.297508
                        ],
                        [
                            44.255237,
                            -76.29109
                        ],
                        [
                            44.282656,
                            -76.284753
                        ],
                        [
                            44.310049,
                            -76.278413
                        ],
                        [
                            44.310374,
                            -76.271995
                        ],
                        [
                            44.3107,
                            -76.265576
                        ],
                        [
                            44.311025,
                            -76.259158
                        ],
                        [
                            44.31135,
                            -76.252739
                        ],
                        [
                            44.311674,
                            -76.246321
                        ],
                        [
                            44.311998,
                            -76.239903
                        ],
                        [
                            44.339287,
                            -76.23356
                        ],
                        [
                            44.366551,
                            -76.227215
                        ],
                        [
                            44.366849,
                            -76.220797
                        ],
                        [
                            44.367146,
                            -76.214379
                        ],
                        [
                            44.394359,
                            -76.208031
                        ],
                        [
                            44.394643,
                            -76.201613
                        ],
                        [
                            44.394927,
                            -76.195195
                        ],
                        [
                            44.395211,
                            -76.188778
                        ],
                        [
                            44.395495,
                            -76.18236
                        ],
                        [
                            44.395778,
                            -76.175943
                        ],
                        [
                            44.396061,
                            -76.169526
                        ],
                        [
                            44.396344,
                            -76.163108
                        ],
                        [
                            44.396627,
                            -76.156691
                        ],
                        [
                            44.396909,
                            -76.150274
                        ],
                        [
                            44.397191,
                            -76.143857
                        ],
                        [
                            44.42425,
                            -76.137506
                        ],
                        [
                            44.424519,
                            -76.131089
                        ],
                        [
                            44.424787,
                            -76.124673
                        ],
                        [
                            44.425056,
                            -76.118256
                        ],
                        [
                            44.425324,
                            -76.111839
                        ],
                        [
                            44.452307,
                            -76.105486
                        ],
                        [
                            44.452562,
                            -76.099069
                        ],
                        [
                            44.452817,
                            -76.092653
                        ],
                        [
                            44.453072,
                            -76.086237
                        ],
                        [
                            44.453327,
                            -76.07982
                        ],
                        [
                            44.453581,
                            -76.073404
                        ],
                        [
                            44.453835,
                            -76.066988
                        ],
                        [
                            44.480717,
                            -76.060632
                        ],
                        [
                            44.507575,
                            -76.054273
                        ],
                        [
                            44.534407,
                            -76.047911
                        ],
                        [
                            44.561215,
                            -76.041546
                        ],
                        [
                            44.587998,
                            -76.035177
                        ],
                        [
                            44.614757,
                            -76.028806
                        ],
                        [
                            44.641491,
                            -76.022433
                        ],
                        [
                            44.6682,
                            -76.016056
                        ],
                        [
                            44.694885,
                            -76.009676
                        ],
                        [
                            44.721545,
                            -76.003293
                        ],
                        [
                            44.748181,
                            -75.996908
                        ],
                        [
                            44.774792,
                            -75.990519
                        ],
                        [
                            44.801379,
                            -75.984128
                        ],
                        [
                            44.827941,
                            -75.977733
                        ],
                        [
                            44.854479,
                            -75.971336
                        ],
                        [
                            44.880992,
                            -75.964936
                        ],
                        [
                            44.881047,
                            -75.958521
                        ],
                        [
                            44.881102,
                            -75.952106
                        ],
                        [
                            44.907566,
                            -75.945704
                        ],
                        [
                            44.934006,
                            -75.939298
                        ],
                        [
                            44.960422,
                            -75.932889
                        ],
                        [
                            44.986813,
                            -75.926478
                        ],
                        [
                            45.013181,
                            -75.920064
                        ],
                        [
                            45.039542,
                            -75.920061
                        ],
                        [
                            45.065903,
                            -75.920055
                        ],
                        [
                            45.092221,
                            -75.913632
                        ],
                        [
                            45.11857,
                            -75.91362
                        ],
                        [
                            45.144919,
                            -75.913605
                        ],
                        [
                            45.171268,
                            -75.913587
                        ],
                        [
                            45.197616,
                            -75.913567
                        ],
                        [
                            45.223862,
                            -75.907129
                        ],
                        [
                            45.250198,
                            -75.907103
                        ],
                        [
                            45.276535,
                            -75.907073
                        ],
                        [
                            45.302871,
                            -75.907041
                        ],
                        [
                            45.329207,
                            -75.907005
                        ],
                        [
                            45.355379,
                            -75.900553
                        ],
                        [
                            45.381528,
                            -75.894098
                        ],
                        [
                            45.407652,
                            -75.88764
                        ],
                        [
                            45.433752,
                            -75.881179
                        ],
                        [
                            45.459828,
                            -75.874716
                        ],
                        [
                            45.48588,
                            -75.868249
                        ],
                        [
                            45.485657,
                            -75.861836
                        ],
                        [
                            45.485435,
                            -75.855423
                        ],
                        [
                            45.511439,
                            -75.848954
                        ],
                        [
                            45.537419,
                            -75.842482
                        ],
                        [
                            45.563375,
                            -75.836008
                        ],
                        [
                            45.589307,
                            -75.829531
                        ],
                        [
                            45.615497,
                            -75.829463
                        ],
                        [
                            45.641686,
                            -75.829393
                        ],
                        [
                            45.66757,
                            -75.822907
                        ],
                        [
                            45.69343,
                            -75.816418
                        ],
                        [
                            45.719266,
                            -75.809927
                        ],
                        [
                            45.745078,
                            -75.803433
                        ],
                        [
                            45.770866,
                            -75.796936
                        ],
                        [
                            45.79663,
                            -75.790436
                        ],
                        [
                            45.822371,
                            -75.783934
                        ],
                        [
                            45.848088,
                            -75.777429
                        ],
                        [
                            45.847702,
                            -75.771017
                        ],
                        [
                            45.847316,
                            -75.764606
                        ],
                        [
                            45.846931,
                            -75.758194
                        ],
                        [
                            45.846546,
                            -75.751783
                        ],
                        [
                            45.872193,
                            -75.745275
                        ],
                        [
                            45.897816,
                            -75.738765
                        ],
                        [
                            45.923416,
                            -75.732252
                        ],
                        [
                            45.948992,
                            -75.725737
                        ],
                        [
                            45.974545,
                            -75.719219
                        ],
                        [
                            46.000074,
                            -75.712698
                        ],
                        [
                            46.02558,
                            -75.706174
                        ],
                        [
                            46.025115,
                            -75.699764
                        ],
                        [
                            46.024651,
                            -75.693353
                        ],
                        [
                            46.050111,
                            -75.686827
                        ],
                        [
                            46.075547,
                            -75.680298
                        ],
                        [
                            46.07506,
                            -75.673888
                        ],
                        [
                            46.074574,
                            -75.667479
                        ],
                        [
                            46.099965,
                            -75.660947
                        ],
                        [
                            46.099468,
                            -75.654538
                        ],
                        [
                            46.098972,
                            -75.648129
                        ],
                        [
                            46.124316,
                            -75.641595
                        ],
                        [
                            46.123809,
                            -75.635186
                        ],
                        [
                            46.123303,
                            -75.628777
                        ],
                        [
                            46.122797,
                            -75.622368
                        ],
                        [
                            46.122291,
                            -75.615959
                        ],
                        [
                            46.147568,
                            -75.609423
                        ],
                        [
                            46.147051,
                            -75.603014
                        ],
                        [
                            46.146536,
                            -75.596606
                        ],
                        [
                            46.14602,
                            -75.590197
                        ],
                        [
                            46.11977,
                            -75.583915
                        ],
                        [
                            46.119268,
                            -75.577507
                        ],
                        [
                            46.118765,
                            -75.571099
                        ],
                        [
                            46.118263,
                            -75.56469
                        ],
                        [
                            46.117762,
                            -75.558282
                        ],
                        [
                            46.091583,
                            -75.551998
                        ],
                        [
                            46.091094,
                            -75.54559
                        ],
                        [
                            46.090605,
                            -75.539182
                        ],
                        [
                            46.090117,
                            -75.532774
                        ],
                        [
                            46.089629,
                            -75.526366
                        ],
                        [
                            46.063521,
                            -75.520079
                        ],
                        [
                            46.063046,
                            -75.513671
                        ],
                        [
                            46.062571,
                            -75.507264
                        ],
                        [
                            46.062096,
                            -75.500856
                        ],
                        [
                            46.061622,
                            -75.494449
                        ],
                        [
                            46.035584,
                            -75.488159
                        ],
                        [
                            46.035122,
                            -75.481752
                        ],
                        [
                            46.034661,
                            -75.475344
                        ],
                        [
                            46.008669,
                            -75.469052
                        ],
                        [
                            46.00822,
                            -75.462645
                        ],
                        [
                            46.007771,
                            -75.456238
                        ],
                        [
                            46.007323,
                            -75.449831
                        ],
                        [
                            46.006874,
                            -75.443424
                        ],
                        [
                            46.006427,
                            -75.437017
                        ],
                        [
                            46.005979,
                            -75.430611
                        ],
                        [
                            46.005533,
                            -75.424204
                        ],
                        [
                            46.005086,
                            -75.417798
                        ],
                        [
                            46.00464,
                            -75.411392
                        ],
                        [
                            46.004194,
                            -75.404985
                        ],
                        [
                            46.003749,
                            -75.398579
                        ],
                        [
                            46.028699,
                            -75.39206
                        ],
                        [
                            46.053626,
                            -75.385537
                        ],
                        [
                            46.078531,
                            -75.379012
                        ],
                        [
                            46.103413,
                            -75.372485
                        ],
                        [
                            46.128273,
                            -75.365955
                        ],
                        [
                            46.15311,
                            -75.359422
                        ],
                        [
                            46.177925,
                            -75.352886
                        ],
                        [
                            46.202718,
                            -75.346348
                        ],
                        [
                            46.228031,
                            -75.346212
                        ],
                        [
                            46.253343,
                            -75.346074
                        ],
                        [
                            46.27809,
                            -75.339527
                        ],
                        [
                            46.302815,
                            -75.332978
                        ],
                        [
                            46.328103,
                            -75.332831
                        ],
                        [
                            46.353391,
                            -75.332681
                        ],
                        [
                            46.378678,
                            -75.332529
                        ],
                        [
                            46.403965,
                            -75.332373
                        ],
                        [
                            46.429252,
                            -75.332215
                        ],
                        [
                            46.454537,
                            -75.332054
                        ],
                        [
                            46.479169,
                            -75.325486
                        ],
                        [
                            46.504443,
                            -75.325319
                        ],
                        [
                            46.529716,
                            -75.325149
                        ],
                        [
                            46.554302,
                            -75.318573
                        ],
                        [
                            46.579563,
                            -75.318398
                        ],
                        [
                            46.604823,
                            -75.31822
                        ],
                        [
                            46.629363,
                            -75.311636
                        ],
                        [
                            46.654611,
                            -75.311452
                        ],
                        [
                            46.679858,
                            -75.311266
                        ],
                        [
                            46.704353,
                            -75.304674
                        ],
                        [
                            46.729587,
                            -75.304482
                        ],
                        [
                            46.754821,
                            -75.304287
                        ],
                        [
                            46.77927,
                            -75.297687
                        ],
                        [
                            46.803697,
                            -75.291084
                        ],
                        [
                            46.828102,
                            -75.284479
                        ],
                        [
                            46.827298,
                            -75.278077
                        ],
                        [
                            46.826495,
                            -75.271675
                        ],
                        [
                            46.850857,
                            -75.265067
                        ],
                        [
                            46.875197,
                            -75.258457
                        ],
                        [
                            46.899515,
                            -75.251845
                        ],
                        [
                            46.923811,
                            -75.24523
                        ],
                        [
                            46.948085,
                            -75.238612
                        ],
                        [
                            46.972337,
                            -75.231992
                        ],
                        [
                            46.971473,
                            -75.225591
                        ],
                        [
                            46.970609,
                            -75.21919
                        ],
                        [
                            46.994819,
                            -75.212568
                        ],
                        [
                            47.019006,
                            -75.205943
                        ],
                        [
                            47.043172,
                            -75.199316
                        ],
                        [
                            47.067316,
                            -75.192686
                        ],
                        [
                            47.091438,
                            -75.186054
                        ],
                        [
                            47.115538,
                            -75.179419
                        ],
                        [
                            47.139616,
                            -75.172782
                        ],
                        [
                            47.163673,
                            -75.166142
                        ],
                        [
                            47.187708,
                            -75.1595
                        ],
                        [
                            47.211721,
                            -75.152855
                        ],
                        [
                            47.235712,
                            -75.146208
                        ],
                        [
                            47.259681,
                            -75.139558
                        ],
                        [
                            47.283629,
                            -75.132906
                        ],
                        [
                            47.307556,
                            -75.126252
                        ],
                        [
                            47.33146,
                            -75.119595
                        ],
                        [
                            47.330446,
                            -75.113197
                        ],
                        [
                            47.329434,
                            -75.106799
                        ],
                        [
                            47.353297,
                            -75.10014
                        ],
                        [
                            47.352275,
                            -75.093743
                        ],
                        [
                            47.351254,
                            -75.087345
                        ],
                        [
                            47.350234,
                            -75.080948
                        ],
                        [
                            47.349215,
                            -75.074551
                        ],
                        [
                            47.348197,
                            -75.068154
                        ],
                        [
                            47.347179,
                            -75.061757
                        ],
                        [
                            47.346163,
                            -75.05536
                        ],
                        [
                            47.320358,
                            -75.049224
                        ],
                        [
                            47.319354,
                            -75.042827
                        ],
                        [
                            47.318351,
                            -75.03643
                        ],
                        [
                            47.292591,
                            -75.030291
                        ],
                        [
                            47.2916,
                            -75.023894
                        ],
                        [
                            47.29061,
                            -75.017498
                        ],
                        [
                            47.264894,
                            -75.011356
                        ],
                        [
                            47.263917,
                            -75.004959
                        ],
                        [
                            47.26294,
                            -74.998563
                        ],
                        [
                            47.237268,
                            -74.992418
                        ],
                        [
                            47.236304,
                            -74.986021
                        ],
                        [
                            47.235341,
                            -74.979625
                        ],
                        [
                            47.234378,
                            -74.973229
                        ],
                        [
                            47.233416,
                            -74.966833
                        ],
                        [
                            47.207811,
                            -74.960685
                        ],
                        [
                            47.206862,
                            -74.954289
                        ],
                        [
                            47.230535,
                            -74.947645
                        ],
                        [
                            47.229576,
                            -74.941249
                        ],
                        [
                            47.228619,
                            -74.934853
                        ],
                        [
                            47.252252,
                            -74.928208
                        ],
                        [
                            47.251285,
                            -74.921812
                        ],
                        [
                            47.250319,
                            -74.915417
                        ],
                        [
                            47.273911,
                            -74.908769
                        ],
                        [
                            47.297483,
                            -74.902119
                        ],
                        [
                            47.296499,
                            -74.895724
                        ],
                        [
                            47.295515,
                            -74.88933
                        ],
                        [
                            47.319046,
                            -74.882677
                        ],
                        [
                            47.318054,
                            -74.876283
                        ],
                        [
                            47.317062,
                            -74.869889
                        ],
                        [
                            47.316072,
                            -74.863494
                        ],
                        [
                            47.315082,
                            -74.8571
                        ],
                        [
                            47.314093,
                            -74.850706
                        ],
                        [
                            47.313105,
                            -74.844312
                        ],
                        [
                            47.312118,
                            -74.837918
                        ],
                        [
                            47.311131,
                            -74.831524
                        ],
                        [
                            47.310146,
                            -74.825131
                        ],
                        [
                            47.309161,
                            -74.818737
                        ],
                        [
                            47.308177,
                            -74.812344
                        ],
                        [
                            47.307194,
                            -74.80595
                        ],
                        [
                            47.306212,
                            -74.799557
                        ],
                        [
                            47.305231,
                            -74.793163
                        ],
                        [
                            47.30425,
                            -74.78677
                        ],
                        [
                            47.303271,
                            -74.780377
                        ],
                        [
                            47.302292,
                            -74.773984
                        ],
                        [
                            47.301314,
                            -74.767591
                        ],
                        [
                            47.324652,
                            -74.76094
                        ],
                        [
                            47.323665,
                            -74.754548
                        ],
                        [
                            47.32268,
                            -74.748155
                        ],
                        [
                            47.321695,
                            -74.741763
                        ],
                        [
                            47.320711,
                            -74.73537
                        ],
                        [
                            47.319727,
                            -74.728978
                        ],
                        [
                            47.318745,
                            -74.722586
                        ],
                        [
                            47.317763,
                            -74.716194
                        ],
                        [
                            47.316782,
                            -74.709802
                        ],
                        [
                            47.315802,
                            -74.70341
                        ],
                        [
                            47.314823,
                            -74.697018
                        ],
                        [
                            47.313845,
                            -74.690626
                        ],
                        [
                            47.312867,
                            -74.684235
                        ],
                        [
                            47.336072,
                            -74.677584
                        ],
                        [
                            47.359257,
                            -74.670931
                        ],
                        [
                            47.383426,
                            -74.670666
                        ],
                        [
                            47.407595,
                            -74.670398
                        ],
                        [
                            47.430737,
                            -74.663738
                        ],
                        [
                            47.454894,
                            -74.663465
                        ],
                        [
                            47.479051,
                            -74.66319
                        ],
                        [
                            47.50215,
                            -74.656521
                        ],
                        [
                            47.526294,
                            -74.656241
                        ],
                        [
                            47.550438,
                            -74.655957
                        ],
                        [
                            47.573495,
                            -74.649282
                        ],
                        [
                            47.597626,
                            -74.648993
                        ],
                        [
                            47.621757,
                            -74.648702
                        ],
                        [
                            47.644772,
                            -74.642018
                        ],
                        [
                            47.667766,
                            -74.635333
                        ],
                        [
                            47.690741,
                            -74.628645
                        ],
                        [
                            47.714837,
                            -74.628343
                        ],
                        [
                            47.738932,
                            -74.628039
                        ],
                        [
                            47.761864,
                            -74.621343
                        ],
                        [
                            47.784776,
                            -74.614646
                        ],
                        [
                            47.783606,
                            -74.608257
                        ],
                        [
                            47.782436,
                            -74.601869
                        ],
                        [
                            47.80531,
                            -74.59517
                        ],
                        [
                            47.828163,
                            -74.588468
                        ],
                        [
                            47.826976,
                            -74.58208
                        ],
                        [
                            47.825791,
                            -74.575693
                        ],
                        [
                            47.848606,
                            -74.568989
                        ],
                        [
                            47.871401,
                            -74.562283
                        ],
                        [
                            47.894176,
                            -74.555574
                        ],
                        [
                            47.916931,
                            -74.548863
                        ],
                        [
                            47.939666,
                            -74.54215
                        ],
                        [
                            47.962381,
                            -74.535435
                        ],
                        [
                            47.985076,
                            -74.528717
                        ],
                        [
                            48.007751,
                            -74.521997
                        ],
                        [
                            48.030407,
                            -74.515275
                        ],
                        [
                            48.053042,
                            -74.50855
                        ],
                        [
                            48.075657,
                            -74.501824
                        ],
                        [
                            48.098253,
                            -74.495094
                        ],
                        [
                            48.120829,
                            -74.488363
                        ],
                        [
                            48.143385,
                            -74.481629
                        ],
                        [
                            48.16724,
                            -74.481277
                        ],
                        [
                            48.191095,
                            -74.480923
                        ],
                        [
                            48.213609,
                            -74.474182
                        ],
                        [
                            48.236103,
                            -74.467439
                        ],
                        [
                            48.259934,
                            -74.467077
                        ],
                        [
                            48.283765,
                            -74.466712
                        ],
                        [
                            48.306217,
                            -74.459961
                        ],
                        [
                            48.330035,
                            -74.459591
                        ],
                        [
                            48.353852,
                            -74.459218
                        ],
                        [
                            48.376263,
                            -74.452461
                        ],
                        [
                            48.398654,
                            -74.445701
                        ],
                        [
                            48.421025,
                            -74.438939
                        ],
                        [
                            48.419604,
                            -74.432557
                        ],
                        [
                            48.418184,
                            -74.426175
                        ],
                        [
                            48.416765,
                            -74.419794
                        ],
                        [
                            48.415348,
                            -74.413412
                        ],
                        [
                            48.413931,
                            -74.407031
                        ],
                        [
                            48.412516,
                            -74.40065
                        ],
                        [
                            48.434816,
                            -74.393887
                        ],
                        [
                            48.433393,
                            -74.387506
                        ],
                        [
                            48.431972,
                            -74.381125
                        ],
                        [
                            48.430551,
                            -74.374744
                        ],
                        [
                            48.405457,
                            -74.368744
                        ],
                        [
                            48.404049,
                            -74.362364
                        ],
                        [
                            48.402642,
                            -74.355983
                        ],
                        [
                            48.401236,
                            -74.349602
                        ],
                        [
                            48.399831,
                            -74.343222
                        ],
                        [
                            48.398428,
                            -74.336841
                        ],
                        [
                            48.397025,
                            -74.330461
                        ],
                        [
                            48.372016,
                            -74.324458
                        ],
                        [
                            48.370625,
                            -74.318078
                        ],
                        [
                            48.369236,
                            -74.311697
                        ],
                        [
                            48.367848,
                            -74.305317
                        ],
                        [
                            48.366461,
                            -74.298937
                        ],
                        [
                            48.341514,
                            -74.292931
                        ],
                        [
                            48.340139,
                            -74.286551
                        ],
                        [
                            48.362306,
                            -74.279797
                        ],
                        [
                            48.360924,
                            -74.273418
                        ],
                        [
                            48.359543,
                            -74.267038
                        ],
                        [
                            48.381674,
                            -74.260283
                        ],
                        [
                            48.380285,
                            -74.253904
                        ],
                        [
                            48.378898,
                            -74.247524
                        ],
                        [
                            48.400993,
                            -74.240767
                        ],
                        [
                            48.423069,
                            -74.234008
                        ],
                        [
                            48.421666,
                            -74.22763
                        ],
                        [
                            48.420263,
                            -74.221251
                        ],
                        [
                            48.442303,
                            -74.21449
                        ],
                        [
                            48.464324,
                            -74.207727
                        ],
                        [
                            48.486326,
                            -74.200962
                        ],
                        [
                            48.4849,
                            -74.194584
                        ],
                        [
                            48.483475,
                            -74.188207
                        ],
                        [
                            48.505441,
                            -74.18144
                        ],
                        [
                            48.504009,
                            -74.175063
                        ],
                        [
                            48.502578,
                            -74.168685
                        ],
                        [
                            48.524508,
                            -74.161917
                        ],
                        [
                            48.52307,
                            -74.15554
                        ],
                        [
                            48.521633,
                            -74.149163
                        ],
                        [
                            48.543528,
                            -74.142393
                        ],
                        [
                            48.542084,
                            -74.136016
                        ],
                        [
                            48.540641,
                            -74.12964
                        ],
                        [
                            48.5625,
                            -74.122868
                        ],
                        [
                            48.56105,
                            -74.116492
                        ],
                        [
                            48.559601,
                            -74.110116
                        ],
                        [
                            48.581425,
                            -74.103343
                        ],
                        [
                            48.579969,
                            -74.096967
                        ],
                        [
                            48.578514,
                            -74.090592
                        ],
                        [
                            48.577061,
                            -74.084216
                        ],
                        [
                            48.575608,
                            -74.077841
                        ],
                        [
                            48.597381,
                            -74.071066
                        ],
                        [
                            48.595921,
                            -74.064691
                        ],
                        [
                            48.594463,
                            -74.058316
                        ],
                        [
                            48.6162,
                            -74.05154
                        ],
                        [
                            48.614735,
                            -74.045165
                        ],
                        [
                            48.613271,
                            -74.038791
                        ],
                        [
                            48.634973,
                            -74.032013
                        ],
                        [
                            48.656657,
                            -74.025233
                        ],
                        [
                            48.655177,
                            -74.018859
                        ],
                        [
                            48.6537,
                            -74.012485
                        ],
                        [
                            48.675348,
                            -74.005703
                        ],
                        [
                            48.673863,
                            -73.99933
                        ],
                        [
                            48.67238,
                            -73.992957
                        ],
                        [
                            48.693994,
                            -73.986173
                        ],
                        [
                            48.692503,
                            -73.9798
                        ],
                        [
                            48.691014,
                            -73.973427
                        ],
                        [
                            48.712593,
                            -73.966642
                        ],
                        [
                            48.734154,
                            -73.959855
                        ],
                        [
                            48.755696,
                            -73.953066
                        ],
                        [
                            48.77722,
                            -73.946274
                        ],
                        [
                            48.798725,
                            -73.939481
                        ],
                        [
                            48.820212,
                            -73.932685
                        ],
                        [
                            48.818676,
                            -73.926314
                        ],
                        [
                            48.817141,
                            -73.919943
                        ],
                        [
                            48.838594,
                            -73.913146
                        ],
                        [
                            48.860028,
                            -73.906346
                        ],
                        [
                            48.881444,
                            -73.899545
                        ],
                        [
                            48.902841,
                            -73.892741
                        ],
                        [
                            48.924221,
                            -73.885935
                        ],
                        [
                            48.945582,
                            -73.879128
                        ],
                        [
                            48.966924,
                            -73.872318
                        ],
                        [
                            48.965335,
                            -73.865949
                        ],
                        [
                            48.963748,
                            -73.859579
                        ],
                        [
                            48.985056,
                            -73.852768
                        ],
                        [
                            49.006347,
                            -73.845954
                        ],
                        [
                            49.027619,
                            -73.839139
                        ],
                        [
                            49.026009,
                            -73.832771
                        ],
                        [
                            49.024401,
                            -73.826402
                        ],
                        [
                            49.045639,
                            -73.819585
                        ],
                        [
                            49.044024,
                            -73.813218
                        ],
                        [
                            49.04241,
                            -73.80685
                        ],
                        [
                            49.063615,
                            -73.800031
                        ],
                        [
                            49.084802,
                            -73.79321
                        ],
                        [
                            49.083174,
                            -73.786843
                        ],
                        [
                            49.081547,
                            -73.780476
                        ],
                        [
                            49.102701,
                            -73.773654
                        ],
                        [
                            49.101068,
                            -73.767287
                        ],
                        [
                            49.099436,
                            -73.760921
                        ],
                        [
                            49.097805,
                            -73.754554
                        ],
                        [
                            49.096176,
                            -73.748188
                        ],
                        [
                            49.11728,
                            -73.741365
                        ],
                        [
                            49.115645,
                            -73.734999
                        ],
                        [
                            49.11401,
                            -73.728633
                        ],
                        [
                            49.135082,
                            -73.721808
                        ],
                        [
                            49.156135,
                            -73.714981
                        ],
                        [
                            49.154487,
                            -73.708616
                        ],
                        [
                            49.15284,
                            -73.702251
                        ],
                        [
                            49.17386,
                            -73.695423
                        ],
                        [
                            49.194862,
                            -73.688592
                        ],
                        [
                            49.193201,
                            -73.682228
                        ],
                        [
                            49.191542,
                            -73.675863
                        ],
                        [
                            49.189883,
                            -73.669499
                        ],
                        [
                            49.188226,
                            -73.663135
                        ],
                        [
                            49.209181,
                            -73.656303
                        ],
                        [
                            49.230117,
                            -73.64947
                        ],
                        [
                            49.252716,
                            -73.648998
                        ],
                        [
                            49.275313,
                            -73.648524
                        ],
                        [
                            49.296212,
                            -73.641684
                        ],
                        [
                            49.318797,
                            -73.641204
                        ],
                        [
                            49.341382,
                            -73.640722
                        ],
                        [
                            49.362242,
                            -73.633876
                        ],
                        [
                            49.383085,
                            -73.627027
                        ],
                        [
                            49.40391,
                            -73.620176
                        ],
                        [
                            49.424717,
                            -73.613324
                        ],
                        [
                            49.445507,
                            -73.606469
                        ],
                        [
                            49.443756,
                            -73.600108
                        ],
                        [
                            49.442006,
                            -73.593747
                        ],
                        [
                            49.462764,
                            -73.586891
                        ],
                        [
                            49.485268,
                            -73.586393
                        ],
                        [
                            49.507771,
                            -73.585893
                        ],
                        [
                            49.52849,
                            -73.57903
                        ],
                        [
                            49.549192,
                            -73.572165
                        ],
                        [
                            49.569876,
                            -73.565298
                        ],
                        [
                            49.590543,
                            -73.55843
                        ],
                        [
                            49.611192,
                            -73.551559
                        ],
                        [
                            49.631824,
                            -73.544686
                        ],
                        [
                            49.652439,
                            -73.537811
                        ],
                        [
                            49.673036,
                            -73.530935
                        ],
                        [
                            49.693615,
                            -73.524056
                        ],
                        [
                            49.714177,
                            -73.517175
                        ],
                        [
                            49.734722,
                            -73.510293
                        ],
                        [
                            49.755249,
                            -73.503408
                        ],
                        [
                            49.775759,
                            -73.496521
                        ],
                        [
                            49.796252,
                            -73.489633
                        ],
                        [
                            49.794376,
                            -73.483277
                        ],
                        [
                            49.792502,
                            -73.476921
                        ],
                        [
                            49.79063,
                            -73.470565
                        ],
                        [
                            49.788759,
                            -73.464209
                        ],
                        [
                            49.809205,
                            -73.457319
                        ],
                        [
                            49.807329,
                            -73.450964
                        ],
                        [
                            49.805453,
                            -73.444608
                        ],
                        [
                            49.825868,
                            -73.437718
                        ],
                        [
                            49.823987,
                            -73.431363
                        ],
                        [
                            49.822108,
                            -73.425008
                        ],
                        [
                            49.82023,
                            -73.418653
                        ],
                        [
                            49.818353,
                            -73.412298
                        ],
                        [
                            49.816478,
                            -73.405943
                        ],
                        [
                            49.814604,
                            -73.399588
                        ],
                        [
                            49.812732,
                            -73.393234
                        ],
                        [
                            49.788641,
                            -73.387413
                        ],
                        [
                            49.78678,
                            -73.381058
                        ],
                        [
                            49.784921,
                            -73.374704
                        ],
                        [
                            49.783063,
                            -73.368349
                        ],
                        [
                            49.803393,
                            -73.361462
                        ],
                        [
                            49.823705,
                            -73.354573
                        ],
                        [
                            49.844,
                            -73.347682
                        ],
                        [
                            49.864279,
                            -73.340789
                        ],
                        [
                            49.88454,
                            -73.333894
                        ],
                        [
                            49.904784,
                            -73.326998
                        ],
                        [
                            49.925012,
                            -73.320099
                        ],
                        [
                            49.945222,
                            -73.313198
                        ],
                        [
                            49.965416,
                            -73.306296
                        ],
                        [
                            49.987521,
                            -73.305743
                        ],
                        [
                            50.009624,
                            -73.305187
                        ],
                        [
                            50.029781,
                            -73.298278
                        ],
                        [
                            50.04992,
                            -73.291367
                        ],
                        [
                            50.070043,
                            -73.284454
                        ],
                        [
                            50.090149,
                            -73.27754
                        ],
                        [
                            50.110238,
                            -73.270623
                        ],
                        [
                            50.108267,
                            -73.264274
                        ],
                        [
                            50.106297,
                            -73.257924
                        ],
                        [
                            50.104329,
                            -73.251574
                        ],
                        [
                            50.102362,
                            -73.245225
                        ],
                        [
                            50.122407,
                            -73.238308
                        ],
                        [
                            50.120434,
                            -73.231959
                        ],
                        [
                            50.118464,
                            -73.22561
                        ],
                        [
                            50.116495,
                            -73.219261
                        ],
                        [
                            50.114527,
                            -73.212912
                        ],
                        [
                            50.134527,
                            -73.205994
                        ],
                        [
                            50.132554,
                            -73.199646
                        ],
                        [
                            50.130583,
                            -73.193297
                        ],
                        [
                            50.128613,
                            -73.186949
                        ],
                        [
                            50.126645,
                            -73.180601
                        ],
                        [
                            50.124678,
                            -73.174253
                        ],
                        [
                            50.122712,
                            -73.167905
                        ],
                        [
                            50.120748,
                            -73.161557
                        ],
                        [
                            50.118786,
                            -73.155209
                        ],
                        [
                            50.138715,
                            -73.148292
                        ],
                        [
                            50.158628,
                            -73.141373
                        ],
                        [
                            50.178524,
                            -73.134452
                        ],
                        [
                            50.176543,
                            -73.128105
                        ],
                        [
                            50.174563,
                            -73.121758
                        ],
                        [
                            50.194429,
                            -73.114836
                        ],
                        [
                            50.214278,
                            -73.107911
                        ],
                        [
                            50.212287,
                            -73.101565
                        ],
                        [
                            50.210296,
                            -73.095219
                        ],
                        [
                            50.230116,
                            -73.088294
                        ],
                        [
                            50.228121,
                            -73.081948
                        ],
                        [
                            50.226127,
                            -73.075603
                        ],
                        [
                            50.224134,
                            -73.069257
                        ],
                        [
                            50.222143,
                            -73.062912
                        ],
                        [
                            50.24192,
                            -73.055986
                        ],
                        [
                            50.26168,
                            -73.049058
                        ],
                        [
                            50.281423,
                            -73.042128
                        ],
                        [
                            50.301151,
                            -73.035196
                        ],
                        [
                            50.299135,
                            -73.028853
                        ],
                        [
                            50.29712,
                            -73.022509
                        ],
                        [
                            50.316818,
                            -73.015576
                        ],
                        [
                            50.336499,
                            -73.008641
                        ],
                        [
                            50.356164,
                            -73.001704
                        ],
                        [
                            50.375813,
                            -72.994766
                        ],
                        [
                            50.395445,
                            -72.987825
                        ],
                        [
                            50.415061,
                            -72.980883
                        ],
                        [
                            50.413009,
                            -72.974541
                        ],
                        [
                            50.410958,
                            -72.968199
                        ],
                        [
                            50.430545,
                            -72.961256
                        ],
                        [
                            50.450115,
                            -72.954311
                        ],
                        [
                            50.46967,
                            -72.947364
                        ],
                        [
                            50.489208,
                            -72.940415
                        ],
                        [
                            50.50873,
                            -72.933464
                        ],
                        [
                            50.528237,
                            -72.926512
                        ],
                        [
                            50.547726,
                            -72.919557
                        ],
                        [
                            50.5672,
                            -72.912601
                        ],
                        [
                            50.586658,
                            -72.905643
                        ],
                        [
                            50.6061,
                            -72.898683
                        ],
                        [
                            50.603985,
                            -72.892345
                        ],
                        [
                            50.601873,
                            -72.886006
                        ],
                        [
                            50.621285,
                            -72.879045
                        ],
                        [
                            50.640682,
                            -72.872082
                        ],
                        [
                            50.660063,
                            -72.865118
                        ],
                        [
                            50.657933,
                            -72.85878
                        ],
                        [
                            50.655804,
                            -72.852443
                        ],
                        [
                            50.675156,
                            -72.845477
                        ],
                        [
                            50.694492,
                            -72.83851
                        ],
                        [
                            50.713812,
                            -72.83154
                        ],
                        [
                            50.733116,
                            -72.824569
                        ],
                        [
                            50.730964,
                            -72.818233
                        ],
                        [
                            50.728813,
                            -72.811897
                        ],
                        [
                            50.748088,
                            -72.804925
                        ],
                        [
                            50.767348,
                            -72.797951
                        ],
                        [
                            50.786592,
                            -72.790975
                        ],
                        [
                            50.80582,
                            -72.783997
                        ],
                        [
                            50.825033,
                            -72.777018
                        ],
                        [
                            50.844229,
                            -72.770037
                        ],
                        [
                            50.842042,
                            -72.763703
                        ],
                        [
                            50.839856,
                            -72.757369
                        ],
                        [
                            50.859025,
                            -72.750387
                        ],
                        [
                            50.878177,
                            -72.743403
                        ],
                        [
                            50.897314,
                            -72.736417
                        ],
                        [
                            50.916435,
                            -72.729429
                        ],
                        [
                            50.935541,
                            -72.72244
                        ],
                        [
                            50.95463,
                            -72.715449
                        ],
                        [
                            50.973704,
                            -72.708456
                        ],
                        [
                            50.992763,
                            -72.701461
                        ],
                        [
                            50.990529,
                            -72.69513
                        ],
                        [
                            50.988297,
                            -72.688799
                        ],
                        [
                            51.007328,
                            -72.681803
                        ],
                        [
                            51.026342,
                            -72.674806
                        ],
                        [
                            51.045342,
                            -72.667807
                        ],
                        [
                            51.064325,
                            -72.660806
                        ],
                        [
                            51.083293,
                            -72.653803
                        ],
                        [
                            51.102246,
                            -72.646798
                        ],
                        [
                            51.121183,
                            -72.639792
                        ],
                        [
                            51.140105,
                            -72.632784
                        ],
                        [
                            51.159011,
                            -72.625774
                        ],
                        [
                            51.177901,
                            -72.618763
                        ],
                        [
                            51.196776,
                            -72.611749
                        ],
                        [
                            51.194479,
                            -72.605422
                        ],
                        [
                            51.192183,
                            -72.599095
                        ],
                        [
                            51.211031,
                            -72.592081
                        ],
                        [
                            51.229863,
                            -72.585065
                        ],
                        [
                            51.24868,
                            -72.578047
                        ],
                        [
                            51.267481,
                            -72.571028
                        ],
                        [
                            51.286267,
                            -72.564007
                        ],
                        [
                            51.283944,
                            -72.557682
                        ],
                        [
                            51.281621,
                            -72.551357
                        ],
                        [
                            51.30038,
                            -72.544334
                        ],
                        [
                            51.319124,
                            -72.537311
                        ],
                        [
                            51.337852,
                            -72.530285
                        ],
                        [
                            51.335514,
                            -72.523961
                        ],
                        [
                            51.333177,
                            -72.517637
                        ],
                        [
                            51.351878,
                            -72.51061
                        ],
                        [
                            51.370564,
                            -72.503582
                        ],
                        [
                            51.389234,
                            -72.496552
                        ],
                        [
                            51.40789,
                            -72.48952
                        ],
                        [
                            51.405531,
                            -72.483198
                        ],
                        [
                            51.403175,
                            -72.476876
                        ],
                        [
                            51.421803,
                            -72.469843
                        ],
                        [
                            51.440416,
                            -72.462809
                        ],
                        [
                            51.459014,
                            -72.455772
                        ],
                        [
                            51.477597,
                            -72.448735
                        ],
                        [
                            51.496165,
                            -72.441695
                        ],
                        [
                            51.514717,
                            -72.434654
                        ],
                        [
                            51.533255,
                            -72.427611
                        ],
                        [
                            51.551777,
                            -72.420567
                        ],
                        [
                            51.570285,
                            -72.413521
                        ],
                        [
                            51.588777,
                            -72.406473
                        ],
                        [
                            51.607254,
                            -72.399423
                        ],
                        [
                            51.625717,
                            -72.392372
                        ],
                        [
                            51.646596,
                            -72.391637
                        ],
                        [
                            51.667473,
                            -72.3909
                        ],
                        [
                            51.685902,
                            -72.383843
                        ],
                        [
                            51.706768,
                            -72.383101
                        ],
                        [
                            51.727633,
                            -72.382357
                        ],
                        [
                            51.746028,
                            -72.375294
                        ],
                        [
                            51.766882,
                            -72.374546
                        ],
                        [
                            51.787733,
                            -72.373796
                        ],
                        [
                            51.806095,
                            -72.366727
                        ],
                        [
                            51.826936,
                            -72.365972
                        ],
                        [
                            51.847775,
                            -72.365215
                        ],
                        [
                            51.866103,
                            -72.358141
                        ],
                        [
                            51.884416,
                            -72.351066
                        ],
                        [
                            51.902714,
                            -72.343988
                        ],
                        [
                            51.920997,
                            -72.33691
                        ],
                        [
                            51.918473,
                            -72.330596
                        ],
                        [
                            51.915951,
                            -72.324283
                        ],
                        [
                            51.934209,
                            -72.317203
                        ],
                        [
                            51.931683,
                            -72.310891
                        ],
                        [
                            51.929158,
                            -72.304578
                        ],
                        [
                            51.926636,
                            -72.298265
                        ],
                        [
                            51.924116,
                            -72.291953
                        ],
                        [
                            51.942336,
                            -72.284873
                        ],
                        [
                            51.939812,
                            -72.278561
                        ],
                        [
                            51.937289,
                            -72.272249
                        ],
                        [
                            51.934769,
                            -72.265937
                        ],
                        [
                            51.93225,
                            -72.259625
                        ],
                        [
                            51.950433,
                            -72.252544
                        ],
                        [
                            51.968602,
                            -72.245463
                        ],
                        [
                            51.986755,
                            -72.238379
                        ],
                        [
                            52.004894,
                            -72.231294
                        ],
                        [
                            52.023018,
                            -72.224208
                        ],
                        [
                            52.020474,
                            -72.217898
                        ],
                        [
                            52.017931,
                            -72.211588
                        ],
                        [
                            52.03603,
                            -72.2045
                        ],
                        [
                            52.054114,
                            -72.197411
                        ],
                        [
                            52.051562,
                            -72.191102
                        ],
                        [
                            52.049012,
                            -72.184793
                        ],
                        [
                            52.06707,
                            -72.177703
                        ],
                        [
                            52.085114,
                            -72.170612
                        ],
                        [
                            52.082555,
                            -72.164303
                        ],
                        [
                            52.079998,
                            -72.157995
                        ],
                        [
                            52.098016,
                            -72.150903
                        ],
                        [
                            52.11602,
                            -72.143809
                        ],
                        [
                            52.134009,
                            -72.136713
                        ],
                        [
                            52.131437,
                            -72.130406
                        ],
                        [
                            52.128868,
                            -72.124099
                        ],
                        [
                            52.146832,
                            -72.117002
                        ],
                        [
                            52.164781,
                            -72.109904
                        ],
                        [
                            52.182716,
                            -72.102805
                        ],
                        [
                            52.200637,
                            -72.095703
                        ],
                        [
                            52.218543,
                            -72.088601
                        ],
                        [
                            52.236434,
                            -72.081496
                        ],
                        [
                            52.233834,
                            -72.075191
                        ],
                        [
                            52.231236,
                            -72.068887
                        ],
                        [
                            52.249102,
                            -72.061782
                        ],
                        [
                            52.266954,
                            -72.054675
                        ],
                        [
                            52.284792,
                            -72.047566
                        ],
                        [
                            52.302616,
                            -72.040456
                        ],
                        [
                            52.32305,
                            -72.039647
                        ],
                        [
                            52.343482,
                            -72.038836
                        ],
                        [
                            52.361273,
                            -72.031721
                        ],
                        [
                            52.381694,
                            -72.030905
                        ],
                        [
                            52.402114,
                            -72.030088
                        ],
                        [
                            52.419873,
                            -72.022967
                        ],
                        [
                            52.440281,
                            -72.022145
                        ],
                        [
                            52.460688,
                            -72.021321
                        ],
                        [
                            52.478414,
                            -72.014195
                        ],
                        [
                            52.49881,
                            -72.013367
                        ],
                        [
                            52.519203,
                            -72.012537
                        ],
                        [
                            52.536897,
                            -72.005405
                        ],
                        [
                            52.554577,
                            -71.998271
                        ],
                        [
                            52.572242,
                            -71.991137
                        ],
                        [
                            52.592607,
                            -71.990298
                        ],
                        [
                            52.61297,
                            -71.989458
                        ],
                        [
                            52.630603,
                            -71.982317
                        ],
                        [
                            52.627877,
                            -71.97602
                        ],
                        [
                            52.625153,
                            -71.969723
                        ],
                        [
                            52.642762,
                            -71.962582
                        ],
                        [
                            52.660357,
                            -71.955439
                        ],
                        [
                            52.677937,
                            -71.948295
                        ],
                        [
                            52.695503,
                            -71.941149
                        ],
                        [
                            52.713055,
                            -71.934002
                        ],
                        [
                            52.730593,
                            -71.926854
                        ],
                        [
                            52.748117,
                            -71.919703
                        ],
                        [
                            52.768391,
                            -71.918846
                        ],
                        [
                            52.788664,
                            -71.917986
                        ],
                        [
                            52.806156,
                            -71.910831
                        ],
                        [
                            52.823633,
                            -71.903673
                        ],
                        [
                            52.841097,
                            -71.896515
                        ],
                        [
                            52.861341,
                            -71.895647
                        ],
                        [
                            52.881582,
                            -71.894777
                        ],
                        [
                            52.899014,
                            -71.887613
                        ],
                        [
                            52.916432,
                            -71.880448
                        ],
                        [
                            52.933835,
                            -71.873281
                        ],
                        [
                            52.954048,
                            -71.872403
                        ],
                        [
                            52.974259,
                            -71.871523
                        ],
                        [
                            52.994467,
                            -71.870641
                        ],
                        [
                            53.014674,
                            -71.869756
                        ],
                        [
                            53.032028,
                            -71.86258
                        ],
                        [
                            53.052224,
                            -71.861692
                        ],
                        [
                            53.072417,
                            -71.860801
                        ],
                        [
                            53.092609,
                            -71.859908
                        ],
                        [
                            53.112799,
                            -71.859013
                        ],
                        [
                            53.130102,
                            -71.851828
                        ],
                        [
                            53.147392,
                            -71.844641
                        ],
                        [
                            53.167562,
                            -71.84374
                        ],
                        [
                            53.187729,
                            -71.842837
                        ],
                        [
                            53.204987,
                            -71.835645
                        ],
                        [
                            53.222232,
                            -71.828452
                        ],
                        [
                            53.239462,
                            -71.821257
                        ],
                        [
                            53.256678,
                            -71.814061
                        ],
                        [
                            53.273881,
                            -71.806863
                        ],
                        [
                            53.294001,
                            -71.805948
                        ],
                        [
                            53.31412,
                            -71.805031
                        ],
                        [
                            53.331291,
                            -71.797828
                        ],
                        [
                            53.348448,
                            -71.790624
                        ],
                        [
                            53.365591,
                            -71.783418
                        ],
                        [
                            53.38272,
                            -71.776211
                        ],
                        [
                            53.399836,
                            -71.769003
                        ],
                        [
                            53.419907,
                            -71.768074
                        ],
                        [
                            53.439977,
                            -71.767143
                        ],
                        [
                            53.457061,
                            -71.759929
                        ],
                        [
                            53.474131,
                            -71.752714
                        ],
                        [
                            53.491187,
                            -71.745497
                        ],
                        [
                            53.511228,
                            -71.744558
                        ],
                        [
                            53.531267,
                            -71.743618
                        ],
                        [
                            53.548291,
                            -71.736396
                        ],
                        [
                            53.565303,
                            -71.729172
                        ],
                        [
                            53.5823,
                            -71.721948
                        ],
                        [
                            53.60231,
                            -71.720999
                        ],
                        [
                            53.622317,
                            -71.720048
                        ],
                        [
                            53.639283,
                            -71.712818
                        ],
                        [
                            53.656235,
                            -71.705587
                        ],
                        [
                            53.676223,
                            -71.704631
                        ],
                        [
                            53.696208,
                            -71.703672
                        ],
                        [
                            53.713129,
                            -71.696435
                        ],
                        [
                            53.730036,
                            -71.689198
                        ],
                        [
                            53.74693,
                            -71.681958
                        ],
                        [
                            53.76381,
                            -71.674718
                        ],
                        [
                            53.780676,
                            -71.667476
                        ],
                        [
                            53.797529,
                            -71.660232
                        ],
                        [
                            53.817459,
                            -71.65926
                        ],
                        [
                            53.837387,
                            -71.658286
                        ],
                        [
                            53.854208,
                            -71.651037
                        ],
                        [
                            53.874125,
                            -71.650059
                        ],
                        [
                            53.894039,
                            -71.649079
                        ],
                        [
                            53.910829,
                            -71.641825
                        ],
                        [
                            53.927606,
                            -71.63457
                        ],
                        [
                            53.944369,
                            -71.627314
                        ],
                        [
                            53.961119,
                            -71.620056
                        ],
                        [
                            53.980995,
                            -71.619066
                        ],
                        [
                            54.00087,
                            -71.618074
                        ],
                        [
                            54.017588,
                            -71.610811
                        ],
                        [
                            54.034293,
                            -71.603547
                        ],
                        [
                            54.054148,
                            -71.602549
                        ],
                        [
                            54.074,
                            -71.60155
                        ],
                        [
                            54.09385,
                            -71.600548
                        ],
                        [
                            54.113697,
                            -71.599543
                        ],
                        [
                            54.133543,
                            -71.598537
                        ],
                        [
                            54.153386,
                            -71.597528
                        ],
                        [
                            54.173227,
                            -71.596518
                        ],
                        [
                            54.193066,
                            -71.595505
                        ],
                        [
                            54.212903,
                            -71.59449
                        ],
                        [
                            54.232737,
                            -71.593472
                        ],
                        [
                            54.24934,
                            -71.586189
                        ],
                        [
                            54.269163,
                            -71.585168
                        ],
                        [
                            54.288984,
                            -71.584144
                        ],
                        [
                            54.308803,
                            -71.583119
                        ],
                        [
                            54.32862,
                            -71.582091
                        ],
                        [
                            54.345173,
                            -71.574799
                        ],
                        [
                            54.361714,
                            -71.567505
                        ],
                        [
                            54.38151,
                            -71.566472
                        ],
                        [
                            54.401304,
                            -71.565436
                        ],
                        [
                            54.417814,
                            -71.558138
                        ],
                        [
                            54.43431,
                            -71.550838
                        ],
                        [
                            54.450792,
                            -71.543537
                        ],
                        [
                            54.470557,
                            -71.542494
                        ],
                        [
                            54.49032,
                            -71.541449
                        ],
                        [
                            54.510081,
                            -71.540401
                        ],
                        [
                            54.506772,
                            -71.534143
                        ],
                        [
                            54.503465,
                            -71.527884
                        ],
                        [
                            54.500161,
                            -71.521625
                        ],
                        [
                            54.51659,
                            -71.514319
                        ],
                        [
                            54.533007,
                            -71.507011
                        ],
                        [
                            54.54941,
                            -71.499702
                        ],
                        [
                            54.5658,
                            -71.492391
                        ],
                        [
                            54.582177,
                            -71.485079
                        ],
                        [
                            54.601872,
                            -71.484022
                        ],
                        [
                            54.621563,
                            -71.482962
                        ],
                        [
                            54.637909,
                            -71.475646
                        ],
                        [
                            54.654242,
                            -71.468328
                        ],
                        [
                            54.670562,
                            -71.461008
                        ],
                        [
                            54.686869,
                            -71.453687
                        ],
                        [
                            54.706523,
                            -71.452619
                        ],
                        [
                            54.726175,
                            -71.451548
                        ],
                        [
                            54.742451,
                            -71.444222
                        ],
                        [
                            54.758714,
                            -71.436896
                        ],
                        [
                            54.774964,
                            -71.429567
                        ],
                        [
                            54.7912,
                            -71.422238
                        ],
                        [
                            54.807424,
                            -71.414907
                        ],
                        [
                            54.823635,
                            -71.407575
                        ],
                        [
                            54.843231,
                            -71.406491
                        ],
                        [
                            54.862825,
                            -71.405406
                        ],
                        [
                            54.879005,
                            -71.398069
                        ],
                        [
                            54.895173,
                            -71.39073
                        ],
                        [
                            54.911327,
                            -71.383391
                        ],
                        [
                            54.927468,
                            -71.37605
                        ],
                        [
                            54.943596,
                            -71.368708
                        ],
                        [
                            54.959711,
                            -71.361364
                        ],
                        [
                            54.975814,
                            -71.354019
                        ],
                        [
                            54.991903,
                            -71.346673
                        ],
                        [
                            55.00798,
                            -71.339326
                        ],
                        [
                            55.024044,
                            -71.331977
                        ],
                        [
                            55.040094,
                            -71.324627
                        ],
                        [
                            55.056132,
                            -71.317276
                        ],
                        [
                            55.075619,
                            -71.316168
                        ],
                        [
                            55.095102,
                            -71.315057
                        ],
                        [
                            55.11111,
                            -71.307701
                        ],
                        [
                            55.127105,
                            -71.300344
                        ],
                        [
                            55.143087,
                            -71.292985
                        ],
                        [
                            55.159056,
                            -71.285626
                        ],
                        [
                            55.175012,
                            -71.278264
                        ],
                        [
                            55.171525,
                            -71.272023
                        ],
                        [
                            55.168039,
                            -71.265782
                        ],
                        [
                            55.164556,
                            -71.25954
                        ],
                        [
                            55.161076,
                            -71.253299
                        ],
                        [
                            55.157598,
                            -71.247057
                        ],
                        [
                            55.154122,
                            -71.240816
                        ],
                        [
                            55.170041,
                            -71.233456
                        ],
                        [
                            55.166564,
                            -71.227216
                        ],
                        [
                            55.163089,
                            -71.220975
                        ],
                        [
                            55.178988,
                            -71.213615
                        ],
                        [
                            55.194874,
                            -71.206253
                        ],
                        [
                            55.210747,
                            -71.198891
                        ],
                        [
                            55.226608,
                            -71.191527
                        ],
                        [
                            55.242457,
                            -71.184162
                        ],
                        [
                            55.258292,
                            -71.176795
                        ],
                        [
                            55.277618,
                            -71.175665
                        ],
                        [
                            55.296942,
                            -71.174533
                        ],
                        [
                            55.312748,
                            -71.167162
                        ],
                        [
                            55.328541,
                            -71.15979
                        ],
                        [
                            55.347845,
                            -71.158652
                        ],
                        [
                            55.367146,
                            -71.157512
                        ],
                        [
                            55.38291,
                            -71.150136
                        ],
                        [
                            55.379376,
                            -71.1439
                        ],
                        [
                            55.375845,
                            -71.137665
                        ],
                        [
                            55.391588,
                            -71.130288
                        ],
                        [
                            55.407318,
                            -71.122909
                        ],
                        [
                            55.423036,
                            -71.11553
                        ],
                        [
                            55.438741,
                            -71.108149
                        ],
                        [
                            55.435197,
                            -71.101915
                        ],
                        [
                            55.431655,
                            -71.095682
                        ],
                        [
                            55.44734,
                            -71.088301
                        ],
                        [
                            55.463013,
                            -71.080918
                        ],
                        [
                            55.478673,
                            -71.073534
                        ],
                        [
                            55.494321,
                            -71.066149
                        ],
                        [
                            55.509957,
                            -71.058763
                        ],
                        [
                            55.52558,
                            -71.051375
                        ],
                        [
                            55.54119,
                            -71.043987
                        ],
                        [
                            55.556788,
                            -71.036597
                        ],
                        [
                            55.572374,
                            -71.029205
                        ],
                        [
                            55.587948,
                            -71.021813
                        ],
                        [
                            55.603509,
                            -71.014419
                        ],
                        [
                            55.619057,
                            -71.007024
                        ],
                        [
                            55.634594,
                            -70.999628
                        ],
                        [
                            55.631005,
                            -70.993401
                        ],
                        [
                            55.627418,
                            -70.987174
                        ],
                        [
                            55.642935,
                            -70.979777
                        ],
                        [
                            55.639347,
                            -70.97355
                        ],
                        [
                            55.635761,
                            -70.967323
                        ],
                        [
                            55.651258,
                            -70.959927
                        ],
                        [
                            55.647671,
                            -70.9537
                        ],
                        [
                            55.644086,
                            -70.947474
                        ],
                        [
                            55.659564,
                            -70.940077
                        ],
                        [
                            55.655978,
                            -70.933851
                        ],
                        [
                            55.652394,
                            -70.927626
                        ],
                        [
                            55.667851,
                            -70.920228
                        ],
                        [
                            55.683297,
                            -70.91283
                        ],
                        [
                            55.69873,
                            -70.90543
                        ],
                        [
                            55.714151,
                            -70.898029
                        ],
                        [
                            55.733162,
                            -70.89685
                        ],
                        [
                            55.75217,
                            -70.89567
                        ],
                        [
                            55.767562,
                            -70.888264
                        ],
                        [
                            55.782941,
                            -70.880858
                        ],
                        [
                            55.779326,
                            -70.874635
                        ],
                        [
                            55.775713,
                            -70.868413
                        ],
                        [
                            55.791073,
                            -70.861006
                        ],
                        [
                            55.806421,
                            -70.853598
                        ],
                        [
                            55.821757,
                            -70.846189
                        ],
                        [
                            55.837081,
                            -70.838778
                        ],
                        [
                            55.852393,
                            -70.831367
                        ],
                        [
                            55.871328,
                            -70.830173
                        ],
                        [
                            55.89026,
                            -70.828978
                        ],
                        [
                            55.905543,
                            -70.821562
                        ],
                        [
                            55.920814,
                            -70.814144
                        ],
                        [
                            55.936073,
                            -70.806726
                        ],
                        [
                            55.951319,
                            -70.799306
                        ],
                        [
                            55.966554,
                            -70.791885
                        ],
                        [
                            55.981777,
                            -70.784463
                        ],
                        [
                            55.996988,
                            -70.77704
                        ],
                        [
                            56.015859,
                            -70.775831
                        ],
                        [
                            56.034728,
                            -70.77462
                        ],
                        [
                            56.04991,
                            -70.767192
                        ],
                        [
                            56.06508,
                            -70.759764
                        ],
                        [
                            56.080238,
                            -70.752334
                        ],
                        [
                            56.095385,
                            -70.744903
                        ],
                        [
                            56.110519,
                            -70.73747
                        ],
                        [
                            56.125642,
                            -70.730037
                        ],
                        [
                            56.140753,
                            -70.722602
                        ],
                        [
                            56.155851,
                            -70.715167
                        ],
                        [
                            56.174651,
                            -70.713941
                        ],
                        [
                            56.193447,
                            -70.712713
                        ],
                        [
                            56.208517,
                            -70.705273
                        ],
                        [
                            56.223576,
                            -70.697831
                        ],
                        [
                            56.238622,
                            -70.690389
                        ],
                        [
                            56.253657,
                            -70.682945
                        ],
                        [
                            56.272418,
                            -70.681709
                        ],
                        [
                            56.291176,
                            -70.680471
                        ],
                        [
                            56.306183,
                            -70.673023
                        ],
                        [
                            56.32493,
                            -70.671781
                        ],
                        [
                            56.343676,
                            -70.670537
                        ],
                        [
                            56.358653,
                            -70.663084
                        ],
                        [
                            56.373619,
                            -70.655631
                        ],
                        [
                            56.392345,
                            -70.654382
                        ],
                        [
                            56.411069,
                            -70.65313
                        ],
                        [
                            56.42979,
                            -70.651877
                        ],
                        [
                            56.448509,
                            -70.650622
                        ],
                        [
                            56.46343,
                            -70.643161
                        ],
                        [
                            56.478339,
                            -70.635699
                        ],
                        [
                            56.497038,
                            -70.634438
                        ],
                        [
                            56.515735,
                            -70.633176
                        ],
                        [
                            56.53443,
                            -70.631911
                        ],
                        [
                            56.553122,
                            -70.630644
                        ],
                        [
                            56.567986,
                            -70.623175
                        ],
                        [
                            56.586667,
                            -70.621905
                        ],
                        [
                            56.605346,
                            -70.620633
                        ],
                        [
                            56.620182,
                            -70.613159
                        ],
                        [
                            56.635006,
                            -70.605684
                        ],
                        [
                            56.649819,
                            -70.598208
                        ],
                        [
                            56.66847,
                            -70.596929
                        ],
                        [
                            56.687119,
                            -70.595648
                        ],
                        [
                            56.701903,
                            -70.588168
                        ],
                        [
                            56.716676,
                            -70.580687
                        ],
                        [
                            56.731437,
                            -70.573204
                        ],
                        [
                            56.750058,
                            -70.571917
                        ],
                        [
                            56.768677,
                            -70.570627
                        ],
                        [
                            56.78341,
                            -70.56314
                        ],
                        [
                            56.798131,
                            -70.555653
                        ],
                        [
                            56.812841,
                            -70.548164
                        ],
                        [
                            56.831432,
                            -70.546867
                        ],
                        [
                            56.850021,
                            -70.545569
                        ],
                        [
                            56.864703,
                            -70.538076
                        ],
                        [
                            56.883281,
                            -70.536774
                        ],
                        [
                            56.901856,
                            -70.53547
                        ],
                        [
                            56.91651,
                            -70.527973
                        ],
                        [
                            56.931152,
                            -70.520475
                        ],
                        [
                            56.945782,
                            -70.512975
                        ],
                        [
                            56.960402,
                            -70.505475
                        ],
                        [
                            56.978941,
                            -70.504163
                        ],
                        [
                            56.997479,
                            -70.502848
                        ],
                        [
                            57.01207,
                            -70.495344
                        ],
                        [
                            57.030596,
                            -70.494026
                        ],
                        [
                            57.04912,
                            -70.492706
                        ],
                        [
                            57.067641,
                            -70.491384
                        ],
                        [
                            57.08616,
                            -70.490061
                        ],
                        [
                            57.100707,
                            -70.482549
                        ],
                        [
                            57.119214,
                            -70.481222
                        ],
                        [
                            57.13772,
                            -70.479892
                        ],
                        [
                            57.156223,
                            -70.478561
                        ],
                        [
                            57.174723,
                            -70.477228
                        ],
                        [
                            57.189225,
                            -70.469709
                        ],
                        [
                            57.203716,
                            -70.462189
                        ],
                        [
                            57.218195,
                            -70.454667
                        ],
                        [
                            57.236668,
                            -70.453328
                        ],
                        [
                            57.255138,
                            -70.451986
                        ],
                        [
                            57.26959,
                            -70.44446
                        ],
                        [
                            57.288049,
                            -70.443115
                        ],
                        [
                            57.306506,
                            -70.441768
                        ],
                        [
                            57.32496,
                            -70.440418
                        ],
                        [
                            57.34745,
                            -70.445247
                        ],
                        [
                            57.365905,
                            -70.443893
                        ],
                        [
                            57.384357,
                            -70.442537
                        ],
                        [
                            57.406865,
                            -70.447358
                        ],
                        [
                            57.425317,
                            -70.445998
                        ],
                        [
                            57.443767,
                            -70.444636
                        ],
                        [
                            57.466292,
                            -70.449448
                        ],
                        [
                            57.484743,
                            -70.448082
                        ],
                        [
                            57.50319,
                            -70.446713
                        ],
                        [
                            57.525733,
                            -70.451518
                        ],
                        [
                            57.544181,
                            -70.450145
                        ],
                        [
                            57.562626,
                            -70.44877
                        ],
                        [
                            57.585186,
                            -70.453568
                        ],
                        [
                            57.603632,
                            -70.452188
                        ],
                        [
                            57.622075,
                            -70.450807
                        ],
                        [
                            57.640515,
                            -70.449423
                        ],
                        [
                            57.658953,
                            -70.448038
                        ],
                        [
                            57.677388,
                            -70.446651
                        ],
                        [
                            57.69582,
                            -70.445261
                        ],
                        [
                            57.71425,
                            -70.44387
                        ],
                        [
                            57.728515,
                            -70.436306
                        ],
                        [
                            57.746934,
                            -70.434912
                        ],
                        [
                            57.76535,
                            -70.433515
                        ],
                        [
                            57.779587,
                            -70.425947
                        ],
                        [
                            57.793813,
                            -70.418379
                        ],
                        [
                            57.808028,
                            -70.410809
                        ],
                        [
                            57.803848,
                            -70.404641
                        ],
                        [
                            57.799671,
                            -70.398473
                        ],
                        [
                            57.813869,
                            -70.390903
                        ],
                        [
                            57.828056,
                            -70.383332
                        ],
                        [
                            57.842231,
                            -70.375761
                        ],
                        [
                            57.856395,
                            -70.368188
                        ],
                        [
                            57.87474,
                            -70.36678
                        ],
                        [
                            57.893081,
                            -70.365369
                        ],
                        [
                            57.907218,
                            -70.357793
                        ],
                        [
                            57.925548,
                            -70.356379
                        ],
                        [
                            57.943876,
                            -70.354963
                        ],
                        [
                            57.957985,
                            -70.347383
                        ],
                        [
                            57.976302,
                            -70.345963
                        ],
                        [
                            57.994617,
                            -70.344542
                        ],
                        [
                            58.008698,
                            -70.336958
                        ],
                        [
                            58.027002,
                            -70.335533
                        ],
                        [
                            58.045302,
                            -70.334107
                        ],
                        [
                            58.0636,
                            -70.332678
                        ],
                        [
                            58.081896,
                            -70.331248
                        ],
                        [
                            58.100188,
                            -70.329816
                        ],
                        [
                            58.118478,
                            -70.328381
                        ],
                        [
                            58.136765,
                            -70.326945
                        ],
                        [
                            58.159324,
                            -70.331665
                        ],
                        [
                            58.177611,
                            -70.330224
                        ],
                        [
                            58.195896,
                            -70.328781
                        ],
                        [
                            58.214178,
                            -70.327337
                        ],
                        [
                            58.232457,
                            -70.32589
                        ],
                        [
                            58.250733,
                            -70.324442
                        ],
                        [
                            58.269006,
                            -70.322991
                        ],
                        [
                            58.287277,
                            -70.321539
                        ],
                        [
                            58.305545,
                            -70.320084
                        ],
                        [
                            58.32381,
                            -70.318628
                        ],
                        [
                            58.342073,
                            -70.31717
                        ],
                        [
                            58.360333,
                            -70.315709
                        ],
                        [
                            58.37859,
                            -70.314247
                        ],
                        [
                            58.396844,
                            -70.312783
                        ],
                        [
                            58.415095,
                            -70.311317
                        ],
                        [
                            58.433344,
                            -70.309849
                        ],
                        [
                            58.45159,
                            -70.308379
                        ],
                        [
                            58.469833,
                            -70.306907
                        ],
                        [
                            58.488073,
                            -70.305433
                        ],
                        [
                            58.510692,
                            -70.310106
                        ],
                        [
                            58.528933,
                            -70.308627
                        ],
                        [
                            58.542777,
                            -70.301
                        ],
                        [
                            58.561007,
                            -70.299518
                        ],
                        [
                            58.583636,
                            -70.304181
                        ],
                        [
                            58.601865,
                            -70.302695
                        ],
                        [
                            58.620092,
                            -70.301207
                        ],
                        [
                            58.638315,
                            -70.299717
                        ],
                        [
                            58.656536,
                            -70.298225
                        ],
                        [
                            58.674754,
                            -70.296731
                        ],
                        [
                            58.692968,
                            -70.295235
                        ],
                        [
                            58.711181,
                            -70.293737
                        ],
                        [
                            58.724943,
                            -70.286095
                        ],
                        [
                            58.743144,
                            -70.284594
                        ],
                        [
                            58.761342,
                            -70.283091
                        ],
                        [
                            58.775077,
                            -70.275445
                        ],
                        [
                            58.793264,
                            -70.273938
                        ],
                        [
                            58.811448,
                            -70.27243
                        ],
                        [
                            58.825156,
                            -70.26478
                        ],
                        [
                            58.843329,
                            -70.263268
                        ],
                        [
                            58.861499,
                            -70.261754
                        ],
                        [
                            58.87518,
                            -70.254101
                        ],
                        [
                            58.893339,
                            -70.252583
                        ],
                        [
                            58.911495,
                            -70.251064
                        ],
                        [
                            58.925148,
                            -70.243407
                        ],
                        [
                            58.943293,
                            -70.241884
                        ],
                        [
                            58.961436,
                            -70.24036
                        ],
                        [
                            58.975062,
                            -70.232699
                        ],
                        [
                            58.993193,
                            -70.231171
                        ],
                        [
                            59.011321,
                            -70.229641
                        ],
                        [
                            59.029447,
                            -70.22811
                        ],
                        [
                            59.04757,
                            -70.226576
                        ],
                        [
                            59.06569,
                            -70.225041
                        ],
                        [
                            59.083807,
                            -70.223503
                        ],
                        [
                            59.097372,
                            -70.215833
                        ],
                        [
                            59.115478,
                            -70.214292
                        ],
                        [
                            59.133581,
                            -70.212749
                        ],
                        [
                            59.151681,
                            -70.211205
                        ],
                        [
                            59.169779,
                            -70.209658
                        ],
                        [
                            59.187873,
                            -70.20811
                        ],
                        [
                            59.205965,
                            -70.206559
                        ],
                        [
                            59.224053,
                            -70.205007
                        ],
                        [
                            59.242139,
                            -70.203453
                        ],
                        [
                            59.260222,
                            -70.201897
                        ],
                        [
                            59.282904,
                            -70.206465
                        ],
                        [
                            59.305597,
                            -70.21103
                        ],
                        [
                            59.328301,
                            -70.215592
                        ],
                        [
                            59.351015,
                            -70.220151
                        ],
                        [
                            59.37374,
                            -70.224707
                        ],
                        [
                            59.396476,
                            -70.22926
                        ],
                        [
                            59.419222,
                            -70.23381
                        ],
                        [
                            59.423877,
                            -70.239933
                        ],
                        [
                            59.428534,
                            -70.246056
                        ],
                        [
                            59.451308,
                            -70.250602
                        ],
                        [
                            59.455977,
                            -70.256724
                        ],
                        [
                            59.460649,
                            -70.262847
                        ],
                        [
                            59.48345,
                            -70.267389
                        ],
                        [
                            59.506261,
                            -70.271927
                        ],
                        [
                            59.529084,
                            -70.276463
                        ],
                        [
                            59.551917,
                            -70.280996
                        ],
                        [
                            59.57476,
                            -70.285526
                        ],
                        [
                            59.592893,
                            -70.283934
                        ],
                        [
                            59.611022,
                            -70.28234
                        ],
                        [
                            59.633881,
                            -70.286862
                        ],
                        [
                            59.656751,
                            -70.291381
                        ],
                        [
                            59.679632,
                            -70.295897
                        ],
                        [
                            59.697765,
                            -70.294294
                        ],
                        [
                            59.715896,
                            -70.292688
                        ],
                        [
                            59.738792,
                            -70.297196
                        ],
                        [
                            59.756921,
                            -70.295587
                        ],
                        [
                            59.775048,
                            -70.293975
                        ],
                        [
                            59.797959,
                            -70.298475
                        ],
                        [
                            59.816085,
                            -70.296859
                        ],
                        [
                            59.834209,
                            -70.295241
                        ],
                        [
                            59.852329,
                            -70.293621
                        ],
                        [
                            59.870446,
                            -70.291999
                        ],
                        [
                            59.893377,
                            -70.296487
                        ],
                        [
                            59.911493,
                            -70.29486
                        ],
                        [
                            59.929606,
                            -70.293232
                        ],
                        [
                            59.947716,
                            -70.291602
                        ],
                        [
                            59.965823,
                            -70.28997
                        ],
                        [
                            59.983927,
                            -70.288337
                        ],
                        [
                            60.002028,
                            -70.286701
                        ],
                        [
                            60.020126,
                            -70.285063
                        ],
                        [
                            60.038221,
                            -70.283423
                        ],
                        [
                            60.056313,
                            -70.281782
                        ],
                        [
                            60.069531,
                            -70.274033
                        ],
                        [
                            60.087612,
                            -70.272388
                        ],
                        [
                            60.105689,
                            -70.270742
                        ],
                        [
                            60.123763,
                            -70.269093
                        ],
                        [
                            60.141834,
                            -70.267442
                        ],
                        [
                            60.155009,
                            -70.259687
                        ],
                        [
                            60.173068,
                            -70.258033
                        ],
                        [
                            60.191125,
                            -70.256377
                        ],
                        [
                            60.204272,
                            -70.248619
                        ],
                        [
                            60.222317,
                            -70.24696
                        ],
                        [
                            60.240359,
                            -70.245299
                        ],
                        [
                            60.253479,
                            -70.237537
                        ],
                        [
                            60.27151,
                            -70.235872
                        ],
                        [
                            60.289537,
                            -70.234206
                        ],
                        [
                            60.30263,
                            -70.22644
                        ],
                        [
                            60.320646,
                            -70.224771
                        ],
                        [
                            60.338659,
                            -70.2231
                        ],
                        [
                            60.351725,
                            -70.21533
                        ],
                        [
                            60.369726,
                            -70.213656
                        ],
                        [
                            60.387725,
                            -70.211979
                        ],
                        [
                            60.400763,
                            -70.204206
                        ],
                        [
                            60.41875,
                            -70.202527
                        ],
                        [
                            60.436734,
                            -70.200845
                        ],
                        [
                            60.449746,
                            -70.193069
                        ],
                        [
                            60.467718,
                            -70.191384
                        ],
                        [
                            60.485687,
                            -70.189697
                        ],
                        [
                            60.503653,
                            -70.188008
                        ],
                        [
                            60.521616,
                            -70.186318
                        ],
                        [
                            60.534584,
                            -70.178535
                        ],
                        [
                            60.552536,
                            -70.176841
                        ],
                        [
                            60.570484,
                            -70.175145
                        ],
                        [
                            60.588429,
                            -70.173448
                        ],
                        [
                            60.606372,
                            -70.171748
                        ],
                        [
                            60.624311,
                            -70.170047
                        ],
                        [
                            60.642246,
                            -70.168343
                        ],
                        [
                            60.660179,
                            -70.166638
                        ],
                        [
                            60.678109,
                            -70.164931
                        ],
                        [
                            60.696035,
                            -70.163222
                        ],
                        [
                            60.719002,
                            -70.167596
                        ],
                        [
                            60.736928,
                            -70.165882
                        ],
                        [
                            60.75485,
                            -70.164167
                        ],
                        [
                            60.777831,
                            -70.168532
                        ],
                        [
                            60.795752,
                            -70.166813
                        ],
                        [
                            60.81367,
                            -70.165091
                        ],
                        [
                            60.836666,
                            -70.169449
                        ],
                        [
                            60.854582,
                            -70.167723
                        ],
                        [
                            60.872496,
                            -70.165995
                        ],
                        [
                            60.895506,
                            -70.170345
                        ],
                        [
                            60.913418,
                            -70.168613
                        ],
                        [
                            60.931327,
                            -70.166879
                        ],
                        [
                            60.954351,
                            -70.17122
                        ],
                        [
                            60.977385,
                            -70.175559
                        ],
                        [
                            60.995295,
                            -70.173818
                        ],
                        [
                            61.013202,
                            -70.172075
                        ],
                        [
                            61.03625,
                            -70.176405
                        ],
                        [
                            61.054155,
                            -70.174658
                        ],
                        [
                            61.072057,
                            -70.172909
                        ],
                        [
                            61.09512,
                            -70.177232
                        ],
                        [
                            61.11302,
                            -70.175478
                        ],
                        [
                            61.130918,
                            -70.173723
                        ],
                        [
                            61.153995,
                            -70.178037
                        ],
                        [
                            61.171891,
                            -70.176278
                        ],
                        [
                            61.189783,
                            -70.174516
                        ],
                        [
                            61.212874,
                            -70.178823
                        ],
                        [
                            61.230766,
                            -70.177057
                        ],
                        [
                            61.248654,
                            -70.175289
                        ],
                        [
                            61.266539,
                            -70.17352
                        ],
                        [
                            61.28442,
                            -70.171748
                        ],
                        [
                            61.307529,
                            -70.176042
                        ],
                        [
                            61.325409,
                            -70.174266
                        ],
                        [
                            61.343286,
                            -70.172488
                        ],
                        [
                            61.361159,
                            -70.170708
                        ],
                        [
                            61.37903,
                            -70.168927
                        ],
                        [
                            61.396897,
                            -70.167144
                        ],
                        [
                            61.414761,
                            -70.165358
                        ],
                        [
                            61.432621,
                            -70.163571
                        ],
                        [
                            61.450479,
                            -70.161782
                        ],
                        [
                            61.473612,
                            -70.166053
                        ],
                        [
                            61.491468,
                            -70.164259
                        ],
                        [
                            61.50932,
                            -70.162464
                        ],
                        [
                            61.527169,
                            -70.160667
                        ],
                        [
                            61.545015,
                            -70.158868
                        ],
                        [
                            61.568165,
                            -70.163126
                        ],
                        [
                            61.58601,
                            -70.161322
                        ],
                        [
                            61.598533,
                            -70.15346
                        ],
                        [
                            61.616366,
                            -70.151653
                        ],
                        [
                            61.634195,
                            -70.149845
                        ],
                        [
                            61.646692,
                            -70.141979
                        ],
                        [
                            61.641365,
                            -70.135924
                        ],
                        [
                            61.636042,
                            -70.129868
                        ],
                        [
                            61.630722,
                            -70.123813
                        ],
                        [
                            61.625406,
                            -70.117757
                        ],
                        [
                            61.637885,
                            -70.109893
                        ],
                        [
                            61.650355,
                            -70.102028
                        ],
                        [
                            61.662814,
                            -70.094162
                        ],
                        [
                            61.680587,
                            -70.092349
                        ],
                        [
                            61.698356,
                            -70.090535
                        ],
                        [
                            61.716122,
                            -70.088718
                        ],
                        [
                            61.733884,
                            -70.086899
                        ],
                        [
                            61.7463,
                            -70.079028
                        ],
                        [
                            61.74096,
                            -70.072977
                        ],
                        [
                            61.735624,
                            -70.066926
                        ],
                        [
                            61.748026,
                            -70.059054
                        ],
                        [
                            61.742691,
                            -70.053004
                        ],
                        [
                            61.719633,
                            -70.048772
                        ],
                        [
                            61.71431,
                            -70.04272
                        ],
                        [
                            61.708989,
                            -70.036669
                        ],
                        [
                            61.703673,
                            -70.030617
                        ],
                        [
                            61.716065,
                            -70.022749
                        ],
                        [
                            61.71075,
                            -70.016698
                        ],
                        [
                            61.705438,
                            -70.010647
                        ],
                        [
                            61.717817,
                            -70.002779
                        ],
                        [
                            61.712506,
                            -69.996729
                        ],
                        [
                            61.707199,
                            -69.990678
                        ],
                        [
                            61.719565,
                            -69.982811
                        ],
                        [
                            61.714259,
                            -69.97676
                        ],
                        [
                            61.708957,
                            -69.97071
                        ],
                        [
                            61.721309,
                            -69.962843
                        ],
                        [
                            61.733652,
                            -69.954976
                        ],
                        [
                            61.728349,
                            -69.948926
                        ],
                        [
                            61.72305,
                            -69.942877
                        ],
                        [
                            61.74068,
                            -69.941059
                        ],
                        [
                            61.758307,
                            -69.939238
                        ],
                        [
                            61.77062,
                            -69.931368
                        ],
                        [
                            61.782924,
                            -69.923498
                        ],
                        [
                            61.800531,
                            -69.921673
                        ],
                        [
                            61.818135,
                            -69.919847
                        ],
                        [
                            61.830412,
                            -69.911973
                        ],
                        [
                            61.842679,
                            -69.904098
                        ],
                        [
                            61.837357,
                            -69.898054
                        ],
                        [
                            61.832038,
                            -69.892009
                        ],
                        [
                            61.844292,
                            -69.884135
                        ],
                        [
                            61.856536,
                            -69.87626
                        ],
                        [
                            61.851217,
                            -69.870216
                        ],
                        [
                            61.845902,
                            -69.864172
                        ],
                        [
                            61.858133,
                            -69.856297
                        ],
                        [
                            61.870354,
                            -69.848422
                        ],
                        [
                            61.882566,
                            -69.840546
                        ],
                        [
                            61.894768,
                            -69.83267
                        ],
                        [
                            61.906961,
                            -69.824792
                        ],
                        [
                            61.919143,
                            -69.816914
                        ],
                        [
                            61.931316,
                            -69.809036
                        ],
                        [
                            61.948808,
                            -69.807196
                        ],
                        [
                            61.966296,
                            -69.805355
                        ],
                        [
                            61.978443,
                            -69.797473
                        ],
                        [
                            61.990581,
                            -69.78959
                        ],
                        [
                            62.002708,
                            -69.781707
                        ],
                        [
                            62.020169,
                            -69.77986
                        ],
                        [
                            62.037627,
                            -69.778011
                        ],
                        [
                            62.049729,
                            -69.770124
                        ],
                        [
                            62.061821,
                            -69.762237
                        ],
                        [
                            62.05647,
                            -69.756202
                        ],
                        [
                            62.051123,
                            -69.750167
                        ],
                        [
                            62.063202,
                            -69.74228
                        ],
                        [
                            62.075272,
                            -69.734393
                        ],
                        [
                            62.087332,
                            -69.726504
                        ],
                        [
                            62.099383,
                            -69.718616
                        ],
                        [
                            62.111424,
                            -69.710726
                        ],
                        [
                            62.128813,
                            -69.708868
                        ],
                        [
                            62.146198,
                            -69.707008
                        ],
                        [
                            62.158214,
                            -69.699116
                        ],
                        [
                            62.152851,
                            -69.693085
                        ],
                        [
                            62.147491,
                            -69.687054
                        ],
                        [
                            62.159494,
                            -69.679161
                        ],
                        [
                            62.171487,
                            -69.671268
                        ],
                        [
                            62.183471,
                            -69.663375
                        ],
                        [
                            62.200812,
                            -69.661509
                        ],
                        [
                            62.218149,
                            -69.659642
                        ],
                        [
                            62.235483,
                            -69.657773
                        ],
                        [
                            62.252814,
                            -69.655902
                        ],
                        [
                            62.270141,
                            -69.65403
                        ],
                        [
                            62.292858,
                            -69.658181
                        ],
                        [
                            62.315585,
                            -69.662329
                        ],
                        [
                            62.33832,
                            -69.666474
                        ],
                        [
                            62.361066,
                            -69.670616
                        ],
                        [
                            62.378396,
                            -69.668732
                        ],
                        [
                            62.395723,
                            -69.666846
                        ],
                        [
                            62.413046,
                            -69.664958
                        ],
                        [
                            62.424931,
                            -69.657048
                        ],
                        [
                            62.442243,
                            -69.655157
                        ],
                        [
                            62.459552,
                            -69.653264
                        ],
                        [
                            62.476857,
                            -69.65137
                        ],
                        [
                            62.494159,
                            -69.649474
                        ],
                        [
                            62.506002,
                            -69.641557
                        ],
                        [
                            62.523293,
                            -69.639658
                        ],
                        [
                            62.540581,
                            -69.637757
                        ],
                        [
                            62.557866,
                            -69.635854
                        ],
                        [
                            62.575147,
                            -69.63395
                        ],
                        [
                            62.586948,
                            -69.626028
                        ],
                        [
                            62.604218,
                            -69.62412
                        ],
                        [
                            62.621485,
                            -69.622211
                        ],
                        [
                            62.633261,
                            -69.614286
                        ],
                        [
                            62.650516,
                            -69.612373
                        ],
                        [
                            62.667768,
                            -69.610459
                        ],
                        [
                            62.679519,
                            -69.602531
                        ],
                        [
                            62.69676,
                            -69.600614
                        ],
                        [
                            62.713997,
                            -69.598695
                        ],
                        [
                            62.731231,
                            -69.596774
                        ],
                        [
                            62.748462,
                            -69.594852
                        ],
                        [
                            62.76569,
                            -69.592927
                        ],
                        [
                            62.782914,
                            -69.591001
                        ],
                        [
                            62.800134,
                            -69.589073
                        ],
                        [
                            62.817352,
                            -69.587144
                        ],
                        [
                            62.82903,
                            -69.579206
                        ],
                        [
                            62.846236,
                            -69.577273
                        ],
                        [
                            62.863439,
                            -69.575338
                        ],
                        [
                            62.880638,
                            -69.573402
                        ],
                        [
                            62.897834,
                            -69.571464
                        ],
                        [
                            62.915027,
                            -69.569524
                        ],
                        [
                            62.932217,
                            -69.567582
                        ],
                        [
                            62.949403,
                            -69.565639
                        ],
                        [
                            62.966586,
                            -69.563694
                        ],
                        [
                            62.978191,
                            -69.555746
                        ],
                        [
                            62.995362,
                            -69.553797
                        ],
                        [
                            63.012531,
                            -69.551847
                        ],
                        [
                            63.024111,
                            -69.543896
                        ],
                        [
                            63.035682,
                            -69.535945
                        ],
                        [
                            63.052831,
                            -69.533991
                        ],
                        [
                            63.069976,
                            -69.532035
                        ],
                        [
                            63.087118,
                            -69.530077
                        ],
                        [
                            63.104257,
                            -69.528118
                        ],
                        [
                            63.115787,
                            -69.520161
                        ],
                        [
                            63.132915,
                            -69.518199
                        ],
                        [
                            63.150039,
                            -69.516234
                        ],
                        [
                            63.16716,
                            -69.514268
                        ],
                        [
                            63.184278,
                            -69.512301
                        ],
                        [
                            63.201392,
                            -69.510331
                        ],
                        [
                            63.218503,
                            -69.50836
                        ],
                        [
                            63.23561,
                            -69.506387
                        ],
                        [
                            63.252715,
                            -69.504412
                        ],
                        [
                            63.269815,
                            -69.502435
                        ],
                        [
                            63.286913,
                            -69.500457
                        ],
                        [
                            63.304007,
                            -69.498477
                        ],
                        [
                            63.321097,
                            -69.496495
                        ],
                        [
                            63.332523,
                            -69.488524
                        ],
                        [
                            63.349603,
                            -69.486539
                        ],
                        [
                            63.366679,
                            -69.484552
                        ],
                        [
                            63.383751,
                            -69.482564
                        ],
                        [
                            63.40082,
                            -69.480573
                        ],
                        [
                            63.412206,
                            -69.472597
                        ],
                        [
                            63.429264,
                            -69.470604
                        ],
                        [
                            63.446318,
                            -69.468609
                        ],
                        [
                            63.457678,
                            -69.46063
                        ],
                        [
                            63.474722,
                            -69.458632
                        ],
                        [
                            63.491762,
                            -69.456632
                        ],
                        [
                            63.503097,
                            -69.44865
                        ],
                        [
                            63.514424,
                            -69.440667
                        ],
                        [
                            63.531444,
                            -69.438664
                        ],
                        [
                            63.548462,
                            -69.436659
                        ],
                        [
                            63.565476,
                            -69.434652
                        ],
                        [
                            63.582486,
                            -69.432643
                        ],
                        [
                            63.593772,
                            -69.424655
                        ],
                        [
                            63.610772,
                            -69.422643
                        ],
                        [
                            63.627768,
                            -69.42063
                        ],
                        [
                            63.64476,
                            -69.418614
                        ],
                        [
                            63.661749,
                            -69.416597
                        ],
                        [
                            63.678735,
                            -69.414578
                        ],
                        [
                            63.695717,
                            -69.412558
                        ],
                        [
                            63.712696,
                            -69.410536
                        ],
                        [
                            63.729672,
                            -69.408512
                        ],
                        [
                            63.746644,
                            -69.406486
                        ],
                        [
                            63.763613,
                            -69.404458
                        ],
                        [
                            63.780578,
                            -69.402429
                        ],
                        [
                            63.79754,
                            -69.400398
                        ],
                        [
                            63.814498,
                            -69.398365
                        ],
                        [
                            63.831453,
                            -69.39633
                        ],
                        [
                            63.848405,
                            -69.394294
                        ],
                        [
                            63.865353,
                            -69.392256
                        ],
                        [
                            63.882298,
                            -69.390216
                        ],
                        [
                            63.899239,
                            -69.388175
                        ],
                        [
                            63.916177,
                            -69.386131
                        ],
                        [
                            63.933111,
                            -69.384086
                        ],
                        [
                            63.950042,
                            -69.382039
                        ],
                        [
                            63.96697,
                            -69.379991
                        ],
                        [
                            63.983894,
                            -69.37794
                        ],
                        [
                            64.000815,
                            -69.375888
                        ],
                        [
                            64.011903,
                            -69.367873
                        ],
                        [
                            64.028813,
                            -69.365818
                        ],
                        [
                            64.045719,
                            -69.363761
                        ],
                        [
                            64.062621,
                            -69.361703
                        ],
                        [
                            64.07952,
                            -69.359643
                        ],
                        [
                            64.090569,
                            -69.351623
                        ],
                        [
                            64.107457,
                            -69.34956
                        ],
                        [
                            64.124341,
                            -69.347495
                        ],
                        [
                            64.135365,
                            -69.339472
                        ],
                        [
                            64.14638,
                            -69.331449
                        ],
                        [
                            64.157387,
                            -69.323425
                        ],
                        [
                            64.174245,
                            -69.321355
                        ],
                        [
                            64.191099,
                            -69.319283
                        ],
                        [
                            64.202081,
                            -69.311257
                        ],
                        [
                            64.213054,
                            -69.303229
                        ],
                        [
                            64.229889,
                            -69.301154
                        ],
                        [
                            64.246721,
                            -69.299077
                        ],
                        [
                            64.25767,
                            -69.291047
                        ],
                        [
                            64.274491,
                            -69.288967
                        ],
                        [
                            64.291307,
                            -69.286885
                        ],
                        [
                            64.302232,
                            -69.278852
                        ],
                        [
                            64.313149,
                            -69.270819
                        ],
                        [
                            64.329947,
                            -69.268734
                        ],
                        [
                            64.346741,
                            -69.266646
                        ],
                        [
                            64.357633,
                            -69.25861
                        ],
                        [
                            64.374416,
                            -69.25652
                        ],
                        [
                            64.391196,
                            -69.254428
                        ],
                        [
                            64.402064,
                            -69.24639
                        ],
                        [
                            64.418833,
                            -69.244295
                        ],
                        [
                            64.435598,
                            -69.242199
                        ],
                        [
                            64.452359,
                            -69.240101
                        ],
                        [
                            64.469117,
                            -69.238001
                        ],
                        [
                            64.479946,
                            -69.229957
                        ],
                        [
                            64.496693,
                            -69.227855
                        ],
                        [
                            64.513436,
                            -69.22575
                        ],
                        [
                            64.530176,
                            -69.223644
                        ],
                        [
                            64.546912,
                            -69.221536
                        ],
                        [
                            64.563645,
                            -69.219427
                        ],
                        [
                            64.580375,
                            -69.217316
                        ],
                        [
                            64.591148,
                            -69.209265
                        ],
                        [
                            64.607867,
                            -69.207151
                        ],
                        [
                            64.624581,
                            -69.205035
                        ],
                        [
                            64.635331,
                            -69.196982
                        ],
                        [
                            64.646072,
                            -69.188929
                        ],
                        [
                            64.656804,
                            -69.180875
                        ],
                        [
                            64.667528,
                            -69.172821
                        ],
                        [
                            64.678244,
                            -69.164766
                        ],
                        [
                            64.688951,
                            -69.15671
                        ],
                        [
                            64.705616,
                            -69.154586
                        ],
                        [
                            64.722278,
                            -69.152461
                        ],
                        [
                            64.732961,
                            -69.144403
                        ],
                        [
                            64.743636,
                            -69.136344
                        ],
                        [
                            64.754302,
                            -69.128285
                        ],
                        [
                            64.76496,
                            -69.120225
                        ],
                        [
                            64.77561,
                            -69.112165
                        ],
                        [
                            64.786251,
                            -69.104104
                        ],
                        [
                            64.796884,
                            -69.096043
                        ],
                        [
                            64.807508,
                            -69.087982
                        ],
                        [
                            64.824105,
                            -69.085846
                        ],
                        [
                            64.840698,
                            -69.083709
                        ],
                        [
                            64.857288,
                            -69.08157
                        ],
                        [
                            64.879871,
                            -69.085353
                        ],
                        [
                            64.896458,
                            -69.08321
                        ],
                        [
                            64.913042,
                            -69.081066
                        ],
                        [
                            64.929622,
                            -69.078919
                        ],
                        [
                            64.946198,
                            -69.076771
                        ],
                        [
                            64.962772,
                            -69.074621
                        ],
                        [
                            64.979341,
                            -69.072469
                        ],
                        [
                            64.995907,
                            -69.070316
                        ],
                        [
                            65.01247,
                            -69.068161
                        ],
                        [
                            65.029029,
                            -69.066005
                        ],
                        [
                            65.045585,
                            -69.063846
                        ],
                        [
                            65.062137,
                            -69.061686
                        ],
                        [
                            65.072639,
                            -69.053608
                        ],
                        [
                            65.08918,
                            -69.051445
                        ],
                        [
                            65.105718,
                            -69.049281
                        ],
                        [
                            65.122252,
                            -69.047114
                        ],
                        [
                            65.138783,
                            -69.044947
                        ],
                        [
                            65.149246,
                            -69.036864
                        ],
                        [
                            65.165766,
                            -69.034693
                        ],
                        [
                            65.182282,
                            -69.032521
                        ],
                        [
                            65.192722,
                            -69.024436
                        ],
                        [
                            65.209226,
                            -69.022261
                        ],
                        [
                            65.225728,
                            -69.020084
                        ],
                        [
                            65.236144,
                            -69.011996
                        ],
                        [
                            65.252635,
                            -69.009817
                        ],
                        [
                            65.269121,
                            -69.007636
                        ],
                        [
                            65.285605,
                            -69.005453
                        ],
                        [
                            65.302084,
                            -69.003269
                        ],
                        [
                            65.318561,
                            -69.001082
                        ],
                        [
                            65.341139,
                            -69.0048
                        ],
                        [
                            65.357613,
                            -69.00261
                        ],
                        [
                            65.374083,
                            -69.000418
                        ],
                        [
                            65.396671,
                            -69.004128
                        ],
                        [
                            65.413138,
                            -69.001932
                        ],
                        [
                            65.429601,
                            -68.999735
                        ],
                        [
                            65.452198,
                            -69.003437
                        ],
                        [
                            65.474804,
                            -69.007135
                        ],
                        [
                            65.497417,
                            -69.010831
                        ],
                        [
                            65.520039,
                            -69.014524
                        ],
                        [
                            65.542669,
                            -69.018213
                        ],
                        [
                            65.565307,
                            -69.021899
                        ],
                        [
                            65.571486,
                            -69.027796
                        ],
                        [
                            65.577669,
                            -69.033693
                        ],
                        [
                            65.59414,
                            -69.031478
                        ],
                        [
                            65.610608,
                            -69.029262
                        ],
                        [
                            65.63327,
                            -69.032939
                        ],
                        [
                            65.655941,
                            -69.036612
                        ],
                        [
                            65.672406,
                            -69.03439
                        ],
                        [
                            65.688867,
                            -69.032165
                        ],
                        [
                            65.705325,
                            -69.029939
                        ],
                        [
                            65.721779,
                            -69.027711
                        ],
                        [
                            65.73823,
                            -69.025482
                        ],
                        [
                            65.754677,
                            -69.02325
                        ],
                        [
                            65.777359,
                            -69.026907
                        ],
                        [
                            65.793803,
                            -69.024672
                        ],
                        [
                            65.803997,
                            -69.016547
                        ],
                        [
                            65.82043,
                            -69.014309
                        ],
                        [
                            65.836859,
                            -69.01207
                        ],
                        [
                            65.853285,
                            -69.009828
                        ],
                        [
                            65.869707,
                            -69.007586
                        ],
                        [
                            65.886125,
                            -69.005341
                        ],
                        [
                            65.90254,
                            -69.003095
                        ],
                        [
                            65.918952,
                            -69.000847
                        ],
                        [
                            65.935359,
                            -68.998597
                        ],
                        [
                            65.945485,
                            -68.990464
                        ],
                        [
                            65.961881,
                            -68.988212
                        ],
                        [
                            65.978274,
                            -68.985958
                        ],
                        [
                            65.994664,
                            -68.983703
                        ],
                        [
                            66.011049,
                            -68.981446
                        ],
                        [
                            66.027432,
                            -68.979187
                        ],
                        [
                            66.04381,
                            -68.976926
                        ],
                        [
                            66.060185,
                            -68.974664
                        ],
                        [
                            66.076556,
                            -68.9724
                        ],
                        [
                            66.086613,
                            -68.964259
                        ],
                        [
                            66.102973,
                            -68.961993
                        ],
                        [
                            66.11933,
                            -68.959725
                        ],
                        [
                            66.129363,
                            -68.951581
                        ],
                        [
                            66.145709,
                            -68.94931
                        ],
                        [
                            66.16205,
                            -68.947038
                        ],
                        [
                            66.172061,
                            -68.938892
                        ],
                        [
                            66.188392,
                            -68.936617
                        ],
                        [
                            66.204719,
                            -68.93434
                        ],
                        [
                            66.221042,
                            -68.932062
                        ],
                        [
                            66.237362,
                            -68.929782
                        ],
                        [
                            66.247334,
                            -68.921632
                        ],
                        [
                            66.257299,
                            -68.913481
                        ],
                        [
                            66.2736,
                            -68.911198
                        ],
                        [
                            66.289897,
                            -68.908912
                        ],
                        [
                            66.299839,
                            -68.900759
                        ],
                        [
                            66.309772,
                            -68.892606
                        ],
                        [
                            66.326051,
                            -68.890317
                        ],
                        [
                            66.342326,
                            -68.888027
                        ],
                        [
                            66.352237,
                            -68.879871
                        ],
                        [
                            66.368501,
                            -68.877578
                        ],
                        [
                            66.384762,
                            -68.875284
                        ],
                        [
                            66.39465,
                            -68.867126
                        ],
                        [
                            66.410899,
                            -68.864828
                        ],
                        [
                            66.427144,
                            -68.862529
                        ],
                        [
                            66.43701,
                            -68.854369
                        ],
                        [
                            66.453244,
                            -68.852068
                        ],
                        [
                            66.469475,
                            -68.849764
                        ],
                        [
                            66.485702,
                            -68.84746
                        ],
                        [
                            66.501926,
                            -68.845153
                        ],
                        [
                            66.511753,
                            -68.836989
                        ],
                        [
                            66.527966,
                            -68.83468
                        ],
                        [
                            66.544175,
                            -68.832369
                        ],
                        [
                            66.553979,
                            -68.824202
                        ],
                        [
                            66.570177,
                            -68.821889
                        ],
                        [
                            66.586371,
                            -68.819574
                        ],
                        [
                            66.596153,
                            -68.811405
                        ],
                        [
                            66.612337,
                            -68.809088
                        ],
                        [
                            66.628516,
                            -68.806768
                        ],
                        [
                            66.638275,
                            -68.798597
                        ],
                        [
                            66.648027,
                            -68.790426
                        ],
                        [
                            66.664188,
                            -68.788103
                        ],
                        [
                            66.680345,
                            -68.785779
                        ],
                        [
                            66.690074,
                            -68.777605
                        ],
                        [
                            66.70622,
                            -68.775278
                        ],
                        [
                            66.722363,
                            -68.77295
                        ],
                        [
                            66.73207,
                            -68.764774
                        ],
                        [
                            66.748201,
                            -68.762442
                        ],
                        [
                            66.764329,
                            -68.76011
                        ],
                        [
                            66.780453,
                            -68.757776
                        ],
                        [
                            66.796574,
                            -68.75544
                        ],
                        [
                            66.806243,
                            -68.747259
                        ],
                        [
                            66.822353,
                            -68.744921
                        ],
                        [
                            66.838459,
                            -68.742581
                        ],
                        [
                            66.854561,
                            -68.740239
                        ],
                        [
                            66.87066,
                            -68.737896
                        ],
                        [
                            66.886755,
                            -68.735551
                        ],
                        [
                            66.902846,
                            -68.733204
                        ],
                        [
                            66.918934,
                            -68.730856
                        ],
                        [
                            66.935018,
                            -68.728506
                        ],
                        [
                            66.951099,
                            -68.726155
                        ],
                        [
                            66.967176,
                            -68.723802
                        ],
                        [
                            66.983249,
                            -68.721447
                        ],
                        [
                            66.999319,
                            -68.719091
                        ],
                        [
                            67.008891,
                            -68.710899
                        ],
                        [
                            67.02495,
                            -68.70854
                        ],
                        [
                            67.041005,
                            -68.70618
                        ],
                        [
                            67.057056,
                            -68.703818
                        ],
                        [
                            67.073104,
                            -68.701454
                        ],
                        [
                            67.082639,
                            -68.693259
                        ],
                        [
                            67.098676,
                            -68.690892
                        ],
                        [
                            67.114709,
                            -68.688525
                        ],
                        [
                            67.130738,
                            -68.686155
                        ],
                        [
                            67.146764,
                            -68.683784
                        ],
                        [
                            67.162786,
                            -68.681412
                        ],
                        [
                            67.185335,
                            -68.684863
                        ],
                        [
                            67.201354,
                            -68.682487
                        ],
                        [
                            67.21083,
                            -68.674284
                        ],
                        [
                            67.226838,
                            -68.671905
                        ],
                        [
                            67.242841,
                            -68.669524
                        ],
                        [
                            67.258841,
                            -68.667142
                        ],
                        [
                            67.274838,
                            -68.664758
                        ],
                        [
                            67.290831,
                            -68.662372
                        ],
                        [
                            67.30682,
                            -68.659985
                        ],
                        [
                            67.322805,
                            -68.657596
                        ],
                        [
                            67.338787,
                            -68.655206
                        ],
                        [
                            67.354765,
                            -68.652814
                        ],
                        [
                            67.37074,
                            -68.650421
                        ],
                        [
                            67.380135,
                            -68.642209
                        ],
                        [
                            67.396099,
                            -68.639812
                        ],
                        [
                            67.412058,
                            -68.637415
                        ],
                        [
                            67.428015,
                            -68.635016
                        ],
                        [
                            67.443967,
                            -68.632615
                        ],
                        [
                            67.459916,
                            -68.630212
                        ],
                        [
                            67.475861,
                            -68.627808
                        ],
                        [
                            67.491802,
                            -68.625403
                        ],
                        [
                            67.50774,
                            -68.622995
                        ],
                        [
                            67.523674,
                            -68.620586
                        ],
                        [
                            67.539605,
                            -68.618176
                        ],
                        [
                            67.555532,
                            -68.615764
                        ],
                        [
                            67.578075,
                            -68.619159
                        ],
                        [
                            67.593998,
                            -68.616743
                        ],
                        [
                            67.609917,
                            -68.614325
                        ],
                        [
                            67.625833,
                            -68.611906
                        ],
                        [
                            67.641745,
                            -68.609485
                        ],
                        [
                            67.657653,
                            -68.607063
                        ],
                        [
                            67.673558,
                            -68.604639
                        ],
                        [
                            67.696108,
                            -68.608017
                        ],
                        [
                            67.712009,
                            -68.605589
                        ],
                        [
                            67.727906,
                            -68.60316
                        ],
                        [
                            67.7438,
                            -68.600729
                        ],
                        [
                            67.753026,
                            -68.592496
                        ],
                        [
                            67.768908,
                            -68.590062
                        ],
                        [
                            67.784787,
                            -68.587627
                        ],
                        [
                            67.800662,
                            -68.585191
                        ],
                        [
                            67.816534,
                            -68.582752
                        ],
                        [
                            67.832402,
                            -68.580313
                        ],
                        [
                            67.848266,
                            -68.577871
                        ],
                        [
                            67.857441,
                            -68.569633
                        ],
                        [
                            67.873294,
                            -68.567189
                        ],
                        [
                            67.889143,
                            -68.564744
                        ],
                        [
                            67.904989,
                            -68.562297
                        ],
                        [
                            67.920831,
                            -68.559848
                        ],
                        [
                            67.936669,
                            -68.557398
                        ],
                        [
                            67.952503,
                            -68.554946
                        ],
                        [
                            67.968334,
                            -68.552493
                        ],
                        [
                            67.984161,
                            -68.550038
                        ],
                        [
                            67.999985,
                            -68.547581
                        ],
                        [
                            68.015804,
                            -68.545123
                        ],
                        [
                            68.03162,
                            -68.542664
                        ],
                        [
                            68.047433,
                            -68.540202
                        ],
                        [
                            68.063241,
                            -68.53774
                        ],
                        [
                            68.079046,
                            -68.535275
                        ],
                        [
                            68.094847,
                            -68.532809
                        ],
                        [
                            68.110644,
                            -68.530342
                        ],
                        [
                            68.126438,
                            -68.527873
                        ],
                        [
                            68.142228,
                            -68.525402
                        ],
                        [
                            68.158014,
                            -68.52293
                        ],
                        [
                            68.173797,
                            -68.520456
                        ],
                        [
                            68.189576,
                            -68.51798
                        ],
                        [
                            68.205351,
                            -68.515503
                        ],
                        [
                            68.221122,
                            -68.513025
                        ],
                        [
                            68.23689,
                            -68.510545
                        ],
                        [
                            68.245883,
                            -68.502286
                        ],
                        [
                            68.261639,
                            -68.499803
                        ],
                        [
                            68.277392,
                            -68.497319
                        ],
                        [
                            68.286364,
                            -68.489058
                        ],
                        [
                            68.302106,
                            -68.486571
                        ],
                        [
                            68.317844,
                            -68.484083
                        ],
                        [
                            68.333579,
                            -68.481594
                        ],
                        [
                            68.349309,
                            -68.479103
                        ],
                        [
                            68.358245,
                            -68.470838
                        ],
                        [
                            68.373965,
                            -68.468344
                        ],
                        [
                            68.389681,
                            -68.465849
                        ],
                        [
                            68.405393,
                            -68.463352
                        ],
                        [
                            68.421102,
                            -68.460854
                        ],
                        [
                            68.436807,
                            -68.458354
                        ],
                        [
                            68.452508,
                            -68.455853
                        ],
                        [
                            68.468205,
                            -68.45335
                        ],
                        [
                            68.483899,
                            -68.450845
                        ],
                        [
                            68.492769,
                            -68.442574
                        ],
                        [
                            68.508452,
                            -68.440067
                        ],
                        [
                            68.524131,
                            -68.437558
                        ],
                        [
                            68.53298,
                            -68.429285
                        ],
                        [
                            68.541823,
                            -68.421011
                        ],
                        [
                            68.557484,
                            -68.418499
                        ],
                        [
                            68.573141,
                            -68.415986
                        ],
                        [
                            68.581962,
                            -68.40771
                        ],
                        [
                            68.597608,
                            -68.405195
                        ],
                        [
                            68.61325,
                            -68.402678
                        ],
                        [
                            68.62205,
                            -68.3944
                        ],
                        [
                            68.630843,
                            -68.386122
                        ],
                        [
                            68.639629,
                            -68.377844
                        ],
                        [
                            68.648408,
                            -68.369565
                        ],
                        [
                            68.65718,
                            -68.361286
                        ],
                        [
                            68.665945,
                            -68.353007
                        ],
                        [
                            68.674703,
                            -68.344728
                        ],
                        [
                            68.683455,
                            -68.336448
                        ],
                        [
                            68.692199,
                            -68.328169
                        ],
                        [
                            68.700937,
                            -68.319888
                        ],
                        [
                            68.716504,
                            -68.317362
                        ],
                        [
                            68.732068,
                            -68.314833
                        ],
                        [
                            68.740785,
                            -68.306551
                        ],
                        [
                            68.749494,
                            -68.298269
                        ],
                        [
                            68.758198,
                            -68.289986
                        ],
                        [
                            68.766894,
                            -68.281704
                        ],
                        [
                            68.775583,
                            -68.273421
                        ],
                        [
                            68.784266,
                            -68.265137
                        ],
                        [
                            68.792942,
                            -68.256854
                        ],
                        [
                            68.808452,
                            -68.254318
                        ],
                        [
                            68.823959,
                            -68.251781
                        ],
                        [
                            68.832614,
                            -68.243496
                        ],
                        [
                            68.841262,
                            -68.23521
                        ],
                        [
                            68.849903,
                            -68.226924
                        ],
                        [
                            68.858538,
                            -68.218638
                        ],
                        [
                            68.874013,
                            -68.216096
                        ],
                        [
                            68.889483,
                            -68.213553
                        ],
                        [
                            68.898097,
                            -68.205264
                        ],
                        [
                            68.906705,
                            -68.196976
                        ],
                        [
                            68.915305,
                            -68.188688
                        ],
                        [
                            68.923899,
                            -68.180399
                        ],
                        [
                            68.932486,
                            -68.17211
                        ],
                        [
                            68.947918,
                            -68.169561
                        ],
                        [
                            68.963346,
                            -68.167011
                        ],
                        [
                            68.971912,
                            -68.15872
                        ],
                        [
                            68.980472,
                            -68.150428
                        ],
                        [
                            68.989025,
                            -68.142137
                        ],
                        [
                            68.997572,
                            -68.133845
                        ],
                        [
                            68.990719,
                            -68.128108
                        ],
                        [
                            68.98387,
                            -68.12237
                        ],
                        [
                            68.99241,
                            -68.114079
                        ],
                        [
                            69.000944,
                            -68.105788
                        ],
                        [
                            69.009472,
                            -68.097497
                        ],
                        [
                            69.017992,
                            -68.089205
                        ],
                        [
                            69.026507,
                            -68.080913
                        ],
                        [
                            69.035014,
                            -68.072621
                        ],
                        [
                            69.043515,
                            -68.064329
                        ],
                        [
                            69.05201,
                            -68.056036
                        ],
                        [
                            69.060497,
                            -68.047744
                        ],
                        [
                            69.068979,
                            -68.039451
                        ],
                        [
                            69.077453,
                            -68.031157
                        ],
                        [
                            69.085922,
                            -68.022864
                        ],
                        [
                            69.094383,
                            -68.01457
                        ],
                        [
                            69.109682,
                            -68.012006
                        ],
                        [
                            69.124978,
                            -68.009441
                        ],
                        [
                            69.133419,
                            -68.001146
                        ],
                        [
                            69.148704,
                            -67.998578
                        ],
                        [
                            69.163985,
                            -67.996009
                        ],
                        [
                            69.172406,
                            -67.987712
                        ],
                        [
                            69.187677,
                            -67.985141
                        ],
                        [
                            69.202944,
                            -67.982568
                        ],
                        [
                            69.218208,
                            -67.979994
                        ],
                        [
                            69.233467,
                            -67.977418
                        ],
                        [
                            69.241854,
                            -67.969117
                        ],
                        [
                            69.257103,
                            -67.966539
                        ],
                        [
                            69.272349,
                            -67.96396
                        ],
                        [
                            69.287591,
                            -67.961379
                        ],
                        [
                            69.302829,
                            -67.958796
                        ],
                        [
                            69.318064,
                            -67.956212
                        ],
                        [
                            69.333295,
                            -67.953627
                        ],
                        [
                            69.348522,
                            -67.95104
                        ],
                        [
                            69.370641,
                            -67.954169
                        ],
                        [
                            69.385864,
                            -67.951578
                        ],
                        [
                            69.394182,
                            -67.94327
                        ],
                        [
                            69.402493,
                            -67.934961
                        ],
                        [
                            69.410798,
                            -67.926653
                        ],
                        [
                            69.419097,
                            -67.918344
                        ],
                        [
                            69.427389,
                            -67.910035
                        ],
                        [
                            69.435675,
                            -67.901725
                        ],
                        [
                            69.443955,
                            -67.893416
                        ],
                        [
                            69.452228,
                            -67.885106
                        ],
                        [
                            69.460495,
                            -67.876796
                        ],
                        [
                            69.468755,
                            -67.868486
                        ],
                        [
                            69.477009,
                            -67.860175
                        ],
                        [
                            69.492153,
                            -67.857575
                        ],
                        [
                            69.507294,
                            -67.854973
                        ],
                        [
                            69.522431,
                            -67.852369
                        ],
                        [
                            69.537564,
                            -67.849764
                        ],
                        [
                            69.545784,
                            -67.841451
                        ],
                        [
                            69.553999,
                            -67.833137
                        ],
                        [
                            69.562206,
                            -67.824823
                        ],
                        [
                            69.570408,
                            -67.816508
                        ],
                        [
                            69.578603,
                            -67.808194
                        ],
                        [
                            69.586792,
                            -67.799879
                        ],
                        [
                            69.594975,
                            -67.791564
                        ],
                        [
                            69.603151,
                            -67.783249
                        ],
                        [
                            69.618227,
                            -67.780637
                        ],
                        [
                            69.633298,
                            -67.778023
                        ],
                        [
                            69.62639,
                            -67.772321
                        ],
                        [
                            69.619485,
                            -67.766618
                        ],
                        [
                            69.634547,
                            -67.764004
                        ],
                        [
                            69.649605,
                            -67.761389
                        ],
                        [
                            69.66466,
                            -67.758772
                        ],
                        [
                            69.67971,
                            -67.756154
                        ],
                        [
                            69.694758,
                            -67.753534
                        ],
                        [
                            69.709801,
                            -67.750913
                        ],
                        [
                            69.724841,
                            -67.74829
                        ],
                        [
                            69.739877,
                            -67.745666
                        ],
                        [
                            69.747981,
                            -67.737344
                        ],
                        [
                            69.763007,
                            -67.734718
                        ],
                        [
                            69.778029,
                            -67.73209
                        ],
                        [
                            69.793048,
                            -67.729461
                        ],
                        [
                            69.808063,
                            -67.72683
                        ],
                        [
                            69.823074,
                            -67.724197
                        ],
                        [
                            69.838082,
                            -67.721564
                        ],
                        [
                            69.853086,
                            -67.718928
                        ],
                        [
                            69.868087,
                            -67.716292
                        ],
                        [
                            69.883083,
                            -67.713654
                        ],
                        [
                            69.898077,
                            -67.711014
                        ],
                        [
                            69.913066,
                            -67.708373
                        ],
                        [
                            69.928052,
                            -67.70573
                        ],
                        [
                            69.936069,
                            -67.6974
                        ],
                        [
                            69.951044,
                            -67.694755
                        ],
                        [
                            69.966016,
                            -67.692109
                        ],
                        [
                            69.980984,
                            -67.689461
                        ],
                        [
                            69.995949,
                            -67.686812
                        ],
                        [
                            70.01091,
                            -67.684161
                        ],
                        [
                            70.025867,
                            -67.681509
                        ],
                        [
                            70.040821,
                            -67.678856
                        ],
                        [
                            70.055771,
                            -67.676201
                        ],
                        [
                            70.070718,
                            -67.673545
                        ],
                        [
                            70.08566,
                            -67.670887
                        ],
                        [
                            70.093604,
                            -67.662549
                        ],
                        [
                            70.108536,
                            -67.659889
                        ],
                        [
                            70.123465,
                            -67.657227
                        ],
                        [
                            70.13839,
                            -67.654564
                        ],
                        [
                            70.153312,
                            -67.6519
                        ],
                        [
                            70.16823,
                            -67.649234
                        ],
                        [
                            70.183144,
                            -67.646567
                        ],
                        [
                            70.198054,
                            -67.643898
                        ],
                        [
                            70.212961,
                            -67.641228
                        ],
                        [
                            70.227864,
                            -67.638556
                        ],
                        [
                            70.242764,
                            -67.635883
                        ],
                        [
                            70.250635,
                            -67.627538
                        ],
                        [
                            70.265524,
                            -67.624862
                        ],
                        [
                            70.28041,
                            -67.622186
                        ],
                        [
                            70.295292,
                            -67.619508
                        ],
                        [
                            70.31017,
                            -67.616828
                        ],
                        [
                            70.325045,
                            -67.614147
                        ],
                        [
                            70.339916,
                            -67.611464
                        ],
                        [
                            70.354783,
                            -67.60878
                        ],
                        [
                            70.369647,
                            -67.606095
                        ],
                        [
                            70.377458,
                            -67.597744
                        ],
                        [
                            70.392312,
                            -67.595057
                        ],
                        [
                            70.407161,
                            -67.592368
                        ],
                        [
                            70.422007,
                            -67.589677
                        ],
                        [
                            70.43685,
                            -67.586985
                        ],
                        [
                            70.451689,
                            -67.584292
                        ],
                        [
                            70.466524,
                            -67.581597
                        ],
                        [
                            70.481355,
                            -67.578901
                        ],
                        [
                            70.496183,
                            -67.576203
                        ],
                        [
                            70.511007,
                            -67.573504
                        ],
                        [
                            70.525828,
                            -67.570804
                        ],
                        [
                            70.533567,
                            -67.562446
                        ],
                        [
                            70.548377,
                            -67.559743
                        ],
                        [
                            70.563184,
                            -67.557039
                        ],
                        [
                            70.577987,
                            -67.554333
                        ],
                        [
                            70.592786,
                            -67.551626
                        ],
                        [
                            70.607581,
                            -67.548918
                        ],
                        [
                            70.622373,
                            -67.546208
                        ],
                        [
                            70.637161,
                            -67.543497
                        ],
                        [
                            70.651946,
                            -67.540784
                        ],
                        [
                            70.666727,
                            -67.53807
                        ],
                        [
                            70.681504,
                            -67.535355
                        ],
                        [
                            70.689172,
                            -67.52699
                        ],
                        [
                            70.703939,
                            -67.524272
                        ],
                        [
                            70.718702,
                            -67.521553
                        ],
                        [
                            70.733462,
                            -67.518832
                        ],
                        [
                            70.748218,
                            -67.51611
                        ],
                        [
                            70.76297,
                            -67.513387
                        ],
                        [
                            70.777719,
                            -67.510662
                        ],
                        [
                            70.792464,
                            -67.507936
                        ],
                        [
                            70.807205,
                            -67.505208
                        ],
                        [
                            70.821943,
                            -67.502479
                        ],
                        [
                            70.836677,
                            -67.499749
                        ],
                        [
                            70.844273,
                            -67.491377
                        ],
                        [
                            70.858996,
                            -67.488644
                        ],
                        [
                            70.873716,
                            -67.48591
                        ],
                        [
                            70.888433,
                            -67.483175
                        ],
                        [
                            70.903146,
                            -67.480438
                        ],
                        [
                            70.917855,
                            -67.477699
                        ],
                        [
                            70.93256,
                            -67.47496
                        ],
                        [
                            70.947262,
                            -67.472219
                        ],
                        [
                            70.96196,
                            -67.469476
                        ],
                        [
                            70.976654,
                            -67.466732
                        ],
                        [
                            70.991345,
                            -67.463987
                        ],
                        [
                            70.99887,
                            -67.455608
                        ],
                        [
                            71.01355,
                            -67.452861
                        ],
                        [
                            71.028227,
                            -67.450112
                        ],
                        [
                            71.0429,
                            -67.447361
                        ],
                        [
                            71.05757,
                            -67.44461
                        ],
                        [
                            71.072236,
                            -67.441856
                        ],
                        [
                            71.086898,
                            -67.439102
                        ],
                        [
                            71.101556,
                            -67.436346
                        ],
                        [
                            71.116211,
                            -67.433589
                        ],
                        [
                            71.130862,
                            -67.43083
                        ],
                        [
                            71.14551,
                            -67.42807
                        ],
                        [
                            71.152963,
                            -67.419684
                        ],
                        [
                            71.167601,
                            -67.416922
                        ],
                        [
                            71.182234,
                            -67.414158
                        ],
                        [
                            71.196864,
                            -67.411393
                        ],
                        [
                            71.211491,
                            -67.408627
                        ],
                        [
                            71.226113,
                            -67.405859
                        ],
                        [
                            71.240732,
                            -67.403089
                        ],
                        [
                            71.255347,
                            -67.400319
                        ],
                        [
                            71.269959,
                            -67.397546
                        ],
                        [
                            71.277355,
                            -67.389156
                        ],
                        [
                            71.291956,
                            -67.386382
                        ],
                        [
                            71.306554,
                            -67.383606
                        ],
                        [
                            71.321148,
                            -67.380829
                        ],
                        [
                            71.335738,
                            -67.378051
                        ],
                        [
                            71.350325,
                            -67.375271
                        ],
                        [
                            71.364908,
                            -67.37249
                        ],
                        [
                            71.379487,
                            -67.369707
                        ],
                        [
                            71.394063,
                            -67.366923
                        ],
                        [
                            71.408635,
                            -67.364138
                        ],
                        [
                            71.423203,
                            -67.361351
                        ],
                        [
                            71.430529,
                            -67.352953
                        ],
                        [
                            71.445087,
                            -67.350165
                        ],
                        [
                            71.459641,
                            -67.347374
                        ],
                        [
                            71.474192,
                            -67.344583
                        ],
                        [
                            71.488739,
                            -67.34179
                        ],
                        [
                            71.503283,
                            -67.338995
                        ],
                        [
                            71.517822,
                            -67.336199
                        ],
                        [
                            71.532358,
                            -67.333402
                        ],
                        [
                            71.546891,
                            -67.330604
                        ],
                        [
                            71.56142,
                            -67.327804
                        ],
                        [
                            71.575945,
                            -67.325002
                        ],
                        [
                            71.5832,
                            -67.316599
                        ],
                        [
                            71.597715,
                            -67.313795
                        ],
                        [
                            71.612226,
                            -67.31099
                        ],
                        [
                            71.626734,
                            -67.308184
                        ],
                        [
                            71.641238,
                            -67.305376
                        ],
                        [
                            71.655738,
                            -67.302567
                        ],
                        [
                            71.670234,
                            -67.299757
                        ],
                        [
                            71.684727,
                            -67.296945
                        ],
                        [
                            71.699216,
                            -67.294132
                        ],
                        [
                            71.713702,
                            -67.291318
                        ],
                        [
                            71.728183,
                            -67.288502
                        ],
                        [
                            71.735369,
                            -67.280092
                        ],
                        [
                            71.749841,
                            -67.277274
                        ],
                        [
                            71.764309,
                            -67.274454
                        ],
                        [
                            71.778773,
                            -67.271634
                        ],
                        [
                            71.793233,
                            -67.268812
                        ],
                        [
                            71.80769,
                            -67.265988
                        ],
                        [
                            71.822144,
                            -67.263163
                        ],
                        [
                            71.836593,
                            -67.260337
                        ],
                        [
                            71.851039,
                            -67.257509
                        ],
                        [
                            71.865481,
                            -67.25468
                        ],
                        [
                            71.87992,
                            -67.25185
                        ],
                        [
                            71.887036,
                            -67.243434
                        ],
                        [
                            71.901464,
                            -67.240601
                        ],
                        [
                            71.915889,
                            -67.237768
                        ],
                        [
                            71.93031,
                            -67.234933
                        ],
                        [
                            71.944727,
                            -67.232096
                        ],
                        [
                            71.959141,
                            -67.229258
                        ],
                        [
                            71.973551,
                            -67.226419
                        ],
                        [
                            71.987957,
                            -67.223578
                        ],
                        [
                            72.00236,
                            -67.220736
                        ],
                        [
                            72.00942,
                            -67.212315
                        ],
                        [
                            72.023812,
                            -67.209471
                        ],
                        [
                            72.038201,
                            -67.206626
                        ],
                        [
                            72.052586,
                            -67.203779
                        ],
                        [
                            72.066968,
                            -67.200931
                        ],
                        [
                            72.081346,
                            -67.198081
                        ],
                        [
                            72.09572,
                            -67.19523
                        ],
                        [
                            72.11009,
                            -67.192378
                        ],
                        [
                            72.124457,
                            -67.189525
                        ],
                        [
                            72.13882,
                            -67.18667
                        ],
                        [
                            72.153179,
                            -67.183813
                        ],
                        [
                            72.16017,
                            -67.175386
                        ],
                        [
                            72.174519,
                            -67.172528
                        ],
                        [
                            72.188865,
                            -67.169668
                        ],
                        [
                            72.203207,
                            -67.166807
                        ],
                        [
                            72.217545,
                            -67.163945
                        ],
                        [
                            72.23188,
                            -67.161081
                        ],
                        [
                            72.246211,
                            -67.158216
                        ],
                        [
                            72.260538,
                            -67.155349
                        ],
                        [
                            72.274861,
                            -67.152482
                        ],
                        [
                            72.289181,
                            -67.149612
                        ],
                        [
                            72.303497,
                            -67.146742
                        ],
                        [
                            72.31042,
                            -67.138308
                        ],
                        [
                            72.324726,
                            -67.135436
                        ],
                        [
                            72.339028,
                            -67.132562
                        ],
                        [
                            72.353327,
                            -67.129687
                        ],
                        [
                            72.367622,
                            -67.12681
                        ],
                        [
                            72.381913,
                            -67.123932
                        ],
                        [
                            72.396201,
                            -67.121053
                        ],
                        [
                            72.410485,
                            -67.118172
                        ],
                        [
                            72.424765,
                            -67.11529
                        ],
                        [
                            72.439042,
                            -67.112407
                        ],
                        [
                            72.453315,
                            -67.109522
                        ],
                        [
                            72.460169,
                            -67.101083
                        ],
                        [
                            72.474432,
                            -67.098196
                        ],
                        [
                            72.488691,
                            -67.095308
                        ],
                        [
                            72.502946,
                            -67.092419
                        ],
                        [
                            72.517198,
                            -67.089528
                        ],
                        [
                            72.531446,
                            -67.086636
                        ],
                        [
                            72.545691,
                            -67.083743
                        ],
                        [
                            72.559931,
                            -67.080848
                        ],
                        [
                            72.574169,
                            -67.077952
                        ],
                        [
                            72.588402,
                            -67.075054
                        ],
                        [
                            72.602632,
                            -67.072156
                        ],
                        [
                            72.609418,
                            -67.063711
                        ],
                        [
                            72.623638,
                            -67.06081
                        ],
                        [
                            72.637854,
                            -67.057908
                        ],
                        [
                            72.652066,
                            -67.055004
                        ],
                        [
                            72.666275,
                            -67.0521
                        ],
                        [
                            72.680479,
                            -67.049193
                        ],
                        [
                            72.694681,
                            -67.046286
                        ],
                        [
                            72.708878,
                            -67.043377
                        ],
                        [
                            72.723072,
                            -67.040467
                        ],
                        [
                            72.729803,
                            -67.032017
                        ],
                        [
                            72.743987,
                            -67.029105
                        ],
                        [
                            72.758167,
                            -67.026192
                        ],
                        [
                            72.772344,
                            -67.023277
                        ],
                        [
                            72.786517,
                            -67.020361
                        ],
                        [
                            72.800686,
                            -67.017444
                        ],
                        [
                            72.814851,
                            -67.014525
                        ],
                        [
                            72.829013,
                            -67.011605
                        ],
                        [
                            72.843171,
                            -67.008683
                        ],
                        [
                            72.857326,
                            -67.005761
                        ],
                        [
                            72.871476,
                            -67.002836
                        ],
                        [
                            72.87814,
                            -66.994381
                        ],
                        [
                            72.892281,
                            -66.991455
                        ],
                        [
                            72.906418,
                            -66.988528
                        ],
                        [
                            72.920552,
                            -66.985599
                        ],
                        [
                            72.934681,
                            -66.982669
                        ],
                        [
                            72.948807,
                            -66.979738
                        ],
                        [
                            72.96293,
                            -66.976805
                        ],
                        [
                            72.977048,
                            -66.973871
                        ],
                        [
                            72.991163,
                            -66.970936
                        ],
                        [
                            73.005274,
                            -66.967999
                        ],
                        [
                            73.019382,
                            -66.965061
                        ],
                        [
                            73.025979,
                            -66.9566
                        ],
                        [
                            73.040076,
                            -66.95366
                        ],
                        [
                            73.05417,
                            -66.950719
                        ],
                        [
                            73.068261,
                            -66.947777
                        ],
                        [
                            73.082347,
                            -66.944833
                        ],
                        [
                            73.09643,
                            -66.941888
                        ],
                        [
                            73.110509,
                            -66.938941
                        ],
                        [
                            73.124585,
                            -66.935993
                        ],
                        [
                            73.138656,
                            -66.933044
                        ],
                        [
                            73.152725,
                            -66.930094
                        ],
                        [
                            73.166789,
                            -66.927142
                        ],
                        [
                            73.173319,
                            -66.918675
                        ],
                        [
                            73.187374,
                            -66.915722
                        ],
                        [
                            73.201425,
                            -66.912767
                        ],
                        [
                            73.215472,
                            -66.90981
                        ],
                        [
                            73.229515,
                            -66.906853
                        ],
                        [
                            73.243555,
                            -66.903894
                        ],
                        [
                            73.257591,
                            -66.900934
                        ],
                        [
                            73.271623,
                            -66.897972
                        ],
                        [
                            73.285652,
                            -66.895009
                        ],
                        [
                            73.299677,
                            -66.892045
                        ],
                        [
                            73.313698,
                            -66.889079
                        ],
                        [
                            73.320162,
                            -66.880608
                        ],
                        [
                            73.334174,
                            -66.87764
                        ],
                        [
                            73.348182,
                            -66.874671
                        ],
                        [
                            73.362186,
                            -66.871701
                        ],
                        [
                            73.376186,
                            -66.86873
                        ],
                        [
                            73.390183,
                            -66.865758
                        ],
                        [
                            73.404176,
                            -66.862784
                        ],
                        [
                            73.418165,
                            -66.859808
                        ],
                        [
                            73.432151,
                            -66.856832
                        ],
                        [
                            73.438561,
                            -66.848356
                        ],
                        [
                            73.452537,
                            -66.845377
                        ],
                        [
                            73.466509,
                            -66.842397
                        ],
                        [
                            73.480477,
                            -66.839416
                        ],
                        [
                            73.494442,
                            -66.836434
                        ],
                        [
                            73.508403,
                            -66.83345
                        ],
                        [
                            73.52236,
                            -66.830465
                        ],
                        [
                            73.536314,
                            -66.827479
                        ],
                        [
                            73.550264,
                            -66.824492
                        ],
                        [
                            73.56421,
                            -66.821503
                        ],
                        [
                            73.578153,
                            -66.818513
                        ],
                        [
                            73.584497,
                            -66.810031
                        ],
                        [
                            73.59843,
                            -66.807039
                        ],
                        [
                            73.619958,
                            -66.809534
                        ],
                        [
                            73.641491,
                            -65.012026
                        ],
                        [
                            73.663029,
                            -65.014515
                        ],
                        [
                            73.684571,
                            -65.017
                        ],
                        [
                            73.706118,
                            -65.019483
                        ],
                        [
                            73.72767,
                            -65.021962
                        ],
                        [
                            73.749227,
                            -65.024438
                        ],
                        [
                            73.756866,
                            -65.02992
                        ],
                        [
                            73.764509,
                            -65.035401
                        ],
                        [
                            73.786083,
                            -65.037871
                        ],
                        [
                            73.807661,
                            -65.040339
                        ],
                        [
                            73.829244,
                            -65.042803
                        ],
                        [
                            73.850832,
                            -65.045264
                        ],
                        [
                            73.872424,
                            -65.047722
                        ],
                        [
                            73.880101,
                            -65.053198
                        ],
                        [
                            73.887782,
                            -65.058673
                        ],
                        [
                            73.909391,
                            -65.061126
                        ],
                        [
                            73.931005,
                            -65.063575
                        ],
                        [
                            73.952624,
                            -65.066021
                        ],
                        [
                            73.960327,
                            -65.071493
                        ],
                        [
                            73.968034,
                            -65.076964
                        ],
                        [
                            73.989669,
                            -65.079405
                        ],
                        [
                            74.011309,
                            -65.081843
                        ],
                        [
                            74.032954,
                            -65.084277
                        ],
                        [
                            74.054604,
                            -65.086709
                        ],
                        [
                            74.068521,
                            -65.083671
                        ],
                        [
                            74.082435,
                            -65.080632
                        ],
                        [
                            74.104086,
                            -65.083056
                        ],
                        [
                            74.125742,
                            -65.085477
                        ],
                        [
                            74.147403,
                            -65.087894
                        ],
                        [
                            74.169069,
                            -65.090308
                        ],
                        [
                            74.176832,
                            -65.095769
                        ],
                        [
                            74.1846,
                            -65.101229
                        ],
                        [
                            74.206282,
                            -65.103638
                        ],
                        [
                            74.227969,
                            -65.106044
                        ],
                        [
                            74.249661,
                            -65.108446
                        ],
                        [
                            74.271357,
                            -65.110846
                        ],
                        [
                            74.279153,
                            -65.116301
                        ],
                        [
                            74.286952,
                            -65.121757
                        ],
                        [
                            74.308665,
                            -65.12415
                        ],
                        [
                            74.330383,
                            -65.126541
                        ],
                        [
                            74.352105,
                            -65.128929
                        ],
                        [
                            74.373832,
                            -65.131313
                        ],
                        [
                            74.395563,
                            -65.133694
                        ],
                        [
                            74.417299,
                            -65.136072
                        ],
                        [
                            74.43904,
                            -65.138446
                        ],
                        [
                            74.460785,
                            -65.140818
                        ],
                        [
                            74.482535,
                            -65.143186
                        ],
                        [
                            74.496429,
                            -65.140107
                        ],
                        [
                            74.510319,
                            -65.137026
                        ],
                        [
                            74.532071,
                            -65.139387
                        ],
                        [
                            74.553827,
                            -65.141745
                        ],
                        [
                            74.56771,
                            -65.138659
                        ],
                        [
                            74.58159,
                            -65.135572
                        ],
                        [
                            74.603347,
                            -65.137922
                        ],
                        [
                            74.617221,
                            -65.134831
                        ],
                        [
                            74.631091,
                            -65.13174
                        ],
                        [
                            74.65285,
                            -65.134082
                        ],
                        [
                            74.674614,
                            -65.136422
                        ],
                        [
                            74.688477,
                            -65.133325
                        ],
                        [
                            74.702337,
                            -65.130226
                        ],
                        [
                            74.724102,
                            -65.132558
                        ],
                        [
                            74.745871,
                            -65.134887
                        ],
                        [
                            74.759723,
                            -65.131783
                        ],
                        [
                            74.773572,
                            -65.128678
                        ],
                        [
                            74.795343,
                            -65.130999
                        ],
                        [
                            74.809186,
                            -65.127891
                        ],
                        [
                            74.823026,
                            -65.124781
                        ],
                        [
                            74.844798,
                            -65.127095
                        ],
                        [
                            74.866574,
                            -65.129406
                        ],
                        [
                            74.880407,
                            -65.12629
                        ],
                        [
                            74.894236,
                            -65.123174
                        ],
                        [
                            74.90806,
                            -65.120056
                        ],
                        [
                            74.921881,
                            -65.116937
                        ],
                        [
                            74.943656,
                            -65.119236
                        ],
                        [
                            74.957471,
                            -65.116113
                        ],
                        [
                            74.971283,
                            -65.11299
                        ],
                        [
                            74.993059,
                            -65.115281
                        ],
                        [
                            75.006865,
                            -65.112154
                        ],
                        [
                            75.020668,
                            -65.109026
                        ],
                        [
                            75.042445,
                            -66.91131
                        ],
                        [
                            75.056241,
                            -66.908179
                        ],
                        [
                            75.070035,
                            -66.905045
                        ],
                        [
                            75.078021,
                            -66.910458
                        ],
                        [
                            75.086012,
                            -66.91587
                        ],
                        [
                            75.094006,
                            -66.921281
                        ],
                        [
                            75.088203,
                            -66.929829
                        ],
                        [
                            75.096203,
                            -66.935241
                        ],
                        [
                            75.104206,
                            -66.940652
                        ],
                        [
                            75.098402,
                            -66.949201
                        ],
                        [
                            75.092592,
                            -66.957749
                        ],
                        [
                            75.100603,
                            -66.963161
                        ],
                        [
                            75.108618,
                            -66.968573
                        ],
                        [
                            75.102808,
                            -66.977123
                        ],
                        [
                            75.110828,
                            -66.982535
                        ],
                        [
                            75.118852,
                            -66.987946
                        ],
                        [
                            75.113041,
                            -66.996497
                        ],
                        [
                            75.121071,
                            -67.001908
                        ],
                        [
                            75.129104,
                            -67.00732
                        ],
                        [
                            75.123292,
                            -67.015871
                        ],
                        [
                            75.131331,
                            -67.021283
                        ],
                        [
                            75.139374,
                            -67.026694
                        ],
                        [
                            75.133561,
                            -67.035247
                        ],
                        [
                            75.141609,
                            -67.040658
                        ],
                        [
                            75.149662,
                            -67.046069
                        ],
                        [
                            75.143847,
                            -67.054622
                        ],
                        [
                            75.138028,
                            -67.063176
                        ],
                        [
                            75.146088,
                            -67.068588
                        ],
                        [
                            75.154151,
                            -67.073999
                        ],
                        [
                            75.148331,
                            -67.082553
                        ],
                        [
                            75.1564,
                            -67.087965
                        ],
                        [
                            75.164473,
                            -67.093376
                        ],
                        [
                            75.158652,
                            -67.101931
                        ],
                        [
                            75.166731,
                            -67.107342
                        ],
                        [
                            75.174814,
                            -67.112753
                        ],
                        [
                            75.168991,
                            -67.12131
                        ],
                        [
                            75.177079,
                            -67.126721
                        ],
                        [
                            75.185172,
                            -67.132131
                        ],
                        [
                            75.179348,
                            -67.140689
                        ],
                        [
                            75.17352,
                            -67.149246
                        ],
                        [
                            75.18162,
                            -67.154658
                        ],
                        [
                            75.189723,
                            -67.160068
                        ],
                        [
                            75.183894,
                            -67.168627
                        ],
                        [
                            75.192003,
                            -67.174038
                        ],
                        [
                            75.200116,
                            -67.179449
                        ],
                        [
                            75.194286,
                            -67.188008
                        ],
                        [
                            75.202405,
                            -67.193419
                        ],
                        [
                            75.210528,
                            -67.198829
                        ],
                        [
                            75.204696,
                            -67.20739
                        ],
                        [
                            75.19886,
                            -67.21595
                        ],
                        [
                            75.206991,
                            -67.221361
                        ],
                        [
                            75.215125,
                            -67.226772
                        ],
                        [
                            75.209288,
                            -67.235334
                        ],
                        [
                            75.217428,
                            -67.240745
                        ],
                        [
                            75.225571,
                            -67.246155
                        ],
                        [
                            75.219733,
                            -67.254718
                        ],
                        [
                            75.227883,
                            -67.260128
                        ],
                        [
                            75.236036,
                            -67.265539
                        ],
                        [
                            75.230197,
                            -67.274102
                        ],
                        [
                            75.224354,
                            -67.282666
                        ],
                        [
                            75.232515,
                            -67.288076
                        ],
                        [
                            75.240679,
                            -67.293487
                        ],
                        [
                            75.234835,
                            -67.302051
                        ],
                        [
                            75.243005,
                            -67.307462
                        ],
                        [
                            75.25118,
                            -67.312873
                        ],
                        [
                            75.245334,
                            -67.321438
                        ],
                        [
                            75.253515,
                            -67.326848
                        ],
                        [
                            75.261699,
                            -67.332259
                        ],
                        [
                            75.255852,
                            -67.340825
                        ],
                        [
                            75.250001,
                            -67.349392
                        ],
                        [
                            75.258193,
                            -67.354802
                        ],
                        [
                            75.266389,
                            -67.360213
                        ],
                        [
                            75.260536,
                            -67.36878
                        ],
                        [
                            75.268738,
                            -67.374191
                        ],
                        [
                            75.276944,
                            -67.379601
                        ],
                        [
                            75.27109,
                            -67.388169
                        ],
                        [
                            75.265233,
                            -67.396738
                        ],
                        [
                            75.279302,
                            -67.39358
                        ],
                        [
                            75.287517,
                            -67.398989
                        ],
                        [
                            75.281663,
                            -67.407559
                        ],
                        [
                            75.289884,
                            -67.412969
                        ],
                        [
                            75.298109,
                            -67.418379
                        ],
                        [
                            75.292254,
                            -67.426949
                        ],
                        [
                            75.300485,
                            -67.432359
                        ],
                        [
                            75.30872,
                            -67.437768
                        ],
                        [
                            75.302864,
                            -67.44634
                        ],
                        [
                            75.311105,
                            -67.451749
                        ],
                        [
                            75.31935,
                            -67.457159
                        ],
                        [
                            75.313492,
                            -67.465731
                        ],
                        [
                            75.321743,
                            -67.471141
                        ],
                        [
                            75.329998,
                            -67.47655
                        ],
                        [
                            75.32414,
                            -67.485123
                        ],
                        [
                            75.3324,
                            -67.490532
                        ],
                        [
                            75.340665,
                            -67.495941
                        ],
                        [
                            75.334806,
                            -67.504515
                        ],
                        [
                            75.343077,
                            -67.509924
                        ],
                        [
                            75.351351,
                            -67.515333
                        ],
                        [
                            75.345491,
                            -67.523908
                        ],
                        [
                            75.339626,
                            -67.532483
                        ],
                        [
                            75.347908,
                            -67.537893
                        ],
                        [
                            75.356195,
                            -67.543301
                        ],
                        [
                            75.350329,
                            -67.551878
                        ],
                        [
                            75.358621,
                            -67.557287
                        ],
                        [
                            75.366918,
                            -67.562695
                        ],
                        [
                            75.361051,
                            -67.571273
                        ],
                        [
                            75.369353,
                            -67.576681
                        ],
                        [
                            75.37766,
                            -67.58209
                        ],
                        [
                            75.371792,
                            -67.590668
                        ],
                        [
                            75.380104,
                            -67.596076
                        ],
                        [
                            75.388421,
                            -67.601485
                        ],
                        [
                            75.382552,
                            -67.610064
                        ],
                        [
                            75.376678,
                            -67.618643
                        ],
                        [
                            75.385002,
                            -67.624052
                        ],
                        [
                            75.393331,
                            -67.62946
                        ],
                        [
                            75.387456,
                            -67.63804
                        ],
                        [
                            75.381577,
                            -67.646621
                        ],
                        [
                            75.389913,
                            -67.65203
                        ],
                        [
                            75.398254,
                            -67.657438
                        ],
                        [
                            75.392373,
                            -67.66602
                        ],
                        [
                            75.386489,
                            -67.674601
                        ],
                        [
                            75.380599,
                            -67.683182
                        ],
                        [
                            75.388949,
                            -67.688592
                        ],
                        [
                            75.397303,
                            -67.694001
                        ],
                        [
                            75.391413,
                            -67.702584
                        ],
                        [
                            75.385518,
                            -67.711166
                        ],
                        [
                            75.39388,
                            -67.716576
                        ],
                        [
                            75.402246,
                            -67.721985
                        ],
                        [
                            75.39635,
                            -67.730569
                        ],
                        [
                            75.390449,
                            -67.739152
                        ],
                        [
                            75.398823,
                            -67.744562
                        ],
                        [
                            75.407201,
                            -67.749972
                        ],
                        [
                            75.401299,
                            -67.758556
                        ],
                        [
                            75.395393,
                            -67.767141
                        ],
                        [
                            75.403779,
                            -67.772551
                        ],
                        [
                            75.412169,
                            -67.777961
                        ],
                        [
                            75.406262,
                            -67.786546
                        ],
                        [
                            75.40035,
                            -67.795132
                        ],
                        [
                            75.408748,
                            -67.800542
                        ],
                        [
                            75.41715,
                            -67.805953
                        ],
                        [
                            75.411237,
                            -67.814539
                        ],
                        [
                            75.405319,
                            -67.823125
                        ],
                        [
                            75.399397,
                            -67.831712
                        ],
                        [
                            75.407809,
                            -67.837123
                        ],
                        [
                            75.416225,
                            -67.842534
                        ],
                        [
                            75.410302,
                            -67.851121
                        ],
                        [
                            75.404373,
                            -67.859709
                        ],
                        [
                            75.412798,
                            -67.86512
                        ],
                        [
                            75.421226,
                            -67.870531
                        ],
                        [
                            75.415297,
                            -67.87912
                        ],
                        [
                            75.409363,
                            -67.887708
                        ],
                        [
                            75.4178,
                            -67.89312
                        ],
                        [
                            75.42624,
                            -67.898531
                        ],
                        [
                            75.420305,
                            -67.907121
                        ],
                        [
                            75.414366,
                            -67.91571
                        ],
                        [
                            75.422814,
                            -67.921122
                        ],
                        [
                            75.431267,
                            -67.926534
                        ],
                        [
                            75.425327,
                            -67.935124
                        ],
                        [
                            75.419381,
                            -67.943715
                        ],
                        [
                            75.427842,
                            -67.949127
                        ],
                        [
                            75.436307,
                            -67.954539
                        ],
                        [
                            75.430361,
                            -67.96313
                        ],
                        [
                            75.42441,
                            -67.971721
                        ],
                        [
                            75.418454,
                            -67.980313
                        ],
                        [
                            75.426929,
                            -67.985726
                        ],
                        [
                            75.435409,
                            -67.991138
                        ],
                        [
                            75.429452,
                            -67.999731
                        ],
                        [
                            75.42349,
                            -68.008323
                        ],
                        [
                            75.431978,
                            -68.013736
                        ],
                        [
                            75.440469,
                            -68.019149
                        ],
                        [
                            75.434507,
                            -68.027742
                        ],
                        [
                            75.42854,
                            -68.036336
                        ],
                        [
                            75.437039,
                            -68.041749
                        ],
                        [
                            75.445543,
                            -68.047162
                        ],
                        [
                            75.439575,
                            -68.055757
                        ],
                        [
                            75.433602,
                            -68.064351
                        ],
                        [
                            75.442114,
                            -68.069765
                        ],
                        [
                            75.450631,
                            -68.075178
                        ],
                        [
                            75.444657,
                            -68.083773
                        ],
                        [
                            75.438678,
                            -68.092369
                        ],
                        [
                            75.447202,
                            -68.097783
                        ],
                        [
                            75.455731,
                            -68.103196
                        ],
                        [
                            75.449751,
                            -68.111792
                        ],
                        [
                            75.458287,
                            -68.117206
                        ],
                        [
                            75.466826,
                            -68.122619
                        ],
                        [
                            75.460845,
                            -68.131217
                        ],
                        [
                            75.45486,
                            -68.139814
                        ],
                        [
                            75.463407,
                            -68.145228
                        ],
                        [
                            75.471959,
                            -68.150641
                        ],
                        [
                            75.465973,
                            -68.159239
                        ],
                        [
                            75.474531,
                            -68.164653
                        ],
                        [
                            75.483094,
                            -68.170066
                        ],
                        [
                            75.477106,
                            -68.178665
                        ],
                        [
                            75.471114,
                            -68.187265
                        ],
                        [
                            75.479685,
                            -68.192679
                        ],
                        [
                            75.48826,
                            -68.198092
                        ],
                        [
                            75.482266,
                            -68.206692
                        ],
                        [
                            75.476268,
                            -68.215293
                        ],
                        [
                            75.484852,
                            -68.220707
                        ],
                        [
                            75.493439,
                            -68.22612
                        ],
                        [
                            75.48744,
                            -68.234721
                        ],
                        [
                            75.496034,
                            -68.240135
                        ],
                        [
                            75.504633,
                            -68.245548
                        ],
                        [
                            75.498633,
                            -68.254151
                        ],
                        [
                            75.492628,
                            -68.262753
                        ],
                        [
                            75.501235,
                            -68.268167
                        ],
                        [
                            75.509846,
                            -68.273581
                        ],
                        [
                            75.50384,
                            -68.282184
                        ],
                        [
                            75.512458,
                            -68.287597
                        ],
                        [
                            75.52108,
                            -68.293011
                        ],
                        [
                            75.515073,
                            -68.301615
                        ],
                        [
                            75.509061,
                            -68.310219
                        ],
                        [
                            75.517691,
                            -68.315633
                        ],
                        [
                            75.526326,
                            -68.321047
                        ],
                        [
                            75.520313,
                            -68.329652
                        ],
                        [
                            75.514296,
                            -68.338257
                        ],
                        [
                            75.522939,
                            -68.343671
                        ],
                        [
                            75.531586,
                            -68.349085
                        ],
                        [
                            75.525568,
                            -68.357691
                        ],
                        [
                            75.534222,
                            -68.363105
                        ],
                        [
                            75.54288,
                            -68.368518
                        ],
                        [
                            75.53686,
                            -68.377125
                        ],
                        [
                            75.530836,
                            -68.385733
                        ],
                        [
                            75.539503,
                            -68.391147
                        ],
                        [
                            75.548174,
                            -68.39656
                        ],
                        [
                            75.542149,
                            -68.405168
                        ],
                        [
                            75.536118,
                            -68.413777
                        ],
                        [
                            75.544798,
                            -68.419191
                        ],
                        [
                            75.553482,
                            -68.424605
                        ],
                        [
                            75.547451,
                            -68.433214
                        ],
                        [
                            75.556142,
                            -68.438628
                        ],
                        [
                            75.564837,
                            -68.444041
                        ],
                        [
                            75.558805,
                            -68.452651
                        ],
                        [
                            75.552768,
                            -68.461262
                        ],
                        [
                            75.561471,
                            -68.466676
                        ],
                        [
                            75.570179,
                            -68.472089
                        ],
                        [
                            75.564141,
                            -68.480701
                        ],
                        [
                            75.558098,
                            -68.489312
                        ],
                        [
                            75.566815,
                            -68.494726
                        ],
                        [
                            75.575536,
                            -68.50014
                        ],
                        [
                            75.569492,
                            -68.508752
                        ],
                        [
                            75.57822,
                            -68.514166
                        ],
                        [
                            75.586952,
                            -68.51958
                        ],
                        [
                            75.580907,
                            -68.528193
                        ],
                        [
                            75.574857,
                            -68.536806
                        ],
                        [
                            75.568802,
                            -68.545419
                        ],
                        [
                            75.562743,
                            -68.554033
                        ],
                        [
                            75.556678,
                            -68.562646
                        ],
                        [
                            75.550608,
                            -68.571259
                        ],
                        [
                            75.544534,
                            -68.579872
                        ],
                        [
                            75.538454,
                            -68.588486
                        ],
                        [
                            75.53237,
                            -68.597099
                        ],
                        [
                            75.52628,
                            -68.605712
                        ],
                        [
                            75.520185,
                            -68.614325
                        ],
                        [
                            75.514085,
                            -68.622939
                        ],
                        [
                            75.507981,
                            -68.631552
                        ],
                        [
                            75.501871,
                            -68.640165
                        ],
                        [
                            75.495756,
                            -68.648778
                        ],
                        [
                            75.489636,
                            -68.657392
                        ],
                        [
                            75.483511,
                            -68.666005
                        ],
                        [
                            75.477381,
                            -68.674618
                        ],
                        [
                            75.471246,
                            -68.683231
                        ],
                        [
                            75.465106,
                            -68.691845
                        ],
                        [
                            75.473883,
                            -68.697268
                        ],
                        [
                            75.482665,
                            -68.70269
                        ],
                        [
                            75.476524,
                            -68.711304
                        ],
                        [
                            75.470378,
                            -68.719919
                        ],
                        [
                            75.464226,
                            -68.728533
                        ],
                        [
                            75.45807,
                            -68.737147
                        ],
                        [
                            75.451908,
                            -68.745761
                        ],
                        [
                            75.445742,
                            -68.754376
                        ],
                        [
                            75.43957,
                            -68.76299
                        ],
                        [
                            75.448371,
                            -68.768416
                        ],
                        [
                            75.457176,
                            -68.773841
                        ],
                        [
                            75.451003,
                            -68.782456
                        ],
                        [
                            75.444825,
                            -68.791071
                        ],
                        [
                            75.438642,
                            -68.799687
                        ],
                        [
                            75.432454,
                            -68.808302
                        ],
                        [
                            75.42626,
                            -68.816917
                        ],
                        [
                            75.420062,
                            -68.825532
                        ],
                        [
                            75.428884,
                            -68.83096
                        ],
                        [
                            75.437711,
                            -68.836387
                        ],
                        [
                            75.431511,
                            -68.845004
                        ],
                        [
                            75.425306,
                            -68.85362
                        ],
                        [
                            75.419096,
                            -68.862236
                        ],
                        [
                            75.412881,
                            -68.870852
                        ],
                        [
                            75.397824,
                            -68.874038
                        ],
                        [
                            75.421721,
                            -68.876281
                        ],
                        [
                            75.430565,
                            -68.88171
                        ],
                        [
                            75.424349,
                            -68.890327
                        ],
                        [
                            75.418127,
                            -68.898944
                        ],
                        [
                            75.411901,
                            -68.907561
                        ],
                        [
                            75.405669,
                            -68.916178
                        ],
                        [
                            75.414526,
                            -68.921609
                        ],
                        [
                            75.423388,
                            -68.927038
                        ],
                        [
                            75.417155,
                            -68.935657
                        ],
                        [
                            75.410917,
                            -68.944275
                        ],
                        [
                            75.404674,
                            -68.952893
                        ],
                        [
                            75.398425,
                            -68.961511
                        ],
                        [
                            75.392171,
                            -68.970129
                        ],
                        [
                            75.385913,
                            -68.978747
                        ],
                        [
                            75.379648,
                            -68.987365
                        ],
                        [
                            75.373379,
                            -68.995983
                        ],
                        [
                            75.367104,
                            -69.004601
                        ],
                        [
                            75.360824,
                            -69.013219
                        ],
                        [
                            75.354539,
                            -69.021837
                        ],
                        [
                            75.348248,
                            -69.030455
                        ],
                        [
                            75.341952,
                            -69.039073
                        ],
                        [
                            75.335651,
                            -69.047691
                        ],
                        [
                            75.344546,
                            -69.053128
                        ],
                        [
                            75.353446,
                            -69.058564
                        ],
                        [
                            75.347144,
                            -69.067183
                        ],
                        [
                            75.340837,
                            -69.075802
                        ],
                        [
                            75.334524,
                            -69.084421
                        ],
                        [
                            75.328205,
                            -69.093039
                        ],
                        [
                            75.321882,
                            -69.101658
                        ],
                        [
                            75.315553,
                            -69.110277
                        ],
                        [
                            75.309219,
                            -69.118896
                        ],
                        [
                            75.302879,
                            -69.127515
                        ],
                        [
                            75.296534,
                            -69.136134
                        ],
                        [
                            75.290184,
                            -69.144753
                        ],
                        [
                            75.283828,
                            -69.153372
                        ],
                        [
                            75.277467,
                            -69.16199
                        ],
                        [
                            75.2711,
                            -69.170609
                        ],
                        [
                            75.2558,
                            -69.173785
                        ],
                        [
                            75.240494,
                            -69.176959
                        ],
                        [
                            75.234107,
                            -69.185577
                        ],
                        [
                            75.227715,
                            -69.194195
                        ],
                        [
                            75.21239,
                            -69.197367
                        ],
                        [
                            75.197059,
                            -69.200537
                        ],
                        [
                            75.190647,
                            -69.209154
                        ],
                        [
                            75.175304,
                            -69.212322
                        ],
                        [
                            75.159957,
                            -69.21549
                        ],
                        [
                            75.153524,
                            -69.224105
                        ],
                        [
                            75.147086,
                            -69.232721
                        ],
                        [
                            75.131719,
                            -69.235885
                        ],
                        [
                            75.116347,
                            -69.239049
                        ],
                        [
                            75.109888,
                            -69.247663
                        ],
                        [
                            75.103423,
                            -69.256278
                        ],
                        [
                            75.088032,
                            -69.259438
                        ],
                        [
                            75.072635,
                            -69.262598
                        ],
                        [
                            75.06615,
                            -69.271211
                        ],
                        [
                            75.050742,
                            -69.274368
                        ],
                        [
                            75.035328,
                            -69.277524
                        ],
                        [
                            75.028822,
                            -69.286136
                        ],
                        [
                            75.022311,
                            -69.294749
                        ],
                        [
                            75.006878,
                            -69.297902
                        ],
                        [
                            74.991439,
                            -69.301054
                        ],
                        [
                            74.984907,
                            -69.309665
                        ],
                        [
                            74.97837,
                            -69.318276
                        ],
                        [
                            74.962912,
                            -69.321425
                        ],
                        [
                            74.947449,
                            -69.324573
                        ],
                        [
                            74.94089,
                            -69.333183
                        ],
                        [
                            74.925415,
                            -69.336329
                        ],
                        [
                            74.909935,
                            -69.339474
                        ],
                        [
                            74.903356,
                            -69.348083
                        ],
                        [
                            74.896771,
                            -69.356692
                        ],
                        [
                            74.881271,
                            -69.359834
                        ],
                        [
                            74.865765,
                            -69.362974
                        ],
                        [
                            74.85916,
                            -69.371582
                        ],
                        [
                            74.852549,
                            -69.38019
                        ],
                        [
                            74.845932,
                            -69.388797
                        ],
                        [
                            74.830399,
                            -69.391935
                        ],
                        [
                            74.814861,
                            -69.395071
                        ],
                        [
                            74.808223,
                            -69.403677
                        ],
                        [
                            74.80158,
                            -69.412284
                        ],
                        [
                            74.794931,
                            -69.42089
                        ],
                        [
                            74.779365,
                            -69.424023
                        ],
                        [
                            74.763795,
                            -69.427154
                        ],
                        [
                            74.748219,
                            -69.430284
                        ],
                        [
                            74.732639,
                            -69.433413
                        ],
                        [
                            74.725954,
                            -69.442017
                        ],
                        [
                            74.710361,
                            -69.445144
                        ],
                        [
                            74.694764,
                            -69.448269
                        ],
                        [
                            74.688057,
                            -69.456872
                        ],
                        [
                            74.672447,
                            -69.459995
                        ],
                        [
                            74.656832,
                            -69.463116
                        ],
                        [
                            74.641212,
                            -69.466236
                        ],
                        [
                            74.625587,
                            -69.469355
                        ],
                        [
                            74.618844,
                            -69.477956
                        ],
                        [
                            74.603207,
                            -69.481072
                        ],
                        [
                            74.587565,
                            -69.484188
                        ],
                        [
                            74.571918,
                            -69.487301
                        ],
                        [
                            74.556266,
                            -69.490413
                        ],
                        [
                            74.549486,
                            -69.499012
                        ],
                        [
                            74.533821,
                            -69.502122
                        ],
                        [
                            74.518152,
                            -69.505231
                        ],
                        [
                            74.502478,
                            -69.508338
                        ],
                        [
                            74.486799,
                            -69.511444
                        ],
                        [
                            74.479982,
                            -69.52004
                        ],
                        [
                            74.473159,
                            -69.528636
                        ],
                        [
                            74.45746,
                            -69.531739
                        ],
                        [
                            74.441756,
                            -69.534841
                        ],
                        [
                            74.434911,
                            -69.543436
                        ],
                        [
                            74.419194,
                            -69.546535
                        ],
                        [
                            74.403473,
                            -69.549633
                        ],
                        [
                            74.396607,
                            -69.558227
                        ],
                        [
                            74.389735,
                            -69.56682
                        ],
                        [
                            74.373993,
                            -69.569916
                        ],
                        [
                            74.358246,
                            -69.57301
                        ],
                        [
                            74.351352,
                            -69.581602
                        ],
                        [
                            74.335593,
                            -69.584694
                        ],
                        [
                            74.319828,
                            -69.587785
                        ],
                        [
                            74.312913,
                            -69.596376
                        ],
                        [
                            74.305992,
                            -69.604967
                        ],
                        [
                            74.290207,
                            -69.608055
                        ],
                        [
                            74.274417,
                            -69.611141
                        ],
                        [
                            74.267474,
                            -69.619731
                        ],
                        [
                            74.251671,
                            -69.622815
                        ],
                        [
                            74.235864,
                            -69.625898
                        ],
                        [
                            74.220051,
                            -69.628979
                        ],
                        [
                            74.195393,
                            -69.626551
                        ],
                        [
                            74.17074,
                            -69.624118
                        ],
                        [
                            74.154919,
                            -69.627193
                        ],
                        [
                            74.139093,
                            -69.630267
                        ],
                        [
                            74.114443,
                            -69.627826
                        ],
                        [
                            74.089799,
                            -69.625381
                        ],
                        [
                            74.073964,
                            -69.628448
                        ],
                        [
                            74.058125,
                            -69.631514
                        ],
                        [
                            74.04228,
                            -69.634578
                        ],
                        [
                            74.026431,
                            -69.637641
                        ],
                        [
                            74.010576,
                            -69.640702
                        ],
                        [
                            73.994717,
                            -69.643762
                        ],
                        [
                            73.970069,
                            -69.6413
                        ],
                        [
                            73.954203,
                            -69.644355
                        ],
                        [
                            73.938332,
                            -69.64741
                        ],
                        [
                            73.922456,
                            -69.650463
                        ],
                        [
                            73.906576,
                            -69.653514
                        ],
                        [
                            73.890691,
                            -69.656564
                        ],
                        [
                            73.883567,
                            -69.665138
                        ],
                        [
                            73.876437,
                            -69.673713
                        ],
                        [
                            73.885211,
                            -69.679239
                        ],
                        [
                            73.893989,
                            -69.684765
                        ],
                        [
                            73.902771,
                            -69.690291
                        ],
                        [
                            73.911559,
                            -69.695816
                        ],
                        [
                            73.920352,
                            -69.701341
                        ],
                        [
                            73.929149,
                            -69.706866
                        ],
                        [
                            73.937952,
                            -69.71239
                        ],
                        [
                            73.946759,
                            -69.717914
                        ],
                        [
                            73.955571,
                            -69.723437
                        ],
                        [
                            73.964389,
                            -69.72896
                        ],
                        [
                            73.973211,
                            -69.734483
                        ],
                        [
                            73.982038,
                            -69.740005
                        ],
                        [
                            73.974923,
                            -69.748586
                        ],
                        [
                            73.983757,
                            -69.754108
                        ],
                        [
                            73.992596,
                            -69.75963
                        ],
                        [
                            73.985479,
                            -69.768212
                        ],
                        [
                            73.969514,
                            -69.771271
                        ],
                        [
                            73.953544,
                            -69.774328
                        ],
                        [
                            73.962383,
                            -69.779852
                        ],
                        [
                            73.971227,
                            -69.785375
                        ],
                        [
                            73.964092,
                            -69.793957
                        ],
                        [
                            73.956951,
                            -69.802538
                        ],
                        [
                            73.965804,
                            -69.808063
                        ],
                        [
                            73.974662,
                            -69.813586
                        ],
                        [
                            73.967518,
                            -69.822169
                        ],
                        [
                            73.960368,
                            -69.830751
                        ],
                        [
                            73.953211,
                            -69.839333
                        ],
                        [
                            73.946049,
                            -69.847915
                        ],
                        [
                            73.93888,
                            -69.856497
                        ],
                        [
                            73.931705,
                            -69.865079
                        ],
                        [
                            73.915654,
                            -69.868134
                        ],
                        [
                            73.899597,
                            -69.871186
                        ],
                        [
                            73.8924,
                            -69.879767
                        ],
                        [
                            73.885196,
                            -69.888347
                        ],
                        [
                            73.877986,
                            -69.896928
                        ],
                        [
                            73.87077,
                            -69.905508
                        ],
                        [
                            73.863547,
                            -69.914088
                        ],
                        [
                            73.847445,
                            -69.917137
                        ],
                        [
                            73.831338,
                            -69.920183
                        ],
                        [
                            73.824093,
                            -69.928762
                        ],
                        [
                            73.816841,
                            -69.937341
                        ],
                        [
                            73.809584,
                            -69.94592
                        ],
                        [
                            73.81846,
                            -69.951454
                        ],
                        [
                            73.827341,
                            -69.956988
                        ],
                        [
                            73.82008,
                            -69.965568
                        ],
                        [
                            73.828968,
                            -69.971102
                        ],
                        [
                            73.837861,
                            -69.976636
                        ],
                        [
                            73.846758,
                            -69.98217
                        ],
                        [
                            73.855661,
                            -69.987703
                        ],
                        [
                            73.864569,
                            -69.993236
                        ],
                        [
                            73.873482,
                            -69.998768
                        ],
                        [
                            73.866226,
                            -70.007351
                        ],
                        [
                            73.858964,
                            -70.015934
                        ],
                        [
                            73.867886,
                            -70.021467
                        ],
                        [
                            73.876812,
                            -70.027
                        ],
                        [
                            73.885744,
                            -70.032532
                        ],
                        [
                            73.894681,
                            -70.038064
                        ],
                        [
                            73.88742,
                            -70.046649
                        ],
                        [
                            73.880153,
                            -70.055233
                        ],
                        [
                            73.872879,
                            -70.063818
                        ],
                        [
                            73.881826,
                            -70.069351
                        ],
                        [
                            73.890779,
                            -70.074884
                        ],
                        [
                            73.899736,
                            -70.080416
                        ],
                        [
                            73.908699,
                            -70.085948
                        ],
                        [
                            73.901426,
                            -70.094535
                        ],
                        [
                            73.894147,
                            -70.103121
                        ],
                        [
                            73.886862,
                            -70.111708
                        ],
                        [
                            73.87957,
                            -70.120294
                        ],
                        [
                            73.888546,
                            -70.125828
                        ],
                        [
                            73.897526,
                            -70.131361
                        ],
                        [
                            73.890231,
                            -70.139948
                        ],
                        [
                            73.882931,
                            -70.148536
                        ],
                        [
                            73.875623,
                            -70.157123
                        ],
                        [
                            73.884614,
                            -70.162657
                        ],
                        [
                            73.893611,
                            -70.168191
                        ],
                        [
                            73.902612,
                            -70.173725
                        ],
                        [
                            73.911618,
                            -70.179259
                        ],
                        [
                            73.92063,
                            -70.184792
                        ],
                        [
                            73.929647,
                            -70.190324
                        ],
                        [
                            73.922344,
                            -70.198914
                        ],
                        [
                            73.931368,
                            -70.204447
                        ],
                        [
                            73.940397,
                            -70.20998
                        ],
                        [
                            73.949431,
                            -70.215512
                        ],
                        [
                            73.95847,
                            -70.221043
                        ],
                        [
                            73.967515,
                            -70.226574
                        ],
                        [
                            73.976564,
                            -70.232105
                        ],
                        [
                            73.985619,
                            -70.237636
                        ],
                        [
                            73.994679,
                            -70.243166
                        ],
                        [
                            74.003744,
                            -70.248695
                        ],
                        [
                            74.012814,
                            -70.254224
                        ],
                        [
                            74.02189,
                            -70.259753
                        ],
                        [
                            74.03097,
                            -70.265282
                        ],
                        [
                            74.023685,
                            -70.273878
                        ],
                        [
                            74.016392,
                            -70.282474
                        ],
                        [
                            74.025482,
                            -70.288004
                        ],
                        [
                            74.034577,
                            -70.293532
                        ],
                        [
                            74.043677,
                            -70.299061
                        ],
                        [
                            74.052782,
                            -70.304589
                        ],
                        [
                            74.061893,
                            -70.310116
                        ],
                        [
                            74.071009,
                            -70.315643
                        ],
                        [
                            74.08013,
                            -70.32117
                        ],
                        [
                            74.089256,
                            -70.326696
                        ],
                        [
                            74.098387,
                            -70.332222
                        ],
                        [
                            74.107524,
                            -70.337748
                        ],
                        [
                            74.116666,
                            -70.343273
                        ],
                        [
                            74.125813,
                            -70.348798
                        ],
                        [
                            74.134965,
                            -70.354322
                        ],
                        [
                            74.144123,
                            -70.359846
                        ],
                        [
                            74.153286,
                            -70.365369
                        ],
                        [
                            74.162454,
                            -70.370892
                        ],
                        [
                            74.171627,
                            -70.376415
                        ],
                        [
                            74.180806,
                            -70.381938
                        ],
                        [
                            74.18999,
                            -70.387459
                        ],
                        [
                            74.215624,
                            -70.389895
                        ],
                        [
                            74.224822,
                            -70.395415
                        ],
                        [
                            74.234025,
                            -70.400934
                        ],
                        [
                            74.259682,
                            -70.403363
                        ],
                        [
                            74.268899,
                            -70.408881
                        ],
                        [
                            74.278121,
                            -70.414399
                        ],
                        [
                            74.303802,
                            -70.416821
                        ],
                        [
                            74.313038,
                            -70.422336
                        ],
                        [
                            74.322279,
                            -70.427852
                        ],
                        [
                            74.331526,
                            -70.433367
                        ],
                        [
                            74.340778,
                            -70.438882
                        ],
                        [
                            74.3665,
                            -70.441294
                        ],
                        [
                            74.375765,
                            -70.446807
                        ],
                        [
                            74.385037,
                            -70.45232
                        ],
                        [
                            74.394313,
                            -70.457832
                        ],
                        [
                            74.403595,
                            -70.463343
                        ],
                        [
                            74.429357,
                            -70.465747
                        ],
                        [
                            74.438653,
                            -70.471257
                        ],
                        [
                            74.447954,
                            -70.476766
                        ],
                        [
                            74.45726,
                            -70.482275
                        ],
                        [
                            74.466572,
                            -70.487784
                        ],
                        [
                            74.492375,
                            -70.490178
                        ],
                        [
                            74.501701,
                            -70.495685
                        ],
                        [
                            74.511032,
                            -70.501191
                        ],
                        [
                            74.520368,
                            -70.506697
                        ],
                        [
                            74.52971,
                            -70.512203
                        ],
                        [
                            74.555554,
                            -70.514587
                        ],
                        [
                            74.581405,
                            -70.516968
                        ],
                        [
                            74.590769,
                            -70.522471
                        ],
                        [
                            74.600139,
                            -70.527973
                        ],
                        [
                            74.626013,
                            -70.530347
                        ],
                        [
                            74.635397,
                            -70.535847
                        ],
                        [
                            74.644786,
                            -70.541347
                        ],
                        [
                            74.670684,
                            -70.543715
                        ],
                        [
                            74.680087,
                            -70.549213
                        ],
                        [
                            74.689496,
                            -70.55471
                        ],
                        [
                            74.69891,
                            -70.560207
                        ],
                        [
                            74.708329,
                            -70.565704
                        ],
                        [
                            74.734268,
                            -70.568062
                        ],
                        [
                            74.743702,
                            -70.573557
                        ],
                        [
                            74.753141,
                            -70.579052
                        ],
                        [
                            74.779103,
                            -70.581403
                        ],
                        [
                            74.805072,
                            -70.583751
                        ],
                        [
                            74.814534,
                            -70.589242
                        ],
                        [
                            74.824001,
                            -70.594733
                        ],
                        [
                            74.849994,
                            -70.597074
                        ],
                        [
                            74.859475,
                            -70.602563
                        ],
                        [
                            74.868962,
                            -70.608052
                        ],
                        [
                            74.878454,
                            -70.61354
                        ],
                        [
                            74.887952,
                            -70.619028
                        ],
                        [
                            74.913986,
                            -70.621359
                        ],
                        [
                            74.923498,
                            -70.626845
                        ],
                        [
                            74.933015,
                            -70.632331
                        ],
                        [
                            74.959072,
                            -70.634655
                        ],
                        [
                            74.968604,
                            -70.640139
                        ],
                        [
                            74.978141,
                            -70.645622
                        ],
                        [
                            75.004222,
                            -70.64794
                        ],
                        [
                            75.03031,
                            -70.650255
                        ],
                        [
                            75.03987,
                            -70.655734
                        ],
                        [
                            75.049435,
                            -70.661214
                        ],
                        [
                            75.075546,
                            -70.663521
                        ],
                        [
                            75.085126,
                            -70.668999
                        ],
                        [
                            75.094711,
                            -70.674476
                        ],
                        [
                            75.120846,
                            -70.676777
                        ],
                        [
                            75.146988,
                            -70.679074
                        ],
                        [
                            75.173135,
                            -70.681367
                        ],
                        [
                            75.182752,
                            -70.686839
                        ],
                        [
                            75.192375,
                            -70.692311
                        ],
                        [
                            75.218546,
                            -70.694597
                        ],
                        [
                            75.244724,
                            -70.69688
                        ],
                        [
                            75.270908,
                            -70.699158
                        ],
                        [
                            75.280562,
                            -70.704625
                        ],
                        [
                            75.290222,
                            -70.710092
                        ],
                        [
                            75.31643,
                            -70.712363
                        ],
                        [
                            75.342644,
                            -70.714631
                        ],
                        [
                            75.368864,
                            -70.716895
                        ],
                        [
                            75.395091,
                            -70.719154
                        ],
                        [
                            75.404791,
                            -70.724615
                        ],
                        [
                            75.414497,
                            -70.730075
                        ],
                        [
                            75.440747,
                            -70.732328
                        ],
                        [
                            75.450467,
                            -70.737786
                        ],
                        [
                            75.460193,
                            -70.743244
                        ],
                        [
                            75.486467,
                            -70.74549
                        ],
                        [
                            75.496208,
                            -70.750946
                        ],
                        [
                            75.505953,
                            -70.756402
                        ],
                        [
                            75.532251,
                            -70.758641
                        ],
                        [
                            75.542011,
                            -70.764094
                        ],
                        [
                            75.551777,
                            -70.769548
                        ],
                        [
                            75.578099,
                            -70.77178
                        ],
                        [
                            75.604426,
                            -70.774008
                        ],
                        [
                            75.614215,
                            -70.779458
                        ],
                        [
                            75.62401,
                            -70.784907
                        ],
                        [
                            75.650362,
                            -70.787129
                        ],
                        [
                            75.676719,
                            -70.789346
                        ],
                        [
                            75.703083,
                            -70.79156
                        ],
                        [
                            75.71291,
                            -70.797004
                        ],
                        [
                            75.722742,
                            -70.802448
                        ],
                        [
                            75.74913,
                            -70.804655
                        ],
                        [
                            75.775523,
                            -70.806858
                        ],
                        [
                            75.801923,
                            -70.809056
                        ],
                        [
                            75.828329,
                            -70.811251
                        ],
                        [
                            75.838202,
                            -70.816689
                        ],
                        [
                            75.848081,
                            -70.822126
                        ],
                        [
                            75.874511,
                            -70.824314
                        ],
                        [
                            75.884404,
                            -70.829749
                        ],
                        [
                            75.894303,
                            -70.835184
                        ],
                        [
                            75.904208,
                            -70.840618
                        ],
                        [
                            75.914118,
                            -70.846052
                        ],
                        [
                            75.940589,
                            -70.84823
                        ],
                        [
                            75.967067,
                            -70.850404
                        ],
                        [
                            75.977,
                            -70.855835
                        ],
                        [
                            75.98694,
                            -70.861265
                        ],
                        [
                            76.013441,
                            -70.863431
                        ],
                        [
                            76.023395,
                            -70.86886
                        ],
                        [
                            76.033355,
                            -70.874287
                        ],
                        [
                            76.059879,
                            -70.876447
                        ],
                        [
                            76.069854,
                            -70.881873
                        ],
                        [
                            76.079834,
                            -70.887298
                        ],
                        [
                            76.106382,
                            -70.889451
                        ],
                        [
                            76.116377,
                            -70.894874
                        ],
                        [
                            76.126377,
                            -70.900297
                        ],
                        [
                            76.152949,
                            -70.902443
                        ],
                        [
                            76.162965,
                            -70.907863
                        ],
                        [
                            76.172985,
                            -70.913284
                        ],
                        [
                            76.199581,
                            -70.915423
                        ],
                        [
                            76.209617,
                            -70.920841
                        ],
                        [
                            76.219658,
                            -70.926259
                        ],
                        [
                            76.246278,
                            -70.928391
                        ],
                        [
                            76.272903,
                            -70.930519
                        ],
                        [
                            76.282968,
                            -70.935933
                        ],
                        [
                            76.293039,
                            -70.941347
                        ],
                        [
                            76.319688,
                            -70.943468
                        ],
                        [
                            76.329774,
                            -70.948879
                        ],
                        [
                            76.339865,
                            -70.954291
                        ],
                        [
                            76.366538,
                            -70.956404
                        ],
                        [
                            76.393217,
                            -70.958514
                        ],
                        [
                            76.403332,
                            -70.963922
                        ],
                        [
                            76.413453,
                            -70.969329
                        ],
                        [
                            76.440155,
                            -70.971432
                        ],
                        [
                            76.466864,
                            -70.973531
                        ],
                        [
                            76.493579,
                            -70.975626
                        ],
                        [
                            76.503732,
                            -70.981028
                        ],
                        [
                            76.513891,
                            -70.98643
                        ],
                        [
                            76.524056,
                            -70.991831
                        ],
                        [
                            76.534227,
                            -70.997232
                        ],
                        [
                            76.560983,
                            -70.999316
                        ],
                        [
                            76.571168,
                            -71.004715
                        ],
                        [
                            76.58136,
                            -71.010113
                        ],
                        [
                            76.60814,
                            -71.012191
                        ],
                        [
                            76.618346,
                            -71.017587
                        ],
                        [
                            76.628558,
                            -71.022983
                        ],
                        [
                            76.655362,
                            -71.025053
                        ],
                        [
                            76.682172,
                            -71.027119
                        ],
                        [
                            76.692408,
                            -71.032511
                        ],
                        [
                            76.702649,
                            -71.037903
                        ],
                        [
                            76.729483,
                            -71.039962
                        ],
                        [
                            76.739739,
                            -71.045352
                        ],
                        [
                            76.750002,
                            -71.050741
                        ],
                        [
                            76.776859,
                            -71.052793
                        ],
                        [
                            76.787136,
                            -71.05818
                        ],
                        [
                            76.79742,
                            -71.063567
                        ],
                        [
                            76.807709,
                            -71.068953
                        ],
                        [
                            76.818004,
                            -71.074338
                        ],
                        [
                            76.828305,
                            -71.079723
                        ],
                        [
                            76.838612,
                            -71.085107
                        ],
                        [
                            76.865529,
                            -71.087146
                        ],
                        [
                            76.875851,
                            -71.092529
                        ],
                        [
                            76.886179,
                            -71.09791
                        ],
                        [
                            76.91312,
                            -71.099942
                        ],
                        [
                            76.940066,
                            -71.101969
                        ],
                        [
                            76.967018,
                            -71.103993
                        ],
                        [
                            76.993976,
                            -71.106012
                        ],
                        [
                            77.02094,
                            -71.108027
                        ],
                        [
                            77.04791,
                            -71.110039
                        ],
                        [
                            77.074885,
                            -71.112046
                        ],
                        [
                            77.101867,
                            -71.114048
                        ],
                        [
                            77.112272,
                            -71.119417
                        ],
                        [
                            77.122684,
                            -71.124786
                        ],
                        [
                            77.149689,
                            -71.126781
                        ],
                        [
                            77.1767,
                            -71.128773
                        ],
                        [
                            77.203717,
                            -71.130761
                        ],
                        [
                            77.214161,
                            -71.136124
                        ],
                        [
                            77.224612,
                            -71.141486
                        ],
                        [
                            77.251652,
                            -71.143467
                        ],
                        [
                            77.262117,
                            -71.148827
                        ],
                        [
                            77.272589,
                            -71.154187
                        ],
                        [
                            77.299653,
                            -71.15616
                        ],
                        [
                            77.326723,
                            -71.158129
                        ],
                        [
                            77.337218,
                            -71.163485
                        ],
                        [
                            77.34772,
                            -71.168841
                        ],
                        [
                            77.358228,
                            -71.174196
                        ],
                        [
                            77.368741,
                            -71.179551
                        ],
                        [
                            77.395853,
                            -71.18151
                        ],
                        [
                            77.406381,
                            -71.186862
                        ],
                        [
                            77.416916,
                            -71.192214
                        ],
                        [
                            77.444051,
                            -71.194165
                        ],
                        [
                            77.471192,
                            -71.196112
                        ],
                        [
                            77.498339,
                            -71.198055
                        ],
                        [
                            77.525491,
                            -71.199994
                        ],
                        [
                            77.552649,
                            -71.201929
                        ],
                        [
                            77.579813,
                            -71.203859
                        ],
                        [
                            77.606982,
                            -71.205785
                        ],
                        [
                            77.634157,
                            -71.207708
                        ],
                        [
                            77.64477,
                            -71.213046
                        ],
                        [
                            77.655388,
                            -71.218385
                        ],
                        [
                            77.682587,
                            -71.2203
                        ],
                        [
                            77.709791,
                            -71.22221
                        ],
                        [
                            77.737001,
                            -71.224117
                        ],
                        [
                            77.747653,
                            -71.22945
                        ],
                        [
                            77.758311,
                            -71.234782
                        ],
                        [
                            77.785544,
                            -71.236681
                        ],
                        [
                            77.796218,
                            -71.242011
                        ],
                        [
                            77.806897,
                            -71.247341
                        ],
                        [
                            77.834154,
                            -71.249233
                        ],
                        [
                            77.844849,
                            -71.25456
                        ],
                        [
                            77.855549,
                            -71.259887
                        ],
                        [
                            77.88283,
                            -71.261772
                        ],
                        [
                            77.893546,
                            -71.267096
                        ],
                        [
                            77.904268,
                            -71.272421
                        ],
                        [
                            77.931572,
                            -71.274298
                        ],
                        [
                            77.958882,
                            -71.276171
                        ],
                        [
                            77.986197,
                            -71.278039
                        ],
                        [
                            78.013517,
                            -71.279904
                        ],
                        [
                            78.040844,
                            -71.281764
                        ],
                        [
                            78.068175,
                            -71.28362
                        ],
                        [
                            78.095513,
                            -71.285472
                        ],
                        [
                            78.122855,
                            -71.28732
                        ],
                        [
                            78.133656,
                            -71.292631
                        ],
                        [
                            78.144462,
                            -71.297941
                        ],
                        [
                            78.171828,
                            -71.299781
                        ],
                        [
                            78.1992,
                            -71.301618
                        ],
                        [
                            78.210031,
                            -71.306924
                        ],
                        [
                            78.220868,
                            -71.31223
                        ],
                        [
                            78.248263,
                            -71.314058
                        ],
                        [
                            78.259115,
                            -71.319362
                        ],
                        [
                            78.269974,
                            -71.324665
                        ],
                        [
                            78.280839,
                            -71.329967
                        ],
                        [
                            78.29171,
                            -71.335269
                        ],
                        [
                            78.319146,
                            -71.337087
                        ],
                        [
                            78.330033,
                            -71.342386
                        ],
                        [
                            78.340925,
                            -71.347685
                        ],
                        [
                            78.368385,
                            -71.349496
                        ],
                        [
                            78.395851,
                            -71.351302
                        ],
                        [
                            78.423322,
                            -71.353104
                        ],
                        [
                            78.450798,
                            -71.354902
                        ],
                        [
                            78.47828,
                            -71.356696
                        ],
                        [
                            78.505767,
                            -71.358485
                        ],
                        [
                            78.522303,
                            -71.354983
                        ],
                        [
                            78.538834,
                            -71.35148
                        ],
                        [
                            78.566319,
                            -71.35326
                        ],
                        [
                            78.593809,
                            -71.355036
                        ],
                        [
                            78.621305,
                            -71.356808
                        ],
                        [
                            78.648806,
                            -71.358575
                        ],
                        [
                            78.676312,
                            -71.360339
                        ],
                        [
                            78.703824,
                            -71.362098
                        ],
                        [
                            78.714836,
                            -71.367374
                        ],
                        [
                            78.725855,
                            -71.37265
                        ],
                        [
                            78.75339,
                            -71.374401
                        ],
                        [
                            78.78093,
                            -71.376149
                        ],
                        [
                            78.808476,
                            -71.377892
                        ],
                        [
                            78.819528,
                            -71.383162
                        ],
                        [
                            78.830586,
                            -71.388432
                        ],
                        [
                            78.858155,
                            -71.390167
                        ],
                        [
                            78.885728,
                            -71.391899
                        ],
                        [
                            78.913307,
                            -71.393626
                        ],
                        [
                            78.924399,
                            -71.39889
                        ],
                        [
                            78.935497,
                            -71.404153
                        ],
                        [
                            78.963099,
                            -71.405873
                        ],
                        [
                            78.990707,
                            -71.407588
                        ],
                        [
                            79.01832,
                            -71.409299
                        ],
                        [
                            79.029451,
                            -71.414557
                        ],
                        [
                            79.040589,
                            -71.419814
                        ],
                        [
                            79.068225,
                            -71.421517
                        ],
                        [
                            79.095866,
                            -71.423216
                        ],
                        [
                            79.123512,
                            -71.424911
                        ],
                        [
                            79.139989,
                            -71.421352
                        ],
                        [
                            79.15646,
                            -71.417791
                        ],
                        [
                            79.184103,
                            -71.419476
                        ],
                        [
                            79.211752,
                            -71.421158
                        ],
                        [
                            79.239406,
                            -71.422835
                        ],
                        [
                            79.267064,
                            -71.424508
                        ],
                        [
                            79.278277,
                            -71.42975
                        ],
                        [
                            79.289495,
                            -71.434992
                        ],
                        [
                            79.317177,
                            -71.436657
                        ],
                        [
                            79.344864,
                            -71.438318
                        ],
                        [
                            79.372556,
                            -71.439975
                        ],
                        [
                            79.400252,
                            -71.441628
                        ],
                        [
                            79.427954,
                            -71.443276
                        ],
                        [
                            79.455661,
                            -71.44492
                        ],
                        [
                            79.483373,
                            -71.44656
                        ],
                        [
                            79.51109,
                            -71.448195
                        ],
                        [
                            79.538811,
                            -71.449826
                        ],
                        [
                            79.566538,
                            -71.451453
                        ],
                        [
                            79.59427,
                            -71.453076
                        ],
                        [
                            79.622006,
                            -71.454694
                        ],
                        [
                            79.649748,
                            -71.456308
                        ],
                        [
                            79.661089,
                            -71.461527
                        ],
                        [
                            79.672438,
                            -71.466745
                        ],
                        [
                            79.700202,
                            -71.468352
                        ],
                        [
                            79.727971,
                            -71.469954
                        ],
                        [
                            79.755745,
                            -71.471552
                        ],
                        [
                            79.767127,
                            -71.476764
                        ],
                        [
                            79.778515,
                            -71.481976
                        ],
                        [
                            79.806312,
                            -71.483566
                        ],
                        [
                            79.834113,
                            -71.485152
                        ],
                        [
                            79.845526,
                            -71.49036
                        ],
                        [
                            79.856945,
                            -71.495567
                        ],
                        [
                            79.884769,
                            -71.497145
                        ],
                        [
                            79.912599,
                            -71.498719
                        ],
                        [
                            79.924042,
                            -71.503922
                        ],
                        [
                            79.935492,
                            -71.509124
                        ],
                        [
                            79.963344,
                            -71.51069
                        ],
                        [
                            79.991201,
                            -71.512252
                        ],
                        [
                            80.002675,
                            -71.51745
                        ],
                        [
                            80.014156,
                            -71.522647
                        ],
                        [
                            80.042036,
                            -71.524201
                        ],
                        [
                            80.06992,
                            -71.525751
                        ],
                        [
                            80.081426,
                            -71.530944
                        ],
                        [
                            80.092938,
                            -71.536137
                        ],
                        [
                            80.120845,
                            -71.537679
                        ],
                        [
                            80.148756,
                            -71.539216
                        ],
                        [
                            80.160293,
                            -71.544405
                        ],
                        [
                            80.171836,
                            -71.549592
                        ],
                        [
                            80.183386,
                            -71.55478
                        ],
                        [
                            80.194942,
                            -71.559966
                        ],
                        [
                            80.222895,
                            -71.561492
                        ],
                        [
                            80.234467,
                            -71.566676
                        ],
                        [
                            80.246045,
                            -71.57186
                        ],
                        [
                            80.257631,
                            -71.577042
                        ],
                        [
                            80.269223,
                            -71.582224
                        ],
                        [
                            80.297215,
                            -71.583739
                        ],
                        [
                            80.325213,
                            -71.58525
                        ],
                        [
                            80.353215,
                            -71.586756
                        ],
                        [
                            80.381222,
                            -71.588258
                        ],
                        [
                            80.409233,
                            -71.589756
                        ],
                        [
                            80.437249,
                            -71.591249
                        ],
                        [
                            80.46527,
                            -71.592738
                        ],
                        [
                            80.493295,
                            -71.594222
                        ],
                        [
                            80.521325,
                            -71.595703
                        ],
                        [
                            80.549359,
                            -71.597179
                        ],
                        [
                            80.565708,
                            -71.593488
                        ],
                        [
                            80.58205,
                            -71.589796
                        ],
                        [
                            80.61008,
                            -71.591262
                        ],
                        [
                            80.621782,
                            -71.596422
                        ],
                        [
                            80.63349,
                            -71.601581
                        ],
                        [
                            80.661543,
                            -71.603039
                        ],
                        [
                            80.673267,
                            -71.608196
                        ],
                        [
                            80.684997,
                            -71.613352
                        ],
                        [
                            80.713072,
                            -71.614802
                        ],
                        [
                            80.724819,
                            -71.619956
                        ],
                        [
                            80.736572,
                            -71.625108
                        ],
                        [
                            80.764669,
                            -71.626551
                        ],
                        [
                            80.792771,
                            -71.62799
                        ],
                        [
                            80.820878,
                            -71.629424
                        ],
                        [
                            80.832664,
                            -71.63457
                        ],
                        [
                            80.844458,
                            -71.639716
                        ],
                        [
                            80.856258,
                            -71.644861
                        ],
                        [
                            80.868064,
                            -71.650006
                        ],
                        [
                            80.896211,
                            -71.651428
                        ],
                        [
                            80.908034,
                            -71.65657
                        ],
                        [
                            80.919863,
                            -71.661711
                        ],
                        [
                            80.931699,
                            -71.666852
                        ],
                        [
                            80.943542,
                            -71.671992
                        ],
                        [
                            80.955391,
                            -71.677131
                        ],
                        [
                            80.950901,
                            -71.685997
                        ],
                        [
                            80.946406,
                            -71.694863
                        ],
                        [
                            80.941907,
                            -71.70373
                        ],
                        [
                            80.937404,
                            -71.712597
                        ],
                        [
                            80.932896,
                            -71.721463
                        ],
                        [
                            80.928384,
                            -71.73033
                        ],
                        [
                            80.923867,
                            -71.739197
                        ],
                        [
                            80.935755,
                            -71.744338
                        ],
                        [
                            80.94765,
                            -71.749479
                        ],
                        [
                            80.943138,
                            -71.758347
                        ],
                        [
                            80.955044,
                            -71.763487
                        ],
                        [
                            80.966958,
                            -71.768627
                        ],
                        [
                            80.96245,
                            -71.777496
                        ],
                        [
                            80.974375,
                            -71.782635
                        ],
                        [
                            80.986307,
                            -71.787774
                        ],
                        [
                            80.998245,
                            -71.792912
                        ],
                        [
                            81.01019,
                            -71.798049
                        ],
                        [
                            81.022142,
                            -71.803186
                        ],
                        [
                            81.034101,
                            -71.808322
                        ],
                        [
                            81.046067,
                            -71.813457
                        ],
                        [
                            81.074485,
                            -71.814852
                        ],
                        [
                            81.102907,
                            -71.816244
                        ],
                        [
                            81.131334,
                            -71.817631
                        ],
                        [
                            81.159765,
                            -71.819013
                        ],
                        [
                            81.188201,
                            -71.820391
                        ],
                        [
                            81.216641,
                            -71.821765
                        ],
                        [
                            81.245085,
                            -71.823134
                        ],
                        [
                            81.257121,
                            -71.828256
                        ],
                        [
                            81.269164,
                            -71.833376
                        ],
                        [
                            81.297631,
                            -71.834738
                        ],
                        [
                            81.326102,
                            -71.836094
                        ],
                        [
                            81.33817,
                            -71.841211
                        ],
                        [
                            81.350245,
                            -71.846326
                        ],
                        [
                            81.378739,
                            -71.847675
                        ],
                        [
                            81.407237,
                            -71.849019
                        ],
                        [
                            81.435739,
                            -71.850359
                        ],
                        [
                            81.447848,
                            -71.855469
                        ],
                        [
                            81.459964,
                            -71.860577
                        ],
                        [
                            81.472088,
                            -71.865685
                        ],
                        [
                            81.484218,
                            -71.870792
                        ],
                        [
                            81.51276,
                            -71.87212
                        ],
                        [
                            81.524906,
                            -71.877225
                        ],
                        [
                            81.537059,
                            -71.882329
                        ],
                        [
                            81.549219,
                            -71.887432
                        ],
                        [
                            81.561386,
                            -71.892535
                        ],
                        [
                            81.57356,
                            -71.897636
                        ],
                        [
                            81.585741,
                            -71.902737
                        ],
                        [
                            81.614343,
                            -71.90405
                        ],
                        [
                            81.62654,
                            -71.909148
                        ],
                        [
                            81.638744,
                            -71.914246
                        ],
                        [
                            81.650955,
                            -71.919343
                        ],
                        [
                            81.663173,
                            -71.924439
                        ],
                        [
                            81.675398,
                            -71.929534
                        ],
                        [
                            81.68763,
                            -71.934629
                        ],
                        [
                            81.71629,
                            -71.935926
                        ],
                        [
                            81.728538,
                            -71.941018
                        ],
                        [
                            81.740793,
                            -71.946109
                        ],
                        [
                            81.753055,
                            -71.9512
                        ],
                        [
                            81.765325,
                            -71.956289
                        ],
                        [
                            81.794026,
                            -71.957574
                        ],
                        [
                            81.806311,
                            -71.962661
                        ],
                        [
                            81.818603,
                            -71.967748
                        ],
                        [
                            81.847327,
                            -71.969024
                        ],
                        [
                            81.859635,
                            -71.974108
                        ],
                        [
                            81.855523,
                            -71.983003
                        ],
                        [
                            81.867844,
                            -71.988086
                        ],
                        [
                            81.880171,
                            -71.993169
                        ],
                        [
                            81.892506,
                            -71.998251
                        ],
                        [
                            81.904848,
                            -72.003332
                        ],
                        [
                            81.917197,
                            -72.008413
                        ],
                        [
                            81.929553,
                            -72.013492
                        ],
                        [
                            81.925467,
                            -72.02239
                        ],
                        [
                            81.937835,
                            -72.027469
                        ],
                        [
                            81.95021,
                            -72.032548
                        ],
                        [
                            81.962593,
                            -72.037625
                        ],
                        [
                            81.99144,
                            -72.03888
                        ],
                        [
                            82.020291,
                            -72.040129
                        ],
                        [
                            82.032699,
                            -72.045203
                        ],
                        [
                            82.045114,
                            -72.050275
                        ],
                        [
                            82.073987,
                            -72.051517
                        ],
                        [
                            82.102865,
                            -72.052754
                        ],
                        [
                            82.131746,
                            -72.053986
                        ],
                        [
                            82.144196,
                            -72.059052
                        ],
                        [
                            82.156653,
                            -72.064118
                        ],
                        [
                            82.185557,
                            -72.065342
                        ],
                        [
                            82.19803,
                            -72.070404
                        ],
                        [
                            82.21051,
                            -72.075466
                        ],
                        [
                            82.222997,
                            -72.080527
                        ],
                        [
                            82.235492,
                            -72.085587
                        ],
                        [
                            82.264436,
                            -72.086799
                        ],
                        [
                            82.276947,
                            -72.091857
                        ],
                        [
                            82.289465,
                            -72.096914
                        ],
                        [
                            82.301991,
                            -72.10197
                        ],
                        [
                            82.298072,
                            -72.110877
                        ],
                        [
                            82.31061,
                            -72.115933
                        ],
                        [
                            82.323155,
                            -72.120988
                        ],
                        [
                            82.335707,
                            -72.126042
                        ],
                        [
                            82.348266,
                            -72.131095
                        ],
                        [
                            82.360833,
                            -72.136148
                        ],
                        [
                            82.389869,
                            -72.13734
                        ],
                        [
                            82.402452,
                            -72.14239
                        ],
                        [
                            82.415042,
                            -72.147439
                        ],
                        [
                            82.427639,
                            -72.152487
                        ],
                        [
                            82.440244,
                            -72.157535
                        ],
                        [
                            82.469321,
                            -72.158715
                        ],
                        [
                            82.481942,
                            -72.16376
                        ],
                        [
                            82.494571,
                            -72.168804
                        ],
                        [
                            82.52367,
                            -72.169976
                        ],
                        [
                            82.536315,
                            -72.175017
                        ],
                        [
                            82.548967,
                            -72.180058
                        ],
                        [
                            82.561626,
                            -72.185097
                        ],
                        [
                            82.574293,
                            -72.190136
                        ],
                        [
                            82.603433,
                            -72.191296
                        ],
                        [
                            82.616116,
                            -72.196332
                        ],
                        [
                            82.628807,
                            -72.201367
                        ],
                        [
                            82.657969,
                            -72.202518
                        ],
                        [
                            82.670676,
                            -72.207551
                        ],
                        [
                            82.68339,
                            -72.212583
                        ],
                        [
                            82.712575,
                            -72.213726
                        ],
                        [
                            82.741763,
                            -72.214864
                        ],
                        [
                            82.770956,
                            -72.215997
                        ],
                        [
                            82.800152,
                            -72.217127
                        ],
                        [
                            82.829351,
                            -72.218251
                        ],
                        [
                            82.858555,
                            -72.219371
                        ],
                        [
                            82.887762,
                            -72.220487
                        ],
                        [
                            82.904185,
                            -72.216582
                        ],
                        [
                            82.920601,
                            -72.212675
                        ],
                        [
                            82.93701,
                            -72.208767
                        ],
                        [
                            82.953411,
                            -72.204858
                        ],
                        [
                            82.969805,
                            -72.200947
                        ],
                        [
                            82.986191,
                            -72.197035
                        ],
                        [
                            83.002571,
                            -72.193122
                        ],
                        [
                            83.018943,
                            -72.189207
                        ],
                        [
                            83.04811,
                            -72.190298
                        ],
                        [
                            83.064469,
                            -72.186379
                        ],
                        [
                            83.080821,
                            -72.182459
                        ],
                        [
                            83.10998,
                            -72.183539
                        ],
                        [
                            83.139144,
                            -72.184616
                        ],
                        [
                            83.16831,
                            -72.185687
                        ],
                        [
                            83.181151,
                            -72.190685
                        ],
                        [
                            83.193999,
                            -72.195682
                        ],
                        [
                            83.223188,
                            -72.196745
                        ],
                        [
                            83.25238,
                            -72.197803
                        ],
                        [
                            83.281576,
                            -72.198857
                        ],
                        [
                            83.310775,
                            -72.199907
                        ],
                        [
                            83.339977,
                            -72.200952
                        ],
                        [
                            83.369184,
                            -72.201992
                        ],
                        [
                            83.398393,
                            -72.203028
                        ],
                        [
                            83.411312,
                            -72.20801
                        ],
                        [
                            83.424238,
                            -72.212991
                        ],
                        [
                            83.437172,
                            -72.217972
                        ],
                        [
                            83.450113,
                            -72.222951
                        ],
                        [
                            83.463062,
                            -72.22793
                        ],
                        [
                            83.459707,
                            -72.236863
                        ],
                        [
                            83.472669,
                            -72.241841
                        ],
                        [
                            83.485638,
                            -72.246818
                        ],
                        [
                            83.498614,
                            -72.251795
                        ],
                        [
                            83.511598,
                            -72.25677
                        ],
                        [
                            83.524589,
                            -72.261745
                        ],
                        [
                            83.537587,
                            -72.266719
                        ],
                        [
                            83.550593,
                            -72.271692
                        ],
                        [
                            83.563606,
                            -72.276665
                        ],
                        [
                            83.576627,
                            -72.281636
                        ],
                        [
                            83.589655,
                            -72.286607
                        ],
                        [
                            83.60269,
                            -72.291577
                        ],
                        [
                            83.615733,
                            -72.296546
                        ],
                        [
                            83.628784,
                            -72.301514
                        ],
                        [
                            83.658175,
                            -72.30251
                        ],
                        [
                            83.671242,
                            -72.307475
                        ],
                        [
                            83.684317,
                            -72.312439
                        ],
                        [
                            83.71373,
                            -72.313427
                        ],
                        [
                            83.726821,
                            -72.318388
                        ],
                        [
                            83.739919,
                            -72.323349
                        ],
                        [
                            83.753025,
                            -72.328309
                        ],
                        [
                            83.766139,
                            -72.333268
                        ],
                        [
                            83.795592,
                            -72.334242
                        ],
                        [
                            83.808722,
                            -72.339198
                        ],
                        [
                            83.821859,
                            -72.344154
                        ],
                        [
                            83.851334,
                            -72.345119
                        ],
                        [
                            83.864488,
                            -72.350072
                        ],
                        [
                            83.877649,
                            -72.355023
                        ],
                        [
                            83.907145,
                            -72.35598
                        ],
                        [
                            83.920324,
                            -72.360929
                        ],
                        [
                            83.93351,
                            -72.365877
                        ],
                        [
                            83.963027,
                            -72.366825
                        ],
                        [
                            83.976229,
                            -72.37177
                        ],
                        [
                            83.989439,
                            -72.376714
                        ],
                        [
                            84.018978,
                            -72.377654
                        ],
                        [
                            84.032205,
                            -72.382595
                        ],
                        [
                            84.045439,
                            -72.387535
                        ],
                        [
                            84.058681,
                            -72.392475
                        ],
                        [
                            84.07193,
                            -72.397413
                        ],
                        [
                            84.101509,
                            -72.39834
                        ],
                        [
                            84.131091,
                            -72.399262
                        ],
                        [
                            84.160676,
                            -72.40018
                        ],
                        [
                            84.190264,
                            -72.401092
                        ],
                        [
                            84.219855,
                            -72.402001
                        ],
                        [
                            84.236146,
                            -72.397978
                        ],
                        [
                            84.252428,
                            -72.393954
                        ],
                        [
                            84.282011,
                            -72.394853
                        ],
                        [
                            84.311596,
                            -72.395747
                        ],
                        [
                            84.341185,
                            -72.396636
                        ],
                        [
                            84.370776,
                            -72.397521
                        ],
                        [
                            84.400371,
                            -72.398401
                        ],
                        [
                            84.429968,
                            -72.399276
                        ],
                        [
                            84.443328,
                            -72.404189
                        ],
                        [
                            84.456695,
                            -72.4091
                        ],
                        [
                            84.470071,
                            -72.414011
                        ],
                        [
                            84.483453,
                            -72.418921
                        ],
                        [
                            84.496844,
                            -72.42383
                        ],
                        [
                            84.510242,
                            -72.428738
                        ],
                        [
                            84.523647,
                            -72.433646
                        ],
                        [
                            84.53706,
                            -72.438552
                        ],
                        [
                            84.550481,
                            -72.443458
                        ],
                        [
                            84.563909,
                            -72.448362
                        ],
                        [
                            84.577345,
                            -72.453266
                        ],
                        [
                            84.590789,
                            -72.458169
                        ],
                        [
                            84.60424,
                            -72.463071
                        ],
                        [
                            84.617699,
                            -72.467972
                        ],
                        [
                            84.631166,
                            -72.472872
                        ],
                        [
                            84.64464,
                            -72.477772
                        ],
                        [
                            84.658122,
                            -72.48267
                        ],
                        [
                            84.671611,
                            -72.487568
                        ],
                        [
                            84.685108,
                            -72.492464
                        ],
                        [
                            84.682337,
                            -72.501423
                        ],
                        [
                            84.695848,
                            -72.506319
                        ],
                        [
                            84.709367,
                            -72.511215
                        ],
                        [
                            84.722893,
                            -72.516109
                        ],
                        [
                            84.736427,
                            -72.521002
                        ],
                        [
                            84.749969,
                            -72.525895
                        ],
                        [
                            84.763519,
                            -72.530786
                        ],
                        [
                            84.760782,
                            -72.539747
                        ],
                        [
                            84.758043,
                            -72.548709
                        ],
                        [
                            84.771613,
                            -72.5536
                        ],
                        [
                            84.78519,
                            -72.55849
                        ],
                        [
                            84.782461,
                            -72.567452
                        ],
                        [
                            84.796052,
                            -72.572342
                        ],
                        [
                            84.809652,
                            -72.577231
                        ],
                        [
                            84.806932,
                            -72.586194
                        ],
                        [
                            84.820545,
                            -72.591082
                        ],
                        [
                            84.834167,
                            -72.595969
                        ],
                        [
                            84.831457,
                            -72.604933
                        ],
                        [
                            84.845092,
                            -72.60982
                        ],
                        [
                            84.858735,
                            -72.614706
                        ],
                        [
                            84.856035,
                            -72.62367
                        ],
                        [
                            84.853332,
                            -72.632635
                        ],
                        [
                            84.850627,
                            -72.641599
                        ],
                        [
                            84.864297,
                            -72.646485
                        ],
                        [
                            84.877975,
                            -72.65137
                        ],
                        [
                            84.89166,
                            -72.656254
                        ],
                        [
                            84.905354,
                            -72.661138
                        ],
                        [
                            84.919055,
                            -72.66602
                        ],
                        [
                            84.949142,
                            -72.666815
                        ],
                        [
                            84.979231,
                            -72.667605
                        ],
                        [
                            85.009324,
                            -72.66839
                        ],
                        [
                            85.023061,
                            -72.673265
                        ],
                        [
                            85.036805,
                            -72.678139
                        ],
                        [
                            85.050558,
                            -72.683012
                        ],
                        [
                            85.064318,
                            -72.687884
                        ],
                        [
                            85.078087,
                            -72.692756
                        ],
                        [
                            85.07549,
                            -72.701725
                        ],
                        [
                            85.089272,
                            -72.706596
                        ],
                        [
                            85.103063,
                            -72.711465
                        ],
                        [
                            85.100476,
                            -72.720435
                        ],
                        [
                            85.114281,
                            -72.725304
                        ],
                        [
                            85.128094,
                            -72.730172
                        ],
                        [
                            85.141915,
                            -72.73504
                        ],
                        [
                            85.172134,
                            -72.7358
                        ],
                        [
                            85.185972,
                            -72.740664
                        ],
                        [
                            85.199818,
                            -72.745527
                        ],
                        [
                            85.230058,
                            -72.746278
                        ],
                        [
                            85.243921,
                            -72.751138
                        ],
                        [
                            85.257792,
                            -72.755997
                        ],
                        [
                            85.271671,
                            -72.760856
                        ],
                        [
                            85.285558,
                            -72.765713
                        ],
                        [
                            85.315838,
                            -72.766451
                        ],
                        [
                            85.34612,
                            -72.767184
                        ],
                        [
                            85.376405,
                            -72.767912
                        ],
                        [
                            85.390328,
                            -72.772762
                        ],
                        [
                            85.404258,
                            -72.77761
                        ],
                        [
                            85.434565,
                            -72.77833
                        ],
                        [
                            85.448512,
                            -72.783175
                        ],
                        [
                            85.446098,
                            -72.792152
                        ],
                        [
                            85.46006,
                            -72.796997
                        ],
                        [
                            85.474031,
                            -72.801841
                        ],
                        [
                            85.488009,
                            -72.806684
                        ],
                        [
                            85.518371,
                            -72.80739
                        ],
                        [
                            85.532366,
                            -72.81223
                        ],
                        [
                            85.529992,
                            -72.821208
                        ],
                        [
                            85.544002,
                            -72.826048
                        ],
                        [
                            85.558021,
                            -72.830886
                        ],
                        [
                            85.572047,
                            -72.835724
                        ],
                        [
                            85.586082,
                            -72.84056
                        ],
                        [
                            85.600124,
                            -72.845396
                        ],
                        [
                            85.614175,
                            -72.85023
                        ],
                        [
                            85.611838,
                            -72.85921
                        ],
                        [
                            85.625904,
                            -72.864044
                        ],
                        [
                            85.639977,
                            -72.868877
                        ],
                        [
                            85.637652,
                            -72.877858
                        ],
                        [
                            85.635325,
                            -72.886838
                        ],
                        [
                            85.632995,
                            -72.895819
                        ],
                        [
                            85.630662,
                            -72.9048
                        ],
                        [
                            85.644771,
                            -72.909633
                        ],
                        [
                            85.658888,
                            -72.914466
                        ],
                        [
                            85.673013,
                            -72.919297
                        ],
                        [
                            85.703585,
                            -72.919974
                        ],
                        [
                            85.717728,
                            -72.924802
                        ],
                        [
                            85.731878,
                            -72.929629
                        ],
                        [
                            85.746037,
                            -72.934456
                        ],
                        [
                            85.760204,
                            -72.939281
                        ],
                        [
                            85.774379,
                            -72.944105
                        ],
                        [
                            85.788562,
                            -72.948928
                        ],
                        [
                            85.802753,
                            -72.953751
                        ],
                        [
                            85.816953,
                            -72.958572
                        ],
                        [
                            85.83116,
                            -72.963392
                        ],
                        [
                            85.845376,
                            -72.968212
                        ],
                        [
                            85.8596,
                            -72.97303
                        ],
                        [
                            85.857378,
                            -72.982015
                        ],
                        [
                            85.871617,
                            -72.986833
                        ],
                        [
                            85.885864,
                            -72.99165
                        ],
                        [
                            85.90012,
                            -72.996466
                        ],
                        [
                            85.914383,
                            -73.00128
                        ],
                        [
                            85.928655,
                            -73.006094
                        ],
                        [
                            85.959396,
                            -73.006731
                        ],
                        [
                            85.990139,
                            -73.007364
                        ],
                        [
                            86.020885,
                            -73.007991
                        ],
                        [
                            86.051633,
                            -73.008614
                        ],
                        [
                            86.082383,
                            -73.009232
                        ],
                        [
                            86.113135,
                            -73.009845
                        ],
                        [
                            86.127472,
                            -73.014645
                        ],
                        [
                            86.141816,
                            -73.019443
                        ],
                        [
                            86.156169,
                            -73.024241
                        ],
                        [
                            86.170529,
                            -73.029037
                        ],
                        [
                            86.184898,
                            -73.033832
                        ],
                        [
                            86.199276,
                            -73.038627
                        ],
                        [
                            86.213661,
                            -73.04342
                        ],
                        [
                            86.211621,
                            -73.052411
                        ],
                        [
                            86.226022,
                            -73.057204
                        ],
                        [
                            86.240431,
                            -73.061995
                        ],
                        [
                            86.238402,
                            -73.070987
                        ],
                        [
                            86.252827,
                            -73.075778
                        ],
                        [
                            86.26726,
                            -73.080568
                        ],
                        [
                            86.265244,
                            -73.08956
                        ],
                        [
                            86.279692,
                            -73.09435
                        ],
                        [
                            86.294149,
                            -73.099138
                        ],
                        [
                            86.308614,
                            -73.103925
                        ],
                        [
                            86.323087,
                            -73.108711
                        ],
                        [
                            86.337569,
                            -73.113496
                        ],
                        [
                            86.352059,
                            -73.118281
                        ],
                        [
                            86.350084,
                            -73.127275
                        ],
                        [
                            86.36459,
                            -73.132058
                        ],
                        [
                            86.379104,
                            -73.13684
                        ],
                        [
                            86.377141,
                            -73.145835
                        ],
                        [
                            86.391671,
                            -73.150617
                        ],
                        [
                            86.406209,
                            -73.155398
                        ],
                        [
                            86.404259,
                            -73.164393
                        ],
                        [
                            86.418813,
                            -73.169173
                        ],
                        [
                            86.433375,
                            -73.173952
                        ],
                        [
                            86.447945,
                            -73.17873
                        ],
                        [
                            86.462524,
                            -73.183506
                        ],
                        [
                            86.477111,
                            -73.188282
                        ],
                        [
                            86.50821,
                            -73.188834
                        ],
                        [
                            86.53931,
                            -73.18938
                        ],
                        [
                            86.570413,
                            -73.189922
                        ],
                        [
                            86.601518,
                            -73.190459
                        ],
                        [
                            86.616151,
                            -73.195224
                        ],
                        [
                            86.630793,
                            -73.199989
                        ],
                        [
                            86.645443,
                            -73.204753
                        ],
                        [
                            86.660102,
                            -73.209515
                        ],
                        [
                            86.691246,
                            -73.210038
                        ],
                        [
                            86.722393,
                            -73.210556
                        ],
                        [
                            86.737079,
                            -73.215313
                        ],
                        [
                            86.751773,
                            -73.220069
                        ],
                        [
                            86.78294,
                            -73.220577
                        ],
                        [
                            86.797652,
                            -73.22533
                        ],
                        [
                            86.795907,
                            -73.23433
                        ],
                        [
                            86.79416,
                            -73.243331
                        ],
                        [
                            86.808896,
                            -73.248083
                        ],
                        [
                            86.82364,
                            -73.252834
                        ],
                        [
                            86.821906,
                            -73.261836
                        ],
                        [
                            86.82017,
                            -73.270838
                        ],
                        [
                            86.834938,
                            -73.275588
                        ],
                        [
                            86.849714,
                            -73.280337
                        ],
                        [
                            86.847991,
                            -73.28934
                        ],
                        [
                            86.862784,
                            -73.294088
                        ],
                        [
                            86.877585,
                            -73.298836
                        ],
                        [
                            86.892394,
                            -73.303582
                        ],
                        [
                            86.907212,
                            -73.308328
                        ],
                        [
                            86.905518,
                            -73.317331
                        ],
                        [
                            86.920352,
                            -73.322076
                        ],
                        [
                            86.935195,
                            -73.32682
                        ],
                        [
                            86.950047,
                            -73.331562
                        ],
                        [
                            86.964907,
                            -73.336304
                        ],
                        [
                            86.963241,
                            -73.345308
                        ],
                        [
                            86.961574,
                            -73.354313
                        ],
                        [
                            86.976458,
                            -73.359054
                        ],
                        [
                            86.99135,
                            -73.363794
                        ],
                        [
                            86.989696,
                            -73.372799
                        ],
                        [
                            87.004605,
                            -73.377538
                        ],
                        [
                            87.019523,
                            -73.382276
                        ],
                        [
                            87.034449,
                            -73.387013
                        ],
                        [
                            87.065942,
                            -73.387477
                        ],
                        [
                            87.097436,
                            -73.387937
                        ],
                        [
                            87.11239,
                            -73.392668
                        ],
                        [
                            87.127352,
                            -73.397398
                        ],
                        [
                            87.158868,
                            -73.397847
                        ],
                        [
                            87.173848,
                            -73.402574
                        ],
                        [
                            87.188838,
                            -73.4073
                        ],
                        [
                            87.220374,
                            -73.40774
                        ],
                        [
                            87.235381,
                            -73.412462
                        ],
                        [
                            87.250397,
                            -73.417183
                        ],
                        [
                            87.281954,
                            -73.417613
                        ],
                        [
                            87.296988,
                            -73.422331
                        ],
                        [
                            87.312031,
                            -73.427048
                        ],
                        [
                            87.343609,
                            -73.427468
                        ],
                        [
                            87.35867,
                            -73.432181
                        ],
                        [
                            87.373739,
                            -73.436894
                        ],
                        [
                            87.405337,
                            -73.437304
                        ],
                        [
                            87.420425,
                            -73.442013
                        ],
                        [
                            87.435522,
                            -73.446721
                        ],
                        [
                            87.450627,
                            -73.451427
                        ],
                        [
                            87.465741,
                            -73.456133
                        ],
                        [
                            87.480864,
                            -73.460837
                        ],
                        [
                            87.495995,
                            -73.46554
                        ],
                        [
                            87.511135,
                            -73.470243
                        ],
                        [
                            87.526284,
                            -73.474944
                        ],
                        [
                            87.55796,
                            -73.475331
                        ],
                        [
                            87.589637,
                            -73.475713
                        ],
                        [
                            87.604814,
                            -73.480408
                        ],
                        [
                            87.603488,
                            -73.48942
                        ],
                        [
                            87.60216,
                            -73.498433
                        ],
                        [
                            87.600831,
                            -73.507446
                        ],
                        [
                            87.61604,
                            -73.512141
                        ],
                        [
                            87.631259,
                            -73.516835
                        ],
                        [
                            87.629944,
                            -73.525849
                        ],
                        [
                            87.613394,
                            -73.530168
                        ],
                        [
                            87.596835,
                            -73.534487
                        ],
                        [
                            87.5955,
                            -73.5435
                        ],
                        [
                            87.594163,
                            -73.552514
                        ],
                        [
                            87.592825,
                            -73.561529
                        ],
                        [
                            87.591486,
                            -73.570543
                        ],
                        [
                            87.590145,
                            -73.579557
                        ],
                        [
                            87.588802,
                            -73.588572
                        ],
                        [
                            87.587458,
                            -73.597587
                        ],
                        [
                            87.586113,
                            -73.606602
                        ],
                        [
                            87.584766,
                            -73.615618
                        ],
                        [
                            87.583418,
                            -73.624633
                        ],
                        [
                            87.582068,
                            -73.633649
                        ],
                        [
                            87.580716,
                            -73.642665
                        ],
                        [
                            87.596047,
                            -73.647363
                        ],
                        [
                            87.611387,
                            -73.65206
                        ],
                        [
                            87.610051,
                            -73.661076
                        ],
                        [
                            87.608713,
                            -73.670093
                        ],
                        [
                            87.607373,
                            -73.67911
                        ],
                        [
                            87.622746,
                            -73.683806
                        ],
                        [
                            87.638129,
                            -73.688501
                        ],
                        [
                            87.636804,
                            -73.697519
                        ],
                        [
                            87.652204,
                            -73.702213
                        ],
                        [
                            87.667613,
                            -73.706906
                        ],
                        [
                            87.666303,
                            -73.715924
                        ],
                        [
                            87.664992,
                            -73.724943
                        ],
                        [
                            87.680426,
                            -73.729635
                        ],
                        [
                            87.69587,
                            -73.734326
                        ],
                        [
                            87.694574,
                            -73.743345
                        ],
                        [
                            87.693276,
                            -73.752364
                        ],
                        [
                            87.691977,
                            -73.761384
                        ],
                        [
                            87.707455,
                            -73.766074
                        ],
                        [
                            87.722941,
                            -73.770764
                        ],
                        [
                            87.738436,
                            -73.775453
                        ],
                        [
                            87.753941,
                            -73.78014
                        ],
                        [
                            87.769454,
                            -73.784827
                        ],
                        [
                            87.801749,
                            -73.785176
                        ],
                        [
                            87.834045,
                            -73.785519
                        ],
                        [
                            87.866343,
                            -73.785858
                        ],
                        [
                            87.898642,
                            -73.786191
                        ],
                        [
                            87.930942,
                            -73.78652
                        ],
                        [
                            87.963244,
                            -73.786843
                        ],
                        [
                            87.995547,
                            -73.787162
                        ],
                        [
                            88.027851,
                            -73.787475
                        ],
                        [
                            88.060156,
                            -73.787783
                        ],
                        [
                            88.092463,
                            -73.788086
                        ],
                        [
                            88.124771,
                            -73.788384
                        ],
                        [
                            88.15708,
                            -73.788677
                        ],
                        [
                            88.18939,
                            -73.788965
                        ],
                        [
                            88.205039,
                            -73.793618
                        ],
                        [
                            88.220698,
                            -73.79827
                        ],
                        [
                            88.253028,
                            -73.798548
                        ],
                        [
                            88.28536,
                            -73.798821
                        ],
                        [
                            88.301047,
                            -73.803467
                        ],
                        [
                            88.316743,
                            -73.808112
                        ],
                        [
                            88.349095,
                            -73.808375
                        ],
                        [
                            88.381448,
                            -73.808632
                        ],
                        [
                            88.413803,
                            -73.808885
                        ],
                        [
                            88.446158,
                            -73.809132
                        ],
                        [
                            88.478514,
                            -73.809374
                        ],
                        [
                            88.510872,
                            -73.809611
                        ],
                        [
                            88.526635,
                            -73.81424
                        ],
                        [
                            88.542407,
                            -73.818868
                        ],
                        [
                            88.574784,
                            -73.819095
                        ],
                        [
                            88.590575,
                            -73.82372
                        ],
                        [
                            88.606375,
                            -73.828343
                        ],
                        [
                            88.622184,
                            -73.832965
                        ],
                        [
                            88.638002,
                            -73.837585
                        ],
                        [
                            88.653829,
                            -73.842205
                        ],
                        [
                            88.653067,
                            -73.851231
                        ],
                        [
                            88.652304,
                            -73.860257
                        ],
                        [
                            88.668158,
                            -73.864876
                        ],
                        [
                            88.684021,
                            -73.869494
                        ],
                        [
                            88.683274,
                            -73.878521
                        ],
                        [
                            88.682527,
                            -73.887547
                        ],
                        [
                            88.681779,
                            -73.896575
                        ],
                        [
                            88.681029,
                            -73.905602
                        ],
                        [
                            88.696937,
                            -73.910219
                        ],
                        [
                            88.712854,
                            -73.914835
                        ],
                        [
                            88.72878,
                            -73.91945
                        ],
                        [
                            88.744716,
                            -73.924063
                        ],
                        [
                            88.76066,
                            -73.928676
                        ],
                        [
                            88.776614,
                            -73.933287
                        ],
                        [
                            88.792578,
                            -73.937897
                        ],
                        [
                            88.80855,
                            -73.942506
                        ],
                        [
                            88.824532,
                            -73.947113
                        ],
                        [
                            88.857175,
                            -73.947296
                        ],
                        [
                            88.873176,
                            -73.9519
                        ],
                        [
                            88.889186,
                            -73.956503
                        ],
                        [
                            88.921849,
                            -73.956675
                        ],
                        [
                            88.937878,
                            -73.961274
                        ],
                        [
                            88.953917,
                            -73.965872
                        ],
                        [
                            88.9866,
                            -73.966034
                        ],
                        [
                            89.019284,
                            -73.966191
                        ],
                        [
                            89.051968,
                            -73.966343
                        ],
                        [
                            89.084653,
                            -73.96649
                        ],
                        [
                            89.117339,
                            -73.966632
                        ],
                        [
                            89.133435,
                            -73.971216
                        ],
                        [
                            89.14954,
                            -73.975799
                        ],
                        [
                            89.182245,
                            -73.97593
                        ],
                        [
                            89.19837,
                            -73.980509
                        ],
                        [
                            89.214503,
                            -73.985087
                        ],
                        [
                            89.247228,
                            -73.985208
                        ],
                        [
                            89.263381,
                            -73.989783
                        ],
                        [
                            89.279542,
                            -73.994355
                        ],
                        [
                            89.312287,
                            -73.994466
                        ],
                        [
                            89.345032,
                            -73.994572
                        ],
                        [
                            89.377778,
                            -73.994673
                        ],
                        [
                            89.393978,
                            -73.999237
                        ],
                        [
                            89.410187,
                            -74.0038
                        ],
                        [
                            89.442952,
                            -74.00389
                        ],
                        [
                            89.45949,
                            -73.999418
                        ],
                        [
                            89.476018,
                            -73.994944
                        ],
                        [
                            89.508765,
                            -73.995024
                        ],
                        [
                            89.541513,
                            -73.995099
                        ],
                        [
                            89.558013,
                            -73.990619
                        ],
                        [
                            89.574504,
                            -73.986137
                        ],
                        [
                            89.590751,
                            -73.990686
                        ],
                        [
                            89.607009,
                            -73.995233
                        ],
                        [
                            89.639757,
                            -73.995292
                        ],
                        [
                            89.672506,
                            -73.995347
                        ],
                        [
                            89.688969,
                            -73.990856
                        ],
                        [
                            89.705423,
                            -73.986364
                        ],
                        [
                            89.738153,
                            -73.986408
                        ],
                        [
                            89.754588,
                            -73.981912
                        ],
                        [
                            89.771014,
                            -73.977415
                        ],
                        [
                            89.803726,
                            -73.977449
                        ],
                        [
                            89.820134,
                            -73.972948
                        ],
                        [
                            89.836532,
                            -73.968446
                        ],
                        [
                            89.869225,
                            -73.968469
                        ],
                        [
                            89.901919,
                            -73.968487
                        ],
                        [
                            89.934613,
                            -73.9685
                        ],
                        [
                            89.967306,
                            -73.968508
                        ],
                        [
                            90.0,
                            -73.96851
                        ],
                        [
                            90.032694,
                            -73.968508
                        ],
                        [
                            90.065387,
                            -73.9685
                        ],
                        [
                            90.098081,
                            -73.968487
                        ],
                        [
                            90.130775,
                            -73.968469
                        ],
                        [
                            90.163468,
                            -73.968446
                        ],
                        [
                            90.196162,
                            -73.968417
                        ],
                        [
                            90.228855,
                            -73.968384
                        ],
                        [
                            90.245272,
                            -73.972881
                        ],
                        [
                            90.261697,
                            -73.977377
                        ],
                        [
                            90.278133,
                            -73.981871
                        ],
                        [
                            90.294577,
                            -73.986364
                        ],
                        [
                            90.327307,
                            -73.986315
                        ],
                        [
                            90.343771,
                            -73.990804
                        ],
                        [
                            90.360243,
                            -73.995292
                        ],
                        [
                            90.392991,
                            -73.995233
                        ],
                        [
                            90.409483,
                            -73.999717
                        ],
                        [
                            90.425983,
                            -74.0042
                        ],
                        [
                            90.442493,
                            -74.008682
                        ],
                        [
                            90.459012,
                            -74.013162
                        ],
                        [
                            90.475541,
                            -74.017641
                        ],
                        [
                            90.492079,
                            -74.022119
                        ],
                        [
                            90.508626,
                            -74.026596
                        ],
                        [
                            90.525183,
                            -74.031071
                        ],
                        [
                            90.558005,
                            -74.030986
                        ],
                        [
                            90.57458,
                            -74.035457
                        ],
                        [
                            90.591165,
                            -74.039927
                        ],
                        [
                            90.607759,
                            -74.044396
                        ],
                        [
                            90.624363,
                            -74.048864
                        ],
                        [
                            90.640976,
                            -74.05333
                        ],
                        [
                            90.657598,
                            -74.057795
                        ],
                        [
                            90.67423,
                            -74.062259
                        ],
                        [
                            90.690872,
                            -74.066722
                        ],
                        [
                            90.707522,
                            -74.071183
                        ],
                        [
                            90.724183,
                            -74.075643
                        ],
                        [
                            90.757096,
                            -74.075526
                        ],
                        [
                            90.773775,
                            -74.079982
                        ],
                        [
                            90.790464,
                            -74.084437
                        ],
                        [
                            90.807161,
                            -74.08889
                        ],
                        [
                            90.823869,
                            -74.093343
                        ],
                        [
                            90.856819,
                            -74.09321
                        ],
                        [
                            90.873545,
                            -74.097658
                        ],
                        [
                            90.89028,
                            -74.102105
                        ],
                        [
                            90.907025,
                            -74.106551
                        ],
                        [
                            90.923779,
                            -74.110995
                        ],
                        [
                            90.956765,
                            -74.110847
                        ],
                        [
                            90.973538,
                            -74.115288
                        ],
                        [
                            90.990321,
                            -74.119727
                        ],
                        [
                            91.007113,
                            -74.124165
                        ],
                        [
                            91.023915,
                            -74.128601
                        ],
                        [
                            91.040726,
                            -74.133036
                        ],
                        [
                            91.057546,
                            -74.13747
                        ],
                        [
                            91.090587,
                            -74.137301
                        ],
                        [
                            91.107426,
                            -74.141731
                        ],
                        [
                            91.124275,
                            -74.14616
                        ],
                        [
                            91.157333,
                            -74.14598
                        ],
                        [
                            91.174201,
                            -74.150404
                        ],
                        [
                            91.191078,
                            -74.154828
                        ],
                        [
                            91.207964,
                            -74.15925
                        ],
                        [
                            91.22486,
                            -74.163671
                        ],
                        [
                            91.241766,
                            -74.16809
                        ],
                        [
                            91.258681,
                            -74.172508
                        ],
                        [
                            91.275606,
                            -74.176925
                        ],
                        [
                            91.292541,
                            -74.181341
                        ],
                        [
                            91.309485,
                            -74.185755
                        ],
                        [
                            91.326438,
                            -74.190168
                        ],
                        [
                            91.359587,
                            -74.189956
                        ],
                        [
                            91.392734,
                            -74.189739
                        ],
                        [
                            91.425881,
                            -74.189517
                        ],
                        [
                            91.459027,
                            -74.189289
                        ],
                        [
                            91.492172,
                            -74.189056
                        ],
                        [
                            91.525316,
                            -74.188818
                        ],
                        [
                            91.542334,
                            -74.193214
                        ],
                        [
                            91.559361,
                            -74.197608
                        ],
                        [
                            91.576398,
                            -74.202001
                        ],
                        [
                            91.577311,
                            -74.211034
                        ],
                        [
                            91.594368,
                            -74.215425
                        ],
                        [
                            91.611434,
                            -74.219815
                        ],
                        [
                            91.612369,
                            -74.228849
                        ],
                        [
                            91.613305,
                            -74.237882
                        ],
                        [
                            91.614242,
                            -74.246915
                        ],
                        [
                            91.61518,
                            -74.255949
                        ],
                        [
                            91.616119,
                            -74.264983
                        ],
                        [
                            91.617059,
                            -74.274017
                        ],
                        [
                            91.618,
                            -74.283051
                        ],
                        [
                            91.635148,
                            -74.28744
                        ],
                        [
                            91.652305,
                            -74.291828
                        ],
                        [
                            91.653268,
                            -74.300862
                        ],
                        [
                            91.670445,
                            -74.305249
                        ],
                        [
                            91.687631,
                            -74.309634
                        ],
                        [
                            91.688616,
                            -74.318668
                        ],
                        [
                            91.689602,
                            -74.327703
                        ],
                        [
                            91.690589,
                            -74.336738
                        ],
                        [
                            91.691577,
                            -74.345774
                        ],
                        [
                            91.692566,
                            -74.354809
                        ],
                        [
                            91.693556,
                            -74.363845
                        ],
                        [
                            91.694548,
                            -74.372881
                        ],
                        [
                            91.695541,
                            -74.381917
                        ],
                        [
                            91.696534,
                            -74.390953
                        ],
                        [
                            91.697529,
                            -74.399989
                        ],
                        [
                            91.71483,
                            -74.404373
                        ],
                        [
                            91.73214,
                            -74.408755
                        ],
                        [
                            91.733157,
                            -74.417792
                        ],
                        [
                            91.750487,
                            -74.422173
                        ],
                        [
                            91.767827,
                            -74.426553
                        ],
                        [
                            91.768866,
                            -74.435589
                        ],
                        [
                            91.786227,
                            -74.439968
                        ],
                        [
                            91.803597,
                            -74.444344
                        ],
                        [
                            91.804659,
                            -74.453381
                        ],
                        [
                            91.82205,
                            -74.457757
                        ],
                        [
                            91.83945,
                            -74.462131
                        ],
                        [
                            91.856861,
                            -74.466504
                        ],
                        [
                            91.890598,
                            -74.466208
                        ],
                        [
                            91.908028,
                            -74.470577
                        ],
                        [
                            91.925467,
                            -74.474944
                        ],
                        [
                            91.942917,
                            -74.47931
                        ],
                        [
                            91.960377,
                            -74.483675
                        ],
                        [
                            91.977846,
                            -74.488038
                        ],
                        [
                            91.979014,
                            -74.497075
                        ],
                        [
                            91.996504,
                            -74.501436
                        ],
                        [
                            92.014004,
                            -74.505797
                        ],
                        [
                            92.015194,
                            -74.514834
                        ],
                        [
                            92.032715,
                            -74.519193
                        ],
                        [
                            92.050246,
                            -74.523551
                        ],
                        [
                            92.051458,
                            -74.532588
                        ],
                        [
                            92.06901,
                            -74.536944
                        ],
                        [
                            92.086571,
                            -74.541299
                        ],
                        [
                            92.087807,
                            -74.550336
                        ],
                        [
                            92.089044,
                            -74.559374
                        ],
                        [
                            92.090283,
                            -74.568412
                        ],
                        [
                            92.091523,
                            -74.57745
                        ],
                        [
                            92.109138,
                            -74.581804
                        ],
                        [
                            92.126763,
                            -74.586156
                        ],
                        [
                            92.144397,
                            -74.590506
                        ],
                        [
                            92.162042,
                            -74.594855
                        ],
                        [
                            92.179697,
                            -74.599203
                        ],
                        [
                            92.197362,
                            -74.603549
                        ],
                        [
                            92.215037,
                            -74.607894
                        ],
                        [
                            92.232722,
                            -74.612238
                        ],
                        [
                            92.250418,
                            -74.61658
                        ],
                        [
                            92.268123,
                            -74.620921
                        ],
                        [
                            92.285839,
                            -74.62526
                        ],
                        [
                            92.319919,
                            -74.624897
                        ],
                        [
                            92.337654,
                            -74.629232
                        ],
                        [
                            92.355399,
                            -74.633566
                        ],
                        [
                            92.389496,
                            -74.633191
                        ],
                        [
                            92.423591,
                            -74.632811
                        ],
                        [
                            92.457684,
                            -74.632426
                        ],
                        [
                            92.491776,
                            -74.632036
                        ],
                        [
                            92.525866,
                            -74.63164
                        ],
                        [
                            92.559954,
                            -74.631238
                        ],
                        [
                            92.594041,
                            -74.630832
                        ],
                        [
                            92.628125,
                            -74.630419
                        ],
                        [
                            92.645955,
                            -74.634729
                        ],
                        [
                            92.663794,
                            -74.639038
                        ],
                        [
                            92.697895,
                            -74.638615
                        ],
                        [
                            92.715753,
                            -74.642919
                        ],
                        [
                            92.733622,
                            -74.647221
                        ],
                        [
                            92.76774,
                            -74.646787
                        ],
                        [
                            92.785628,
                            -74.651086
                        ],
                        [
                            92.803526,
                            -74.655383
                        ],
                        [
                            92.837659,
                            -74.654938
                        ],
                        [
                            92.855577,
                            -74.65923
                        ],
                        [
                            92.857281,
                            -74.668265
                        ],
                        [
                            92.87522,
                            -74.672556
                        ],
                        [
                            92.893169,
                            -74.676846
                        ],
                        [
                            92.894897,
                            -74.685881
                        ],
                        [
                            92.896627,
                            -74.694916
                        ],
                        [
                            92.914609,
                            -74.699204
                        ],
                        [
                            92.932601,
                            -74.703491
                        ],
                        [
                            92.950603,
                            -74.707776
                        ],
                        [
                            92.968615,
                            -74.71206
                        ],
                        [
                            92.970392,
                            -74.721095
                        ],
                        [
                            92.972172,
                            -74.730131
                        ],
                        [
                            92.973954,
                            -74.739166
                        ],
                        [
                            92.975738,
                            -74.748201
                        ],
                        [
                            92.993806,
                            -74.752484
                        ],
                        [
                            93.011883,
                            -74.756764
                        ],
                        [
                            93.013692,
                            -74.7658
                        ],
                        [
                            93.031792,
                            -74.770079
                        ],
                        [
                            93.049901,
                            -74.774357
                        ],
                        [
                            93.068021,
                            -74.778633
                        ],
                        [
                            93.086152,
                            -74.782908
                        ],
                        [
                            93.088009,
                            -74.791943
                        ],
                        [
                            93.106161,
                            -74.796217
                        ],
                        [
                            93.124323,
                            -74.800489
                        ],
                        [
                            93.126205,
                            -74.809524
                        ],
                        [
                            93.144389,
                            -74.813794
                        ],
                        [
                            93.162584,
                            -74.818063
                        ],
                        [
                            93.164491,
                            -74.827099
                        ],
                        [
                            93.1664,
                            -74.836134
                        ],
                        [
                            93.184628,
                            -74.840402
                        ],
                        [
                            93.202866,
                            -74.844667
                        ],
                        [
                            93.204801,
                            -74.853703
                        ],
                        [
                            93.223061,
                            -74.857967
                        ],
                        [
                            93.241332,
                            -74.86223
                        ],
                        [
                            93.243292,
                            -74.871266
                        ],
                        [
                            93.245255,
                            -74.880302
                        ],
                        [
                            93.24722,
                            -74.889338
                        ],
                        [
                            93.265536,
                            -74.893599
                        ],
                        [
                            93.283862,
                            -74.897858
                        ],
                        [
                            93.285853,
                            -74.906894
                        ],
                        [
                            93.287846,
                            -74.915931
                        ],
                        [
                            93.289842,
                            -74.924967
                        ],
                        [
                            93.308214,
                            -74.929225
                        ],
                        [
                            93.326596,
                            -74.933481
                        ],
                        [
                            93.328617,
                            -74.942518
                        ],
                        [
                            93.330641,
                            -74.951554
                        ],
                        [
                            93.332668,
                            -74.960591
                        ],
                        [
                            93.334696,
                            -74.969628
                        ],
                        [
                            93.336728,
                            -74.978665
                        ],
                        [
                            93.338761,
                            -74.987702
                        ],
                        [
                            93.357225,
                            -74.991956
                        ],
                        [
                            93.375699,
                            -74.996209
                        ],
                        [
                            93.394184,
                            -75.000461
                        ],
                        [
                            93.412679,
                            -75.00471
                        ],
                        [
                            93.431185,
                            -75.008959
                        ],
                        [
                            93.449702,
                            -75.013205
                        ],
                        [
                            93.451809,
                            -75.022242
                        ],
                        [
                            93.470349,
                            -75.026488
                        ],
                        [
                            93.488898,
                            -75.030731
                        ],
                        [
                            93.507459,
                            -75.034973
                        ],
                        [
                            93.52603,
                            -75.039214
                        ],
                        [
                            93.544612,
                            -75.043453
                        ],
                        [
                            93.563204,
                            -75.047691
                        ],
                        [
                            93.565386,
                            -75.056727
                        ],
                        [
                            93.584001,
                            -75.060963
                        ],
                        [
                            93.602626,
                            -75.065198
                        ],
                        [
                            93.604835,
                            -75.074234
                        ],
                        [
                            93.607046,
                            -75.083271
                        ],
                        [
                            93.60926,
                            -75.092308
                        ],
                        [
                            93.611476,
                            -75.101345
                        ],
                        [
                            93.613696,
                            -75.110382
                        ],
                        [
                            93.632392,
                            -75.114614
                        ],
                        [
                            93.6511,
                            -75.118845
                        ],
                        [
                            93.653346,
                            -75.127882
                        ],
                        [
                            93.655595,
                            -75.136919
                        ],
                        [
                            93.657847,
                            -75.145957
                        ],
                        [
                            93.660102,
                            -75.154994
                        ],
                        [
                            93.662359,
                            -75.164032
                        ],
                        [
                            93.664619,
                            -75.17307
                        ],
                        [
                            93.666882,
                            -75.182108
                        ],
                        [
                            93.669148,
                            -75.191146
                        ],
                        [
                            93.671416,
                            -75.200185
                        ],
                        [
                            93.673688,
                            -75.209223
                        ],
                        [
                            93.675962,
                            -75.218262
                        ],
                        [
                            93.678239,
                            -75.227301
                        ],
                        [
                            93.680518,
                            -75.236339
                        ],
                        [
                            93.682801,
                            -75.245379
                        ],
                        [
                            93.685086,
                            -75.254418
                        ],
                        [
                            93.687375,
                            -75.263457
                        ],
                        [
                            93.689666,
                            -75.272497
                        ],
                        [
                            93.69196,
                            -75.281537
                        ],
                        [
                            93.694257,
                            -75.290577
                        ],
                        [
                            93.713208,
                            -75.294804
                        ],
                        [
                            93.732171,
                            -75.29903
                        ],
                        [
                            93.734496,
                            -75.30807
                        ],
                        [
                            93.736823,
                            -75.31711
                        ],
                        [
                            93.739154,
                            -75.32615
                        ],
                        [
                            93.722474,
                            -75.330965
                        ],
                        [
                            93.705783,
                            -75.335779
                        ],
                        [
                            93.708097,
                            -75.34482
                        ],
                        [
                            93.710414,
                            -75.353861
                        ],
                        [
                            93.712734,
                            -75.362902
                        ],
                        [
                            93.715057,
                            -75.371943
                        ],
                        [
                            93.734121,
                            -75.376169
                        ],
                        [
                            93.753197,
                            -75.380394
                        ],
                        [
                            93.755548,
                            -75.389436
                        ],
                        [
                            93.757901,
                            -75.398477
                        ],
                        [
                            93.777013,
                            -75.4027
                        ],
                        [
                            93.796137,
                            -75.406921
                        ],
                        [
                            93.798519,
                            -75.415963
                        ],
                        [
                            93.800904,
                            -75.425004
                        ],
                        [
                            93.803292,
                            -75.434046
                        ],
                        [
                            93.805683,
                            -75.443088
                        ],
                        [
                            93.808077,
                            -75.45213
                        ],
                        [
                            93.791274,
                            -75.456951
                        ],
                        [
                            93.77446,
                            -75.461771
                        ],
                        [
                            93.776838,
                            -75.470814
                        ],
                        [
                            93.779218,
                            -75.479857
                        ],
                        [
                            93.798445,
                            -75.484079
                        ],
                        [
                            93.817683,
                            -75.488299
                        ],
                        [
                            93.820092,
                            -75.497342
                        ],
                        [
                            93.822504,
                            -75.506385
                        ],
                        [
                            93.841779,
                            -75.510603
                        ],
                        [
                            93.861065,
                            -75.51482
                        ],
                        [
                            93.863506,
                            -75.523863
                        ],
                        [
                            93.86595,
                            -75.532906
                        ],
                        [
                            93.885274,
                            -75.537121
                        ],
                        [
                            93.904608,
                            -75.541335
                        ],
                        [
                            93.907081,
                            -75.550378
                        ],
                        [
                            93.909558,
                            -75.55942
                        ],
                        [
                            93.912037,
                            -75.568464
                        ],
                        [
                            93.914519,
                            -75.577507
                        ],
                        [
                            93.933918,
                            -75.581718
                        ],
                        [
                            93.953327,
                            -75.585928
                        ],
                        [
                            93.955839,
                            -75.594971
                        ],
                        [
                            93.975273,
                            -75.59918
                        ],
                        [
                            93.994719,
                            -75.603386
                        ],
                        [
                            93.99726,
                            -75.612429
                        ],
                        [
                            93.999804,
                            -75.621472
                        ],
                        [
                            94.002351,
                            -75.630516
                        ],
                        [
                            94.021848,
                            -75.63472
                        ],
                        [
                            94.041356,
                            -75.638923
                        ],
                        [
                            94.043933,
                            -75.647967
                        ],
                        [
                            94.026979,
                            -75.652807
                        ],
                        [
                            94.010013,
                            -75.657647
                        ],
                        [
                            94.012574,
                            -75.666691
                        ],
                        [
                            94.015137,
                            -75.675735
                        ],
                        [
                            94.017705,
                            -75.684779
                        ],
                        [
                            94.020275,
                            -75.693824
                        ],
                        [
                            94.022848,
                            -75.702868
                        ],
                        [
                            94.025425,
                            -75.711913
                        ],
                        [
                            94.028005,
                            -75.720958
                        ],
                        [
                            94.010958,
                            -75.725798
                        ],
                        [
                            93.9939,
                            -75.730637
                        ],
                        [
                            93.996463,
                            -75.739683
                        ],
                        [
                            93.99903,
                            -75.748728
                        ],
                        [
                            94.0016,
                            -75.757774
                        ],
                        [
                            94.004173,
                            -75.76682
                        ],
                        [
                            94.00675,
                            -75.775866
                        ],
                        [
                            94.026449,
                            -75.780072
                        ],
                        [
                            94.04616,
                            -75.784276
                        ],
                        [
                            94.048766,
                            -75.793322
                        ],
                        [
                            94.051377,
                            -75.802368
                        ],
                        [
                            94.071126,
                            -75.80657
                        ],
                        [
                            94.090888,
                            -75.81077
                        ],
                        [
                            94.093528,
                            -75.819816
                        ],
                        [
                            94.096172,
                            -75.828862
                        ],
                        [
                            94.115973,
                            -75.833061
                        ],
                        [
                            94.135785,
                            -75.837257
                        ],
                        [
                            94.138459,
                            -75.846303
                        ],
                        [
                            94.158297,
                            -75.850498
                        ],
                        [
                            94.178147,
                            -75.854692
                        ],
                        [
                            94.180852,
                            -75.863737
                        ],
                        [
                            94.200727,
                            -75.867929
                        ],
                        [
                            94.220614,
                            -75.872119
                        ],
                        [
                            94.22335,
                            -75.881165
                        ],
                        [
                            94.243263,
                            -75.885353
                        ],
                        [
                            94.263187,
                            -75.889539
                        ],
                        [
                            94.283124,
                            -75.893724
                        ],
                        [
                            94.303072,
                            -75.897907
                        ],
                        [
                            94.305867,
                            -75.906952
                        ],
                        [
                            94.308665,
                            -75.915998
                        ],
                        [
                            94.311467,
                            -75.925043
                        ],
                        [
                            94.314272,
                            -75.934089
                        ],
                        [
                            94.317081,
                            -75.943135
                        ],
                        [
                            94.319894,
                            -75.95218
                        ],
                        [
                            94.322711,
                            -75.961227
                        ],
                        [
                            94.342768,
                            -75.965407
                        ],
                        [
                            94.362837,
                            -75.969586
                        ],
                        [
                            94.365685,
                            -75.978631
                        ],
                        [
                            94.385781,
                            -75.982808
                        ],
                        [
                            94.405888,
                            -75.986983
                        ],
                        [
                            94.426008,
                            -75.991157
                        ],
                        [
                            94.446139,
                            -75.995329
                        ],
                        [
                            94.449047,
                            -76.004374
                        ],
                        [
                            94.469205,
                            -76.008544
                        ],
                        [
                            94.489375,
                            -76.012712
                        ],
                        [
                            94.509557,
                            -76.016879
                        ],
                        [
                            94.529751,
                            -76.021044
                        ],
                        [
                            94.532719,
                            -76.030089
                        ],
                        [
                            94.53569,
                            -76.039134
                        ],
                        [
                            94.538666,
                            -76.048179
                        ],
                        [
                            94.541645,
                            -76.057224
                        ],
                        [
                            94.544628,
                            -76.066269
                        ],
                        [
                            94.564905,
                            -76.070432
                        ],
                        [
                            94.585195,
                            -76.074592
                        ],
                        [
                            94.58821,
                            -76.083638
                        ],
                        [
                            94.59123,
                            -76.092683
                        ],
                        [
                            94.573921,
                            -76.097568
                        ],
                        [
                            94.5566,
                            -76.102452
                        ],
                        [
                            94.576934,
                            -76.106614
                        ],
                        [
                            94.597281,
                            -76.110774
                        ],
                        [
                            94.600312,
                            -76.119819
                        ],
                        [
                            94.603348,
                            -76.128865
                        ],
                        [
                            94.623735,
                            -76.133023
                        ],
                        [
                            94.644135,
                            -76.137179
                        ],
                        [
                            94.647203,
                            -76.146225
                        ],
                        [
                            94.650275,
                            -76.155271
                        ],
                        [
                            94.653352,
                            -76.164316
                        ],
                        [
                            94.656432,
                            -76.173362
                        ],
                        [
                            94.659516,
                            -76.182408
                        ],
                        [
                            94.680001,
                            -76.186562
                        ],
                        [
                            94.700497,
                            -76.190714
                        ],
                        [
                            94.703615,
                            -76.19976
                        ],
                        [
                            94.706736,
                            -76.208806
                        ],
                        [
                            94.727274,
                            -76.212955
                        ],
                        [
                            94.747825,
                            -76.217103
                        ],
                        [
                            94.75098,
                            -76.226149
                        ],
                        [
                            94.754139,
                            -76.235195
                        ],
                        [
                            94.757302,
                            -76.244241
                        ],
                        [
                            94.76047,
                            -76.253287
                        ],
                        [
                            94.743018,
                            -76.258186
                        ],
                        [
                            94.763642,
                            -76.262333
                        ]
                    ]
                ]
            }
        }
    ]
}